# This file uses centimeters as units for non-parametric coordinates.

mtllib beans.mtl
g default
v -5.078473 0.062653 -3.262506
v -5.182201 0.014513 -3.275894
v -5.324155 -0.003085 -3.291891
v -5.308168 0.014513 -3.433841
v -5.294789 0.062653 -3.537583
v -5.287624 0.128426 -3.575309
v -5.148580 0.127705 -3.522699
v -5.057318 0.127705 -3.404489
v -5.040743 0.128425 -3.255347
v -5.466124 0.014513 -3.307872
v -5.569868 0.062653 -3.321263
v -5.607606 0.128425 -3.328428
v -5.549037 0.129124 -3.462060
v -5.432975 0.129124 -3.551591
v -5.182201 2.596637 -3.275894
v -5.078473 2.548499 -3.262506
v -5.040743 2.482724 -3.255347
v -5.057441 2.484020 -3.401026
v -5.148185 2.484022 -3.518673
v -5.287624 2.482724 -3.575309
v -5.294797 2.548499 -3.537585
v -5.308168 2.596639 -3.433841
v -5.324155 2.614235 -3.291891
v -5.569868 2.548499 -3.321263
v -5.466124 2.596639 -3.307872
v -5.431566 2.481714 -3.555305
v -5.548155 2.481714 -3.465329
v -5.607606 2.482724 -3.328428
v -5.215428 2.480658 -3.032166
v -5.099335 2.480660 -3.121714
v -5.340165 2.596637 -3.149924
v -5.353544 2.548499 -3.046193
v -5.360709 2.482724 -3.008460
v -5.590946 2.484581 -3.179278
v -5.499692 2.484581 -3.061023
v -5.099304 0.129124 -3.121702
v -5.215343 0.129124 -3.032158
v -5.360709 0.128426 -3.008460
v -5.353544 0.062653 -3.046193
v -5.340165 0.014513 -3.149924
v -5.499761 0.127705 -3.061054
v -5.591000 0.127705 -3.179278
v -5.082041 0.071186 -3.389000
v -5.185567 0.024259 -3.401409
v -5.172204 0.071233 -3.503855
v -5.431187 0.024535 -3.427320
v -5.531239 0.071970 -3.439283
v -5.418001 0.071933 -3.528179
v -5.185591 2.587013 -3.399496
v -5.082157 2.540248 -3.386042
v -5.171917 2.540264 -3.500471
v -5.530551 2.539020 -3.442113
v -5.430723 2.586539 -3.429133
v -5.416895 2.539018 -3.531321
v -5.230363 2.538496 -3.055489
v -5.117117 2.538472 -3.144452
v -5.217154 2.586353 -3.156375
v -5.566262 2.540558 -3.194809
v -5.476106 2.540508 -3.079974
v -5.462704 2.587108 -3.182429
v -5.217162 0.024537 -3.156397
v -5.117109 0.071972 -3.144435
v -5.230347 0.071938 -3.055512
v -5.566293 0.071184 -3.194822
v -5.462766 0.024258 -3.182417
v -5.476129 0.071227 -3.079977
vt 0.173662 0.093490
vt 0.250981 0.093393
vt 0.249200 0.366262
vt 0.173711 0.366125
vt 0.306964 0.093383
vt 0.304922 0.366252
vt 0.099452 0.365899
vt 0.099401 0.093584
vt 0.044481 0.365909
vt 0.044435 0.093594
vt 0.513462 0.094415
vt 0.587719 0.094334
vt 0.587719 0.366969
vt 0.511681 0.366852
vt 0.665034 0.367184
vt 0.665037 0.094250
vt 0.458503 0.094415
vt 0.456454 0.366852
vt 0.721044 0.367184
vt 0.721030 0.094250
vt 0.176370 0.554663
vt 0.136477 0.564380
vt 0.137099 0.553890
vt 0.171302 0.548497
vt 0.098160 0.553164
vt 0.103706 0.547537
vt 0.137104 0.525274
vt 0.171047 0.519967
vt 0.199317 0.520010
vt 0.205256 0.525760
vt 0.069800 0.524806
vt 0.075613 0.519919
vt 0.103451 0.519967
vt 0.136477 0.486189
vt 0.175559 0.485561
vt 0.204179 0.485561
vt 0.214669 0.486187
vt 0.058282 0.486187
vt 0.068772 0.486812
vt 0.097392 0.486814
vt 0.135847 0.447104
vt 0.169485 0.452407
vt 0.203145 0.447572
vt 0.197317 0.452454
vt 0.067690 0.446613
vt 0.073651 0.452364
vt 0.101919 0.452404
vt 0.135851 0.418483
vt 0.169231 0.424836
vt 0.174788 0.419209
vt 0.096581 0.417715
vt 0.101663 0.423876
vt 0.136474 0.407991
vt 0.420442 0.485543
vt 0.460683 0.486189
vt 0.460037 0.526432
vt 0.425624 0.521032
vt 0.461332 0.445946
vt 0.426174 0.451469
vt 0.500926 0.486833
vt 0.494693 0.520970
vt 0.460042 0.555897
vt 0.425656 0.550417
vt 0.396916 0.521214
vt 0.390973 0.485543
vt 0.496260 0.451420
vt 0.397123 0.451651
vt 0.426143 0.423108
vt 0.461327 0.416477
vt 0.530394 0.486830
vt 0.523359 0.520914
vt 0.494420 0.549354
vt 0.460683 0.566698
vt 0.420579 0.556784
vt 0.390975 0.527189
vt 0.380173 0.486187
vt 0.496531 0.422039
vt 0.525371 0.451366
vt 0.390950 0.446688
vt 0.420290 0.417351
vt 0.460686 0.405673
vt 0.541195 0.486187
vt 0.529338 0.525929
vt 0.500134 0.555140
vt 0.501760 0.415700
vt 0.531516 0.445459
vt 0.383663 0.093906
vt 0.382103 0.366544
vt 0.872512 0.366743
vt 0.797705 0.366976
vt 0.797729 0.094340
vt 0.872577 0.094428
vn 0.989112 -0.011418 0.146723
vn 0.993694 -0.010592 -0.111626
vn 0.993689 0.010655 -0.111661
vn 0.989257 0.011435 0.145741
vn 0.791576 -0.010917 -0.610974
vn 0.791572 -0.011220 -0.610973
vn 0.791563 0.012895 -0.610952
vn 0.791568 0.012524 -0.610953
vn 0.364436 -0.009574 -0.931179
vn 0.115299 -0.011358 -0.993266
vn 0.116287 0.011412 -0.993150
vn 0.364841 0.011222 -0.931002
vn 0.115299 -0.011358 -0.993266
vn -0.393175 -0.012079 -0.919384
vn -0.392507 0.010448 -0.919690
vn 0.116287 0.011412 -0.993150
vn -0.393175 -0.012079 -0.919384
vn -0.789048 -0.011746 -0.614220
vn -0.788923 0.010927 -0.614395
vn -0.392507 0.010448 -0.919690
vn -0.789048 -0.011746 -0.614220
vn -0.989142 -0.011392 -0.146524
vn -0.989243 0.011387 -0.145838
vn -0.788923 0.010927 -0.614395
vn 0.989257 0.011435 0.145741
vn 0.788119 0.011269 0.615419
vn 0.787710 -0.011307 0.615943
vn 0.989112 -0.011418 0.146723
vn 0.788119 0.011269 0.615419
vn 0.396600 0.011163 0.917924
vn 0.397211 -0.011208 0.917659
vn 0.787710 -0.011307 0.615943
vn 0.396600 0.011163 0.917924
vn -0.103320 0.011393 0.994583
vn -0.102040 -0.011386 0.994715
vn 0.397211 -0.011208 0.917659
vn -0.103320 0.011393 0.994583
vn -0.353161 0.010502 0.935504
vn -0.353225 -0.010410 0.935481
vn -0.102040 -0.011386 0.994715
vn -0.791559 0.012098 0.610973
vn -0.791563 0.011834 0.610973
vn -0.791562 -0.011807 0.610974
vn -0.791559 -0.012074 0.610974
vn -0.993843 0.010663 0.110286
vn -0.989243 0.011387 -0.145838
vn -0.989142 -0.011392 -0.146524
vn -0.993837 -0.010547 0.110347
vn 0.993694 -0.010592 -0.111626
vn 0.989112 -0.011418 0.146723
vn 0.875462 -0.466372 0.126738
vn 0.885749 -0.457616 -0.077698
vn 0.545952 -0.788942 -0.281971
vn 0.414187 -0.908420 0.056761
vn 0.414071 -0.908399 0.057939
vn 0.325296 -0.909736 -0.257999
vn 0.109950 -0.993868 0.011687
vn 0.000011 -1.000000 -0.000001
vn 0.012511 -0.993866 -0.109881
vn 0.119595 -0.988229 -0.095393
vn 0.325296 -0.909736 -0.257999
vn 0.039063 -0.908310 -0.416470
vn 0.043441 -0.908391 -0.415858
vn 0.400958 -0.791889 -0.460592
vn 0.080423 -0.464822 -0.881744
vn 0.115299 -0.011358 -0.993266
vn 0.364436 -0.009574 -0.931179
vn 0.290525 -0.461182 -0.838395
vn 0.400958 -0.791889 -0.460592
vn 0.791572 -0.011220 -0.610973
vn 0.791576 -0.010917 -0.610974
vn 0.545952 -0.788942 -0.281971
vn 0.545952 -0.788942 -0.281971
vn 0.325296 -0.909736 -0.257999
vn 0.400958 -0.791889 -0.460592
vn 0.012511 -0.993866 -0.109881
vn 0.000011 -1.000000 -0.000001
vn -0.109951 -0.993868 -0.011675
vn -0.098502 -0.987441 -0.123524
vn -0.269597 -0.900915 -0.340104
vn -0.414055 -0.908407 -0.057935
vn -0.414171 -0.908428 -0.056759
vn -0.587266 -0.701791 -0.403247
vn -0.875426 -0.466456 -0.126678
vn -0.989142 -0.011392 -0.146524
vn -0.789048 -0.011746 -0.614220
vn -0.587266 -0.701791 -0.403247
vn -0.587266 -0.701791 -0.403247
vn -0.789048 -0.011746 -0.614220
vn -0.393175 -0.012079 -0.919384
vn -0.253037 -0.699813 -0.668008
vn -0.393175 -0.012079 -0.919384
vn 0.115299 -0.011358 -0.993266
vn 0.080423 -0.464822 -0.881744
vn -0.253037 -0.699813 -0.668008
vn -0.253037 -0.699813 -0.668008
vn 0.043441 -0.908391 -0.415858
vn 0.039063 -0.908310 -0.416470
vn -0.269597 -0.900915 -0.340104
vn -0.269597 -0.900915 -0.340104
vn -0.587266 -0.701791 -0.403247
vn -0.253037 -0.699813 -0.668008
vn 0.010999 0.993871 -0.109996
vn 0.000282 1.000000 0.000127
vn 0.110515 0.993795 0.012553
vn 0.119895 0.988171 -0.095615
vn 0.327375 0.908528 -0.259620
vn 0.414480 0.908001 0.061164
vn 0.640032 0.762509 0.094550
vn 0.547426 0.787492 -0.283164
vn 0.640032 0.762509 0.094550
vn 0.989257 0.011435 0.145741
vn 0.993689 0.010655 -0.111661
vn 0.885374 0.458142 -0.078866
vn 0.547426 0.787492 -0.283164
vn 0.791568 0.012524 -0.610953
vn 0.791563 0.012895 -0.610952
vn 0.401987 0.791890 -0.459692
vn 0.364841 0.011222 -0.931002
vn 0.116287 0.011412 -0.993150
vn 0.104646 0.465668 -0.878751
vn 0.309611 0.459885 -0.832254
vn 0.401987 0.791890 -0.459692
vn 0.047910 0.908461 -0.415216
vn 0.046898 0.908453 -0.415349
vn 0.327375 0.908528 -0.259620
vn 0.327375 0.908528 -0.259620
vn 0.547426 0.787492 -0.283164
vn 0.401987 0.791890 -0.459692
vn -0.788923 0.010927 -0.614395
vn -0.989243 0.011387 -0.145838
vn -0.874884 0.466658 -0.129647
vn -0.588289 0.702238 -0.400971
vn -0.588289 0.702238 -0.400971
vn -0.413102 0.908756 -0.059228
vn -0.413014 0.908735 -0.060164
vn -0.267586 0.902471 -0.337556
vn -0.109276 0.993936 -0.012220
vn 0.000282 1.000000 0.000127
vn 0.010999 0.993871 -0.109996
vn -0.098145 0.987534 -0.123059
vn -0.267586 0.902471 -0.337556
vn 0.046898 0.908453 -0.415349
vn 0.047910 0.908461 -0.415216
vn -0.294232 0.778140 -0.554910
vn 0.104646 0.465668 -0.878751
vn 0.116287 0.011412 -0.993150
vn -0.392507 0.010448 -0.919690
vn -0.105295 0.450824 -0.886381
vn -0.294232 0.778140 -0.554910
vn -0.392507 0.010448 -0.919690
vn -0.788923 0.010927 -0.614395
vn -0.588289 0.702238 -0.400971
vn -0.588289 0.702238 -0.400971
vn -0.267586 0.902471 -0.337556
vn -0.294232 0.778140 -0.554910
vn -0.077281 0.464567 0.882160
vn -0.103320 0.011393 0.994583
vn 0.396600 0.011163 0.917924
vn 0.256579 0.696276 0.670349
vn 0.256579 0.696276 0.670349
vn 0.396600 0.011163 0.917924
vn 0.788119 0.011269 0.615419
vn 0.588447 0.698446 0.407312
vn 0.788119 0.011269 0.615419
vn 0.989257 0.011435 0.145741
vn 0.640032 0.762509 0.094550
vn 0.588447 0.698446 0.407312
vn 0.588447 0.698446 0.407312
vn 0.640032 0.762509 0.094550
vn 0.414480 0.908001 0.061164
vn 0.271713 0.899218 0.342899
vn 0.110515 0.993795 0.012553
vn 0.000282 1.000000 0.000127
vn -0.011509 0.993855 0.110090
vn 0.099399 0.987210 0.124647
vn 0.271713 0.899218 0.342899
vn -0.035879 0.908204 0.416988
vn -0.039883 0.908311 0.416390
vn 0.256579 0.696276 0.670349
vn 0.256579 0.696276 0.670349
vn 0.588447 0.698446 0.407312
vn 0.271713 0.899218 0.342899
vn -0.874884 0.466658 -0.129647
vn -0.989243 0.011387 -0.145838
vn -0.993843 0.010663 0.110286
vn -0.885248 0.458996 0.075224
vn -0.543522 0.791720 0.278860
vn -0.791563 0.011834 0.610973
vn -0.791559 0.012098 0.610973
vn -0.397609 0.794452 0.459079
vn -0.353161 0.010502 0.935504
vn -0.103320 0.011393 0.994583
vn -0.077281 0.464567 0.882160
vn -0.287602 0.463118 0.838336
vn -0.397609 0.794452 0.459079
vn -0.039883 0.908311 0.416390
vn -0.035879 0.908204 0.416988
vn -0.323020 0.911052 0.256208
vn -0.011509 0.993855 0.110090
vn 0.000282 1.000000 0.000127
vn -0.109276 0.993936 -0.012220
vn -0.118712 0.988404 0.094686
vn -0.323020 0.911052 0.256208
vn -0.413014 0.908735 -0.060164
vn -0.413102 0.908756 -0.059228
vn -0.543522 0.791720 0.278860
vn -0.543522 0.791720 0.278860
vn -0.397609 0.794452 0.459079
vn -0.323020 0.911052 0.256208
vn -0.012478 -0.993866 0.109882
vn 0.000011 -1.000000 -0.000001
vn 0.109950 -0.993868 0.011687
vn 0.098499 -0.987440 0.123530
vn 0.269530 -0.900954 0.340051
vn 0.414071 -0.908399 0.057939
vn 0.414187 -0.908420 0.056761
vn 0.587313 -0.701767 0.403220
vn 0.875462 -0.466372 0.126738
vn 0.989112 -0.011418 0.146723
vn 0.787710 -0.011307 0.615943
vn 0.587313 -0.701767 0.403220
vn 0.587313 -0.701767 0.403220
vn 0.787710 -0.011307 0.615943
vn 0.397211 -0.011208 0.917659
vn 0.252889 -0.699741 0.668139
vn 0.397211 -0.011208 0.917659
vn -0.102040 -0.011386 0.994715
vn -0.080727 -0.464905 0.881673
vn 0.252889 -0.699741 0.668139
vn 0.252889 -0.699741 0.668139
vn -0.043572 -0.908387 0.415854
vn -0.039274 -0.908309 0.416453
vn 0.269530 -0.900954 0.340051
vn 0.269530 -0.900954 0.340051
vn 0.587313 -0.701767 0.403220
vn 0.252889 -0.699741 0.668139
vn -0.993837 -0.010547 0.110347
vn -0.989142 -0.011392 -0.146524
vn -0.875426 -0.466456 -0.126678
vn -0.885742 -0.457605 0.077833
vn -0.545831 -0.789052 0.281898
vn -0.414171 -0.908428 -0.056759
vn -0.414055 -0.908407 -0.057935
vn -0.325352 -0.909715 0.258001
vn -0.109951 -0.993868 -0.011675
vn 0.000011 -1.000000 -0.000001
vn -0.012478 -0.993866 0.109882
vn -0.119592 -0.988231 0.095382
vn -0.325352 -0.909715 0.258001
vn -0.039274 -0.908309 0.416453
vn -0.043572 -0.908387 0.415854
vn -0.401045 -0.791885 0.460523
vn -0.080727 -0.464905 0.881673
vn -0.102040 -0.011386 0.994715
vn -0.353225 -0.010410 0.935481
vn -0.290565 -0.461622 0.838139
vn -0.401045 -0.791885 0.460523
vn -0.791559 -0.012074 0.610974
vn -0.791562 -0.011807 0.610974
vn -0.545831 -0.789052 0.281898
vn -0.545831 -0.789052 0.281898
vn -0.325352 -0.909715 0.258001
vn -0.401045 -0.791885 0.460523
s off
g pasted__pCube19 group84 book_table
usemtl lambert3SG
f 9/1/1 8/2/2 18/3/3 17/4/4
f 8/2/5 7/5/6 19/6/7 18/3/8
f 7/5/9 6/87/10 20/88/11 19/6/12
f 6/87/13 14/17/14 26/18/15 20/88/16
f 14/17/17 13/11/18 27/14/19 26/18/20
f 13/11/21 12/12/22 28/13/23 27/14/24
f 17/4/25 30/7/26 36/8/27 9/1/28
f 30/7/29 29/9/30 37/10/31 36/8/32
f 29/89/33 33/90/34 38/91/35 37/92/36
f 33/90/37 35/19/38 41/20/39 38/91/40
f 35/19/41 34/15/42 42/16/43 41/20/44
f 34/15/45 28/13/46 12/12/47 42/16/48
f 8/21/49 9/22/50 1/23/51 43/24/52
f 43/24/53 1/23/54 2/27/55 44/28/56
f 2/27/57 3/34/58 4/35/59 44/28/60
f 44/28/61 4/35/62 5/36/63 45/29/64
f 5/36/65 6/37/66 7/30/67 45/29/68
f 45/29/69 7/30/70 8/21/71 43/24/72
f 43/24/73 44/28/74 45/29/75
f 4/35/76 3/34/77 10/41/78 46/42/79
f 46/42/80 10/41/81 11/48/82 47/49/83
f 11/48/84 12/53/85 13/50/86 47/49/87
f 47/49/88 13/50/89 14/43/90 48/44/91
f 14/43/92 6/37/93 5/36/94 48/44/95
f 48/44/96 5/36/97 4/35/98 46/42/99
f 46/42/100 47/49/101 48/44/102
f 22/54/103 23/55/104 15/56/105 49/57/106
f 49/57/107 15/56/108 16/62/109 50/63/110
f 16/62/111 17/73/112 18/74/113 50/63/114
f 50/63/115 18/74/116 19/75/117 51/64/118
f 19/75/119 20/76/120 21/65/121 51/64/122
f 51/64/123 21/65/124 22/54/125 49/57/126
f 49/57/127 50/63/128 51/64/129
f 27/80/130 28/81/131 24/69/132 52/68/133
f 52/68/134 24/69/135 25/58/136 53/59/137
f 25/58/138 23/55/139 22/54/140 53/59/141
f 53/59/142 22/54/143 21/65/144 54/67/145
f 21/65/146 20/76/147 26/79/148 54/67/149
f 54/67/150 26/79/151 27/80/152 52/68/153
f 52/68/154 53/59/155 54/67/156
f 32/70/157 33/82/158 29/83/159 55/71/160
f 55/71/161 29/83/162 30/84/163 56/72/164
f 30/84/165 17/73/166 16/62/167 56/72/168
f 56/72/169 16/62/170 15/56/171 57/61/172
f 15/56/173 23/55/174 31/60/175 57/61/176
f 57/61/177 31/60/178 32/70/179 55/71/180
f 55/71/181 56/72/182 57/61/183
f 24/69/184 28/81/185 34/85/186 58/77/187
f 58/77/188 34/85/189 35/86/190 59/78/191
f 35/86/192 33/82/193 32/70/194 59/78/195
f 59/78/196 32/70/197 31/60/198 60/66/199
f 31/60/200 23/55/201 25/58/202 60/66/203
f 60/66/204 25/58/205 24/69/206 58/77/207
f 58/77/208 59/78/209 60/66/210
f 40/40/211 3/34/212 2/27/213 61/33/214
f 61/33/215 2/27/216 1/23/217 62/26/218
f 1/23/219 9/22/220 36/25/221 62/26/222
f 62/26/223 36/25/224 37/31/225 63/32/226
f 37/31/227 38/38/228 39/39/229 63/32/230
f 63/32/231 39/39/232 40/40/233 61/33/234
f 61/33/235 62/26/236 63/32/237
f 42/51/238 12/53/239 11/48/240 64/52/241
f 64/52/242 11/48/243 10/41/244 65/47/245
f 10/41/246 3/34/247 40/40/248 65/47/249
f 65/47/250 40/40/251 39/39/252 66/46/253
f 39/39/254 38/38/255 41/45/256 66/46/257
f 66/46/258 41/45/259 42/51/260 64/52/261
f 64/52/262 65/47/263 66/46/264
g default
v -6.723106 0.111646 -6.289783
v -6.826834 0.063506 -6.303170
v -6.968788 0.045909 -6.319166
v -6.952801 0.063507 -6.461116
v -6.939422 0.111646 -6.564859
v -6.932257 0.177419 -6.602586
v -6.793213 0.176698 -6.549975
v -6.701951 0.176698 -6.431764
v -6.685376 0.177418 -6.282624
v -7.110757 0.063506 -6.335149
v -7.214493 0.111646 -6.348540
v -7.252231 0.177418 -6.355703
v -7.193670 0.178117 -6.489335
v -7.077608 0.178117 -6.578865
v -6.826834 2.645630 -6.303170
v -6.723106 2.597492 -6.289783
v -6.685376 2.531717 -6.282624
v -6.702075 2.533013 -6.428303
v -6.792818 2.533015 -6.545950
v -6.932257 2.531717 -6.602586
v -6.939430 2.597492 -6.564859
v -6.952801 2.645632 -6.461116
v -6.968788 2.663228 -6.319166
v -7.214493 2.597492 -6.348540
v -7.110757 2.645632 -6.335149
v -7.076199 2.530707 -6.582581
v -7.192788 2.530707 -6.492606
v -7.252231 2.531717 -6.355703
v -6.860054 2.529651 -6.059442
v -6.743968 2.529653 -6.148990
v -6.984798 2.645630 -6.177201
v -6.998177 2.597492 -6.073469
v -7.005342 2.531717 -6.035737
v -7.235579 2.533574 -6.206555
v -7.144325 2.533574 -6.088299
v -6.743937 0.178117 -6.148977
v -6.859976 0.178117 -6.059434
v -7.005342 0.177419 -6.035737
v -6.998177 0.111646 -6.073469
v -6.984798 0.063507 -6.177201
v -7.144394 0.176698 -6.088330
v -7.235633 0.176698 -6.206555
v -6.726674 0.120179 -6.416276
v -6.830200 0.073252 -6.428686
v -6.816837 0.120226 -6.531130
v -7.075820 0.073528 -6.454595
v -7.175873 0.120963 -6.466558
v -7.062635 0.120927 -6.555456
v -6.830216 2.636006 -6.426771
v -6.726790 2.589241 -6.413318
v -6.816551 2.589257 -6.527746
v -7.175184 2.588013 -6.469390
v -7.075356 2.635532 -6.456407
v -7.061528 2.588011 -6.558596
v -6.874996 2.587489 -6.082764
v -6.761750 2.587466 -6.171726
v -6.861787 2.635346 -6.183651
v -7.210895 2.589551 -6.222085
v -7.120739 2.589501 -6.107249
v -7.107337 2.636101 -6.209704
v -6.861795 0.073530 -6.183674
v -6.761742 0.120965 -6.171711
v -6.874980 0.120931 -6.082788
v -7.210926 0.120177 -6.222099
v -7.107399 0.073251 -6.209693
v -7.120755 0.120220 -6.107253
vt 0.180566 0.104404
vt 0.256010 0.104309
vt 0.254273 0.370565
vt 0.180613 0.370431
vt 0.310637 0.104299
vt 0.308644 0.370555
vt 0.108154 0.370211
vt 0.108105 0.104496
vt 0.054515 0.370220
vt 0.054470 0.104505
vt 0.512130 0.105306
vt 0.584587 0.105227
vt 0.584587 0.371254
vt 0.510393 0.371140
vt 0.660029 0.371464
vt 0.660031 0.105145
vt 0.458503 0.105306
vt 0.456503 0.371140
vt 0.714681 0.371464
vt 0.714667 0.105145
vt 0.183208 0.554399
vt 0.144281 0.563881
vt 0.144889 0.553645
vt 0.178263 0.548383
vt 0.106894 0.552937
vt 0.112305 0.547447
vt 0.144894 0.525722
vt 0.178013 0.520544
vt 0.205598 0.520586
vt 0.211394 0.526197
vt 0.079220 0.525266
vt 0.084892 0.520497
vt 0.112056 0.520544
vt 0.144281 0.487585
vt 0.182416 0.486972
vt 0.210343 0.486972
vt 0.220578 0.487583
vt 0.067982 0.487583
vt 0.078218 0.488192
vt 0.106144 0.488195
vt 0.143667 0.449447
vt 0.176490 0.454621
vt 0.209334 0.449904
vt 0.203647 0.454668
vt 0.077162 0.448968
vt 0.082978 0.454579
vt 0.110561 0.454619
vt 0.143671 0.421520
vt 0.176241 0.427719
vt 0.181664 0.422228
vt 0.105352 0.420770
vt 0.110312 0.426782
vt 0.144279 0.411282
vt 0.421365 0.486954
vt 0.460630 0.487585
vt 0.460000 0.526853
vt 0.426421 0.521583
vt 0.461263 0.448317
vt 0.426958 0.453707
vt 0.499898 0.488213
vt 0.493816 0.521523
vt 0.460005 0.555603
vt 0.426452 0.550257
vt 0.398409 0.521761
vt 0.392610 0.486954
vt 0.495345 0.453659
vt 0.398611 0.453884
vt 0.426927 0.426033
vt 0.461258 0.419562
vt 0.528652 0.488211
vt 0.521787 0.521468
vt 0.493550 0.549219
vt 0.460630 0.566142
vt 0.421498 0.556469
vt 0.392612 0.527591
vt 0.382072 0.487583
vt 0.495609 0.424990
vt 0.523751 0.453606
vt 0.392587 0.449041
vt 0.421216 0.420415
vt 0.460633 0.409020
vt 0.539191 0.487583
vt 0.527621 0.526361
vt 0.499125 0.554865
vt 0.500712 0.418804
vt 0.529746 0.447842
vt 0.385477 0.104809
vt 0.383955 0.370839
vt 0.862478 0.371034
vt 0.789484 0.371261
vt 0.789507 0.105233
vt 0.862542 0.105318
vn 0.989112 -0.011419 0.146723
vn 0.993694 -0.010593 -0.111628
vn 0.993689 0.010657 -0.111663
vn 0.989257 0.011434 0.145741
vn 0.791588 -0.010920 -0.610958
vn 0.791584 -0.011222 -0.610958
vn 0.791575 0.012890 -0.610936
vn 0.791580 0.012519 -0.610937
vn 0.364426 -0.009574 -0.931183
vn 0.115282 -0.011359 -0.993268
vn 0.116270 0.011413 -0.993152
vn 0.364831 0.011223 -0.931006
vn 0.115282 -0.011359 -0.993268
vn -0.393180 -0.012080 -0.919382
vn -0.392512 0.010448 -0.919688
vn 0.116270 0.011413 -0.993152
vn -0.393180 -0.012080 -0.919382
vn -0.789061 -0.011744 -0.614203
vn -0.788936 0.010927 -0.614378
vn -0.392512 0.010448 -0.919688
vn -0.789061 -0.011744 -0.614203
vn -0.989141 -0.011391 -0.146525
vn -0.989243 0.011388 -0.145839
vn -0.788936 0.010927 -0.614378
vn 0.989257 0.011434 0.145741
vn 0.788130 0.011268 0.615406
vn 0.787720 -0.011308 0.615930
vn 0.989112 -0.011419 0.146723
vn 0.788130 0.011268 0.615406
vn 0.396610 0.011163 0.917919
vn 0.397220 -0.011210 0.917655
vn 0.787720 -0.011308 0.615930
vn 0.396610 0.011163 0.917919
vn -0.103308 0.011393 0.994584
vn -0.102027 -0.011386 0.994716
vn 0.397220 -0.011210 0.917655
vn -0.103308 0.011393 0.994584
vn -0.353152 0.010502 0.935507
vn -0.353215 -0.010409 0.935484
vn -0.102027 -0.011386 0.994716
vn -0.791563 0.012095 0.610968
vn -0.791567 0.011832 0.610968
vn -0.791566 -0.011809 0.610970
vn -0.791562 -0.012077 0.610969
vn -0.993848 0.010664 0.110236
vn -0.989243 0.011388 -0.145839
vn -0.989141 -0.011391 -0.146525
vn -0.993843 -0.010550 0.110297
vn 0.993694 -0.010593 -0.111628
vn 0.989112 -0.011419 0.146723
vn 0.875462 -0.466376 0.126728
vn 0.885743 -0.457626 -0.077701
vn 0.545966 -0.788924 -0.281992
vn 0.414192 -0.908418 0.056761
vn 0.414075 -0.908397 0.057941
vn 0.325291 -0.909738 -0.257998
vn 0.109950 -0.993869 0.011680
vn 0.000010 -1.000000 0.000000
vn 0.012515 -0.993865 -0.109890
vn 0.119595 -0.988228 -0.095405
vn 0.325291 -0.909738 -0.257998
vn 0.039067 -0.908305 -0.416480
vn 0.043445 -0.908387 -0.415868
vn 0.400973 -0.791871 -0.460610
vn 0.080424 -0.464833 -0.881738
vn 0.115282 -0.011359 -0.993268
vn 0.364426 -0.009574 -0.931183
vn 0.290522 -0.461202 -0.838385
vn 0.400973 -0.791871 -0.460610
vn 0.791584 -0.011222 -0.610958
vn 0.791588 -0.010920 -0.610958
vn 0.545966 -0.788924 -0.281992
vn 0.545966 -0.788924 -0.281992
vn 0.325291 -0.909738 -0.257998
vn 0.400973 -0.791871 -0.460610
vn 0.012515 -0.993865 -0.109890
vn 0.000010 -1.000000 0.000000
vn -0.109957 -0.993868 -0.011669
vn -0.098506 -0.987439 -0.123531
vn -0.269606 -0.900909 -0.340110
vn -0.414076 -0.908397 -0.057935
vn -0.414192 -0.908418 -0.056760
vn -0.587277 -0.701789 -0.403235
vn -0.875408 -0.466487 -0.126694
vn -0.989141 -0.011391 -0.146525
vn -0.789061 -0.011744 -0.614203
vn -0.587277 -0.701789 -0.403235
vn -0.587277 -0.701789 -0.403235
vn -0.789061 -0.011744 -0.614203
vn -0.393180 -0.012080 -0.919382
vn -0.253035 -0.699811 -0.668010
vn -0.393180 -0.012080 -0.919382
vn 0.115282 -0.011359 -0.993268
vn 0.080424 -0.464833 -0.881738
vn -0.253035 -0.699811 -0.668010
vn -0.253035 -0.699811 -0.668010
vn 0.043445 -0.908387 -0.415868
vn 0.039067 -0.908305 -0.416480
vn -0.269606 -0.900909 -0.340110
vn -0.269606 -0.900909 -0.340110
vn -0.587277 -0.701789 -0.403235
vn -0.253035 -0.699811 -0.668010
vn 0.010993 0.993871 -0.109998
vn 0.000281 1.000000 0.000128
vn 0.110512 0.993795 0.012558
vn 0.119889 0.988171 -0.095626
vn 0.327365 0.908535 -0.259608
vn 0.414469 0.908005 0.061177
vn 0.640027 0.762512 0.094556
vn 0.547413 0.787502 -0.283160
vn 0.640027 0.762512 0.094556
vn 0.989257 0.011434 0.145741
vn 0.993689 0.010657 -0.111663
vn 0.885333 0.458222 -0.078855
vn 0.547413 0.787502 -0.283160
vn 0.791580 0.012519 -0.610937
vn 0.791575 0.012890 -0.610936
vn 0.401976 0.791896 -0.459690
vn 0.364831 0.011223 -0.931006
vn 0.116270 0.011413 -0.993152
vn 0.104641 0.465700 -0.878734
vn 0.309595 0.459918 -0.832242
vn 0.401976 0.791896 -0.459690
vn 0.047910 0.908464 -0.415209
vn 0.046897 0.908455 -0.415343
vn 0.327365 0.908535 -0.259608
vn 0.327365 0.908535 -0.259608
vn 0.547413 0.787502 -0.283160
vn 0.401976 0.791896 -0.459690
vn -0.788936 0.010927 -0.614378
vn -0.989243 0.011388 -0.145839
vn -0.874900 0.466630 -0.129638
vn -0.588302 0.702233 -0.400962
vn -0.588302 0.702233 -0.400962
vn -0.413109 0.908754 -0.059222
vn -0.413021 0.908733 -0.060155
vn -0.267579 0.902477 -0.337545
vn -0.109279 0.993936 -0.012227
vn 0.000281 1.000000 0.000128
vn 0.010993 0.993871 -0.109998
vn -0.098149 0.987535 -0.123052
vn -0.267579 0.902477 -0.337545
vn 0.046897 0.908455 -0.415343
vn 0.047910 0.908464 -0.415209
vn -0.294231 0.778141 -0.554909
vn 0.104641 0.465700 -0.878734
vn 0.116270 0.011413 -0.993152
vn -0.392512 0.010448 -0.919688
vn -0.105290 0.450856 -0.886365
vn -0.294231 0.778141 -0.554909
vn -0.392512 0.010448 -0.919688
vn -0.788936 0.010927 -0.614378
vn -0.588302 0.702233 -0.400962
vn -0.588302 0.702233 -0.400962
vn -0.267579 0.902477 -0.337545
vn -0.294231 0.778141 -0.554909
vn -0.077288 0.464556 0.882165
vn -0.103308 0.011393 0.994584
vn 0.396610 0.011163 0.917919
vn 0.256561 0.696299 0.670331
vn 0.256561 0.696299 0.670331
vn 0.396610 0.011163 0.917919
vn 0.788130 0.011268 0.615406
vn 0.588451 0.698453 0.407296
vn 0.788130 0.011268 0.615406
vn 0.989257 0.011434 0.145741
vn 0.640027 0.762512 0.094556
vn 0.588451 0.698453 0.407296
vn 0.588451 0.698453 0.407296
vn 0.640027 0.762512 0.094556
vn 0.414469 0.908005 0.061177
vn 0.271708 0.899227 0.342879
vn 0.110512 0.993795 0.012558
vn 0.000281 1.000000 0.000128
vn -0.011506 0.993854 0.110097
vn 0.099399 0.987207 0.124671
vn 0.271708 0.899227 0.342879
vn -0.035881 0.908211 0.416971
vn -0.039884 0.908318 0.416374
vn 0.256561 0.696299 0.670331
vn 0.256561 0.696299 0.670331
vn 0.588451 0.698453 0.407296
vn 0.271708 0.899227 0.342879
vn -0.874900 0.466630 -0.129638
vn -0.989243 0.011388 -0.145839
vn -0.993848 0.010664 0.110236
vn -0.885251 0.458998 0.075176
vn -0.543553 0.791697 0.278866
vn -0.791567 0.011832 0.610968
vn -0.791563 0.012095 0.610968
vn -0.397601 0.794457 0.459077
vn -0.353152 0.010502 0.935507
vn -0.103308 0.011393 0.994584
vn -0.077288 0.464556 0.882165
vn -0.287621 0.463112 0.838333
vn -0.397601 0.794457 0.459077
vn -0.039884 0.908318 0.416374
vn -0.035881 0.908211 0.416971
vn -0.323025 0.911049 0.256211
vn -0.011506 0.993854 0.110097
vn 0.000281 1.000000 0.000128
vn -0.109279 0.993936 -0.012227
vn -0.118714 0.988405 0.094675
vn -0.323025 0.911049 0.256211
vn -0.413021 0.908733 -0.060155
vn -0.413109 0.908754 -0.059222
vn -0.543553 0.791697 0.278866
vn -0.543553 0.791697 0.278866
vn -0.397601 0.794457 0.459077
vn -0.323025 0.911049 0.256211
vn -0.012483 -0.993865 0.109890
vn 0.000010 -1.000000 0.000000
vn 0.109950 -0.993869 0.011680
vn 0.098498 -0.987440 0.123536
vn 0.269540 -0.900945 0.340069
vn 0.414075 -0.908397 0.057941
vn 0.414192 -0.908418 0.056761
vn 0.587319 -0.701764 0.403217
vn 0.875462 -0.466376 0.126728
vn 0.989112 -0.011419 0.146723
vn 0.787720 -0.011308 0.615930
vn 0.587319 -0.701764 0.403217
vn 0.587319 -0.701764 0.403217
vn 0.787720 -0.011308 0.615930
vn 0.397220 -0.011210 0.917655
vn 0.252884 -0.699742 0.668140
vn 0.397220 -0.011210 0.917655
vn -0.102027 -0.011386 0.994716
vn -0.080726 -0.464930 0.881660
vn 0.252884 -0.699742 0.668140
vn 0.252884 -0.699742 0.668140
vn -0.043569 -0.908388 0.415852
vn -0.039271 -0.908309 0.416452
vn 0.269540 -0.900945 0.340069
vn 0.269540 -0.900945 0.340069
vn 0.587319 -0.701764 0.403217
vn 0.252884 -0.699742 0.668140
vn -0.993843 -0.010550 0.110297
vn -0.989141 -0.011391 -0.146525
vn -0.875408 -0.466487 -0.126694
vn -0.885676 -0.457742 0.077776
vn -0.545855 -0.789026 0.281921
vn -0.414192 -0.908418 -0.056760
vn -0.414076 -0.908397 -0.057935
vn -0.325363 -0.909711 0.258002
vn -0.109957 -0.993868 -0.011669
vn 0.000010 -1.000000 0.000000
vn -0.012483 -0.993865 0.109890
vn -0.119598 -0.988229 0.095392
vn -0.325363 -0.909711 0.258002
vn -0.039271 -0.908309 0.416452
vn -0.043569 -0.908388 0.415852
vn -0.401018 -0.791907 0.460509
vn -0.080726 -0.464930 0.881660
vn -0.102027 -0.011386 0.994716
vn -0.353215 -0.010409 0.935484
vn -0.290561 -0.461662 0.838118
vn -0.401018 -0.791907 0.460509
vn -0.791562 -0.012077 0.610969
vn -0.791566 -0.011809 0.610970
vn -0.545855 -0.789026 0.281921
vn -0.545855 -0.789026 0.281921
vn -0.325363 -0.909711 0.258002
vn -0.401018 -0.791907 0.460509
s off
g group84 book_table pasted__pCube18
usemtl lambert3SG
f 75/93/265 74/94/266 84/95/267 83/96/268
f 74/94/269 73/97/270 85/98/271 84/95/272
f 73/97/273 72/179/274 86/180/275 85/98/276
f 72/179/277 80/109/278 92/110/279 86/180/280
f 80/109/281 79/103/282 93/106/283 92/110/284
f 79/103/285 78/104/286 94/105/287 93/106/288
f 83/96/289 96/99/290 102/100/291 75/93/292
f 96/99/293 95/101/294 103/102/295 102/100/296
f 95/181/297 99/182/298 104/183/299 103/184/300
f 99/182/301 101/111/302 107/112/303 104/183/304
f 101/111/305 100/107/306 108/108/307 107/112/308
f 100/107/309 94/105/310 78/104/311 108/108/312
f 74/113/313 75/114/314 67/115/315 109/116/316
f 109/116/317 67/115/318 68/119/319 110/120/320
f 68/119/321 69/126/322 70/127/323 110/120/324
f 110/120/325 70/127/326 71/128/327 111/121/328
f 71/128/329 72/129/330 73/122/331 111/121/332
f 111/121/333 73/122/334 74/113/335 109/116/336
f 109/116/337 110/120/338 111/121/339
f 70/127/340 69/126/341 76/133/342 112/134/343
f 112/134/344 76/133/345 77/140/346 113/141/347
f 77/140/348 78/145/349 79/142/350 113/141/351
f 113/141/352 79/142/353 80/135/354 114/136/355
f 80/135/356 72/129/357 71/128/358 114/136/359
f 114/136/360 71/128/361 70/127/362 112/134/363
f 112/134/364 113/141/365 114/136/366
f 88/146/367 89/147/368 81/148/369 115/149/370
f 115/149/371 81/148/372 82/154/373 116/155/374
f 82/154/375 83/165/376 84/166/377 116/155/378
f 116/155/379 84/166/380 85/167/381 117/156/382
f 85/167/383 86/168/384 87/157/385 117/156/386
f 117/156/387 87/157/388 88/146/389 115/149/390
f 115/149/391 116/155/392 117/156/393
f 93/172/394 94/173/395 90/161/396 118/160/397
f 118/160/398 90/161/399 91/150/400 119/151/401
f 91/150/402 89/147/403 88/146/404 119/151/405
f 119/151/406 88/146/407 87/157/408 120/159/409
f 87/157/410 86/168/411 92/171/412 120/159/413
f 120/159/414 92/171/415 93/172/416 118/160/417
f 118/160/418 119/151/419 120/159/420
f 98/162/421 99/174/422 95/175/423 121/163/424
f 121/163/425 95/175/426 96/176/427 122/164/428
f 96/176/429 83/165/430 82/154/431 122/164/432
f 122/164/433 82/154/434 81/148/435 123/153/436
f 81/148/437 89/147/438 97/152/439 123/153/440
f 123/153/441 97/152/442 98/162/443 121/163/444
f 121/163/445 122/164/446 123/153/447
f 90/161/448 94/173/449 100/177/450 124/169/451
f 124/169/452 100/177/453 101/178/454 125/170/455
f 101/178/456 99/174/457 98/162/458 125/170/459
f 125/170/460 98/162/461 97/152/462 126/158/463
f 97/152/464 89/147/465 91/150/466 126/158/467
f 126/158/468 91/150/469 90/161/470 124/169/471
f 124/169/472 125/170/473 126/158/474
f 106/132/475 69/126/476 68/119/477 127/125/478
f 127/125/479 68/119/480 67/115/481 128/118/482
f 67/115/483 75/114/484 102/117/485 128/118/486
f 128/118/487 102/117/488 103/123/489 129/124/490
f 103/123/491 104/130/492 105/131/493 129/124/494
f 129/124/495 105/131/496 106/132/497 127/125/498
f 127/125/499 128/118/500 129/124/501
f 108/143/502 78/145/503 77/140/504 130/144/505
f 130/144/506 77/140/507 76/133/508 131/139/509
f 76/133/510 69/126/511 106/132/512 131/139/513
f 131/139/514 106/132/515 105/131/516 132/138/517
f 105/131/518 104/130/519 107/137/520 132/138/521
f 132/138/522 107/137/523 108/143/524 130/144/525
f 130/144/526 131/139/527 132/138/528
g default
v -2.225327 -0.053541 -4.648847
v -2.329054 -0.101681 -4.662236
v -2.471008 -0.119279 -4.678232
v -2.455021 -0.101680 -4.820182
v -2.441642 -0.053541 -4.923924
v -2.434477 0.012232 -4.961650
v -2.295433 0.011511 -4.909040
v -2.204171 0.011511 -4.790830
v -2.187596 0.012231 -4.641688
v -2.612977 -0.101681 -4.694213
v -2.716713 -0.053541 -4.707604
v -2.754451 0.012231 -4.714769
v -2.695882 0.012930 -4.848401
v -2.579828 0.012930 -4.937931
v -2.329054 2.480443 -4.662236
v -2.225327 2.432305 -4.648847
v -2.187596 2.366530 -4.641688
v -2.204295 2.367826 -4.787367
v -2.295038 2.367828 -4.905014
v -2.434477 2.366530 -4.961650
v -2.441642 2.432305 -4.923926
v -2.455021 2.480445 -4.820182
v -2.471008 2.498041 -4.678232
v -2.716713 2.432305 -4.707604
v -2.612977 2.480445 -4.694213
v -2.578419 2.365520 -4.941646
v -2.695008 2.365520 -4.851670
v -2.754451 2.366530 -4.714769
v -2.362274 2.364464 -4.418508
v -2.246188 2.364466 -4.508056
v -2.487010 2.480443 -4.536265
v -2.500397 2.432305 -4.432533
v -2.507562 2.366530 -4.394803
v -2.737799 2.368387 -4.565619
v -2.646545 2.368387 -4.447363
v -2.246157 0.012930 -4.508043
v -2.362196 0.012930 -4.418499
v -2.507562 0.012232 -4.394803
v -2.500397 -0.053541 -4.432533
v -2.487010 -0.101680 -4.536265
v -2.646614 0.011511 -4.447394
v -2.737853 0.011511 -4.565619
v -2.228886 -0.045008 -4.775341
v -2.332421 -0.091935 -4.787750
v -2.319057 -0.044961 -4.890196
v -2.578033 -0.091659 -4.813661
v -2.678093 -0.044224 -4.825624
v -2.564855 -0.044261 -4.914520
v -2.332436 2.470819 -4.785837
v -2.229010 2.424054 -4.772383
v -2.318771 2.424070 -4.886810
v -2.677396 2.422826 -4.828454
v -2.577568 2.470345 -4.815472
v -2.563748 2.422824 -4.917662
v -2.377216 2.422302 -4.441831
v -2.263970 2.422279 -4.530792
v -2.364007 2.470159 -4.542715
v -2.713115 2.424364 -4.581149
v -2.622959 2.424314 -4.466314
v -2.609557 2.470914 -4.568769
v -2.364015 -0.091657 -4.542738
v -2.263955 -0.044222 -4.530775
v -2.377200 -0.044256 -4.441854
v -2.713146 -0.045010 -4.581163
v -2.609619 -0.091936 -4.568757
v -2.622975 -0.044967 -4.466318
vt 0.175284 0.091091
vt 0.251694 0.090995
vt 0.249934 0.360656
vt 0.175332 0.360521
vt 0.307019 0.090985
vt 0.305001 0.360646
vt 0.101946 0.360298
vt 0.101896 0.091184
vt 0.047622 0.360307
vt 0.047576 0.091194
vt 0.511089 0.092004
vt 0.584473 0.091924
vt 0.584473 0.361355
vt 0.509329 0.361239
vt 0.660880 0.361567
vt 0.660882 0.091842
vt 0.456776 0.092004
vt 0.454751 0.361239
vt 0.716230 0.361567
vt 0.716217 0.091842
vt 0.177961 0.546842
vt 0.138536 0.556444
vt 0.139151 0.546078
vt 0.172952 0.540748
vt 0.100670 0.545361
vt 0.106151 0.539800
vt 0.139156 0.517798
vt 0.172699 0.512553
vt 0.200637 0.512596
vt 0.206507 0.518279
vt 0.072643 0.517336
vt 0.078387 0.512506
vt 0.105898 0.512553
vt 0.138536 0.479173
vt 0.177159 0.478553
vt 0.205442 0.478553
vt 0.215809 0.479170
vt 0.061261 0.479170
vt 0.071627 0.479788
vt 0.099911 0.479791
vt 0.137913 0.440548
vt 0.171156 0.445788
vt 0.204421 0.441010
vt 0.198661 0.445835
vt 0.070558 0.440062
vt 0.076449 0.445745
vt 0.104384 0.445785
vt 0.137918 0.412263
vt 0.170905 0.418541
vt 0.176397 0.412980
vt 0.099109 0.411504
vt 0.104132 0.417593
vt 0.138534 0.401894
vt 0.419163 0.478534
vt 0.458931 0.479173
vt 0.458292 0.518943
vt 0.424284 0.513606
vt 0.459572 0.439403
vt 0.424828 0.444861
vt 0.498701 0.479809
vt 0.492541 0.513545
vt 0.458297 0.548061
vt 0.424315 0.542646
vt 0.395914 0.513786
vt 0.390040 0.478534
vt 0.494090 0.444813
vt 0.396118 0.445041
vt 0.424796 0.416834
vt 0.459567 0.410280
vt 0.527822 0.479807
vt 0.520869 0.513489
vt 0.492271 0.541595
vt 0.458931 0.558735
vt 0.419298 0.548937
vt 0.390043 0.519691
vt 0.379367 0.479171
vt 0.494357 0.415777
vt 0.522858 0.444759
vt 0.390017 0.440136
vt 0.419012 0.411144
vt 0.458933 0.399604
vt 0.538496 0.479171
vt 0.526778 0.518445
vt 0.497918 0.547313
vt 0.499525 0.409513
vt 0.528931 0.438922
vt 0.382816 0.091501
vt 0.381275 0.360934
vt 0.865918 0.361131
vt 0.791990 0.361361
vt 0.792014 0.091931
vt 0.865982 0.092017
vn 0.989112 -0.011421 0.146723
vn 0.993694 -0.010594 -0.111626
vn 0.993689 0.010652 -0.111662
vn 0.989257 0.011432 0.145741
vn 0.791584 -0.010923 -0.610963
vn 0.791579 -0.011224 -0.610963
vn 0.791571 0.012897 -0.610941
vn 0.791576 0.012525 -0.610942
vn 0.364426 -0.009574 -0.931183
vn 0.115287 -0.011358 -0.993267
vn 0.116276 0.011412 -0.993151
vn 0.364832 0.011221 -0.931006
vn 0.115287 -0.011358 -0.993267
vn -0.393185 -0.012079 -0.919380
vn -0.392517 0.010449 -0.919685
vn 0.116276 0.011412 -0.993151
vn -0.393185 -0.012079 -0.919380
vn -0.789060 -0.011746 -0.614203
vn -0.788937 0.010926 -0.614378
vn -0.392517 0.010449 -0.919685
vn -0.789060 -0.011746 -0.614203
vn -0.989139 -0.011391 -0.146538
vn -0.989241 0.011385 -0.145852
vn -0.788937 0.010926 -0.614378
vn 0.989257 0.011432 0.145741
vn 0.788128 0.011267 0.615408
vn 0.787718 -0.011308 0.615932
vn 0.989112 -0.011421 0.146723
vn 0.788128 0.011267 0.615408
vn 0.396600 0.011163 0.917924
vn 0.397210 -0.011208 0.917659
vn 0.787718 -0.011308 0.615932
vn 0.396600 0.011163 0.917924
vn -0.103302 0.011393 0.994585
vn -0.102021 -0.011386 0.994717
vn 0.397210 -0.011208 0.917659
vn -0.103302 0.011393 0.994585
vn -0.353132 0.010502 0.935514
vn -0.353196 -0.010410 0.935491
vn -0.102021 -0.011386 0.994717
vn -0.791563 0.012091 0.610968
vn -0.791567 0.011828 0.610968
vn -0.791566 -0.011805 0.610970
vn -0.791562 -0.012073 0.610969
vn -0.993848 0.010661 0.110235
vn -0.989241 0.011385 -0.145852
vn -0.989139 -0.011391 -0.146538
vn -0.993843 -0.010548 0.110296
vn 0.993694 -0.010594 -0.111626
vn 0.989112 -0.011421 0.146723
vn 0.875472 -0.466354 0.126738
vn 0.885766 -0.457586 -0.077674
vn 0.545940 -0.788948 -0.281975
vn 0.414186 -0.908420 0.056764
vn 0.414070 -0.908399 0.057941
vn 0.325298 -0.909737 -0.257994
vn 0.109952 -0.993868 0.011678
vn 0.000008 -1.000000 -0.000005
vn 0.012513 -0.993865 -0.109886
vn 0.119601 -0.988228 -0.095395
vn 0.325298 -0.909737 -0.257994
vn 0.039066 -0.908303 -0.416484
vn 0.043445 -0.908385 -0.415873
vn 0.400977 -0.791863 -0.460619
vn 0.080435 -0.464803 -0.881753
vn 0.115287 -0.011358 -0.993267
vn 0.364426 -0.009574 -0.931183
vn 0.290544 -0.461150 -0.838406
vn 0.400977 -0.791863 -0.460619
vn 0.791579 -0.011224 -0.610963
vn 0.791584 -0.010923 -0.610963
vn 0.545940 -0.788948 -0.281975
vn 0.545940 -0.788948 -0.281975
vn 0.325298 -0.909737 -0.257994
vn 0.400977 -0.791863 -0.460619
vn 0.012513 -0.993865 -0.109886
vn 0.000008 -1.000000 -0.000005
vn -0.109959 -0.993868 -0.011671
vn -0.098510 -0.987439 -0.123533
vn -0.269584 -0.900920 -0.340098
vn -0.414049 -0.908409 -0.057931
vn -0.414165 -0.908431 -0.056754
vn -0.587262 -0.701805 -0.403229
vn -0.875464 -0.466379 -0.126697
vn -0.989139 -0.011391 -0.146538
vn -0.789060 -0.011746 -0.614203
vn -0.587262 -0.701805 -0.403229
vn -0.587262 -0.701805 -0.403229
vn -0.789060 -0.011746 -0.614203
vn -0.393185 -0.012079 -0.919380
vn -0.253038 -0.699828 -0.667992
vn -0.393185 -0.012079 -0.919380
vn 0.115287 -0.011358 -0.993267
vn 0.080435 -0.464803 -0.881753
vn -0.253038 -0.699828 -0.667992
vn -0.253038 -0.699828 -0.667992
vn 0.043445 -0.908385 -0.415873
vn 0.039066 -0.908303 -0.416484
vn -0.269584 -0.900920 -0.340098
vn -0.269584 -0.900920 -0.340098
vn -0.587262 -0.701805 -0.403229
vn -0.253038 -0.699828 -0.667992
vn 0.010996 0.993872 -0.109993
vn 0.000278 1.000000 0.000125
vn 0.110505 0.993796 0.012551
vn 0.119888 0.988174 -0.095597
vn 0.327390 0.908517 -0.259640
vn 0.414498 0.907992 0.061173
vn 0.640042 0.762500 0.094555
vn 0.547391 0.787524 -0.283144
vn 0.640042 0.762500 0.094555
vn 0.989257 0.011432 0.145741
vn 0.993689 0.010652 -0.111662
vn 0.885374 0.458141 -0.078865
vn 0.547391 0.787524 -0.283144
vn 0.791576 0.012525 -0.610942
vn 0.791571 0.012897 -0.610941
vn 0.401980 0.791889 -0.459700
vn 0.364832 0.011221 -0.931006
vn 0.116276 0.011412 -0.993151
vn 0.104662 0.465674 -0.878746
vn 0.309622 0.459891 -0.832247
vn 0.401980 0.791889 -0.459700
vn 0.047915 0.908451 -0.415237
vn 0.046892 0.908442 -0.415372
vn 0.327390 0.908517 -0.259640
vn 0.327390 0.908517 -0.259640
vn 0.547391 0.787524 -0.283144
vn 0.401980 0.791889 -0.459700
vn -0.788937 0.010926 -0.614378
vn -0.989241 0.011385 -0.145852
vn -0.874898 0.466626 -0.129666
vn -0.588284 0.702243 -0.400969
vn -0.588284 0.702243 -0.400969
vn -0.413088 0.908762 -0.059247
vn -0.412999 0.908741 -0.060185
vn -0.267568 0.902480 -0.337546
vn -0.109284 0.993935 -0.012223
vn 0.000278 1.000000 0.000125
vn 0.010996 0.993872 -0.109993
vn -0.098155 0.987532 -0.123072
vn -0.267568 0.902480 -0.337546
vn 0.046892 0.908442 -0.415372
vn 0.047915 0.908451 -0.415237
vn -0.294235 0.778150 -0.554895
vn 0.104662 0.465674 -0.878746
vn 0.116276 0.011412 -0.993151
vn -0.392517 0.010449 -0.919685
vn -0.105304 0.450826 -0.886379
vn -0.294235 0.778150 -0.554895
vn -0.392517 0.010449 -0.919685
vn -0.788937 0.010926 -0.614378
vn -0.588284 0.702243 -0.400969
vn -0.588284 0.702243 -0.400969
vn -0.267568 0.902480 -0.337546
vn -0.294235 0.778150 -0.554895
vn -0.077278 0.464574 0.882156
vn -0.103302 0.011393 0.994585
vn 0.396600 0.011163 0.917924
vn 0.256569 0.696267 0.670362
vn 0.256569 0.696267 0.670362
vn 0.396600 0.011163 0.917924
vn 0.788128 0.011267 0.615408
vn 0.588462 0.698430 0.407318
vn 0.788128 0.011267 0.615408
vn 0.989257 0.011432 0.145741
vn 0.640042 0.762500 0.094555
vn 0.588462 0.698430 0.407318
vn 0.588462 0.698430 0.407318
vn 0.640042 0.762500 0.094555
vn 0.414498 0.907992 0.061173
vn 0.271733 0.899203 0.342922
vn 0.110505 0.993796 0.012551
vn 0.000278 1.000000 0.000125
vn -0.011505 0.993856 0.110082
vn 0.099387 0.987214 0.124623
vn 0.271733 0.899203 0.342922
vn -0.035874 0.908203 0.416991
vn -0.039890 0.908310 0.416391
vn 0.256569 0.696267 0.670362
vn 0.256569 0.696267 0.670362
vn 0.588462 0.698430 0.407318
vn 0.271733 0.899203 0.342922
vn -0.874898 0.466626 -0.129666
vn -0.989241 0.011385 -0.145852
vn -0.993848 0.010661 0.110235
vn -0.885250 0.459001 0.075171
vn -0.543560 0.791691 0.278869
vn -0.791567 0.011828 0.610968
vn -0.791563 0.012091 0.610968
vn -0.397607 0.794441 0.459099
vn -0.353132 0.010502 0.935514
vn -0.103302 0.011393 0.994585
vn -0.077278 0.464574 0.882156
vn -0.287604 0.463138 0.838324
vn -0.397607 0.794441 0.459099
vn -0.039890 0.908310 0.416391
vn -0.035874 0.908203 0.416991
vn -0.323001 0.911059 0.256208
vn -0.011505 0.993856 0.110082
vn 0.000278 1.000000 0.000125
vn -0.109284 0.993935 -0.012223
vn -0.118716 0.988403 0.094690
vn -0.323001 0.911059 0.256208
vn -0.412999 0.908741 -0.060185
vn -0.413088 0.908762 -0.059247
vn -0.543560 0.791691 0.278869
vn -0.543560 0.791691 0.278869
vn -0.397607 0.794441 0.459099
vn -0.323001 0.911059 0.256208
vn -0.012479 -0.993867 0.109878
vn 0.000008 -1.000000 -0.000005
vn 0.109952 -0.993868 0.011678
vn 0.098498 -0.987442 0.123515
vn 0.269548 -0.900940 0.340075
vn 0.414070 -0.908399 0.057941
vn 0.414186 -0.908420 0.056764
vn 0.587326 -0.701760 0.403213
vn 0.875472 -0.466354 0.126738
vn 0.989112 -0.011421 0.146723
vn 0.787718 -0.011308 0.615932
vn 0.587326 -0.701760 0.403213
vn 0.587326 -0.701760 0.403213
vn 0.787718 -0.011308 0.615932
vn 0.397210 -0.011208 0.917659
vn 0.252887 -0.699723 0.668159
vn 0.397210 -0.011208 0.917659
vn -0.102021 -0.011386 0.994717
vn -0.080725 -0.464911 0.881670
vn 0.252887 -0.699723 0.668159
vn 0.252887 -0.699723 0.668159
vn -0.043575 -0.908388 0.415852
vn -0.039265 -0.908308 0.416455
vn 0.269548 -0.900940 0.340075
vn 0.269548 -0.900940 0.340075
vn 0.587326 -0.701760 0.403213
vn 0.252887 -0.699723 0.668159
vn -0.993843 -0.010548 0.110296
vn -0.989139 -0.011391 -0.146538
vn -0.875464 -0.466379 -0.126697
vn -0.885782 -0.457535 0.077788
vn -0.545855 -0.789027 0.281920
vn -0.414165 -0.908431 -0.056754
vn -0.414049 -0.908409 -0.057931
vn -0.325354 -0.909718 0.257989
vn -0.109959 -0.993868 -0.011671
vn 0.000008 -1.000000 -0.000005
vn -0.012479 -0.993867 0.109878
vn -0.119599 -0.988230 0.095386
vn -0.325354 -0.909718 0.257989
vn -0.039265 -0.908308 0.416455
vn -0.043575 -0.908388 0.415852
vn -0.401028 -0.791893 0.460525
vn -0.080725 -0.464911 0.881670
vn -0.102021 -0.011386 0.994717
vn -0.353196 -0.010410 0.935491
vn -0.290579 -0.461631 0.838129
vn -0.401028 -0.791893 0.460525
vn -0.791562 -0.012073 0.610969
vn -0.791566 -0.011805 0.610970
vn -0.545855 -0.789027 0.281920
vn -0.545855 -0.789027 0.281920
vn -0.325354 -0.909718 0.257989
vn -0.401028 -0.791893 0.460525
s off
g group84 book_table pasted__pCube20
usemtl lambert3SG
f 141/185/529 140/186/530 150/187/531 149/188/532
f 140/186/533 139/189/534 151/190/535 150/187/536
f 139/189/537 138/271/538 152/272/539 151/190/540
f 138/271/541 146/201/542 158/202/543 152/272/544
f 146/201/545 145/195/546 159/198/547 158/202/548
f 145/195/549 144/196/550 160/197/551 159/198/552
f 149/188/553 162/191/554 168/192/555 141/185/556
f 162/191/557 161/193/558 169/194/559 168/192/560
f 161/273/561 165/274/562 170/275/563 169/276/564
f 165/274/565 167/203/566 173/204/567 170/275/568
f 167/203/569 166/199/570 174/200/571 173/204/572
f 166/199/573 160/197/574 144/196/575 174/200/576
f 140/205/577 141/206/578 133/207/579 175/208/580
f 175/208/581 133/207/582 134/211/583 176/212/584
f 134/211/585 135/218/586 136/219/587 176/212/588
f 176/212/589 136/219/590 137/220/591 177/213/592
f 137/220/593 138/221/594 139/214/595 177/213/596
f 177/213/597 139/214/598 140/205/599 175/208/600
f 175/208/601 176/212/602 177/213/603
f 136/219/604 135/218/605 142/225/606 178/226/607
f 178/226/608 142/225/609 143/232/610 179/233/611
f 143/232/612 144/237/613 145/234/614 179/233/615
f 179/233/616 145/234/617 146/227/618 180/228/619
f 146/227/620 138/221/621 137/220/622 180/228/623
f 180/228/624 137/220/625 136/219/626 178/226/627
f 178/226/628 179/233/629 180/228/630
f 154/238/631 155/239/632 147/240/633 181/241/634
f 181/241/635 147/240/636 148/246/637 182/247/638
f 148/246/639 149/257/640 150/258/641 182/247/642
f 182/247/643 150/258/644 151/259/645 183/248/646
f 151/259/647 152/260/648 153/249/649 183/248/650
f 183/248/651 153/249/652 154/238/653 181/241/654
f 181/241/655 182/247/656 183/248/657
f 159/264/658 160/265/659 156/253/660 184/252/661
f 184/252/662 156/253/663 157/242/664 185/243/665
f 157/242/666 155/239/667 154/238/668 185/243/669
f 185/243/670 154/238/671 153/249/672 186/251/673
f 153/249/674 152/260/675 158/263/676 186/251/677
f 186/251/678 158/263/679 159/264/680 184/252/681
f 184/252/682 185/243/683 186/251/684
f 164/254/685 165/266/686 161/267/687 187/255/688
f 187/255/689 161/267/690 162/268/691 188/256/692
f 162/268/693 149/257/694 148/246/695 188/256/696
f 188/256/697 148/246/698 147/240/699 189/245/700
f 147/240/701 155/239/702 163/244/703 189/245/704
f 189/245/705 163/244/706 164/254/707 187/255/708
f 187/255/709 188/256/710 189/245/711
f 156/253/712 160/265/713 166/269/714 190/261/715
f 190/261/716 166/269/717 167/270/718 191/262/719
f 167/270/720 165/266/721 164/254/722 191/262/723
f 191/262/724 164/254/725 163/244/726 192/250/727
f 163/244/728 155/239/729 157/242/730 192/250/731
f 192/250/732 157/242/733 156/253/734 190/261/735
f 190/261/736 191/262/737 192/250/738
f 172/224/739 135/218/740 134/211/741 193/217/742
f 193/217/743 134/211/744 133/207/745 194/210/746
f 133/207/747 141/206/748 168/209/749 194/210/750
f 194/210/751 168/209/752 169/215/753 195/216/754
f 169/215/755 170/222/756 171/223/757 195/216/758
f 195/216/759 171/223/760 172/224/761 193/217/762
f 193/217/763 194/210/764 195/216/765
f 174/235/766 144/237/767 143/232/768 196/236/769
f 196/236/770 143/232/771 142/225/772 197/231/773
f 142/225/774 135/218/775 172/224/776 197/231/777
f 197/231/778 172/224/779 171/223/780 198/230/781
f 171/223/782 170/222/783 173/229/784 198/230/785
f 198/230/786 173/229/787 174/235/788 196/236/789
f 196/236/790 197/231/791 198/230/792
g default
v -3.751356 -0.020761 -7.704745
v -3.855077 -0.068901 -7.718131
v -3.997038 -0.086498 -7.734130
v -3.981051 -0.068900 -7.876080
v -3.967680 -0.020761 -7.979815
v -3.960507 0.045012 -8.017548
v -3.821463 0.044291 -7.964937
v -3.730201 0.044291 -7.846727
v -3.713626 0.045011 -7.697585
v -4.139007 -0.068901 -7.750111
v -4.242743 -0.020761 -7.763501
v -4.280481 0.045011 -7.770665
v -4.221920 0.045712 -7.904298
v -4.105858 0.045712 -7.993829
v -3.855077 2.513223 -7.718131
v -3.751356 2.465085 -7.704745
v -3.713626 2.399312 -7.697585
v -3.730325 2.400608 -7.843265
v -3.821068 2.400608 -7.960911
v -3.960507 2.399310 -8.017548
v -3.967672 2.465085 -7.979821
v -3.981051 2.513223 -7.876080
v -3.997038 2.530821 -7.734130
v -4.242743 2.465085 -7.763501
v -4.139007 2.513223 -7.750111
v -4.104442 2.398300 -7.997543
v -4.221038 2.398300 -7.907567
v -4.280481 2.399310 -7.770665
v -3.888304 2.397246 -7.474404
v -3.772218 2.397246 -7.563954
v -4.013040 2.513223 -7.592163
v -4.026427 2.465085 -7.488431
v -4.033592 2.399312 -7.450698
v -4.263829 2.401169 -7.621517
v -4.172575 2.401169 -7.503261
v -3.772187 0.045712 -7.563940
v -3.888226 0.045712 -7.474396
v -4.033592 0.045012 -7.450698
v -4.026427 -0.020761 -7.488431
v -4.013040 -0.068900 -7.592163
v -4.172637 0.044291 -7.503292
v -4.263883 0.044291 -7.621517
v -3.754916 -0.012228 -7.831238
v -3.858450 -0.059155 -7.843646
v -3.845087 -0.012181 -7.946091
v -4.104062 -0.058879 -7.869558
v -4.204123 -0.011444 -7.881521
v -4.090885 -0.011480 -7.970417
v -3.858466 2.503599 -7.841732
v -3.755040 2.456836 -7.828280
v -3.844801 2.456850 -7.942710
v -4.203426 2.455606 -7.884351
v -4.103598 2.503125 -7.871369
v -4.089770 2.455604 -7.973557
v -3.903246 2.455082 -7.497726
v -3.790000 2.455061 -7.586690
v -3.890037 2.502941 -7.598612
v -4.239145 2.457146 -7.637045
v -4.148989 2.457096 -7.522211
v -4.135587 2.503694 -7.624666
v -3.890045 -0.058875 -7.598635
v -3.789985 -0.011442 -7.586672
v -3.903230 -0.011476 -7.497749
v -4.239176 -0.012230 -7.637058
v -4.135649 -0.059156 -7.624654
v -4.149005 -0.012186 -7.522215
vt 0.186578 0.105650
vt 0.259922 0.105558
vt 0.258232 0.364400
vt 0.186624 0.364270
vt 0.313028 0.105549
vt 0.311090 0.364391
vt 0.116182 0.364056
vt 0.116135 0.105740
vt 0.064037 0.364065
vt 0.063994 0.105749
vt 0.508910 0.106527
vt 0.579350 0.106450
vt 0.579350 0.365071
vt 0.507221 0.364960
vt 0.652691 0.365275
vt 0.652693 0.106371
vt 0.456776 0.106527
vt 0.454832 0.364960
vt 0.705821 0.365275
vt 0.705808 0.106371
vt 0.189147 0.543116
vt 0.151304 0.552333
vt 0.151895 0.542383
vt 0.184339 0.537267
vt 0.114957 0.541694
vt 0.120218 0.536357
vt 0.151899 0.515238
vt 0.184097 0.510203
vt 0.210914 0.510244
vt 0.216548 0.515699
vt 0.088054 0.514794
vt 0.093569 0.510158
vt 0.119976 0.510203
vt 0.151304 0.478162
vt 0.188377 0.477567
vt 0.215526 0.477567
vt 0.225477 0.478160
vt 0.077129 0.478160
vt 0.087080 0.478753
vt 0.114229 0.478755
vt 0.150706 0.441086
vt 0.182615 0.446116
vt 0.214546 0.441530
vt 0.209017 0.446162
vt 0.086053 0.440620
vt 0.091708 0.446075
vt 0.118523 0.446114
vt 0.150711 0.413937
vt 0.182374 0.419963
vt 0.187646 0.414625
vt 0.113459 0.413208
vt 0.118280 0.419053
vt 0.151302 0.403984
vt 0.420672 0.477549
vt 0.458844 0.478162
vt 0.458231 0.516337
vt 0.425588 0.511214
vt 0.459460 0.439988
vt 0.426110 0.445227
vt 0.497019 0.478773
vt 0.491106 0.511155
vt 0.458236 0.544286
vt 0.425618 0.539089
vt 0.398356 0.511386
vt 0.392718 0.477549
vt 0.492593 0.445180
vt 0.398551 0.445400
vt 0.426079 0.418324
vt 0.459455 0.412033
vt 0.524972 0.478770
vt 0.518298 0.511102
vt 0.490847 0.538080
vt 0.458844 0.554532
vt 0.420802 0.545128
vt 0.392720 0.517054
vt 0.382473 0.478160
vt 0.492849 0.417310
vt 0.520207 0.445129
vt 0.392696 0.440691
vt 0.420528 0.412863
vt 0.458847 0.401785
vt 0.535218 0.478160
vt 0.523970 0.515859
vt 0.496267 0.543568
vt 0.497810 0.411297
vt 0.526036 0.439526
vt 0.385783 0.106044
vt 0.384304 0.364667
vt 0.849503 0.364856
vt 0.778541 0.365077
vt 0.778564 0.106457
vt 0.849565 0.106539
vn 0.989112 -0.011421 0.146721
vn 0.993694 -0.010595 -0.111625
vn 0.993689 0.010656 -0.111661
vn 0.989257 0.011433 0.145740
vn 0.791579 -0.010919 -0.610969
vn 0.791575 -0.011221 -0.610969
vn 0.791567 0.012892 -0.610947
vn 0.791572 0.012521 -0.610948
vn 0.364436 -0.009575 -0.931179
vn 0.115296 -0.011360 -0.993266
vn 0.116283 0.011413 -0.993151
vn 0.364841 0.011223 -0.931002
vn 0.115296 -0.011360 -0.993266
vn -0.393175 -0.012080 -0.919384
vn -0.392507 0.010451 -0.919690
vn 0.116283 0.011413 -0.993151
vn -0.393175 -0.012080 -0.919384
vn -0.789059 -0.011745 -0.614205
vn -0.788934 0.010931 -0.614381
vn -0.392507 0.010451 -0.919690
vn -0.789059 -0.011745 -0.614205
vn -0.989142 -0.011391 -0.146522
vn -0.989243 0.011390 -0.145836
vn -0.788934 0.010931 -0.614381
vn 0.989257 0.011433 0.145740
vn 0.788130 0.011268 0.615405
vn 0.787721 -0.011310 0.615929
vn 0.989112 -0.011421 0.146721
vn 0.788130 0.011268 0.615405
vn 0.396609 0.011164 0.917920
vn 0.397219 -0.011209 0.917655
vn 0.787721 -0.011310 0.615929
vn 0.396609 0.011164 0.917920
vn -0.103320 0.011392 0.994583
vn -0.102040 -0.011386 0.994715
vn 0.397219 -0.011209 0.917655
vn -0.103320 0.011392 0.994583
vn -0.353169 0.010501 0.935500
vn -0.353233 -0.010411 0.935477
vn -0.102040 -0.011386 0.994715
vn -0.791546 0.012093 0.610989
vn -0.791550 0.011829 0.610990
vn -0.791549 -0.011805 0.610991
vn -0.791546 -0.012072 0.610991
vn -0.993848 0.010664 0.110236
vn -0.989243 0.011390 -0.145836
vn -0.989142 -0.011391 -0.146522
vn -0.993843 -0.010549 0.110298
vn 0.993694 -0.010595 -0.111625
vn 0.989112 -0.011421 0.146721
vn 0.875464 -0.466369 0.126736
vn 0.885750 -0.457617 -0.077673
vn 0.545968 -0.788919 -0.282004
vn 0.414200 -0.908414 0.056766
vn 0.414084 -0.908393 0.057944
vn 0.325294 -0.909734 -0.258007
vn 0.109952 -0.993868 0.011688
vn 0.000009 -1.000000 0.000002
vn 0.012511 -0.993866 -0.109880
vn 0.119589 -0.988231 -0.095386
vn 0.325294 -0.909734 -0.258007
vn 0.039078 -0.908307 -0.416474
vn 0.043444 -0.908389 -0.415864
vn 0.400963 -0.791867 -0.460625
vn 0.080420 -0.464869 -0.881720
vn 0.115296 -0.011360 -0.993266
vn 0.364436 -0.009575 -0.931179
vn 0.290512 -0.461238 -0.838369
vn 0.400963 -0.791867 -0.460625
vn 0.791575 -0.011221 -0.610969
vn 0.791579 -0.010919 -0.610969
vn 0.545968 -0.788919 -0.282004
vn 0.545968 -0.788919 -0.282004
vn 0.325294 -0.909734 -0.258007
vn 0.400963 -0.791867 -0.460625
vn 0.012511 -0.993866 -0.109880
vn 0.000009 -1.000000 0.000002
vn -0.109958 -0.993868 -0.011667
vn -0.098508 -0.987439 -0.123531
vn -0.269587 -0.900918 -0.340101
vn -0.414060 -0.908403 -0.057948
vn -0.414176 -0.908424 -0.056771
vn -0.587248 -0.701816 -0.403229
vn -0.875407 -0.466492 -0.126680
vn -0.989142 -0.011391 -0.146522
vn -0.789059 -0.011745 -0.614205
vn -0.587248 -0.701816 -0.403229
vn -0.587248 -0.701816 -0.403229
vn -0.789059 -0.011745 -0.614205
vn -0.393175 -0.012080 -0.919384
vn -0.253033 -0.699818 -0.668004
vn -0.393175 -0.012080 -0.919384
vn 0.115296 -0.011360 -0.993266
vn 0.080420 -0.464869 -0.881720
vn -0.253033 -0.699818 -0.668004
vn -0.253033 -0.699818 -0.668004
vn 0.043444 -0.908389 -0.415864
vn 0.039078 -0.908307 -0.416474
vn -0.269587 -0.900918 -0.340101
vn -0.269587 -0.900918 -0.340101
vn -0.587248 -0.701816 -0.403229
vn -0.253033 -0.699818 -0.668004
vn 0.010994 0.993871 -0.110002
vn 0.000275 1.000000 0.000118
vn 0.110500 0.993797 0.012542
vn 0.119878 0.988173 -0.095620
vn 0.327371 0.908536 -0.259597
vn 0.414503 0.907989 0.061177
vn 0.640032 0.762508 0.094554
vn 0.547435 0.787484 -0.283170
vn 0.640032 0.762508 0.094554
vn 0.989257 0.011433 0.145740
vn 0.993689 0.010656 -0.111661
vn 0.885287 0.458311 -0.078857
vn 0.547435 0.787484 -0.283170
vn 0.791572 0.012521 -0.610948
vn 0.791567 0.012892 -0.610947
vn 0.401975 0.791908 -0.459670
vn 0.364841 0.011223 -0.931002
vn 0.116283 0.011413 -0.993151
vn 0.104651 0.465674 -0.878747
vn 0.309594 0.459865 -0.832271
vn 0.401975 0.791908 -0.459670
vn 0.047910 0.908475 -0.415183
vn 0.046886 0.908467 -0.415318
vn 0.327371 0.908536 -0.259597
vn 0.327371 0.908536 -0.259597
vn 0.547435 0.787484 -0.283170
vn 0.401975 0.791908 -0.459670
vn -0.788934 0.010931 -0.614381
vn -0.989243 0.011390 -0.145836
vn -0.874869 0.466682 -0.129664
vn -0.588266 0.702253 -0.400979
vn -0.588266 0.702253 -0.400979
vn -0.413113 0.908751 -0.059245
vn -0.413024 0.908729 -0.060183
vn -0.267587 0.902473 -0.337550
vn -0.109288 0.993935 -0.012228
vn 0.000275 1.000000 0.000118
vn 0.010994 0.993871 -0.110002
vn -0.098156 0.987532 -0.123069
vn -0.267587 0.902473 -0.337550
vn 0.046886 0.908467 -0.415318
vn 0.047910 0.908475 -0.415183
vn -0.294224 0.778147 -0.554905
vn 0.104651 0.465674 -0.878747
vn 0.116283 0.011413 -0.993151
vn -0.392507 0.010451 -0.919690
vn -0.105290 0.450858 -0.886364
vn -0.294224 0.778147 -0.554905
vn -0.392507 0.010451 -0.919690
vn -0.788934 0.010931 -0.614381
vn -0.588266 0.702253 -0.400979
vn -0.588266 0.702253 -0.400979
vn -0.267587 0.902473 -0.337550
vn -0.294224 0.778147 -0.554905
vn -0.077284 0.464567 0.882159
vn -0.103320 0.011392 0.994583
vn 0.396609 0.011164 0.917920
vn 0.256563 0.696297 0.670332
vn 0.256563 0.696297 0.670332
vn 0.396609 0.011164 0.917920
vn 0.788130 0.011268 0.615405
vn 0.588455 0.698444 0.407303
vn 0.788130 0.011268 0.615405
vn 0.989257 0.011433 0.145740
vn 0.640032 0.762508 0.094554
vn 0.588455 0.698444 0.407303
vn 0.588455 0.698444 0.407303
vn 0.640032 0.762508 0.094554
vn 0.414503 0.907989 0.061177
vn 0.271722 0.899211 0.342909
vn 0.110500 0.993797 0.012542
vn 0.000275 1.000000 0.000118
vn -0.011510 0.993856 0.110082
vn 0.099387 0.987212 0.124637
vn 0.271722 0.899211 0.342909
vn -0.035877 0.908212 0.416971
vn -0.039892 0.908319 0.416371
vn 0.256563 0.696297 0.670332
vn 0.256563 0.696297 0.670332
vn 0.588455 0.698444 0.407303
vn 0.271722 0.899211 0.342909
vn -0.874869 0.466682 -0.129664
vn -0.989243 0.011390 -0.145836
vn -0.993848 0.010664 0.110236
vn -0.885254 0.458993 0.075175
vn -0.543564 0.791686 0.278874
vn -0.791550 0.011829 0.610990
vn -0.791546 0.012093 0.610989
vn -0.397584 0.794466 0.459076
vn -0.353169 0.010501 0.935500
vn -0.103320 0.011392 0.994583
vn -0.077284 0.464567 0.882159
vn -0.287603 0.463115 0.838337
vn -0.397584 0.794466 0.459076
vn -0.039892 0.908319 0.416371
vn -0.035877 0.908212 0.416971
vn -0.323003 0.911059 0.256204
vn -0.011510 0.993856 0.110082
vn 0.000275 1.000000 0.000118
vn -0.109288 0.993935 -0.012228
vn -0.118723 0.988403 0.094676
vn -0.323003 0.911059 0.256204
vn -0.413024 0.908729 -0.060183
vn -0.413113 0.908751 -0.059245
vn -0.543564 0.791686 0.278874
vn -0.543564 0.791686 0.278874
vn -0.397584 0.794466 0.459076
vn -0.323003 0.911059 0.256204
vn -0.012477 -0.993865 0.109892
vn 0.000009 -1.000000 0.000002
vn 0.109952 -0.993868 0.011688
vn 0.098507 -0.987438 0.123539
vn 0.269545 -0.900937 0.340085
vn 0.414084 -0.908393 0.057944
vn 0.414200 -0.908414 0.056766
vn 0.587329 -0.701748 0.403231
vn 0.875464 -0.466369 0.126736
vn 0.989112 -0.011421 0.146721
vn 0.787721 -0.011310 0.615929
vn 0.587329 -0.701748 0.403231
vn 0.587329 -0.701748 0.403231
vn 0.787721 -0.011310 0.615929
vn 0.397219 -0.011209 0.917655
vn 0.252896 -0.699722 0.668157
vn 0.397219 -0.011209 0.917655
vn -0.102040 -0.011386 0.994715
vn -0.080720 -0.464906 0.881673
vn 0.252896 -0.699722 0.668157
vn 0.252896 -0.699722 0.668157
vn -0.043573 -0.908395 0.415837
vn -0.039264 -0.908315 0.416439
vn 0.269545 -0.900937 0.340085
vn 0.269545 -0.900937 0.340085
vn 0.587329 -0.701748 0.403231
vn 0.252896 -0.699722 0.668157
vn -0.993843 -0.010549 0.110298
vn -0.989142 -0.011391 -0.146522
vn -0.875407 -0.466492 -0.126680
vn -0.885708 -0.457681 0.077782
vn -0.545868 -0.789008 0.281946
vn -0.414176 -0.908424 -0.056771
vn -0.414060 -0.908403 -0.057948
vn -0.325350 -0.909715 0.258003
vn -0.109958 -0.993868 -0.011667
vn 0.000009 -1.000000 0.000002
vn -0.012477 -0.993865 0.109892
vn -0.119599 -0.988229 0.095391
vn -0.325350 -0.909715 0.258003
vn -0.039264 -0.908315 0.416439
vn -0.043573 -0.908395 0.415837
vn -0.401014 -0.791899 0.460526
vn -0.080720 -0.464906 0.881673
vn -0.102040 -0.011386 0.994715
vn -0.353233 -0.010411 0.935477
vn -0.290573 -0.461637 0.838128
vn -0.401014 -0.791899 0.460526
vn -0.791546 -0.012072 0.610991
vn -0.791549 -0.011805 0.610991
vn -0.545868 -0.789008 0.281946
vn -0.545868 -0.789008 0.281946
vn -0.325350 -0.909715 0.258003
vn -0.401014 -0.791899 0.460526
s off
g group84 book_table pasted__pCube17
usemtl lambert3SG
f 207/277/793 206/278/794 216/279/795 215/280/796
f 206/278/797 205/281/798 217/282/799 216/279/800
f 205/281/801 204/363/802 218/364/803 217/282/804
f 204/363/805 212/293/806 224/294/807 218/364/808
f 212/293/809 211/287/810 225/290/811 224/294/812
f 211/287/813 210/288/814 226/289/815 225/290/816
f 215/280/817 228/283/818 234/284/819 207/277/820
f 228/283/821 227/285/822 235/286/823 234/284/824
f 227/365/825 231/366/826 236/367/827 235/368/828
f 231/366/829 233/295/830 239/296/831 236/367/832
f 233/295/833 232/291/834 240/292/835 239/296/836
f 232/291/837 226/289/838 210/288/839 240/292/840
f 206/297/841 207/298/842 199/299/843 241/300/844
f 241/300/845 199/299/846 200/303/847 242/304/848
f 200/303/849 201/310/850 202/311/851 242/304/852
f 242/304/853 202/311/854 203/312/855 243/305/856
f 203/312/857 204/313/858 205/306/859 243/305/860
f 243/305/861 205/306/862 206/297/863 241/300/864
f 241/300/865 242/304/866 243/305/867
f 202/311/868 201/310/869 208/317/870 244/318/871
f 244/318/872 208/317/873 209/324/874 245/325/875
f 209/324/876 210/329/877 211/326/878 245/325/879
f 245/325/880 211/326/881 212/319/882 246/320/883
f 212/319/884 204/313/885 203/312/886 246/320/887
f 246/320/888 203/312/889 202/311/890 244/318/891
f 244/318/892 245/325/893 246/320/894
f 220/330/895 221/331/896 213/332/897 247/333/898
f 247/333/899 213/332/900 214/338/901 248/339/902
f 214/338/903 215/349/904 216/350/905 248/339/906
f 248/339/907 216/350/908 217/351/909 249/340/910
f 217/351/911 218/352/912 219/341/913 249/340/914
f 249/340/915 219/341/916 220/330/917 247/333/918
f 247/333/919 248/339/920 249/340/921
f 225/356/922 226/357/923 222/345/924 250/344/925
f 250/344/926 222/345/927 223/334/928 251/335/929
f 223/334/930 221/331/931 220/330/932 251/335/933
f 251/335/934 220/330/935 219/341/936 252/343/937
f 219/341/938 218/352/939 224/355/940 252/343/941
f 252/343/942 224/355/943 225/356/944 250/344/945
f 250/344/946 251/335/947 252/343/948
f 230/346/949 231/358/950 227/359/951 253/347/952
f 253/347/953 227/359/954 228/360/955 254/348/956
f 228/360/957 215/349/958 214/338/959 254/348/960
f 254/348/961 214/338/962 213/332/963 255/337/964
f 213/332/965 221/331/966 229/336/967 255/337/968
f 255/337/969 229/336/970 230/346/971 253/347/972
f 253/347/973 254/348/974 255/337/975
f 222/345/976 226/357/977 232/361/978 256/353/979
f 256/353/980 232/361/981 233/362/982 257/354/983
f 233/362/984 231/358/985 230/346/986 257/354/987
f 257/354/988 230/346/989 229/336/990 258/342/991
f 229/336/992 221/331/993 223/334/994 258/342/995
f 258/342/996 223/334/997 222/345/998 256/353/999
f 256/353/1000 257/354/1001 258/342/1002
f 238/316/1003 201/310/1004 200/303/1005 259/309/1006
f 259/309/1007 200/303/1008 199/299/1009 260/302/1010
f 199/299/1011 207/298/1012 234/301/1013 260/302/1014
f 260/302/1015 234/301/1016 235/307/1017 261/308/1018
f 235/307/1019 236/314/1020 237/315/1021 261/308/1022
f 261/308/1023 237/315/1024 238/316/1025 259/309/1026
f 259/309/1027 260/302/1028 261/308/1029
f 240/327/1030 210/329/1031 209/324/1032 262/328/1033
f 262/328/1034 209/324/1035 208/317/1036 263/323/1037
f 208/317/1038 201/310/1039 238/316/1040 263/323/1041
f 263/323/1042 238/316/1043 237/315/1044 264/322/1045
f 237/315/1046 236/314/1047 239/321/1048 264/322/1049
f 264/322/1050 239/321/1051 240/327/1052 262/328/1053
f 262/328/1054 263/323/1055 264/322/1056
g default
v -3.757839 2.421847 -8.282446
v -3.760471 2.422590 -8.287575
v -3.763070 2.423822 -8.292672
v -3.765622 2.425540 -8.297706
v -3.768123 2.427736 -8.302662
v -3.770547 2.430400 -8.307510
v -3.772899 2.433520 -8.312234
v -3.775158 2.437083 -8.316811
v -3.777321 2.441074 -8.321226
v -3.779374 2.445477 -8.325456
v -3.781319 2.450273 -8.329491
v -3.783137 2.455440 -8.333306
v -3.776751 2.455732 -8.336681
v -3.770406 2.456620 -8.340048
v -3.764062 2.458115 -8.343425
v -3.757695 2.460220 -8.346823
v -3.751287 2.462936 -8.350239
v -3.744855 2.466256 -8.353687
v -3.738404 2.470161 -8.357142
v -3.731985 2.474630 -8.360600
v -3.725624 2.479625 -8.364024
v -3.719393 2.485094 -8.367392
v -3.713354 2.490973 -8.370654
v -3.707605 2.497184 -8.373773
v -3.705753 2.490907 -8.369091
v -3.703953 2.484976 -8.364371
v -3.702174 2.479453 -8.359610
v -3.700406 2.474388 -8.354819
v -3.698618 2.469827 -8.349982
v -3.696780 2.465805 -8.345086
v -3.694874 2.462358 -8.340137
v -3.692864 2.459510 -8.335105
v -3.690734 2.457278 -8.329985
v -3.688447 2.455678 -8.324756
v -3.685973 2.454716 -8.319385
v -3.683291 2.454397 -8.313868
v -3.688089 2.449375 -8.311475
v -3.693173 2.444725 -8.308922
v -3.698533 2.440461 -8.306228
v -3.704149 2.436598 -8.303401
v -3.709984 2.433152 -8.300434
v -3.716045 2.430135 -8.297363
v -3.722279 2.427556 -8.294183
v -3.728679 2.425430 -8.290923
v -3.735193 2.423762 -8.287578
v -3.741814 2.422565 -8.284187
v -3.748486 2.421841 -8.280748
v -3.755185 2.421598 -8.277294
v -3.661713 2.583256 -8.388128
v -3.655429 2.583256 -8.386239
v -3.649388 2.583256 -8.383964
v -3.643624 2.583256 -8.381325
v -3.638163 2.583256 -8.378332
v -3.633025 2.583256 -8.374995
v -3.628227 2.583256 -8.371321
v -3.623796 2.583256 -8.367337
v -3.619741 2.583256 -8.363045
v -3.616099 2.583256 -8.358486
v -3.612864 2.583256 -8.353664
v -3.610063 2.583256 -8.348597
v -3.610255 2.575698 -8.348429
v -3.610903 2.568173 -8.348058
v -3.611992 2.560713 -8.347478
v -3.613523 2.553351 -8.346699
v -3.615488 2.546116 -8.345715
v -3.617873 2.539041 -8.344532
v -3.620675 2.532156 -8.343162
v -3.623878 2.525492 -8.341598
v -3.627470 2.519075 -8.339861
v -3.631440 2.512935 -8.337954
v -3.635761 2.507097 -8.335878
v -3.640424 2.501583 -8.333653
v -3.643127 2.501245 -8.338410
v -3.646350 2.500906 -8.342873
v -3.650121 2.500568 -8.347080
v -3.654456 2.500229 -8.351048
v -3.659365 2.499887 -8.354787
v -3.664842 2.499541 -8.358305
v -3.670868 2.499192 -8.361598
v -3.677402 2.498844 -8.364640
v -3.684396 2.498498 -8.367423
v -3.691777 2.498157 -8.369920
v -3.699454 2.497827 -8.372099
v -3.707312 2.497511 -8.373918
v -3.701580 2.504081 -8.376420
v -3.696138 2.510968 -8.378767
v -3.691070 2.518075 -8.380936
v -3.686435 2.525316 -8.382902
v -3.682276 2.532626 -8.384637
v -3.678621 2.539948 -8.386125
v -3.675508 2.547247 -8.387362
v -3.672946 2.554504 -8.388340
v -3.670935 2.561710 -8.389059
v -3.669479 2.568883 -8.389505
v -3.668580 2.576050 -8.389697
v -3.668218 2.583256 -8.389632
v -1.704639 2.583415 -4.530315
v -1.702736 2.583482 -4.524825
v -1.701293 2.583539 -4.519159
v -1.700320 2.583581 -4.513342
v -1.699818 2.583610 -4.507394
v -1.699805 2.583626 -4.501360
v -1.700258 2.583628 -4.495241
v -1.701190 2.583618 -4.489079
v -1.702589 2.583595 -4.482893
v -1.704461 2.583556 -4.476723
v -1.706782 2.583508 -4.470578
v -1.709549 2.583444 -4.464494
v -1.709884 2.575505 -4.464425
v -1.710738 2.567612 -4.464033
v -1.712106 2.559787 -4.463309
v -1.713994 2.552055 -4.462271
v -1.716374 2.544442 -4.460902
v -1.719255 2.536985 -4.459226
v -1.722605 2.529719 -4.457239
v -1.726420 2.522683 -4.454968
v -1.730672 2.515918 -4.452428
v -1.735320 2.509472 -4.449615
v -1.740337 2.503390 -4.446563
v -1.745758 2.497682 -4.443210
v -1.742315 2.498084 -4.450631
v -1.739248 2.498529 -4.457808
v -1.736544 2.499030 -4.464806
v -1.734254 2.499566 -4.471619
v -1.732431 2.500117 -4.478241
v -1.731119 2.500661 -4.484673
v -1.730357 2.501175 -4.490920
v -1.730179 2.501640 -4.496995
v -1.730629 2.502032 -4.502928
v -1.731721 2.502334 -4.508729
v -1.733485 2.502527 -4.514434
v -1.735938 2.502595 -4.520068
v -1.731437 2.507961 -4.522312
v -1.727281 2.513653 -4.524404
v -1.723476 2.519654 -4.526337
v -1.720041 2.525945 -4.528107
v -1.716984 2.532501 -4.529704
v -1.714315 2.539297 -4.531120
v -1.712046 2.546303 -4.532354
v -1.710186 2.553492 -4.533398
v -1.708747 2.560828 -4.534251
v -1.707730 2.568271 -4.534901
v -1.707149 2.575789 -4.535358
v -1.706997 2.583335 -4.535604
v -1.826132 2.450327 -4.411989
v -1.828122 2.445522 -4.416004
v -1.830208 2.441109 -4.420215
v -1.832393 2.437108 -4.424619
v -1.834666 2.433537 -4.429194
v -1.837015 2.430411 -4.433921
v -1.839424 2.427742 -4.438772
v -1.841893 2.425542 -4.443735
v -1.844412 2.423822 -4.448791
v -1.846958 2.422588 -4.453905
v -1.849527 2.421845 -4.459061
v -1.852112 2.421598 -4.464246
v -1.845350 2.421847 -4.467631
v -1.838613 2.422590 -4.470993
v -1.831923 2.423822 -4.474312
v -1.825320 2.425540 -4.477581
v -1.818835 2.427736 -4.480793
v -1.812482 2.430400 -4.483914
v -1.806294 2.433518 -4.486945
v -1.800302 2.437083 -4.489868
v -1.794527 2.441074 -4.492673
v -1.788994 2.445477 -4.495348
v -1.783729 2.450273 -4.497880
v -1.778752 2.455440 -4.500259
v -1.775915 2.455767 -4.494771
v -1.773054 2.456740 -4.489590
v -1.770189 2.458353 -4.484668
v -1.767317 2.460593 -4.479941
v -1.764452 2.463443 -4.475356
v -1.761599 2.466878 -4.470855
v -1.758783 2.470869 -4.466394
v -1.756010 2.475379 -4.461923
v -1.753308 2.480360 -4.457409
v -1.750697 2.485765 -4.452809
v -1.748185 2.491534 -4.448086
v -1.752111 2.491499 -4.440173
v -1.758410 2.485711 -4.437261
v -1.764697 2.480300 -4.434455
v -1.770989 2.475321 -4.431729
v -1.777291 2.470823 -4.429046
v -1.783637 2.466849 -4.426375
v -1.790041 2.463433 -4.423672
v -1.796543 2.460605 -4.420899
v -1.803177 2.458384 -4.418012
v -1.809977 2.456788 -4.414962
v -1.816991 2.455827 -4.411712
v -1.824260 2.455506 -4.408204
v -3.803540 2.583260 -8.391354
v -3.796527 2.583258 -8.394160
v -3.789418 2.583258 -8.396610
v -3.782225 2.583258 -8.398674
v -3.774991 2.583258 -8.400363
v -3.767748 2.583258 -8.401660
v -3.760518 2.583256 -8.402563
v -3.753333 2.583256 -8.403055
v -3.746230 2.583256 -8.403153
v -3.739234 2.583256 -8.402846
v -3.732376 2.583256 -8.402135
v -3.725684 2.583256 -8.401026
v -3.725335 2.575917 -8.400907
v -3.724770 2.568624 -8.400387
v -3.723983 2.561338 -8.399459
v -3.722977 2.554045 -8.398123
v -3.721758 2.546733 -8.396392
v -3.720314 2.539413 -8.394249
v -3.718654 2.532106 -8.391713
v -3.716803 2.524850 -8.388806
v -3.714761 2.517692 -8.385548
v -3.712547 2.510699 -8.381964
v -3.710192 2.503945 -8.378098
v -3.707723 2.497519 -8.374002
v -3.715607 2.498047 -8.375523
v -3.723424 2.498608 -8.376768
v -3.731172 2.499185 -8.377697
v -3.738831 2.499765 -8.378265
v -3.746407 2.500330 -8.378445
v -3.753905 2.500864 -8.378202
v -3.761326 2.501353 -8.377501
v -3.768687 2.501781 -8.376316
v -3.776007 2.502137 -8.374621
v -3.783315 2.502404 -8.372408
v -3.790620 2.502572 -8.369638
v -3.797956 2.502630 -8.366300
v -3.799710 2.507996 -8.369730
v -3.801347 2.513688 -8.372900
v -3.802865 2.519686 -8.375789
v -3.804259 2.525972 -8.378403
v -3.805525 2.532520 -8.380723
v -3.806652 2.539308 -8.382740
v -3.807648 2.546305 -8.384456
v -3.808499 2.553480 -8.385853
v -3.809204 2.560800 -8.386929
v -3.809760 2.568231 -8.387680
v -3.810161 2.575731 -8.388100
v -3.810407 2.583260 -8.388188
v -7.418133 2.421847 -6.478225
v -7.424870 2.422590 -6.474864
v -7.431553 2.423822 -6.471541
v -7.438155 2.425540 -6.468273
v -7.444643 2.427736 -6.465068
v -7.450991 2.430400 -6.461941
v -7.457177 2.433520 -6.458912
v -7.463166 2.437083 -6.455982
v -7.468939 2.441074 -6.453178
v -7.474472 2.445477 -6.450503
v -7.479736 2.450273 -6.447972
v -7.484708 2.455440 -6.445587
v -7.487552 2.455767 -6.451080
v -7.490402 2.456740 -6.456249
v -7.493278 2.458353 -6.461183
v -7.496150 2.460595 -6.465909
v -7.499023 2.463445 -6.470498
v -7.501871 2.466882 -6.474993
v -7.504689 2.470873 -6.479453
v -7.507461 2.475381 -6.483923
v -7.510167 2.480364 -6.488445
v -7.512778 2.485767 -6.493044
v -7.515283 2.491536 -6.497763
v -7.517705 2.497685 -6.502633
v -7.511230 2.491431 -6.505688
v -7.504884 2.485548 -6.508560
v -7.498605 2.480023 -6.511274
v -7.492386 2.474922 -6.513880
v -7.486187 2.470299 -6.516402
v -7.479984 2.466201 -6.518898
v -7.473740 2.462673 -6.521421
v -7.467406 2.459746 -6.524017
v -7.460939 2.457444 -6.526748
v -7.454284 2.455788 -6.529663
v -7.447375 2.454790 -6.532815
v -7.440179 2.454457 -6.536277
v -7.438321 2.449427 -6.532615
v -7.436341 2.444769 -6.528740
v -7.434234 2.440498 -6.524654
v -7.432018 2.436629 -6.520385
v -7.429695 2.433176 -6.515940
v -7.427274 2.430152 -6.511333
v -7.424771 2.427569 -6.506592
v -7.422193 2.425438 -6.501739
v -7.419547 2.423768 -6.496781
v -7.416856 2.422567 -6.491760
v -7.414119 2.421841 -6.486686
v -7.411374 2.421598 -6.481609
v -7.525132 2.583575 -6.539228
v -7.521515 2.583589 -6.545110
v -7.517492 2.583602 -6.550851
v -7.513083 2.583614 -6.556433
v -7.508300 2.583624 -6.561825
v -7.503169 2.583633 -6.567011
v -7.497716 2.583643 -6.571969
v -7.491963 2.583649 -6.576677
v -7.485928 2.583655 -6.581109
v -7.479640 2.583660 -6.585248
v -7.473133 2.583662 -6.589083
v -7.466426 2.583664 -6.592587
v -7.466263 2.576100 -6.592453
v -7.465948 2.568567 -6.591974
v -7.465485 2.561100 -6.591158
v -7.464862 2.553730 -6.589994
v -7.464093 2.546489 -6.588500
v -7.463184 2.539407 -6.586682
v -7.462133 2.532516 -6.584542
v -7.460941 2.525844 -6.582089
v -7.459623 2.519421 -6.579341
v -7.458171 2.513272 -6.576296
v -7.456607 2.507424 -6.572984
v -7.454924 2.501903 -6.569402
v -7.461307 2.501620 -6.566021
v -7.467450 2.501328 -6.562239
v -7.473392 2.501020 -6.558041
v -7.479153 2.500701 -6.553400
v -7.484754 2.500365 -6.548325
v -7.490174 2.500015 -6.542806
v -7.495419 2.499649 -6.536879
v -7.500454 2.499274 -6.530567
v -7.505242 2.498891 -6.523923
v -7.509748 2.498502 -6.517013
v -7.513915 2.498111 -6.509923
v -7.519035 2.503195 -6.507410
v -7.520324 2.509101 -6.511760
v -7.521549 2.515409 -6.515778
v -7.522690 2.522078 -6.519420
v -7.523748 2.529067 -6.522674
v -7.524714 2.536335 -6.525517
v -7.525582 2.543839 -6.527933
v -7.526353 2.551542 -6.529911
v -7.527011 2.559404 -6.531433
v -7.527560 2.567385 -6.532498
v -7.528002 2.575450 -6.533101
v -7.528330 2.583560 -6.533240
v -3.810170 2.724633 -8.388092
v -3.809908 2.732159 -8.387585
v -3.809485 2.739618 -8.386742
v -3.808891 2.746981 -8.385561
v -3.808139 2.754216 -8.384052
v -3.807229 2.761292 -8.382225
v -3.806162 2.768177 -8.380078
v -3.804944 2.774843 -8.377628
v -3.803586 2.781260 -8.374886
v -3.802085 2.787402 -8.371854
v -3.800445 2.793240 -8.368550
v -3.798692 2.798752 -8.365002
v -3.792116 2.799044 -8.367971
v -3.785387 2.799340 -8.370523
v -3.778442 2.799644 -8.372651
v -3.771264 2.799957 -8.374383
v -3.763825 2.800278 -8.375703
v -3.756154 2.800607 -8.376637
v -3.748256 2.800946 -8.377169
v -3.740178 2.801288 -8.377308
v -3.731982 2.801634 -8.377059
v -3.723749 2.801982 -8.376424
v -3.715565 2.802325 -8.375404
v -3.707563 2.802659 -8.374023
v -3.709927 2.795697 -8.378197
v -3.712300 2.788849 -8.382099
v -3.714642 2.782092 -8.385701
v -3.716886 2.775397 -8.388961
v -3.718995 2.768730 -8.391861
v -3.720931 2.762045 -8.394393
v -3.722651 2.755291 -8.396534
v -3.724108 2.748418 -8.398276
v -3.725282 2.741361 -8.399625
v -3.726129 2.734056 -8.400570
v -3.726637 2.726442 -8.401133
v -3.726763 2.718447 -8.401302
v -3.733280 2.718418 -8.402382
v -3.739963 2.718373 -8.403066
v -3.746792 2.718311 -8.403349
v -3.753741 2.718234 -8.403225
v -3.760792 2.718141 -8.402710
v -3.767901 2.718031 -8.401782
v -3.775059 2.717905 -8.400469
v -3.782219 2.717766 -8.398764
v -3.789350 2.717613 -8.396673
v -3.796434 2.717445 -8.394225
v -3.803411 2.717267 -8.391411
v -3.810261 2.717075 -8.388261
v -3.635789 2.792915 -8.335936
v -3.631485 2.787069 -8.338050
v -3.627527 2.780923 -8.339988
v -3.623944 2.774503 -8.341748
v -3.620743 2.767835 -8.343320
v -3.617940 2.760946 -8.344692
v -3.615556 2.753869 -8.345874
v -3.613581 2.746634 -8.346835
v -3.612040 2.739272 -8.347592
v -3.610935 2.731812 -8.348134
v -3.610267 2.724287 -8.348459
v -3.610051 2.716731 -8.348576
v -3.612858 2.716661 -8.353649
v -3.616104 2.716609 -8.358492
v -3.619758 2.716570 -8.363072
v -3.623810 2.716545 -8.367367
v -3.628246 2.716537 -8.371367
v -3.633040 2.716543 -8.375045
v -3.638170 2.716565 -8.378389
v -3.643632 2.716599 -8.381393
v -3.649377 2.716650 -8.384026
v -3.655409 2.716715 -8.386299
v -3.661681 2.716795 -8.388190
v -3.668178 2.716888 -8.389691
v -3.668485 2.724962 -8.389606
v -3.669409 2.732712 -8.389327
v -3.670935 2.740191 -8.388848
v -3.673049 2.747451 -8.388150
v -3.675732 2.754541 -8.387228
v -3.678960 2.761509 -8.386074
v -3.682687 2.768396 -8.384667
v -3.686879 2.775236 -8.383018
v -3.691497 2.782061 -8.381120
v -3.696489 2.788896 -8.378979
v -3.701782 2.795757 -8.376591
v -3.707339 2.802659 -8.373978
v -3.699508 2.802273 -8.372239
v -3.691856 2.801880 -8.370121
v -3.684500 2.801489 -8.367674
v -3.677533 2.801102 -8.364930
v -3.671004 2.800723 -8.361894
v -3.664985 2.800354 -8.358606
v -3.659503 2.800000 -8.355071
v -3.654570 2.799659 -8.351290
v -3.650214 2.799332 -8.347279
v -3.646416 2.799021 -8.343012
v -3.643157 2.798723 -8.338477
v -3.640424 2.798435 -8.333653
v -7.558853 2.583337 -6.415586
v -7.560758 2.583341 -6.421074
v -7.562197 2.583347 -6.426733
v -7.563170 2.583353 -6.432550
v -7.563668 2.583361 -6.438492
v -7.563686 2.583370 -6.444531
v -7.563232 2.583380 -6.450651
v -7.562296 2.583390 -6.456807
v -7.560895 2.583403 -6.462994
v -7.559032 2.583417 -6.469177
v -7.556710 2.583430 -6.475323
v -7.553941 2.583444 -6.481409
v -7.553501 2.575284 -6.481459
v -7.552563 2.567175 -6.481845
v -7.551126 2.559156 -6.482559
v -7.549188 2.551269 -6.483591
v -7.546775 2.543554 -6.484948
v -7.543892 2.536054 -6.486617
v -7.540549 2.528810 -6.488585
v -7.536776 2.521855 -6.490849
v -7.532589 2.515233 -6.493392
v -7.528012 2.508983 -6.496203
v -7.523064 2.503135 -6.499254
v -7.521241 2.498175 -6.495316
v -7.524362 2.498676 -6.488216
v -7.527096 2.499206 -6.481264
v -7.529389 2.499753 -6.474469
v -7.531209 2.500295 -6.467850
v -7.532494 2.500817 -6.461390
v -7.533232 2.501301 -6.455112
v -7.533368 2.501730 -6.448982
v -7.532886 2.502090 -6.443004
v -7.531769 2.502363 -6.437163
v -7.529983 2.502535 -6.431425
v -7.527527 2.502595 -6.425783
v -7.532028 2.507961 -6.423540
v -7.536185 2.513655 -6.421448
v -7.539988 2.519656 -6.419515
v -7.543423 2.525947 -6.417746
v -7.546485 2.532503 -6.416155
v -7.549153 2.539298 -6.414739
v -7.551426 2.546307 -6.413512
v -7.553290 2.553496 -6.412476
v -7.554733 2.560829 -6.411630
v -7.555748 2.568273 -6.410981
v -7.556332 2.575789 -6.410533
v -7.556492 2.583335 -6.410299
v -5.505624 2.421847 -2.663408
v -5.502993 2.422590 -2.658278
v -5.500394 2.423822 -2.653181
v -5.497842 2.425540 -2.648147
v -5.495348 2.427736 -2.643195
v -5.492917 2.430400 -2.638343
v -5.490572 2.433520 -2.633623
v -5.488307 2.437083 -2.629041
v -5.486144 2.441074 -2.624627
v -5.484085 2.445477 -2.620391
v -5.482145 2.450273 -2.616362
v -5.480327 2.455440 -2.612546
v -5.486623 2.455732 -2.609172
v -5.492887 2.456620 -2.605816
v -5.499159 2.458111 -2.602453
v -5.505473 2.460214 -2.599072
v -5.511842 2.462928 -2.595662
v -5.518257 2.466248 -2.592219
v -5.524710 2.470157 -2.588761
v -5.531166 2.474630 -2.585301
v -5.537577 2.479629 -2.581862
v -5.543884 2.485101 -2.578487
v -5.550009 2.490980 -2.575209
v -5.555861 2.497184 -2.572079
v -5.557633 2.490891 -2.576708
v -5.559393 2.484954 -2.581402
v -5.561136 2.479428 -2.586132
v -5.562897 2.474365 -2.590920
v -5.564698 2.469805 -2.595766
v -5.566546 2.465789 -2.600663
v -5.568477 2.462346 -2.605631
v -5.570513 2.459502 -2.610681
v -5.572676 2.457274 -2.615824
v -5.574992 2.455676 -2.621078
v -5.577486 2.454716 -2.626463
v -5.580179 2.454397 -2.631989
v -5.575375 2.449375 -2.634378
v -5.570292 2.444725 -2.636930
v -5.564932 2.440461 -2.639624
v -5.559321 2.436598 -2.642457
v -5.553474 2.433152 -2.645414
v -5.547416 2.430135 -2.648482
v -5.541180 2.427556 -2.651663
v -5.534785 2.425430 -2.654929
v -5.528271 2.423762 -2.658274
v -5.521651 2.422565 -2.661665
v -5.514979 2.421841 -2.665104
v -5.508280 2.421598 -2.668558
v -5.562068 2.503949 -2.569505
v -5.567658 2.510432 -2.567263
v -5.572873 2.516974 -2.565212
v -5.577670 2.523588 -2.563370
v -5.581994 2.530293 -2.561735
v -5.585809 2.537107 -2.560320
v -5.589081 2.544052 -2.559125
v -5.591787 2.551159 -2.558160
v -5.593893 2.558456 -2.557406
v -5.595382 2.565975 -2.556866
v -5.596253 2.573746 -2.556542
v -5.596488 2.581805 -2.556418
v -5.602815 2.581846 -2.557877
v -5.608912 2.581902 -2.559718
v -5.614775 2.581974 -2.561947
v -5.620374 2.582061 -2.564548
v -5.625694 2.582163 -2.567515
v -5.630713 2.582279 -2.570835
v -5.635406 2.582411 -2.574491
v -5.639762 2.582556 -2.578471
v -5.643756 2.582714 -2.582755
v -5.647369 2.582883 -2.587321
v -5.650580 2.583065 -2.592144
v -5.653379 2.583256 -2.597203
v -5.653184 2.575698 -2.597374
v -5.652540 2.568173 -2.597751
v -5.651459 2.560713 -2.598344
v -5.649931 2.553349 -2.599132
v -5.647971 2.546116 -2.600121
v -5.645584 2.539039 -2.601306
v -5.642786 2.532156 -2.602684
v -5.639584 2.525492 -2.604247
v -5.635990 2.519075 -2.605985
v -5.632026 2.512935 -2.607898
v -5.627699 2.507095 -2.609969
v -5.623040 2.501583 -2.612200
v -5.620278 2.501345 -2.607318
v -5.616998 2.501090 -2.602739
v -5.613170 2.500813 -2.598427
v -5.608788 2.500516 -2.594376
v -5.603850 2.500198 -2.590579
v -5.598364 2.499860 -2.587037
v -5.592344 2.499500 -2.583749
v -5.585840 2.499125 -2.580743
v -5.578899 2.498736 -2.578038
v -5.571583 2.498333 -2.575650
v -5.563971 2.497927 -2.573601
v -5.556166 2.497519 -2.571931
v -7.556291 2.724293 -6.410444
v -7.555623 2.731818 -6.410769
v -7.554518 2.739279 -6.411312
v -7.552977 2.746642 -6.412070
v -7.551006 2.753877 -6.413037
v -7.548616 2.760956 -6.414214
v -7.545813 2.767842 -6.415586
v -7.542614 2.774511 -6.417157
v -7.539030 2.780931 -6.418917
v -7.535073 2.787077 -6.420855
v -7.530768 2.792921 -6.422969
v -7.526132 2.798440 -6.425253
v -7.528301 2.798723 -6.430253
v -7.529934 2.799013 -6.435509
v -7.531016 2.799313 -6.441034
v -7.531565 2.799626 -6.446865
v -7.531585 2.799951 -6.453020
v -7.531088 2.800286 -6.459496
v -7.530066 2.800634 -6.466261
v -7.528539 2.800992 -6.473283
v -7.526528 2.801356 -6.480514
v -7.524043 2.801723 -6.487868
v -7.521125 2.802087 -6.495265
v -7.517798 2.802454 -6.502611
v -7.523319 2.795960 -6.499418
v -7.528495 2.789439 -6.496378
v -7.533291 2.782873 -6.493511
v -7.537665 2.776250 -6.490846
v -7.541591 2.769549 -6.488430
v -7.545035 2.762747 -6.486282
v -7.547971 2.755821 -6.484427
v -7.550379 2.748739 -6.482884
v -7.552253 2.741469 -6.481679
v -7.553586 2.733979 -6.480830
v -7.554365 2.726229 -6.480338
v -7.554600 2.718186 -6.480224
v -7.557282 2.718147 -6.474315
v -7.559521 2.718095 -6.468353
v -7.561305 2.718023 -6.462348
v -7.562632 2.717938 -6.456325
v -7.563493 2.717835 -6.450303
v -7.563880 2.717719 -6.444298
v -7.563806 2.717588 -6.438353
v -7.563265 2.717443 -6.432483
v -7.562253 2.717284 -6.426713
v -7.560786 2.717112 -6.421080
v -7.558866 2.716930 -6.415606
v -7.556506 2.716737 -6.410328
v -7.514099 2.801992 -6.509889
v -7.510008 2.801530 -6.517067
v -7.505583 2.801064 -6.524050
v -7.500886 2.800605 -6.530756
v -7.495977 2.800154 -6.537121
v -7.490868 2.799715 -6.543069
v -7.485608 2.799292 -6.548587
v -7.480186 2.798885 -6.553633
v -7.474620 2.798496 -6.558220
v -7.468882 2.798123 -6.562344
v -7.462951 2.797763 -6.566034
v -7.456776 2.797413 -6.569318
v -7.458455 2.792051 -6.572775
v -7.459998 2.786363 -6.575991
v -7.461388 2.780366 -6.578946
v -7.462632 2.774081 -6.581637
v -7.463712 2.767529 -6.584045
v -7.464634 2.760739 -6.586168
v -7.465394 2.753736 -6.587998
v -7.465987 2.746555 -6.589528
v -7.466407 2.739225 -6.590743
v -7.466654 2.731787 -6.591645
v -7.466732 2.724277 -6.592228
v -7.466633 2.716737 -6.592489
v -7.473322 2.716655 -6.588982
v -7.479821 2.716588 -6.585153
v -7.486097 2.716536 -6.581015
v -7.492120 2.716495 -6.576584
v -7.497874 2.716472 -6.571886
v -7.503313 2.716460 -6.566919
v -7.508436 2.716464 -6.561730
v -7.513214 2.716483 -6.556332
v -7.517623 2.716516 -6.550749
v -7.521644 2.716565 -6.545000
v -7.525263 2.716626 -6.539117
v -7.528460 2.716702 -6.533119
v -7.528602 2.723995 -6.532797
v -7.528546 2.731247 -6.532055
v -7.528302 2.738496 -6.530898
v -7.527859 2.745764 -6.529312
v -7.527224 2.753059 -6.527303
v -7.526389 2.760375 -6.524868
v -7.525372 2.767690 -6.522030
v -7.524166 2.774965 -6.518796
v -7.522793 2.782150 -6.515202
v -7.521261 2.789180 -6.511279
v -7.519591 2.795976 -6.507072
v -3.781164 2.849805 -8.329594
v -3.779170 2.854593 -8.325572
v -3.777081 2.858990 -8.321354
v -3.774892 2.862975 -8.316943
v -3.772620 2.866533 -8.312366
v -3.770272 2.869645 -8.307639
v -3.767857 2.872303 -8.302783
v -3.765389 2.874495 -8.297818
v -3.762876 2.876207 -8.292768
v -3.760329 2.877438 -8.287654
v -3.757756 2.878177 -8.282491
v -3.755178 2.878424 -8.277312
v -3.748394 2.878177 -8.280644
v -3.741641 2.877436 -8.283957
v -3.734942 2.876203 -8.287242
v -3.728332 2.874486 -8.290485
v -3.721846 2.872292 -8.293678
v -3.715489 2.869628 -8.296792
v -3.709308 2.866508 -8.299827
v -3.703327 2.862942 -8.302771
v -3.697564 2.858950 -8.305597
v -3.692044 2.854547 -8.308302
v -3.686799 2.849749 -8.310879
v -3.681844 2.844580 -8.313312
v -3.684533 2.844269 -8.318632
v -3.687143 2.843352 -8.323951
v -3.689669 2.841825 -8.329263
v -3.692114 2.839694 -8.334566
v -3.694473 2.836966 -8.339845
v -3.696727 2.833650 -8.345072
v -3.698865 2.829768 -8.350227
v -3.700888 2.825342 -8.355289
v -3.702780 2.820399 -8.360219
v -3.704521 2.814978 -8.364984
v -3.706109 2.809127 -8.369553
v -3.707519 2.802892 -8.373874
v -3.712576 2.809136 -8.370828
v -3.717999 2.815000 -8.367652
v -3.723734 2.820430 -8.364367
v -3.729730 2.825382 -8.360996
v -3.735947 2.829818 -8.357568
v -3.742349 2.833708 -8.354106
v -3.748894 2.837028 -8.350626
v -3.755559 2.839759 -8.347140
v -3.762320 2.841893 -8.343672
v -3.769158 2.843419 -8.340215
v -3.776067 2.844336 -8.336789
v -3.783039 2.844646 -8.333387
v -1.849527 2.878175 -4.459061
v -1.846957 2.877434 -4.453906
v -1.844411 2.876200 -4.448791
v -1.841893 2.874478 -4.443735
v -1.839424 2.872278 -4.438772
v -1.837015 2.869609 -4.433921
v -1.834665 2.866483 -4.429195
v -1.832393 2.862911 -4.424619
v -1.830208 2.858911 -4.420215
v -1.828122 2.854498 -4.416004
v -1.826132 2.849693 -4.411989
v -1.824260 2.844514 -4.408204
v -1.817684 2.844220 -4.411183
v -1.811142 2.843323 -4.414142
v -1.804593 2.841818 -4.417096
v -1.798011 2.839694 -4.420061
v -1.791383 2.836954 -4.423036
v -1.784716 2.833606 -4.426027
v -1.778030 2.829665 -4.429025
v -1.771351 2.825156 -4.432005
v -1.764731 2.820118 -4.434952
v -1.758240 2.814605 -4.437842
v -1.751946 2.808678 -4.440633
v -1.745943 2.802418 -4.443292
v -1.748528 2.808685 -4.447851
v -1.751194 2.814626 -4.452315
v -1.753918 2.820180 -4.456704
v -1.756690 2.825285 -4.461048
v -1.759490 2.829893 -4.465376
v -1.762309 2.833964 -4.469729
v -1.765143 2.837457 -4.474152
v -1.767976 2.840349 -4.478683
v -1.770804 2.842617 -4.483365
v -1.773630 2.844244 -4.488262
v -1.776446 2.845222 -4.493410
v -1.779256 2.845547 -4.498871
v -1.784072 2.850581 -4.496525
v -1.789188 2.855241 -4.494047
v -1.794591 2.859514 -4.491450
v -1.800259 2.863385 -4.488734
v -1.806168 2.866838 -4.485910
v -1.812295 2.869864 -4.482988
v -1.818622 2.872449 -4.479986
v -1.825114 2.874580 -4.476916
v -1.831744 2.876252 -4.473791
v -1.838475 2.877453 -4.470625
v -1.845281 2.878179 -4.467441
v -1.852112 2.878424 -4.464246
v -1.706782 2.716336 -4.470716
v -1.704468 2.716336 -4.476854
v -1.702606 2.716336 -4.483025
v -1.701208 2.716336 -4.489199
v -1.700287 2.716336 -4.495362
v -1.699837 2.716336 -4.501478
v -1.699859 2.716336 -4.507513
v -1.700369 2.716336 -4.513466
v -1.701345 2.716338 -4.519280
v -1.702787 2.716338 -4.524946
v -1.704697 2.716338 -4.530441
v -1.707066 2.716338 -4.535741
v -1.707312 2.723906 -4.535681
v -1.708006 2.731439 -4.535406
v -1.709124 2.738908 -4.534893
v -1.710678 2.746280 -4.534166
v -1.712648 2.753523 -4.533211
v -1.715039 2.760607 -4.532043
v -1.717825 2.767500 -4.530655
v -1.721008 2.774172 -4.529067
v -1.724566 2.780597 -4.527278
v -1.728489 2.786746 -4.525299
v -1.732758 2.792594 -4.523133
v -1.737359 2.798117 -4.520797
v -1.734875 2.798185 -4.515117
v -1.733067 2.798375 -4.509369
v -1.731912 2.798669 -4.503521
v -1.731380 2.799044 -4.497536
v -1.731452 2.799477 -4.491403
v -1.732095 2.799947 -4.485096
v -1.733276 2.800429 -4.478606
v -1.734949 2.800897 -4.471924
v -1.737082 2.801329 -4.465056
v -1.739620 2.801700 -4.458000
v -1.742521 2.801988 -4.450778
v -1.745717 2.802170 -4.443396
v -1.740256 2.795599 -4.446406
v -1.735099 2.788708 -4.449271
v -1.730302 2.781599 -4.451948
v -1.725930 2.774352 -4.454409
v -1.722033 2.767038 -4.456641
v -1.718635 2.759708 -4.458608
v -1.715769 2.752399 -4.460313
v -1.713435 2.745135 -4.461734
v -1.711656 2.737918 -4.462882
v -1.710413 2.730733 -4.463743
v -1.709710 2.723554 -4.464323
v -1.709549 2.716336 -4.464642
v -7.479754 2.849749 -6.448020
v -7.474508 2.854547 -6.450596
v -7.468993 2.858950 -6.453308
v -7.463232 2.862942 -6.456142
v -7.457246 2.866508 -6.459081
v -7.451058 2.869628 -6.462111
v -7.444706 2.872292 -6.465231
v -7.438217 2.874486 -6.468426
v -7.431606 2.876203 -6.471671
v -7.424912 2.877436 -6.474962
v -7.418157 2.878177 -6.478278
v -7.411374 2.878424 -6.481609
v -7.413891 2.878175 -6.486824
v -7.416412 2.877432 -6.492014
v -7.418922 2.876198 -6.497152
v -7.421409 2.874480 -6.502215
v -7.423863 2.872284 -6.507182
v -7.426285 2.869622 -6.512042
v -7.428645 2.866502 -6.516759
v -7.430946 2.862939 -6.521319
v -7.433167 2.858946 -6.525700
v -7.435322 2.854543 -6.529899
v -7.437371 2.849747 -6.533870
v -7.439329 2.844580 -6.537618
v -7.445910 2.844284 -6.534686
v -7.452453 2.843387 -6.531769
v -7.459007 2.841880 -6.528852
v -7.465592 2.839757 -6.525916
v -7.472219 2.837018 -6.522953
v -7.478895 2.833670 -6.519975
v -7.485597 2.829727 -6.516983
v -7.492293 2.825216 -6.513998
v -7.498929 2.820178 -6.511036
v -7.505443 2.814661 -6.508124
v -7.511759 2.808734 -6.505302
v -7.515206 2.808732 -6.498204
v -7.512498 2.814661 -6.493580
v -7.509718 2.820182 -6.488820
v -7.506893 2.825227 -6.483976
v -7.504057 2.829743 -6.479100
v -7.501228 2.833687 -6.474228
v -7.498422 2.837036 -6.469387
v -7.495639 2.839773 -6.464578
v -7.492888 2.841893 -6.459813
v -7.490160 2.843396 -6.455079
v -7.487441 2.844288 -6.450347
v -7.484708 2.844580 -6.445587
v -5.650500 2.717124 -2.591986
v -5.647263 2.717126 -2.587156
v -5.643615 2.717126 -2.582591
v -5.639565 2.717126 -2.578305
v -5.635129 2.717126 -2.574315
v -5.630330 2.717126 -2.570642
v -5.625193 2.717127 -2.567304
v -5.619727 2.717127 -2.564305
v -5.613969 2.717127 -2.561672
v -5.607932 2.717127 -2.559405
v -5.601652 2.717127 -2.557521
v -5.595145 2.717127 -2.556019
v -5.593319 2.724345 -2.555445
v -5.591234 2.731536 -2.555229
v -5.588870 2.738726 -2.555357
v -5.586232 2.745936 -2.555846
v -5.583313 2.753169 -2.556681
v -5.580118 2.760422 -2.557868
v -5.576649 2.767682 -2.559393
v -5.572929 2.774921 -2.561259
v -5.568980 2.782105 -2.563454
v -5.564818 2.789190 -2.565953
v -5.560475 2.796113 -2.568736
v -5.555976 2.802830 -2.571802
v -5.563259 2.803507 -2.573861
v -5.570375 2.803752 -2.575950
v -5.577308 2.803621 -2.578124
v -5.584007 2.803182 -2.580441
v -5.590419 2.802511 -2.582952
v -5.596496 2.801683 -2.585721
v -5.602188 2.800773 -2.588796
v -5.607451 2.799860 -2.592237
v -5.612239 2.799021 -2.596090
v -5.616505 2.798330 -2.600397
v -5.620217 2.797864 -2.605209
v -5.623336 2.797694 -2.610561
v -5.627859 2.792341 -2.608360
v -5.632055 2.786661 -2.606338
v -5.635908 2.780672 -2.604497
v -5.639406 2.774394 -2.602848
v -5.642533 2.767850 -2.601386
v -5.645282 2.761068 -2.600129
v -5.647651 2.754074 -2.599087
v -5.649611 2.746901 -2.598246
v -5.651165 2.739583 -2.597624
v -5.652305 2.732155 -2.597219
v -5.653015 2.724655 -2.597023
v -5.653307 2.717124 -2.597059
v -5.553235 2.808966 -2.574638
v -5.549784 2.814638 -2.577606
v -5.545614 2.819904 -2.580725
v -5.540740 2.824750 -2.583992
v -5.535185 2.829156 -2.587396
v -5.528980 2.833103 -2.590908
v -5.522186 2.836565 -2.594514
v -5.514863 2.839518 -2.598178
v -5.507092 2.841930 -2.601858
v -5.498963 2.843779 -2.605511
v -5.490589 2.845037 -2.609086
v -5.482095 2.845683 -2.612529
v -5.483883 2.850699 -2.616235
v -5.485767 2.855342 -2.620168
v -5.487744 2.859598 -2.624321
v -5.489809 2.863453 -2.628679
v -5.491953 2.866893 -2.633226
v -5.494160 2.869905 -2.637938
v -5.496430 2.872478 -2.642801
v -5.498742 2.874600 -2.647784
v -5.501101 2.876263 -2.652882
v -5.503489 2.877459 -2.658059
v -5.505889 2.878180 -2.663289
v -5.508288 2.878424 -2.668540
v -5.515105 2.878175 -2.665262
v -5.521880 2.877434 -2.661980
v -5.528596 2.876201 -2.658722
v -5.535215 2.874488 -2.655491
v -5.541720 2.872296 -2.652313
v -5.548073 2.869638 -2.649191
v -5.554254 2.866525 -2.646146
v -5.560226 2.862968 -2.643178
v -5.565973 2.858984 -2.640315
v -5.571468 2.854589 -2.637559
v -5.576689 2.849803 -2.634931
v -5.581612 2.844646 -2.632433
v -5.579374 2.844358 -2.627348
v -5.577165 2.843472 -2.622290
v -5.574964 2.841978 -2.617215
v -5.572766 2.839873 -2.612115
v -5.570575 2.837157 -2.606987
v -5.568385 2.833838 -2.601826
v -5.566203 2.829930 -2.596648
v -5.564042 2.825461 -2.591483
v -5.561917 2.820467 -2.586368
v -5.559848 2.814996 -2.581348
v -5.557861 2.809113 -2.576485
v -1.806788 2.792598 -4.372902
v -1.805162 2.786748 -4.369616
v -1.803671 2.780597 -4.366596
v -1.802318 2.774172 -4.363859
v -1.801113 2.767502 -4.361418
v -1.800054 2.760613 -4.359276
v -1.799153 2.753535 -4.357450
v -1.798409 2.746298 -4.355944
v -1.797830 2.738933 -4.354770
v -1.797413 2.731474 -4.353922
v -1.797163 2.723949 -4.353415
v -1.797078 2.716392 -4.353240
v -1.790388 2.716387 -4.356738
v -1.783899 2.716381 -4.360567
v -1.777628 2.716377 -4.364701
v -1.771607 2.716371 -4.369130
v -1.765862 2.716365 -4.373831
v -1.760414 2.716361 -4.378784
v -1.755298 2.716358 -4.383978
v -1.750519 2.716352 -4.389376
v -1.746107 2.716348 -4.394962
v -1.742089 2.716344 -4.400719
v -1.738469 2.716340 -4.406604
v -1.735267 2.716336 -4.412605
v -1.735323 2.724028 -4.412881
v -1.735537 2.731673 -4.413591
v -1.735911 2.739272 -4.414734
v -1.736442 2.746818 -4.416311
v -1.737129 2.754303 -4.418315
v -1.737972 2.761702 -4.420743
v -1.738961 2.768986 -4.423575
v -1.740090 2.776116 -4.426795
v -1.741360 2.783053 -4.430390
v -1.742754 2.789741 -4.434325
v -1.744262 2.796125 -4.438567
v -1.745868 2.802143 -4.443076
v -1.749171 2.801559 -4.436092
v -1.752936 2.801007 -4.429206
v -1.757118 2.800493 -4.422482
v -1.761674 2.800023 -4.415980
v -1.766571 2.799599 -4.409753
v -1.771781 2.799226 -4.403849
v -1.777280 2.798905 -4.398299
v -1.783042 2.798638 -4.393127
v -1.789051 2.798425 -4.388349
v -1.795306 2.798268 -4.383977
v -1.801803 2.798168 -4.380014
v -1.808537 2.798123 -4.376443
v -1.797163 2.576077 -4.353415
v -1.797413 2.568552 -4.353922
v -1.797830 2.561093 -4.354770
v -1.798409 2.553728 -4.355944
v -1.799153 2.546491 -4.357450
v -1.800054 2.539415 -4.359276
v -1.801113 2.532524 -4.361418
v -1.802318 2.525854 -4.363859
v -1.803671 2.519429 -4.366596
v -1.805162 2.513277 -4.369616
v -1.806788 2.507428 -4.372902
v -1.808537 2.501903 -4.376443
v -1.801992 2.501729 -4.379911
v -1.795691 2.501522 -4.383777
v -1.789606 2.501282 -4.388055
v -1.783728 2.501007 -4.392752
v -1.778054 2.500697 -4.397874
v -1.772591 2.500353 -4.403402
v -1.767362 2.499978 -4.409324
v -1.762387 2.499573 -4.415602
v -1.757696 2.499140 -4.422176
v -1.753332 2.498686 -4.429006
v -1.749346 2.498214 -4.436013
v -1.744478 2.503334 -4.438281
v -1.743220 2.509366 -4.433744
v -1.742043 2.515761 -4.429555
v -1.740942 2.522466 -4.425738
v -1.739926 2.529429 -4.422328
v -1.739016 2.536602 -4.419359
v -1.738199 2.543941 -4.416832
v -1.737494 2.551412 -4.414783
v -1.736902 2.558986 -4.413209
v -1.736412 2.566633 -4.412111
v -1.736044 2.574336 -4.411512
v -1.735792 2.582084 -4.411399
v -1.738895 2.582136 -4.405573
v -1.742425 2.582204 -4.399867
v -1.746364 2.582287 -4.394289
v -1.750692 2.582384 -4.388856
v -1.755403 2.582496 -4.383595
v -1.760479 2.582622 -4.378523
v -1.765889 2.582761 -4.373658
v -1.771615 2.582912 -4.369027
v -1.777629 2.583076 -4.364647
v -1.783901 2.583252 -4.360544
v -1.790394 2.583438 -4.356732
v -1.797078 2.583633 -4.353240
v -5.531275 2.717127 -2.543629
v -5.524411 2.717127 -2.542923
v -5.517406 2.717126 -2.542614
v -5.510296 2.717126 -2.542708
v -5.503113 2.717126 -2.543209
v -5.495885 2.717126 -2.544110
v -5.488636 2.717124 -2.545401
v -5.481405 2.717124 -2.547088
v -5.474219 2.717122 -2.549156
v -5.467109 2.717122 -2.551597
v -5.460111 2.717120 -2.554409
v -5.453248 2.717120 -2.557572
v -5.453269 2.724674 -2.557774
v -5.453468 2.732195 -2.558308
v -5.453850 2.739653 -2.559179
v -5.454405 2.747014 -2.560374
v -5.455136 2.754245 -2.561893
v -5.456037 2.761317 -2.563728
v -5.457106 2.768198 -2.565873
v -5.458340 2.774859 -2.568318
v -5.459725 2.781272 -2.571046
v -5.461270 2.787408 -2.574058
v -5.462950 2.793242 -2.577326
v -5.464774 2.798748 -2.580850
v -5.473457 2.797829 -2.577156
v -5.482291 2.797121 -2.573883
v -5.491146 2.796635 -2.571098
v -5.499876 2.796378 -2.568819
v -5.508392 2.796357 -2.567110
v -5.516582 2.796570 -2.565968
v -5.524373 2.797020 -2.565420
v -5.531709 2.797707 -2.565475
v -5.538546 2.798626 -2.566131
v -5.544869 2.799779 -2.567403
v -5.550660 2.801164 -2.569276
v -5.553507 2.796196 -2.567621
v -5.551183 2.789296 -2.563716
v -5.548993 2.782179 -2.560099
v -5.546958 2.774930 -2.556803
v -5.545109 2.767620 -2.553873
v -5.543450 2.760304 -2.551325
v -5.542002 2.753014 -2.549184
v -5.540768 2.745777 -2.547458
v -5.539751 2.738591 -2.546153
v -5.538951 2.731445 -2.545270
v -5.538358 2.724306 -2.544796
v -5.537971 2.717127 -2.544734
v -5.547709 2.497960 -2.570426
v -5.539785 2.498467 -2.569248
v -5.531969 2.499016 -2.568351
v -5.524285 2.499589 -2.567795
v -5.516716 2.500162 -2.567609
v -5.509249 2.500717 -2.567823
v -5.501884 2.501233 -2.568494
v -5.494593 2.501696 -2.569645
v -5.487329 2.502083 -2.571287
v -5.480092 2.502379 -2.573477
v -5.472831 2.502566 -2.576227
v -5.465505 2.502630 -2.579546
v -5.463753 2.507996 -2.576124
v -5.462110 2.513690 -2.572959
v -5.460586 2.519688 -2.570065
v -5.459190 2.525976 -2.567453
v -5.457921 2.532528 -2.565136
v -5.456786 2.539318 -2.563115
v -5.455789 2.546317 -2.561401
v -5.454937 2.553496 -2.560005
v -5.454231 2.560820 -2.558929
v -5.453674 2.568254 -2.558179
v -5.453278 2.575758 -2.557766
v -5.453030 2.583291 -2.557680
v -5.459899 2.583364 -2.554512
v -5.466913 2.583422 -2.551706
v -5.474022 2.583467 -2.549255
v -5.481214 2.583500 -2.547182
v -5.488453 2.583517 -2.545498
v -5.495699 2.583521 -2.544199
v -5.502934 2.583511 -2.543301
v -5.510117 2.583486 -2.542800
v -5.517227 2.583450 -2.542706
v -5.524225 2.583399 -2.543012
v -5.531087 2.583334 -2.543719
v -5.537781 2.583256 -2.544826
v -5.538138 2.576062 -2.544905
v -5.538701 2.568908 -2.545386
v -5.539482 2.561746 -2.546277
v -5.540488 2.554548 -2.547591
v -5.541712 2.547300 -2.549317
v -5.543159 2.540003 -2.551459
v -5.544818 2.532677 -2.554005
v -5.546681 2.525364 -2.556934
v -5.548726 2.518112 -2.560221
v -5.550935 2.510995 -2.563830
v -5.553289 2.504094 -2.567728
v -5.555749 2.497511 -2.571855
v -3.751194 2.422097 -8.285923
v -3.753863 2.422845 -8.291071
v -3.756499 2.424085 -8.296175
v -3.759079 2.425807 -8.301206
v -3.761606 2.428009 -8.306158
v -3.764062 2.430674 -8.310996
v -3.766428 2.433799 -8.315697
v -3.768709 2.437364 -8.320255
v -3.770894 2.441359 -8.324648
v -3.772969 2.445763 -8.328859
v -3.774918 2.450561 -8.332869
v -3.768560 2.451430 -8.336238
v -3.762185 2.452888 -8.339591
v -3.755800 2.454937 -8.342963
v -3.749374 2.457579 -8.346332
v -3.742929 2.460802 -8.349708
v -3.736478 2.464596 -8.353079
v -3.730061 2.468933 -8.356428
v -3.723717 2.473781 -8.359732
v -3.717500 2.479095 -8.362958
v -3.711484 2.484817 -8.366083
v -3.709567 2.479000 -8.361388
v -3.707617 2.473587 -8.356597
v -3.705633 2.468635 -8.351730
v -3.703613 2.464191 -8.346813
v -3.701567 2.460292 -8.341868
v -3.699482 2.456966 -8.336896
v -3.697346 2.454231 -8.331897
v -3.695163 2.452101 -8.326878
v -3.692905 2.450582 -8.321813
v -3.690554 2.449675 -8.316686
v -3.695729 2.445021 -8.314143
v -3.701170 2.440753 -8.311459
v -3.706850 2.436888 -8.308635
v -3.712739 2.433437 -8.305672
v -3.718834 2.430415 -8.302601
v -3.725085 2.427833 -8.299416
v -3.731478 2.425701 -8.296141
v -3.737983 2.424029 -8.292794
v -3.744561 2.422826 -8.289379
v -3.747272 2.423582 -8.294540
v -3.749932 2.424832 -8.299644
v -3.752549 2.426567 -8.304682
v -3.755096 2.428780 -8.309616
v -3.757571 2.431462 -8.314437
v -3.759965 2.434599 -8.319121
v -3.762279 2.438180 -8.323670
v -3.764483 2.442190 -8.328045
v -3.766584 2.446615 -8.332242
v -3.760185 2.448036 -8.335596
v -3.753772 2.450031 -8.338941
v -3.747335 2.452594 -8.342278
v -3.740887 2.455722 -8.345594
v -3.734445 2.459396 -8.348883
v -3.728045 2.463596 -8.352132
v -3.721722 2.468291 -8.355310
v -3.715549 2.473442 -8.358411
v -3.713538 2.468194 -8.353739
v -3.711484 2.463398 -8.348982
v -3.709387 2.459096 -8.344158
v -3.707242 2.455322 -8.339272
v -3.705063 2.452101 -8.334345
v -3.702830 2.449451 -8.329373
v -3.700536 2.447385 -8.324352
v -3.698178 2.445907 -8.319285
v -3.703703 2.441618 -8.316606
v -3.709464 2.437733 -8.313793
v -3.715418 2.434265 -8.310842
v -3.721552 2.431226 -8.307777
v -3.727831 2.428628 -8.304597
v -3.734223 2.426480 -8.301314
v -3.740713 2.424797 -8.297959
v -3.743401 2.426061 -8.303068
v -3.746025 2.427815 -8.308089
v -3.748595 2.430049 -8.313022
v -3.751087 2.432756 -8.317828
v -3.753502 2.435923 -8.322504
v -3.755831 2.439534 -8.327037
v -3.758064 2.443579 -8.331407
v -3.751631 2.445518 -8.334740
v -3.745189 2.448007 -8.338049
v -3.738739 2.451039 -8.341315
v -3.732315 2.454594 -8.344533
v -3.725945 2.458659 -8.347691
v -3.719665 2.463203 -8.350765
v -3.717547 2.458560 -8.346109
v -3.715370 2.454399 -8.341359
v -3.713146 2.450749 -8.336538
v -3.710870 2.447630 -8.331647
v -3.708545 2.445061 -8.326697
v -3.706155 2.443055 -8.321681
v -3.711998 2.439132 -8.318876
v -3.718020 2.435629 -8.315936
v -3.724194 2.432558 -8.312865
v -3.730503 2.429933 -8.309689
v -3.736913 2.427763 -8.306420
v -3.739548 2.429543 -8.311441
v -3.742114 2.431808 -8.316357
v -3.744617 2.434553 -8.321163
v -3.747040 2.437762 -8.325831
v -3.749387 2.441422 -8.330370
v -3.742937 2.443841 -8.333655
v -3.736503 2.446779 -8.336884
v -3.730098 2.450224 -8.340043
v -3.723767 2.454161 -8.343122
v -3.721531 2.450130 -8.338449
v -3.719230 2.446593 -8.333677
v -3.716874 2.443572 -8.328819
v -3.714465 2.441082 -8.323884
v -3.720557 2.437526 -8.320943
v -3.726784 2.434408 -8.317875
v -3.733123 2.431744 -8.314703
v -3.735684 2.434052 -8.319624
v -3.738177 2.436845 -8.324428
v -3.740597 2.440115 -8.329110
v -3.734173 2.442968 -8.332308
v -3.727806 2.446313 -8.335421
v -3.725453 2.442881 -8.330698
v -3.723033 2.439946 -8.325868
v -3.729312 2.436768 -8.322795
v -3.731775 2.439625 -8.327606
v -3.662046 2.575982 -8.388156
v -3.655729 2.575919 -8.386212
v -3.649669 2.575855 -8.383903
v -3.643888 2.575797 -8.381228
v -3.638403 2.575748 -8.378193
v -3.633249 2.575710 -8.374829
v -3.628441 2.575683 -8.371143
v -3.624000 2.575667 -8.367148
v -3.619942 2.575661 -8.362858
v -3.616294 2.575665 -8.358304
v -3.613058 2.575679 -8.353483
v -3.613700 2.568134 -8.353097
v -3.614789 2.560653 -8.352507
v -3.616313 2.553269 -8.351702
v -3.618268 2.546011 -8.350696
v -3.620651 2.538912 -8.349494
v -3.623441 2.532000 -8.348092
v -3.626634 2.525306 -8.346505
v -3.630221 2.518862 -8.344743
v -3.634178 2.512693 -8.342805
v -3.638488 2.506828 -8.340697
v -3.641725 2.506561 -8.345232
v -3.645490 2.506296 -8.349508
v -3.649796 2.506033 -8.353534
v -3.654655 2.505774 -8.357331
v -3.660053 2.505516 -8.360891
v -3.665961 2.505267 -8.364198
v -3.672366 2.505019 -8.367265
v -3.679194 2.504779 -8.370033
v -3.686396 2.504541 -8.372506
v -3.693894 2.504307 -8.374651
v -3.688626 2.511064 -8.377016
v -3.683727 2.518054 -8.379196
v -3.679251 2.525200 -8.381173
v -3.675242 2.532439 -8.382927
v -3.671720 2.539720 -8.384439
v -3.668713 2.547007 -8.385694
v -3.666243 2.554277 -8.386703
v -3.664307 2.561522 -8.387448
v -3.662911 2.568749 -8.387933
v -3.656554 2.568620 -8.385952
v -3.650448 2.568492 -8.383590
v -3.644629 2.568376 -8.380877
v -3.639121 2.568277 -8.377821
v -3.633935 2.568200 -8.374434
v -3.629108 2.568144 -8.370734
v -3.624658 2.568113 -8.366736
v -3.620588 2.568101 -8.362448
v -3.616933 2.568109 -8.357900
v -3.618021 2.560615 -8.357289
v -3.619550 2.553213 -8.356470
v -3.621507 2.545936 -8.355441
v -3.623888 2.538811 -8.354208
v -3.626682 2.531870 -8.352781
v -3.629876 2.525144 -8.351162
v -3.633450 2.518665 -8.349349
v -3.637411 2.512461 -8.347375
v -3.641158 2.512241 -8.351689
v -3.645433 2.512036 -8.355766
v -3.650222 2.511848 -8.359595
v -3.655537 2.511678 -8.363191
v -3.661332 2.511525 -8.366528
v -3.667599 2.511391 -8.369608
v -3.674273 2.511273 -8.372393
v -3.681307 2.511167 -8.374874
v -3.676577 2.518038 -8.377055
v -3.672270 2.525088 -8.379044
v -3.668403 2.532255 -8.380803
v -3.665021 2.539494 -8.382334
v -3.662125 2.546768 -8.383612
v -3.659749 2.554053 -8.384649
v -3.657891 2.561336 -8.385427
v -3.651737 2.561154 -8.383035
v -3.645868 2.560988 -8.380295
v -3.640311 2.560847 -8.377211
v -3.635095 2.560737 -8.373809
v -3.630234 2.560659 -8.370099
v -3.625759 2.560615 -8.366102
v -3.621685 2.560601 -8.361829
v -3.623222 2.553188 -8.360990
v -3.625185 2.545893 -8.359936
v -3.627579 2.538743 -8.358680
v -3.630383 2.531771 -8.357213
v -3.633592 2.525010 -8.355558
v -3.637188 2.518489 -8.353713
v -3.641423 2.518338 -8.357826
v -3.646157 2.518216 -8.361698
v -3.651381 2.518125 -8.365324
v -3.657069 2.518067 -8.368688
v -3.663191 2.518036 -8.371775
v -3.669718 2.518029 -8.374580
v -3.665560 2.524981 -8.376558
v -3.661847 2.532079 -8.378332
v -3.658590 2.539275 -8.379872
v -3.655809 2.546535 -8.381170
v -3.653524 2.553834 -8.382229
v -3.647590 2.553635 -8.379464
v -3.641974 2.553467 -8.376360
v -3.636715 2.553335 -8.372957
v -3.631814 2.553246 -8.369241
v -3.627312 2.553198 -8.365249
v -3.629301 2.545889 -8.364181
v -3.631722 2.538718 -8.362900
v -3.634555 2.531713 -8.361406
v -3.637795 2.524910 -8.359712
v -3.642471 2.524846 -8.363616
v -3.647610 2.524825 -8.367269
v -3.653189 2.524842 -8.370650
v -3.659187 2.524896 -8.373756
v -3.655605 2.531926 -8.375526
v -3.652472 2.539080 -8.377078
v -3.649794 2.546327 -8.378386
v -3.644105 2.546150 -8.375276
v -3.638784 2.546017 -8.371867
v -3.633839 2.545930 -8.368160
v -3.636297 2.538737 -8.366856
v -3.639178 2.531698 -8.365338
v -3.644245 2.531729 -8.369015
v -3.649731 2.531806 -8.372420
v -3.646697 2.538921 -8.373964
v -3.641293 2.538805 -8.370547
v -1.704795 2.575841 -4.530075
v -1.702898 2.575884 -4.524599
v -1.701461 2.575919 -4.518940
v -1.700507 2.575944 -4.513147
v -1.700025 2.575961 -4.507222
v -1.700014 2.575973 -4.501186
v -1.700482 2.575977 -4.495075
v -1.701425 2.575975 -4.488913
v -1.702828 2.575967 -4.482713
v -1.704700 2.575953 -4.476521
v -1.707023 2.575928 -4.470354
v -1.707772 2.568393 -4.469847
v -1.709052 2.560893 -4.469078
v -1.710848 2.553428 -4.468031
v -1.713163 2.546011 -4.466712
v -1.715976 2.538662 -4.465120
v -1.719288 2.531408 -4.463275
v -1.723073 2.524283 -4.461179
v -1.727298 2.517338 -4.458844
v -1.731937 2.510623 -4.456292
v -1.736951 2.504199 -4.453551
v -1.733989 2.504564 -4.460704
v -1.731427 2.504953 -4.467759
v -1.729313 2.505358 -4.474674
v -1.727673 2.505768 -4.481400
v -1.726532 2.506174 -4.487905
v -1.725932 2.506563 -4.494193
v -1.725876 2.506928 -4.500238
v -1.726378 2.507259 -4.506049
v -1.727470 2.507546 -4.511649
v -1.729152 2.507782 -4.517060
v -1.724989 2.513490 -4.519158
v -1.721176 2.519512 -4.521090
v -1.717732 2.525825 -4.522857
v -1.714660 2.532404 -4.524446
v -1.711990 2.539223 -4.525864
v -1.709708 2.546257 -4.527088
v -1.707848 2.553469 -4.528132
v -1.706404 2.560829 -4.528980
v -1.705381 2.568300 -4.529625
v -1.703489 2.568320 -4.524155
v -1.702078 2.568333 -4.518524
v -1.701144 2.568343 -4.512745
v -1.700678 2.568351 -4.506826
v -1.700686 2.568359 -4.500793
v -1.701183 2.568366 -4.494687
v -1.702138 2.568374 -4.488503
v -1.703566 2.568384 -4.482291
v -1.705450 2.568391 -4.476066
v -1.706699 2.560872 -4.475338
v -1.708464 2.553401 -4.474361
v -1.710727 2.545992 -4.473122
v -1.713480 2.538666 -4.471628
v -1.716720 2.531456 -4.469892
v -1.720419 2.524393 -4.467919
v -1.724548 2.517524 -4.465716
v -1.729083 2.510896 -4.463303
v -1.726639 2.511190 -4.470238
v -1.724630 2.511502 -4.477033
v -1.723094 2.511823 -4.483663
v -1.722063 2.512144 -4.490108
v -1.721552 2.512459 -4.496344
v -1.721569 2.512761 -4.502354
v -1.722136 2.513038 -4.508147
v -1.723275 2.513283 -4.513745
v -1.719437 2.519336 -4.515679
v -1.715965 2.525680 -4.517441
v -1.712871 2.532290 -4.519029
v -1.710169 2.539142 -4.520434
v -1.707876 2.546203 -4.521659
v -1.705988 2.553442 -4.522686
v -1.704524 2.560826 -4.523520
v -1.703133 2.560820 -4.517902
v -1.702217 2.560812 -4.512127
v -1.701779 2.560808 -4.506213
v -1.701827 2.560808 -4.500187
v -1.702351 2.560814 -4.494065
v -1.703338 2.560828 -4.487862
v -1.704794 2.560847 -4.481613
v -1.706515 2.553372 -4.480688
v -1.708731 2.545974 -4.479524
v -1.711418 2.538677 -4.478113
v -1.714576 2.531514 -4.476474
v -1.718183 2.524517 -4.474608
v -1.722210 2.517729 -4.472521
v -1.720311 2.517949 -4.479213
v -1.718886 2.518183 -4.485761
v -1.717950 2.518425 -4.492138
v -1.717527 2.518669 -4.498324
v -1.717621 2.518907 -4.504304
v -1.718255 2.519131 -4.510088
v -1.714736 2.525517 -4.511851
v -1.711602 2.532166 -4.513435
v -1.708858 2.539053 -4.514836
v -1.706535 2.546145 -4.516057
v -1.704615 2.553413 -4.517072
v -1.703733 2.553384 -4.511308
v -1.703336 2.553362 -4.505399
v -1.703420 2.553347 -4.499359
v -1.703988 2.553345 -4.493218
v -1.705020 2.553353 -4.486984
v -1.707178 2.545969 -4.485874
v -1.709803 2.538705 -4.484541
v -1.712874 2.531589 -4.482974
v -1.716384 2.524658 -4.481197
v -1.715058 2.524817 -4.487664
v -1.714213 2.524987 -4.493977
v -1.713872 2.525165 -4.500119
v -1.714043 2.525343 -4.506080
v -1.710849 2.532038 -4.507667
v -1.708062 2.538964 -4.509077
v -1.705688 2.546090 -4.510292
v -1.705337 2.546042 -4.504382
v -1.705472 2.546003 -4.498327
v -1.706089 2.545980 -4.492151
v -1.708641 2.538749 -4.490865
v -1.711637 2.531684 -4.489367
v -1.710882 2.531793 -4.495629
v -1.710609 2.531913 -4.501728
v -1.707762 2.538883 -4.503152
v -1.707961 2.538809 -4.497079
v -1.819166 2.450631 -4.415375
v -1.821136 2.445820 -4.419429
v -1.823224 2.441399 -4.423680
v -1.825407 2.437391 -4.428096
v -1.827683 2.433814 -4.432669
v -1.830051 2.430680 -4.437389
v -1.832483 2.428005 -4.442228
v -1.834981 2.425801 -4.447176
v -1.837527 2.424076 -4.452206
v -1.840107 2.422840 -4.457299
v -1.842720 2.422095 -4.462447
v -1.835956 2.422840 -4.465802
v -1.829252 2.424076 -4.469102
v -1.822646 2.425795 -4.472352
v -1.816158 2.427995 -4.475536
v -1.809814 2.430665 -4.478639
v -1.803628 2.433791 -4.481646
v -1.797645 2.437362 -4.484560
v -1.791877 2.441362 -4.487359
v -1.786341 2.445775 -4.490027
v -1.781073 2.450580 -4.492571
v -1.778396 2.451499 -4.487432
v -1.775692 2.453026 -4.482422
v -1.772976 2.455157 -4.477528
v -1.770246 2.457883 -4.472713
v -1.767512 2.461187 -4.467963
v -1.764795 2.465048 -4.463272
v -1.762096 2.469436 -4.458617
v -1.759436 2.474317 -4.454000
v -1.756847 2.479642 -4.449433
v -1.754337 2.485363 -4.444909
v -1.760461 2.479631 -4.442117
v -1.766696 2.474297 -4.439296
v -1.773028 2.469417 -4.436458
v -1.779431 2.465031 -4.433598
v -1.785897 2.461178 -4.430709
v -1.792415 2.457885 -4.427784
v -1.798982 2.455173 -4.424802
v -1.805618 2.453055 -4.421756
v -1.812338 2.451538 -4.418621
v -1.814296 2.446706 -4.422739
v -1.816366 2.442264 -4.427017
v -1.818544 2.438232 -4.431459
v -1.820824 2.434632 -4.436050
v -1.823193 2.431481 -4.440768
v -1.825638 2.428788 -4.445607
v -1.828150 2.426569 -4.450542
v -1.830715 2.424834 -4.455564
v -1.833314 2.423588 -4.460650
v -1.826607 2.424832 -4.463952
v -1.819993 2.426563 -4.467190
v -1.813504 2.428777 -4.470364
v -1.807159 2.431462 -4.473456
v -1.800984 2.434609 -4.476464
v -1.794996 2.438201 -4.479373
v -1.789221 2.442227 -4.482178
v -1.783679 2.446667 -4.484862
v -1.781014 2.448151 -4.479826
v -1.778338 2.450220 -4.474886
v -1.775671 2.452869 -4.470032
v -1.773015 2.456078 -4.465242
v -1.770387 2.459831 -4.460511
v -1.767802 2.464099 -4.455834
v -1.765264 2.468850 -4.451198
v -1.762810 2.474044 -4.446622
v -1.768927 2.468844 -4.443795
v -1.775150 2.464091 -4.440921
v -1.781474 2.459825 -4.438017
v -1.787884 2.456080 -4.435076
v -1.794360 2.452878 -4.432083
v -1.800916 2.450242 -4.429037
v -1.807560 2.448182 -4.425931
v -1.809622 2.443699 -4.430259
v -1.811798 2.439629 -4.434734
v -1.814086 2.435994 -4.439350
v -1.816448 2.432808 -4.444075
v -1.818896 2.430088 -4.448910
v -1.821412 2.427846 -4.453841
v -1.823989 2.426091 -4.458863
v -1.817369 2.427840 -4.462095
v -1.810881 2.430077 -4.465268
v -1.804536 2.432791 -4.468361
v -1.798357 2.435971 -4.471373
v -1.792365 2.439602 -4.474296
v -1.786575 2.443668 -4.477114
v -1.783939 2.445678 -4.472147
v -1.781319 2.448249 -4.467260
v -1.778727 2.451366 -4.462443
v -1.776175 2.455012 -4.457683
v -1.773679 2.459162 -4.452987
v -1.771260 2.463783 -4.448357
v -1.777388 2.459160 -4.445466
v -1.783636 2.455014 -4.442528
v -1.789989 2.451373 -4.439543
v -1.796445 2.448265 -4.436516
v -1.802986 2.445701 -4.433421
v -1.805168 2.441577 -4.437934
v -1.807449 2.437890 -4.442565
v -1.809824 2.434657 -4.447310
v -1.812271 2.431897 -4.452147
v -1.814794 2.429622 -4.457082
v -1.808304 2.431891 -4.460256
v -1.801955 2.434646 -4.463353
v -1.795760 2.437871 -4.466369
v -1.789753 2.441554 -4.469306
v -1.787170 2.444051 -4.464395
v -1.784630 2.447081 -4.459560
v -1.782150 2.450625 -4.454797
v -1.779723 2.454660 -4.450090
v -1.785907 2.450627 -4.447137
v -1.792216 2.447090 -4.444130
v -1.798637 2.444067 -4.441062
v -1.800934 2.440314 -4.445721
v -1.803319 2.437021 -4.450478
v -1.805773 2.434209 -4.455318
v -1.799417 2.437016 -4.458421
v -1.793210 2.440300 -4.461449
v -1.790707 2.443249 -4.456601
v -1.788269 2.446698 -4.451830
v -1.794538 2.443254 -4.448808
v -1.796939 2.439890 -4.453571
v -3.803255 2.575739 -8.391281
v -3.796221 2.575744 -8.394096
v -3.789097 2.575754 -8.396549
v -3.781901 2.575766 -8.398616
v -3.774662 2.575781 -8.400299
v -3.767416 2.575802 -8.401588
v -3.760187 2.575826 -8.402480
v -3.753001 2.575853 -8.402973
v -3.745890 2.575882 -8.403058
v -3.738882 2.575913 -8.402740
v -3.732016 2.575942 -8.402026
v -3.731466 2.568670 -8.401523
v -3.730716 2.561412 -8.400614
v -3.729777 2.554144 -8.399310
v -3.728632 2.546864 -8.397597
v -3.727298 2.539581 -8.395487
v -3.725771 2.532319 -8.392986
v -3.724065 2.525111 -8.390113
v -3.722189 2.518007 -8.386891
v -3.720165 2.511068 -8.383352
v -3.718010 2.504371 -8.379534
v -3.725912 2.504750 -8.380637
v -3.733807 2.505139 -8.381386
v -3.741650 2.505532 -8.381772
v -3.749391 2.505921 -8.381768
v -3.757007 2.506300 -8.381371
v -3.764467 2.506660 -8.380550
v -3.771766 2.506998 -8.379296
v -3.778923 2.507306 -8.377605
v -3.785944 2.507578 -8.375458
v -3.792860 2.507811 -8.372838
v -3.794466 2.513546 -8.376026
v -3.795948 2.519588 -8.378939
v -3.797314 2.525914 -8.381568
v -3.798568 2.532495 -8.383910
v -3.799688 2.539308 -8.385943
v -3.800674 2.546321 -8.387658
v -3.801531 2.553503 -8.389059
v -3.802245 2.560824 -8.390128
v -3.802821 2.568246 -8.390871
v -3.795771 2.568264 -8.393689
v -3.788634 2.568283 -8.396134
v -3.781433 2.568308 -8.398195
v -3.774200 2.568341 -8.399873
v -3.766946 2.568384 -8.401148
v -3.759709 2.568432 -8.402026
v -3.752509 2.568486 -8.402501
v -3.745386 2.568548 -8.402576
v -3.738355 2.568610 -8.402247
v -3.737659 2.561327 -8.401363
v -3.736772 2.554047 -8.400074
v -3.735710 2.546775 -8.398388
v -3.734473 2.539521 -8.396315
v -3.733067 2.532307 -8.393861
v -3.731492 2.525173 -8.391035
v -3.729773 2.518160 -8.387878
v -3.727905 2.511331 -8.384394
v -3.735662 2.511598 -8.385083
v -3.743386 2.511871 -8.385390
v -3.751037 2.512146 -8.385320
v -3.758585 2.512415 -8.384839
v -3.766009 2.512678 -8.383945
v -3.773304 2.512927 -8.382633
v -3.780467 2.513159 -8.380882
v -3.787513 2.513368 -8.378680
v -3.788971 2.519462 -8.381636
v -3.790310 2.525832 -8.384301
v -3.791529 2.532454 -8.386665
v -3.792630 2.539297 -8.388717
v -3.793612 2.546330 -8.390456
v -3.794467 2.553523 -8.391870
v -3.795190 2.560845 -8.392951
v -3.788044 2.560872 -8.395384
v -3.780843 2.560905 -8.397434
v -3.773601 2.560951 -8.399088
v -3.766339 2.561007 -8.400339
v -3.759084 2.561075 -8.401192
v -3.751873 2.561154 -8.401655
v -3.744717 2.561238 -8.401707
v -3.743884 2.553948 -8.400442
v -3.742890 2.546682 -8.398789
v -3.741740 2.539457 -8.396761
v -3.740438 2.532296 -8.394359
v -3.738982 2.525235 -8.391591
v -3.737391 2.518319 -8.388495
v -3.744997 2.518481 -8.388731
v -3.752561 2.518648 -8.388585
v -3.760047 2.518818 -8.388034
v -3.767435 2.518988 -8.387068
v -3.774720 2.519154 -8.385691
v -3.781893 2.519315 -8.383878
v -3.783215 2.525741 -8.386591
v -3.784415 2.532410 -8.388994
v -3.785505 2.539287 -8.391087
v -3.786477 2.546344 -8.392857
v -3.787324 2.553548 -8.394289
v -3.780117 2.553583 -8.396312
v -3.772872 2.553631 -8.397938
v -3.765601 2.553691 -8.399165
v -3.758329 2.553767 -8.399992
v -3.751079 2.553854 -8.400417
v -3.750144 2.546595 -8.398803
v -3.749063 2.539399 -8.396818
v -3.747842 2.532290 -8.394466
v -3.746484 2.525302 -8.391766
v -3.753967 2.525378 -8.391547
v -3.761394 2.525461 -8.390924
v -3.768757 2.525552 -8.389897
v -3.776025 2.525647 -8.388451
v -3.777223 2.532367 -8.390908
v -3.778308 2.539285 -8.393048
v -3.779277 2.546367 -8.394853
v -3.772019 2.546402 -8.396438
v -3.764731 2.546452 -8.397628
v -3.757431 2.546518 -8.398417
v -3.756403 2.539351 -8.396477
v -3.755253 2.532294 -8.394187
v -3.762632 2.532307 -8.393504
v -3.769961 2.532332 -8.392413
v -3.771046 2.539293 -8.394595
v -3.763741 2.539316 -8.395738
v -7.420920 2.422095 -6.483316
v -7.427669 2.422840 -6.479975
v -7.434343 2.424076 -6.476672
v -7.440935 2.425797 -6.473434
v -7.447402 2.427995 -6.470259
v -7.453728 2.430663 -6.467164
v -7.459890 2.433791 -6.464156
v -7.465861 2.437360 -6.461253
v -7.471620 2.441362 -6.458463
v -7.477133 2.445775 -6.455785
v -7.482399 2.450580 -6.453253
v -7.485082 2.451495 -6.458367
v -7.487781 2.453018 -6.463349
v -7.490498 2.455142 -6.468230
v -7.493222 2.457862 -6.473031
v -7.495945 2.461158 -6.477769
v -7.498657 2.465010 -6.482465
v -7.501341 2.469391 -6.487123
v -7.503987 2.474261 -6.491753
v -7.506560 2.479577 -6.496335
v -7.509041 2.485285 -6.500876
v -7.502873 2.479453 -6.503613
v -7.496618 2.474007 -6.506348
v -7.490312 2.469012 -6.509087
v -7.483969 2.464518 -6.511829
v -7.477610 2.460566 -6.514596
v -7.471225 2.457185 -6.517388
v -7.464808 2.454399 -6.520230
v -7.458344 2.452225 -6.523148
v -7.451800 2.450669 -6.526161
v -7.445139 2.449737 -6.529305
v -7.443186 2.445075 -6.525372
v -7.441108 2.440798 -6.521260
v -7.438905 2.436921 -6.516968
v -7.436585 2.433462 -6.512510
v -7.434163 2.430431 -6.507904
v -7.431649 2.427840 -6.503171
v -7.429055 2.425703 -6.498324
v -7.426390 2.424027 -6.493384
v -7.423675 2.422822 -6.488374
v -7.430431 2.423575 -6.485036
v -7.437106 2.424820 -6.481753
v -7.443681 2.426552 -6.478531
v -7.450130 2.428765 -6.475373
v -7.456438 2.431450 -6.472294
v -7.462579 2.434597 -6.469296
v -7.468535 2.438192 -6.466396
v -7.474292 2.442219 -6.463608
v -7.479810 2.446661 -6.460926
v -7.482480 2.448137 -6.465935
v -7.485156 2.450195 -6.470854
v -7.487818 2.452828 -6.475692
v -7.490458 2.456022 -6.480465
v -7.493070 2.459756 -6.485190
v -7.495638 2.464002 -6.489872
v -7.498137 2.468728 -6.494501
v -7.500559 2.473895 -6.499086
v -7.494452 2.468602 -6.501852
v -7.488259 2.463756 -6.504634
v -7.482011 2.459402 -6.507446
v -7.475699 2.455571 -6.510276
v -7.469342 2.452298 -6.513147
v -7.462935 2.449600 -6.516075
v -7.456454 2.447493 -6.519072
v -7.449882 2.445982 -6.522164
v -7.447826 2.441680 -6.518000
v -7.445636 2.437778 -6.513664
v -7.443336 2.434294 -6.509188
v -7.440924 2.431241 -6.504572
v -7.438411 2.428631 -6.499829
v -7.435822 2.426478 -6.494987
v -7.433155 2.424790 -6.490048
v -7.439828 2.426049 -6.486778
v -7.446385 2.427802 -6.483562
v -7.452821 2.430042 -6.480416
v -7.459106 2.432758 -6.477337
v -7.465239 2.435940 -6.474347
v -7.471191 2.439577 -6.471440
v -7.476950 2.443647 -6.468639
v -7.479586 2.445642 -6.473575
v -7.482199 2.448189 -6.478436
v -7.484778 2.451281 -6.483234
v -7.487307 2.454892 -6.487974
v -7.489771 2.459005 -6.492657
v -7.492159 2.463588 -6.497284
v -7.486073 2.458889 -6.500104
v -7.479894 2.454670 -6.502957
v -7.473640 2.450963 -6.505850
v -7.467314 2.447797 -6.508787
v -7.460911 2.445185 -6.511785
v -7.454418 2.443144 -6.514847
v -7.452255 2.439198 -6.510475
v -7.449963 2.435673 -6.505960
v -7.447569 2.432582 -6.501327
v -7.445068 2.429939 -6.496572
v -7.442483 2.427759 -6.491717
v -7.449028 2.429541 -6.488512
v -7.455447 2.431816 -6.485371
v -7.461729 2.434578 -6.482306
v -7.467852 2.437813 -6.479304
v -7.473811 2.441506 -6.476391
v -7.476399 2.443972 -6.481276
v -7.478925 2.446965 -6.486081
v -7.481387 2.450462 -6.490819
v -7.483777 2.454447 -6.495497
v -7.477666 2.450358 -6.498383
v -7.471455 2.446769 -6.501318
v -7.465151 2.443703 -6.504309
v -7.458752 2.441175 -6.507357
v -7.456475 2.437590 -6.502807
v -7.454083 2.434447 -6.498141
v -7.451602 2.431760 -6.493379
v -7.458005 2.434083 -6.490243
v -7.464282 2.436901 -6.487181
v -7.470416 2.440204 -6.484190
v -7.472916 2.443103 -6.488998
v -7.475339 2.446495 -6.493731
v -7.469163 2.443014 -6.496698
v -7.462871 2.440041 -6.499719
v -7.460490 2.436830 -6.495033
v -7.466762 2.439720 -6.491977
v -7.525104 2.575920 -6.538968
v -7.521417 2.575924 -6.544894
v -7.517333 2.575920 -6.550681
v -7.512868 2.575913 -6.556295
v -7.508044 2.575909 -6.561713
v -7.502892 2.575911 -6.566920
v -7.497426 2.575920 -6.571889
v -7.491674 2.575940 -6.576598
v -7.485656 2.575967 -6.581024
v -7.479395 2.576004 -6.585149
v -7.472926 2.576050 -6.588969
v -7.472568 2.568469 -6.588510
v -7.472059 2.560955 -6.587704
v -7.471403 2.553542 -6.586560
v -7.470605 2.546265 -6.585083
v -7.469663 2.539153 -6.583275
v -7.468580 2.532239 -6.581143
v -7.467367 2.525552 -6.578699
v -7.466031 2.519122 -6.575958
v -7.464563 2.512972 -6.572916
v -7.462989 2.507132 -6.569603
v -7.469144 2.506838 -6.565831
v -7.475109 2.506543 -6.561655
v -7.480894 2.506248 -6.557054
v -7.486509 2.505950 -6.552030
v -7.491942 2.505650 -6.546583
v -7.497188 2.505348 -6.540740
v -7.502225 2.505044 -6.534542
v -7.507002 2.504737 -6.528014
v -7.511485 2.504421 -6.521232
v -7.515635 2.504096 -6.514274
v -7.517251 2.510449 -6.518361
v -7.518738 2.517108 -6.522146
v -7.520102 2.524018 -6.525612
v -7.521306 2.531123 -6.528709
v -7.522363 2.538383 -6.531436
v -7.523255 2.545758 -6.533766
v -7.523973 2.553217 -6.535687
v -7.524527 2.560740 -6.537201
v -7.524907 2.568310 -6.538296
v -7.521149 2.568304 -6.544277
v -7.517008 2.568279 -6.550117
v -7.512494 2.568252 -6.555776
v -7.507638 2.568233 -6.561235
v -7.502454 2.568225 -6.566461
v -7.496976 2.568235 -6.571442
v -7.491226 2.568266 -6.576158
v -7.485229 2.568314 -6.580586
v -7.479004 2.568384 -6.584709
v -7.478457 2.560831 -6.583917
v -7.477760 2.553382 -6.582780
v -7.476928 2.546071 -6.581313
v -7.475949 2.538931 -6.579508
v -7.474843 2.531992 -6.577387
v -7.473597 2.525285 -6.574942
v -7.472230 2.518839 -6.572198
v -7.470747 2.512682 -6.569160
v -7.476731 2.512403 -6.564997
v -7.482539 2.512134 -6.560428
v -7.488171 2.511877 -6.555451
v -7.493623 2.511631 -6.550082
v -7.498874 2.511397 -6.544330
v -7.503900 2.511167 -6.538236
v -7.508665 2.510939 -6.531836
v -7.513131 2.510705 -6.525186
v -7.514654 2.517295 -6.528842
v -7.516048 2.524142 -6.532175
v -7.517292 2.531197 -6.535150
v -7.518391 2.538416 -6.537763
v -7.519328 2.545764 -6.539988
v -7.520101 2.553208 -6.541817
v -7.520714 2.560727 -6.543254
v -7.516511 2.560690 -6.549152
v -7.511949 2.560648 -6.554866
v -7.507058 2.560617 -6.560369
v -7.501855 2.560605 -6.565633
v -7.496377 2.560619 -6.570646
v -7.490631 2.560661 -6.575369
v -7.484654 2.560731 -6.579800
v -7.483929 2.553252 -6.578668
v -7.483059 2.545913 -6.577194
v -7.482055 2.538743 -6.575390
v -7.480913 2.531779 -6.573261
v -7.479640 2.525047 -6.570810
v -7.478243 2.518578 -6.568051
v -7.484081 2.518340 -6.563517
v -7.489730 2.518127 -6.558588
v -7.495191 2.517934 -6.553284
v -7.500445 2.517764 -6.547624
v -7.505462 2.517605 -6.541634
v -7.510214 2.517454 -6.535362
v -7.511635 2.524233 -6.538564
v -7.512909 2.531232 -6.541416
v -7.514045 2.538411 -6.543921
v -7.515030 2.545733 -6.546049
v -7.515848 2.553167 -6.547792
v -7.511247 2.553120 -6.553575
v -7.506325 2.553088 -6.559138
v -7.501107 2.553078 -6.564448
v -7.495623 2.553101 -6.569488
v -7.489888 2.553159 -6.574232
v -7.488996 2.545793 -6.572747
v -7.487965 2.538596 -6.570927
v -7.486794 2.531601 -6.568772
v -7.485498 2.524840 -6.566299
v -7.491171 2.524666 -6.561422
v -7.496644 2.524523 -6.556182
v -7.501896 2.524409 -6.550607
v -7.506898 2.524316 -6.544716
v -7.508209 2.531261 -6.547470
v -7.509374 2.538397 -6.549874
v -7.510389 2.545696 -6.551911
v -7.505436 2.545671 -6.557534
v -7.500204 2.545675 -6.562899
v -7.494721 2.545715 -6.567981
v -7.493671 2.538492 -6.566124
v -7.492489 2.531464 -6.563938
v -7.497966 2.531365 -6.558757
v -7.503216 2.531299 -6.553258
v -7.504398 2.538399 -6.555573
v -7.499162 2.538426 -6.561005
v -3.803350 2.724858 -8.391235
v -3.803108 2.732402 -8.390720
v -3.802701 2.739869 -8.389862
v -3.802123 2.747232 -8.388667
v -3.801389 2.754458 -8.387152
v -3.800497 2.761524 -8.385307
v -3.799452 2.768399 -8.383151
v -3.798256 2.775058 -8.380681
v -3.796919 2.781473 -8.377918
v -3.795447 2.787621 -8.374870
v -3.793849 2.793478 -8.371548
v -3.787088 2.793714 -8.374129
v -3.780133 2.793948 -8.376299
v -3.772960 2.794184 -8.378069
v -3.765562 2.794419 -8.379447
v -3.757942 2.794651 -8.380427
v -3.750131 2.794879 -8.381016
v -3.742162 2.795101 -8.381212
v -3.734100 2.795320 -8.381019
v -3.726019 2.795529 -8.380442
v -3.717997 2.795726 -8.379483
v -3.720355 2.789023 -8.383323
v -3.722590 2.782231 -8.386867
v -3.724691 2.775375 -8.390102
v -3.726616 2.768481 -8.392982
v -3.728332 2.761549 -8.395497
v -3.729827 2.754583 -8.397626
v -3.731070 2.747569 -8.399365
v -3.732056 2.740481 -8.400709
v -3.732756 2.733290 -8.401654
v -3.733169 2.725953 -8.402211
v -3.739890 2.725953 -8.402880
v -3.746741 2.725926 -8.403143
v -3.753718 2.725875 -8.403014
v -3.760778 2.725800 -8.402479
v -3.767903 2.725699 -8.401557
v -3.775060 2.725573 -8.400246
v -3.782213 2.725426 -8.398548
v -3.789336 2.725256 -8.396474
v -3.796392 2.725067 -8.394032
v -3.796170 2.732625 -8.393498
v -3.795785 2.740094 -8.392630
v -3.795224 2.747451 -8.391419
v -3.794501 2.754666 -8.389882
v -3.793627 2.761722 -8.388022
v -3.792598 2.768589 -8.385840
v -3.791423 2.775246 -8.383350
v -3.790115 2.781666 -8.380562
v -3.788660 2.787832 -8.377476
v -3.781690 2.788029 -8.379692
v -3.774524 2.788213 -8.381508
v -3.767155 2.788383 -8.382931
v -3.759598 2.788538 -8.383971
v -3.751875 2.788673 -8.384614
v -3.744031 2.788789 -8.384874
v -3.736114 2.788888 -8.384736
v -3.728196 2.788967 -8.384219
v -3.730266 2.782287 -8.387715
v -3.732191 2.775515 -8.390892
v -3.733953 2.768668 -8.393723
v -3.735526 2.761756 -8.396202
v -3.736887 2.754783 -8.398307
v -3.738018 2.747735 -8.400024
v -3.738907 2.740597 -8.401364
v -3.739527 2.733346 -8.402309
v -3.746438 2.733370 -8.402568
v -3.753456 2.733362 -8.402433
v -3.760554 2.733319 -8.401906
v -3.767701 2.733244 -8.400985
v -3.774865 2.733134 -8.399677
v -3.782025 2.732992 -8.397993
v -3.789132 2.732822 -8.395925
v -3.788756 2.740287 -8.395038
v -3.788207 2.747635 -8.393815
v -3.787495 2.754841 -8.392258
v -3.786622 2.761884 -8.390365
v -3.785599 2.768746 -8.388156
v -3.784435 2.775406 -8.385635
v -3.783127 2.781840 -8.382804
v -3.775967 2.781989 -8.384668
v -3.768629 2.782113 -8.386137
v -3.761138 2.782208 -8.387230
v -3.753512 2.782274 -8.387932
v -3.745789 2.782307 -8.388248
v -3.738018 2.782312 -8.388175
v -3.739785 2.775613 -8.391298
v -3.741393 2.768812 -8.394082
v -3.742822 2.761917 -8.396515
v -3.744063 2.754931 -8.398595
v -3.745080 2.747853 -8.400291
v -3.745880 2.740672 -8.401619
v -3.752961 2.740709 -8.401488
v -3.760110 2.740705 -8.400966
v -3.767293 2.740661 -8.400053
v -3.774481 2.740574 -8.398755
v -3.781648 2.740450 -8.397086
v -3.781099 2.747782 -8.395843
v -3.780374 2.754972 -8.394255
v -3.779493 2.762008 -8.392337
v -3.778461 2.768868 -8.390095
v -3.777283 2.775534 -8.387534
v -3.769983 2.775629 -8.389052
v -3.762554 2.775683 -8.390194
v -3.755012 2.775700 -8.390944
v -3.747412 2.775677 -8.391315
v -3.748886 2.768914 -8.394055
v -3.750194 2.762031 -8.396452
v -3.751318 2.755038 -8.398492
v -3.752241 2.747931 -8.400171
v -3.759456 2.747963 -8.399661
v -3.766693 2.747948 -8.398772
v -3.773917 2.747888 -8.397494
v -3.773177 2.755061 -8.395889
v -3.772266 2.762085 -8.393936
v -3.771197 2.768947 -8.391654
v -3.763826 2.768982 -8.392837
v -3.756377 2.768970 -8.393637
v -3.757579 2.762099 -8.395997
v -3.758612 2.755096 -8.398005
v -3.765908 2.755104 -8.397136
v -3.764952 2.762118 -8.395160
v -3.638532 2.793186 -8.340793
v -3.634236 2.787309 -8.342941
v -3.630287 2.781136 -8.344904
v -3.626713 2.774692 -8.346686
v -3.623516 2.768005 -8.348276
v -3.620722 2.761101 -8.349671
v -3.618337 2.754003 -8.350865
v -3.616371 2.746743 -8.351849
v -3.614836 2.739349 -8.352622
v -3.613734 2.731851 -8.353182
v -3.613072 2.724277 -8.353524
v -3.616304 2.724277 -8.358338
v -3.619953 2.724285 -8.362901
v -3.624007 2.724299 -8.367183
v -3.628438 2.724318 -8.371167
v -3.633241 2.724343 -8.374847
v -3.638381 2.724374 -8.378192
v -3.643855 2.724409 -8.381206
v -3.649621 2.724448 -8.383863
v -3.655660 2.724490 -8.386150
v -3.661956 2.724539 -8.388071
v -3.662800 2.732110 -8.387740
v -3.664218 2.739546 -8.387202
v -3.666184 2.746870 -8.386430
v -3.668713 2.754107 -8.385441
v -3.671760 2.761265 -8.384212
v -3.675318 2.768349 -8.382751
v -3.679356 2.775360 -8.381065
v -3.683845 2.782281 -8.379161
v -3.688732 2.789099 -8.377044
v -3.693976 2.795780 -8.374733
v -3.686490 2.795550 -8.372630
v -3.679296 2.795308 -8.370192
v -3.672472 2.795057 -8.367441
v -3.666081 2.794798 -8.364404
v -3.660162 2.794535 -8.361096
v -3.654763 2.794268 -8.357537
v -3.649888 2.793999 -8.353723
v -3.645566 2.793728 -8.349670
v -3.641780 2.793457 -8.345360
v -3.637482 2.787539 -8.347542
v -3.633531 2.781335 -8.349538
v -3.629948 2.774867 -8.351350
v -3.626757 2.768160 -8.352976
v -3.623953 2.761236 -8.354391
v -3.621563 2.754121 -8.355600
v -3.619597 2.746841 -8.356605
v -3.618060 2.739423 -8.357402
v -3.616962 2.731892 -8.357979
v -3.620613 2.731932 -8.362520
v -3.624668 2.731973 -8.366790
v -3.629109 2.732010 -8.370764
v -3.633924 2.732041 -8.374434
v -3.639095 2.732066 -8.377792
v -3.644590 2.732087 -8.380807
v -3.650396 2.732101 -8.383491
v -3.656470 2.732108 -8.385798
v -3.657823 2.739593 -8.385226
v -3.659719 2.746957 -8.384434
v -3.662141 2.754220 -8.383417
v -3.665073 2.761385 -8.382169
v -3.668496 2.768452 -8.380696
v -3.672382 2.775418 -8.378993
v -3.676702 2.782270 -8.377076
v -3.681419 2.788990 -8.374949
v -3.674391 2.788859 -8.372515
v -3.667718 2.788714 -8.369761
v -3.661453 2.788551 -8.366712
v -3.655650 2.788373 -8.363392
v -3.650334 2.788182 -8.359809
v -3.645531 2.787979 -8.355970
v -3.641246 2.787764 -8.351882
v -3.637277 2.781521 -8.353916
v -3.633674 2.775023 -8.355757
v -3.630463 2.768293 -8.357413
v -3.627645 2.761352 -8.358851
v -3.625240 2.754222 -8.360085
v -3.623256 2.746927 -8.361106
v -3.621716 2.739488 -8.361927
v -3.625776 2.739544 -8.366171
v -3.630243 2.739591 -8.370143
v -3.635085 2.739622 -8.373807
v -3.640297 2.739637 -8.377171
v -3.645841 2.739635 -8.380203
v -3.651694 2.739622 -8.382896
v -3.653507 2.747019 -8.382075
v -3.655835 2.754303 -8.381041
v -3.658649 2.761470 -8.379775
v -3.661940 2.768521 -8.378288
v -3.665680 2.775445 -8.376573
v -3.669839 2.782231 -8.374648
v -3.663314 2.782169 -8.371893
v -3.657189 2.782084 -8.368840
v -3.651494 2.781976 -8.365505
v -3.646267 2.781844 -8.361902
v -3.641518 2.781691 -8.358034
v -3.637881 2.775161 -8.359907
v -3.634630 2.768405 -8.361579
v -3.631780 2.761445 -8.363047
v -3.629350 2.754303 -8.364304
v -3.627344 2.746996 -8.365346
v -3.631838 2.747046 -8.369303
v -3.636725 2.747074 -8.372968
v -3.641984 2.747079 -8.376331
v -3.647586 2.747062 -8.379372
v -3.649821 2.754359 -8.378318
v -3.652528 2.761528 -8.377036
v -3.655700 2.768560 -8.375543
v -3.659305 2.775445 -8.373826
v -3.653301 2.775418 -8.370767
v -3.647711 2.775360 -8.367418
v -3.642564 2.775273 -8.363794
v -3.639261 2.768490 -8.365493
v -3.636358 2.761513 -8.366979
v -3.633880 2.754359 -8.368249
v -3.638811 2.754388 -8.371905
v -3.644138 2.754388 -8.375267
v -3.646753 2.761555 -8.373985
v -3.649812 2.768570 -8.372481
v -3.644321 2.768546 -8.369125
v -3.641354 2.761549 -8.370627
v -7.558689 2.575766 -6.415812
v -7.560581 2.575744 -6.421282
v -7.562015 2.575727 -6.426934
v -7.562966 2.575714 -6.432729
v -7.563440 2.575702 -6.438652
v -7.563447 2.575698 -6.444690
v -7.562973 2.575698 -6.450807
v -7.562027 2.575706 -6.456984
v -7.560615 2.575715 -6.463191
v -7.558738 2.575729 -6.469398
v -7.556411 2.575744 -6.475580
v -7.555606 2.568105 -6.476107
v -7.554296 2.560514 -6.476904
v -7.552473 2.552981 -6.477965
v -7.550144 2.545524 -6.479287
v -7.547324 2.538163 -6.480875
v -7.544023 2.530930 -6.482710
v -7.540270 2.523859 -6.484797
v -7.536079 2.516998 -6.487111
v -7.531480 2.510391 -6.489636
v -7.526514 2.504092 -6.492355
v -7.529498 2.504485 -6.485222
v -7.532070 2.504891 -6.478169
v -7.534193 2.505305 -6.471257
v -7.535826 2.505719 -6.464516
v -7.536954 2.506124 -6.457991
v -7.537553 2.506513 -6.451694
v -7.537598 2.506876 -6.445628
v -7.537086 2.507211 -6.439804
v -7.535986 2.507505 -6.434190
v -7.534304 2.507756 -6.428779
v -7.538467 2.513457 -6.426681
v -7.542282 2.519470 -6.424748
v -7.545726 2.525774 -6.422981
v -7.548791 2.532348 -6.421387
v -7.551473 2.539163 -6.419980
v -7.553753 2.546189 -6.418757
v -7.555617 2.553399 -6.417719
v -7.557070 2.560758 -6.416886
v -7.558095 2.568225 -6.416249
v -7.559977 2.568181 -6.421706
v -7.561383 2.568140 -6.427332
v -7.562319 2.568107 -6.433120
v -7.562773 2.568082 -6.439040
v -7.562745 2.568066 -6.445069
v -7.562248 2.568059 -6.451197
v -7.561280 2.568063 -6.457393
v -7.559841 2.568072 -6.463626
v -7.557945 2.568090 -6.469872
v -7.556661 2.560501 -6.470612
v -7.554878 2.552979 -6.471605
v -7.552601 2.545543 -6.472847
v -7.549842 2.538219 -6.474336
v -7.546628 2.531034 -6.476080
v -7.542950 2.524026 -6.478043
v -7.538856 2.517234 -6.480236
v -7.534359 2.510705 -6.482634
v -7.536823 2.511028 -6.475701
v -7.538832 2.511360 -6.468885
v -7.540368 2.511695 -6.462234
v -7.541407 2.512030 -6.455781
v -7.541914 2.512357 -6.449528
v -7.541893 2.512668 -6.443502
v -7.541314 2.512960 -6.437688
v -7.540176 2.513225 -6.432088
v -7.544016 2.519259 -6.430153
v -7.547484 2.525587 -6.428385
v -7.550582 2.532183 -6.426802
v -7.553284 2.539024 -6.425398
v -7.555577 2.546075 -6.424173
v -7.557473 2.553308 -6.423159
v -7.558935 2.560688 -6.422327
v -7.560319 2.560628 -6.427941
v -7.561225 2.560574 -6.433715
v -7.561653 2.560533 -6.439637
v -7.561594 2.560503 -6.445675
v -7.561066 2.560485 -6.451821
v -7.560054 2.560481 -6.458037
v -7.558583 2.560487 -6.464311
v -7.556843 2.552975 -6.465242
v -7.554626 2.545562 -6.466418
v -7.551939 2.538273 -6.467829
v -7.548797 2.531139 -6.469474
v -7.545213 2.524194 -6.471339
v -7.541216 2.517475 -6.473420
v -7.543124 2.517729 -6.466709
v -7.544560 2.517990 -6.460141
v -7.545496 2.518255 -6.453741
v -7.545925 2.518520 -6.447540
v -7.545830 2.518779 -6.441540
v -7.545196 2.519027 -6.435746
v -7.548709 2.525387 -6.433978
v -7.551839 2.532017 -6.432387
v -7.554575 2.538886 -6.430982
v -7.556915 2.545965 -6.429777
v -7.558828 2.553225 -6.428758
v -7.559703 2.553149 -6.434529
v -7.560085 2.553086 -6.440442
v -7.559986 2.553037 -6.446494
v -7.559411 2.553002 -6.452663
v -7.558357 2.552983 -6.458918
v -7.556196 2.545593 -6.460031
v -7.553579 2.538341 -6.461378
v -7.550515 2.531257 -6.462940
v -7.547022 2.524374 -6.464720
v -7.548363 2.524565 -6.458229
v -7.549212 2.524766 -6.451890
v -7.549562 2.524972 -6.445730
v -7.549400 2.525180 -6.439761
v -7.552584 2.531849 -6.438162
v -7.555370 2.538753 -6.436753
v -7.557748 2.545864 -6.435544
v -7.558087 2.545775 -6.441466
v -7.557938 2.545698 -6.447534
v -7.557302 2.545638 -6.453728
v -7.554749 2.538422 -6.455015
v -7.551767 2.531388 -6.456521
v -7.552535 2.531531 -6.450236
v -7.552807 2.531686 -6.444106
v -7.555659 2.538631 -6.442689
v -7.555449 2.538519 -6.448782
v -5.512270 2.422097 -2.659930
v -5.509591 2.422843 -2.654780
v -5.506949 2.424083 -2.649671
v -5.504362 2.425805 -2.644637
v -5.501838 2.428007 -2.639693
v -5.499385 2.430672 -2.634862
v -5.497011 2.433795 -2.630158
v -5.494724 2.437362 -2.625596
v -5.492538 2.441355 -2.621203
v -5.490463 2.445760 -2.616993
v -5.488503 2.450559 -2.612982
v -5.494849 2.451426 -2.609635
v -5.501184 2.452880 -2.606277
v -5.507560 2.454929 -2.602923
v -5.513972 2.457568 -2.599556
v -5.520408 2.460793 -2.596178
v -5.526860 2.464586 -2.592807
v -5.533286 2.468923 -2.589448
v -5.539655 2.473773 -2.586143
v -5.545891 2.479089 -2.582899
v -5.551928 2.484813 -2.579754
v -5.553842 2.478990 -2.584432
v -5.555794 2.473576 -2.589211
v -5.557789 2.468623 -2.594077
v -5.559814 2.464182 -2.598989
v -5.561870 2.460284 -2.603936
v -5.563970 2.456958 -2.608916
v -5.566113 2.454227 -2.613918
v -5.568312 2.452099 -2.618954
v -5.570574 2.450580 -2.624026
v -5.572925 2.449673 -2.629163
v -5.567743 2.445019 -2.631703
v -5.562299 2.440751 -2.634390
v -5.556615 2.436886 -2.637216
v -5.550719 2.433437 -2.640177
v -5.544629 2.430415 -2.643253
v -5.538366 2.427833 -2.646428
v -5.531978 2.425701 -2.649708
v -5.525479 2.424029 -2.653061
v -5.518895 2.422824 -2.656471
v -5.516181 2.423582 -2.651312
v -5.513505 2.424830 -2.646203
v -5.510889 2.426565 -2.641174
v -5.508333 2.428777 -2.636239
v -5.505853 2.431458 -2.631422
v -5.503447 2.434596 -2.626728
v -5.501134 2.438176 -2.622188
v -5.498925 2.442187 -2.617818
v -5.496822 2.446609 -2.613623
v -5.503195 2.448029 -2.610272
v -5.509591 2.450021 -2.606931
v -5.516014 2.452583 -2.603596
v -5.522456 2.455709 -2.600276
v -5.528906 2.459382 -2.596991
v -5.535313 2.463582 -2.593735
v -5.541649 2.468279 -2.590545
v -5.547845 2.473433 -2.587433
v -5.549859 2.468180 -2.592091
v -5.551920 2.463385 -2.596842
v -5.554029 2.459084 -2.601667
v -5.556179 2.455312 -2.606546
v -5.558376 2.452093 -2.611478
v -5.560624 2.449443 -2.616458
v -5.562926 2.447379 -2.621482
v -5.565290 2.445903 -2.626555
v -5.559759 2.441614 -2.629238
v -5.554000 2.437729 -2.632060
v -5.548036 2.434261 -2.635009
v -5.541898 2.431222 -2.638078
v -5.535624 2.428626 -2.641264
v -5.529222 2.426480 -2.644537
v -5.522731 2.424795 -2.647891
v -5.520033 2.426059 -2.642781
v -5.517398 2.427811 -2.637760
v -5.514820 2.430044 -2.632834
v -5.512313 2.432750 -2.628022
v -5.509893 2.435915 -2.623351
v -5.507557 2.439527 -2.618823
v -5.505320 2.443572 -2.614457
v -5.511733 2.445508 -2.611121
v -5.518174 2.447996 -2.607823
v -5.524612 2.451025 -2.604549
v -5.531039 2.454581 -2.601327
v -5.537418 2.458645 -2.598161
v -5.543714 2.463189 -2.595082
v -5.545836 2.458547 -2.599724
v -5.548027 2.454385 -2.604471
v -5.550264 2.450735 -2.609292
v -5.552551 2.447621 -2.614182
v -5.554898 2.445053 -2.619143
v -5.557293 2.443049 -2.624155
v -5.551450 2.439126 -2.626971
v -5.545421 2.435623 -2.629917
v -5.539239 2.432555 -2.632985
v -5.532923 2.429930 -2.636156
v -5.526518 2.427761 -2.639432
v -5.523871 2.429539 -2.634411
v -5.521286 2.431802 -2.629491
v -5.518776 2.434545 -2.624693
v -5.516337 2.437755 -2.620018
v -5.513988 2.441413 -2.615492
v -5.520427 2.443829 -2.612206
v -5.526862 2.446765 -2.608977
v -5.533263 2.450211 -2.605811
v -5.539604 2.454146 -2.602722
v -5.541854 2.450116 -2.607393
v -5.544168 2.446582 -2.612163
v -5.546537 2.443562 -2.617020
v -5.548965 2.441072 -2.621958
v -5.542861 2.437519 -2.624900
v -5.536631 2.434402 -2.627971
v -5.530290 2.431738 -2.631144
v -5.527715 2.434044 -2.626226
v -5.525209 2.436838 -2.621423
v -5.522775 2.440103 -2.616743
v -5.529192 2.442956 -2.613541
v -5.535566 2.446299 -2.610422
v -5.537937 2.442867 -2.615150
v -5.540370 2.439937 -2.619978
v -5.534088 2.436758 -2.623054
v -5.531606 2.439616 -2.618240
v -5.569705 2.504317 -2.571183
v -5.575116 2.510923 -2.568874
v -5.580174 2.517678 -2.566758
v -5.584796 2.524542 -2.564835
v -5.588954 2.531481 -2.563132
v -5.592603 2.538476 -2.561661
v -5.595717 2.545518 -2.560423
v -5.598281 2.552610 -2.559432
v -5.600277 2.559760 -2.558684
v -5.601702 2.566993 -2.558183
v -5.602541 2.574342 -2.557909
v -5.608670 2.574340 -2.559806
v -5.614547 2.574359 -2.562074
v -5.620163 2.574402 -2.564713
v -5.625495 2.574472 -2.567711
v -5.630524 2.574568 -2.571053
v -5.635226 2.574692 -2.574722
v -5.639581 2.574845 -2.578702
v -5.643579 2.575023 -2.582984
v -5.647186 2.575226 -2.587533
v -5.650393 2.575452 -2.592339
v -5.649758 2.567887 -2.592740
v -5.648675 2.560400 -2.593346
v -5.647150 2.553022 -2.594152
v -5.645198 2.545781 -2.595165
v -5.642816 2.538708 -2.596367
v -5.640021 2.531831 -2.597762
v -5.636823 2.525177 -2.599343
v -5.633239 2.518775 -2.601103
v -5.629274 2.512649 -2.603027
v -5.624959 2.506824 -2.605120
v -5.621704 2.506557 -2.600548
v -5.617926 2.506292 -2.596242
v -5.613608 2.506029 -2.592185
v -5.608747 2.505772 -2.588368
v -5.603364 2.505516 -2.584805
v -5.597475 2.505269 -2.581501
v -5.591102 2.505023 -2.578457
v -5.584314 2.504785 -2.575716
v -5.577153 2.504549 -2.573279
v -5.582375 2.511016 -2.570977
v -5.587235 2.517655 -2.568854
v -5.591672 2.524432 -2.566925
v -5.595660 2.531315 -2.565211
v -5.599158 2.538283 -2.563721
v -5.602145 2.545326 -2.562464
v -5.604596 2.552443 -2.561441
v -5.606505 2.559640 -2.560658
v -5.607863 2.566931 -2.560113
v -5.613783 2.566890 -2.562426
v -5.619433 2.566879 -2.565096
v -5.624793 2.566906 -2.568120
v -5.629843 2.566970 -2.571476
v -5.634564 2.567076 -2.575158
v -5.638932 2.567223 -2.579137
v -5.642937 2.567409 -2.583412
v -5.646546 2.567631 -2.587949
v -5.645464 2.560125 -2.588575
v -5.643938 2.552739 -2.589403
v -5.641979 2.545495 -2.590434
v -5.639599 2.538424 -2.591666
v -5.636793 2.531551 -2.593082
v -5.633591 2.524904 -2.594688
v -5.630004 2.518505 -2.596482
v -5.626033 2.512380 -2.598433
v -5.622284 2.512132 -2.594100
v -5.618015 2.511906 -2.590008
v -5.613236 2.511701 -2.586168
v -5.607947 2.511521 -2.582570
v -5.602187 2.511364 -2.579242
v -5.595968 2.511231 -2.576181
v -5.589348 2.511115 -2.573420
v -5.594016 2.517646 -2.571297
v -5.598280 2.524337 -2.569369
v -5.602098 2.531168 -2.567645
v -5.605451 2.538111 -2.566142
v -5.608310 2.545158 -2.564866
v -5.610654 2.552300 -2.563816
v -5.612483 2.559543 -2.563002
v -5.618188 2.559481 -2.565705
v -5.623600 2.559462 -2.568755
v -5.628684 2.559493 -2.572121
v -5.633436 2.559576 -2.575806
v -5.637831 2.559709 -2.579792
v -5.641843 2.559895 -2.584049
v -5.640307 2.552505 -2.584897
v -5.638336 2.545264 -2.585949
v -5.635932 2.538196 -2.587203
v -5.633120 2.531324 -2.588657
v -5.629889 2.524672 -2.590290
v -5.626275 2.518267 -2.592109
v -5.622053 2.518067 -2.587984
v -5.617345 2.517905 -2.584109
v -5.612161 2.517785 -2.580488
v -5.606526 2.517702 -2.577138
v -5.600471 2.517657 -2.574074
v -5.604565 2.524275 -2.572145
v -5.608229 2.531056 -2.570417
v -5.611439 2.537979 -2.568899
v -5.614180 2.545028 -2.567606
v -5.616435 2.552198 -2.566544
v -5.621906 2.552142 -2.569602
v -5.627051 2.552144 -2.572985
v -5.631846 2.552205 -2.576672
v -5.636272 2.552325 -2.580650
v -5.634272 2.545090 -2.581719
v -5.631837 2.538026 -2.582992
v -5.628985 2.531150 -2.584471
v -5.625718 2.524490 -2.586138
v -5.621083 2.524358 -2.582238
v -5.615999 2.524281 -2.578597
v -5.610480 2.524254 -2.575224
v -5.614012 2.530992 -2.573502
v -5.617100 2.537898 -2.571981
v -5.619742 2.544951 -2.570685
v -5.624959 2.544934 -2.574075
v -5.629808 2.544980 -2.577755
v -5.627327 2.537917 -2.579049
v -5.624408 2.531038 -2.580539
v -5.619417 2.530986 -2.576886
v -5.622407 2.537877 -2.575372
v -7.558636 2.724529 -6.415704
v -7.557964 2.732079 -6.416022
v -7.556844 2.739552 -6.416546
v -7.555290 2.746921 -6.417284
v -7.553306 2.754154 -6.418232
v -7.550904 2.761222 -6.419389
v -7.548087 2.768103 -6.420742
v -7.544870 2.774764 -6.422287
v -7.541269 2.781177 -6.424021
v -7.537300 2.787319 -6.425938
v -7.532970 2.793163 -6.428022
v -7.534638 2.793407 -6.433309
v -7.535780 2.793651 -6.438863
v -7.536394 2.793894 -6.444697
v -7.536488 2.794140 -6.450825
v -7.536064 2.794388 -6.457234
v -7.535136 2.794633 -6.463911
v -7.533704 2.794879 -6.470813
v -7.531788 2.795123 -6.477892
v -7.529404 2.795366 -6.485078
v -7.526554 2.795688 -6.492285
v -7.531640 2.789253 -6.489424
v -7.536350 2.782746 -6.486732
v -7.540648 2.776155 -6.484244
v -7.544498 2.769469 -6.481982
v -7.547878 2.762669 -6.479979
v -7.550755 2.755736 -6.478243
v -7.553124 2.748648 -6.476810
v -7.554967 2.741373 -6.475687
v -7.556277 2.733886 -6.474891
v -7.557046 2.726154 -6.474429
v -7.559317 2.725628 -6.468511
v -7.561086 2.725603 -6.462478
v -7.562397 2.725556 -6.456427
v -7.563247 2.725485 -6.450383
v -7.563632 2.725386 -6.444370
v -7.563555 2.725262 -6.438418
v -7.563008 2.725113 -6.432542
v -7.562007 2.724941 -6.426783
v -7.560549 2.724746 -6.421163
v -7.559858 2.732313 -6.421458
v -7.558726 2.739794 -6.421972
v -7.557163 2.747161 -6.422708
v -7.555155 2.754388 -6.423636
v -7.552727 2.761451 -6.424774
v -7.549879 2.768326 -6.426103
v -7.546635 2.774985 -6.427631
v -7.543005 2.781399 -6.429350
v -7.538997 2.787549 -6.431240
v -7.540182 2.787766 -6.436796
v -7.540856 2.787969 -6.442617
v -7.541018 2.788155 -6.448702
v -7.540680 2.788327 -6.455052
v -7.539841 2.788482 -6.461636
v -7.538506 2.788623 -6.468416
v -7.536697 2.788748 -6.475353
v -7.534419 2.788863 -6.482377
v -7.539070 2.782196 -6.479857
v -7.543313 2.775404 -6.477547
v -7.547110 2.768517 -6.475462
v -7.550427 2.761555 -6.473622
v -7.553247 2.754527 -6.472044
v -7.555552 2.747433 -6.470735
v -7.557331 2.740266 -6.469703
v -7.558590 2.733006 -6.468965
v -7.560355 2.733035 -6.462884
v -7.561664 2.733035 -6.456793
v -7.562521 2.733002 -6.450721
v -7.562905 2.732934 -6.444677
v -7.562834 2.732830 -6.438708
v -7.562299 2.732691 -6.432832
v -7.561313 2.732518 -6.427080
v -7.560161 2.739997 -6.427581
v -7.558570 2.747358 -6.428301
v -7.556540 2.754577 -6.429228
v -7.554079 2.761635 -6.430355
v -7.551199 2.768508 -6.431682
v -7.547910 2.775168 -6.433199
v -7.544233 2.781597 -6.434908
v -7.544966 2.781767 -6.440716
v -7.545200 2.781908 -6.446766
v -7.544938 2.782020 -6.453046
v -7.544187 2.782103 -6.459536
v -7.542954 2.782158 -6.466202
v -7.541243 2.782187 -6.472994
v -7.545389 2.775474 -6.470838
v -7.549097 2.768639 -6.468899
v -7.552341 2.761700 -6.467191
v -7.555093 2.754670 -6.465719
v -7.557362 2.747553 -6.464516
v -7.559113 2.740345 -6.463564
v -7.560436 2.740392 -6.457417
v -7.561302 2.740400 -6.451295
v -7.561708 2.740363 -6.445220
v -7.561652 2.740285 -6.439227
v -7.561138 2.740162 -6.433341
v -7.559522 2.747511 -6.434063
v -7.557462 2.754721 -6.434997
v -7.554961 2.761772 -6.436130
v -7.552032 2.768645 -6.437460
v -7.548700 2.775317 -6.438996
v -7.548997 2.775428 -6.445009
v -7.548810 2.775497 -6.451228
v -7.548145 2.775526 -6.457630
v -7.547001 2.775517 -6.464180
v -7.550619 2.768728 -6.462366
v -7.553793 2.761809 -6.460777
v -7.556493 2.754777 -6.459417
v -7.558710 2.747638 -6.458294
v -7.559602 2.747679 -6.452106
v -7.560039 2.747671 -6.445990
v -7.560013 2.747615 -6.439969
v -7.557914 2.754812 -6.440918
v -7.555371 2.761857 -6.442080
v -7.552393 2.768736 -6.443444
v -7.552273 2.768781 -6.449602
v -7.551683 2.768777 -6.455923
v -7.554785 2.761874 -6.454432
v -7.557428 2.754839 -6.453156
v -7.557905 2.754852 -6.446983
v -7.555313 2.761892 -6.448190
v -7.515938 2.795602 -6.514171
v -7.511869 2.795274 -6.521192
v -7.507464 2.794943 -6.528028
v -7.502785 2.794610 -6.534602
v -7.497867 2.794279 -6.540838
v -7.492759 2.793948 -6.546700
v -7.487473 2.793622 -6.552137
v -7.482030 2.793298 -6.557138
v -7.476420 2.792981 -6.561683
v -7.470641 2.792668 -6.565791
v -7.464666 2.792358 -6.569480
v -7.466278 2.786595 -6.572674
v -7.467734 2.780527 -6.575599
v -7.469037 2.774180 -6.578255
v -7.470181 2.767573 -6.580637
v -7.471158 2.760737 -6.582739
v -7.471963 2.753699 -6.584548
v -7.472592 2.746491 -6.586056
v -7.473045 2.739146 -6.587262
v -7.473321 2.731702 -6.588158
v -7.473411 2.724192 -6.588730
v -7.479895 2.724117 -6.584904
v -7.486159 2.724051 -6.580767
v -7.492179 2.723997 -6.576339
v -7.497922 2.723952 -6.571629
v -7.503371 2.723918 -6.566664
v -7.508503 2.723892 -6.561466
v -7.513301 2.723879 -6.556061
v -7.517722 2.723875 -6.550456
v -7.521766 2.723885 -6.544696
v -7.525403 2.723908 -6.538796
v -7.525344 2.731156 -6.538079
v -7.525082 2.738401 -6.536960
v -7.524617 2.745663 -6.535437
v -7.523942 2.752943 -6.533507
v -7.523067 2.760236 -6.531182
v -7.521994 2.767517 -6.528470
v -7.520727 2.774750 -6.525380
v -7.519283 2.781885 -6.521945
v -7.517684 2.788861 -6.518201
v -7.513672 2.788642 -6.525053
v -7.509311 2.788423 -6.531722
v -7.504662 2.788201 -6.538151
v -7.499756 2.787979 -6.544259
v -7.494636 2.787750 -6.550017
v -7.489325 2.787522 -6.555382
v -7.483829 2.787292 -6.560326
v -7.478166 2.787060 -6.564856
v -7.472318 2.786828 -6.568966
v -7.473850 2.780687 -6.571874
v -7.475231 2.774273 -6.574521
v -7.476440 2.767610 -6.576884
v -7.477475 2.760729 -6.578965
v -7.478324 2.753657 -6.580755
v -7.478996 2.746427 -6.582253
v -7.479484 2.739071 -6.583448
v -7.479783 2.731623 -6.584333
v -7.486035 2.731549 -6.580206
v -7.492039 2.731481 -6.575772
v -7.497771 2.731418 -6.571050
v -7.503228 2.731358 -6.566078
v -7.508368 2.731302 -6.560862
v -7.513174 2.731251 -6.555428
v -7.517619 2.731207 -6.549802
v -7.521680 2.731174 -6.544005
v -7.521394 2.738455 -6.542939
v -7.520894 2.745743 -6.541481
v -7.520181 2.753028 -6.539639
v -7.519266 2.760306 -6.537424
v -7.518146 2.767546 -6.534842
v -7.516829 2.774716 -6.531903
v -7.515328 2.781767 -6.528628
v -7.511018 2.781651 -6.535143
v -7.506396 2.781533 -6.541420
v -7.501505 2.781409 -6.547409
v -7.496374 2.781279 -6.553061
v -7.491030 2.781140 -6.558350
v -7.485495 2.780995 -6.563258
v -7.479767 2.780844 -6.567763
v -7.481207 2.774362 -6.570397
v -7.482484 2.767641 -6.572761
v -7.483570 2.760714 -6.574837
v -7.484474 2.753610 -6.576627
v -7.485191 2.746360 -6.578127
v -7.485707 2.738995 -6.579318
v -7.491692 2.738920 -6.574879
v -7.497421 2.738844 -6.570151
v -7.502874 2.738765 -6.565161
v -7.508017 2.738686 -6.559910
v -7.512836 2.738604 -6.554443
v -7.517304 2.738527 -6.548774
v -7.516777 2.745835 -6.547383
v -7.516030 2.753127 -6.545625
v -7.515076 2.760385 -6.543512
v -7.513915 2.767583 -6.541051
v -7.512563 2.774687 -6.538261
v -7.507968 2.774656 -6.544397
v -7.503083 2.774619 -6.550264
v -7.497942 2.774571 -6.555819
v -7.492575 2.774513 -6.561046
v -7.486995 2.774441 -6.565910
v -7.488318 2.767662 -6.568283
v -7.489463 2.760689 -6.570379
v -7.490404 2.753554 -6.572177
v -7.491149 2.746288 -6.573682
v -7.496861 2.746209 -6.568938
v -7.502305 2.746124 -6.563915
v -7.507452 2.746031 -6.558628
v -7.512284 2.745934 -6.553106
v -7.511519 2.753227 -6.551430
v -7.510536 2.760466 -6.549407
v -7.509351 2.767620 -6.547063
v -7.504480 2.767649 -6.552822
v -7.499335 2.767666 -6.558296
v -7.493944 2.767670 -6.563461
v -7.495116 2.760652 -6.565584
v -7.496093 2.753488 -6.567412
v -7.501522 2.753411 -6.562350
v -7.506676 2.753324 -6.557015
v -7.505675 2.760540 -6.555071
v -7.500528 2.760602 -6.560473
v -3.774531 2.849494 -8.333038
v -3.772522 2.854289 -8.329010
v -3.770401 2.858694 -8.324768
v -3.768192 2.862689 -8.320345
v -3.765894 2.866256 -8.315750
v -3.763526 2.869378 -8.311009
v -3.761093 2.872044 -8.306139
v -3.758618 2.874240 -8.301170
v -3.756098 2.875956 -8.296115
v -3.753542 2.877188 -8.290989
v -3.750972 2.877929 -8.285824
v -3.744220 2.877186 -8.289147
v -3.737517 2.875952 -8.292435
v -3.730901 2.874232 -8.295685
v -3.724394 2.872031 -8.298875
v -3.718023 2.869361 -8.302002
v -3.711810 2.866231 -8.305035
v -3.705795 2.862658 -8.307979
v -3.699991 2.858656 -8.310811
v -3.694440 2.854241 -8.313524
v -3.689165 2.849438 -8.316108
v -3.691497 2.848542 -8.321305
v -3.693823 2.847060 -8.326497
v -3.696125 2.844990 -8.331680
v -3.698407 2.842336 -8.336850
v -3.700667 2.839107 -8.341997
v -3.702893 2.835318 -8.347104
v -3.705071 2.830994 -8.352137
v -3.707194 2.826164 -8.357074
v -3.709232 2.820871 -8.361868
v -3.711176 2.815164 -8.366476
v -3.716919 2.820881 -8.363393
v -3.722919 2.826183 -8.360200
v -3.729099 2.831021 -8.356911
v -3.735418 2.835353 -8.353558
v -3.741834 2.839150 -8.350167
v -3.748316 2.842384 -8.346757
v -3.754835 2.845042 -8.343332
v -3.761374 2.847116 -8.339901
v -3.767943 2.848600 -8.336473
v -3.765902 2.853417 -8.332422
v -3.763754 2.857845 -8.328163
v -3.761517 2.861861 -8.323723
v -3.759194 2.865448 -8.319109
v -3.756806 2.868589 -8.314356
v -3.754363 2.871269 -8.309483
v -3.751869 2.873478 -8.304500
v -3.749339 2.875203 -8.299434
v -3.746790 2.876441 -8.294313
v -3.740084 2.875201 -8.297604
v -3.733463 2.873470 -8.300858
v -3.726939 2.871259 -8.304053
v -3.720542 2.868572 -8.307174
v -3.714307 2.865424 -8.310217
v -3.708255 2.861830 -8.313163
v -3.702413 2.857804 -8.315999
v -3.696818 2.853369 -8.318721
v -3.699189 2.851925 -8.323904
v -3.701531 2.849908 -8.329059
v -3.703866 2.847323 -8.334201
v -3.706168 2.844182 -8.339299
v -3.708445 2.840496 -8.344347
v -3.710674 2.836291 -8.349312
v -3.712841 2.831592 -8.354166
v -3.714936 2.826440 -8.358876
v -3.720890 2.831602 -8.355767
v -3.727039 2.836308 -8.352561
v -3.733334 2.840522 -8.349282
v -3.739743 2.844215 -8.345961
v -3.746223 2.847362 -8.342605
v -3.752748 2.849950 -8.339218
v -3.759313 2.851970 -8.335826
v -3.757136 2.856435 -8.331541
v -3.754877 2.860488 -8.327080
v -3.752531 2.864107 -8.322445
v -3.750124 2.867278 -8.317677
v -3.747672 2.869982 -8.312792
v -3.745172 2.872211 -8.307804
v -3.742638 2.873952 -8.302731
v -3.736005 2.872207 -8.305986
v -3.729476 2.869974 -8.309187
v -3.723057 2.867264 -8.312316
v -3.716792 2.864088 -8.315366
v -3.710705 2.860459 -8.318324
v -3.704825 2.856398 -8.321175
v -3.707219 2.854434 -8.326314
v -3.709595 2.851920 -8.331418
v -3.711950 2.848863 -8.336477
v -3.714267 2.845278 -8.341466
v -3.716544 2.841187 -8.346366
v -3.718758 2.836618 -8.351145
v -3.724870 2.841197 -8.348015
v -3.731149 2.845296 -8.344815
v -3.737539 2.848886 -8.341553
v -3.744015 2.851949 -8.338244
v -3.750560 2.854469 -8.334913
v -3.748274 2.858570 -8.330412
v -3.745913 2.862236 -8.325750
v -3.743501 2.865448 -8.320965
v -3.741038 2.868187 -8.316058
v -3.738531 2.870442 -8.311056
v -3.731989 2.868183 -8.314268
v -3.725553 2.865438 -8.317404
v -3.719260 2.862219 -8.320469
v -3.713141 2.858547 -8.323446
v -3.715557 2.856096 -8.328522
v -3.717954 2.853121 -8.333543
v -3.720314 2.849631 -8.338482
v -3.722627 2.845648 -8.343316
v -3.728874 2.849639 -8.340178
v -3.735251 2.853134 -8.336970
v -3.741723 2.856117 -8.333707
v -3.739363 2.859843 -8.329022
v -3.736943 2.863105 -8.324203
v -3.734480 2.865891 -8.319276
v -3.728035 2.863099 -8.322440
v -3.721713 2.859830 -8.325522
v -3.724145 2.856926 -8.330510
v -3.726529 2.853523 -8.335394
v -3.732893 2.856934 -8.332241
v -3.730485 2.860261 -8.327390
v -1.842706 2.877929 -4.462227
v -1.840144 2.877186 -4.457043
v -1.837612 2.875948 -4.451916
v -1.835111 2.874224 -4.446854
v -1.832666 2.872021 -4.441889
v -1.830274 2.869349 -4.437033
v -1.827953 2.866218 -4.432302
v -1.825711 2.862641 -4.427719
v -1.823554 2.858634 -4.423298
v -1.821491 2.854216 -4.419056
v -1.819544 2.849405 -4.415023
v -1.812982 2.848530 -4.418032
v -1.806428 2.847062 -4.421044
v -1.799856 2.844994 -4.424063
v -1.793264 2.842330 -4.427100
v -1.786647 2.839076 -4.430138
v -1.780041 2.835250 -4.433188
v -1.773463 2.830872 -4.436213
v -1.766977 2.825982 -4.439214
v -1.760618 2.820621 -4.442140
v -1.754482 2.814853 -4.444985
v -1.757092 2.820699 -4.449406
v -1.759764 2.826144 -4.453885
v -1.762478 2.831131 -4.458410
v -1.765209 2.835612 -4.462961
v -1.767951 2.839547 -4.467555
v -1.770681 2.842907 -4.472181
v -1.773394 2.845671 -4.476854
v -1.776088 2.847824 -4.481598
v -1.778763 2.849360 -4.486435
v -1.781424 2.850279 -4.491399
v -1.786567 2.854945 -4.488875
v -1.791988 2.859224 -4.486230
v -1.797678 2.863101 -4.483483
v -1.803608 2.866562 -4.480640
v -1.809749 2.869595 -4.477706
v -1.816078 2.872185 -4.474702
v -1.822567 2.874323 -4.471634
v -1.829190 2.875998 -4.468525
v -1.835915 2.877202 -4.465386
v -1.833370 2.876453 -4.460186
v -1.830851 2.875209 -4.455047
v -1.828375 2.873476 -4.449983
v -1.825948 2.871261 -4.445011
v -1.823584 2.868572 -4.440151
v -1.821284 2.865424 -4.435411
v -1.819067 2.861828 -4.430814
v -1.816940 2.857802 -4.426377
v -1.814906 2.853363 -4.422108
v -1.808340 2.851931 -4.425163
v -1.801767 2.849923 -4.428224
v -1.795200 2.847337 -4.431302
v -1.788637 2.844182 -4.434385
v -1.782109 2.840473 -4.437469
v -1.775641 2.836235 -4.440538
v -1.769276 2.831497 -4.443565
v -1.763071 2.826301 -4.446527
v -1.765597 2.831580 -4.450994
v -1.768166 2.836409 -4.455516
v -1.770777 2.840742 -4.460095
v -1.773405 2.844549 -4.464720
v -1.776039 2.847799 -4.469394
v -1.778681 2.850475 -4.474133
v -1.781309 2.852562 -4.478938
v -1.783941 2.854051 -4.483846
v -1.789401 2.858356 -4.481155
v -1.795118 2.862258 -4.478361
v -1.801062 2.865744 -4.475472
v -1.807220 2.868794 -4.472512
v -1.813555 2.871404 -4.469492
v -1.820046 2.873555 -4.466422
v -1.826663 2.875242 -4.463319
v -1.824161 2.873985 -4.458175
v -1.821698 2.872234 -4.453110
v -1.819291 2.869996 -4.448141
v -1.816942 2.867281 -4.443277
v -1.814660 2.864101 -4.438530
v -1.812460 2.860472 -4.433918
v -1.810354 2.856410 -4.429461
v -1.803782 2.854458 -4.432554
v -1.797238 2.851947 -4.435663
v -1.790720 2.848890 -4.438769
v -1.784265 2.845300 -4.441878
v -1.777900 2.841199 -4.444968
v -1.771660 2.836612 -4.448016
v -1.774102 2.841286 -4.452540
v -1.776592 2.845478 -4.457136
v -1.779117 2.849157 -4.461794
v -1.781671 2.852301 -4.466521
v -1.784235 2.854889 -4.471312
v -1.786819 2.856911 -4.476190
v -1.792567 2.860855 -4.473336
v -1.798539 2.864380 -4.470400
v -1.804717 2.867467 -4.467410
v -1.811066 2.870104 -4.464367
v -1.817552 2.872280 -4.461280
v -1.815107 2.870504 -4.456231
v -1.812699 2.868233 -4.451263
v -1.810359 2.865479 -4.446400
v -1.808086 2.862254 -4.441656
v -1.805893 2.858574 -4.437037
v -1.799361 2.856139 -4.440156
v -1.792890 2.853175 -4.443281
v -1.786505 2.849699 -4.446400
v -1.780228 2.845727 -4.449493
v -1.782619 2.849786 -4.454107
v -1.785049 2.853347 -4.458790
v -1.787531 2.856390 -4.463562
v -1.790037 2.858895 -4.468407
v -1.796048 2.862476 -4.465425
v -1.802248 2.865614 -4.462393
v -1.808612 2.868293 -4.459326
v -1.806207 2.865980 -4.454376
v -1.803860 2.863173 -4.449531
v -1.801575 2.859888 -4.444786
v -1.795140 2.857009 -4.447910
v -1.788810 2.853637 -4.451020
v -1.791174 2.857092 -4.455733
v -1.793589 2.860045 -4.460536
v -1.799830 2.863246 -4.457477
v -1.797457 2.860373 -4.452646
v -1.706956 2.723600 -4.470426
v -1.704636 2.723639 -4.476580
v -1.702785 2.723674 -4.482774
v -1.701391 2.723707 -4.488965
v -1.700474 2.723738 -4.495145
v -1.700026 2.723763 -4.501270
v -1.700058 2.723788 -4.507328
v -1.700568 2.723809 -4.513291
v -1.701551 2.723831 -4.519130
v -1.703008 2.723854 -4.524825
v -1.704931 2.723877 -4.530350
v -1.705602 2.731385 -4.530032
v -1.706712 2.738829 -4.529496
v -1.708255 2.746182 -4.528737
v -1.710221 2.753417 -4.527763
v -1.712609 2.760499 -4.526578
v -1.715404 2.767403 -4.525192
v -1.718592 2.774097 -4.523600
v -1.722164 2.780552 -4.521819
v -1.726098 2.786739 -4.519850
v -1.730387 2.792631 -4.517708
v -1.728603 2.792743 -4.512117
v -1.727406 2.792919 -4.506350
v -1.726781 2.793149 -4.500389
v -1.726718 2.793424 -4.494222
v -1.727205 2.793730 -4.487860
v -1.728209 2.794057 -4.481292
v -1.729727 2.794391 -4.474552
v -1.731718 2.794726 -4.467647
v -1.734162 2.795047 -4.460627
v -1.737021 2.795345 -4.453528
v -1.731926 2.788561 -4.456218
v -1.727213 2.781550 -4.458743
v -1.722922 2.774387 -4.461066
v -1.719085 2.767136 -4.463157
v -1.715747 2.759849 -4.465016
v -1.712928 2.752558 -4.466624
v -1.710632 2.745290 -4.467968
v -1.708869 2.738047 -4.469048
v -1.707646 2.730826 -4.469869
v -1.705328 2.730901 -4.476063
v -1.703470 2.730973 -4.482285
v -1.702071 2.731038 -4.488502
v -1.701145 2.731098 -4.494701
v -1.700695 2.731153 -4.500848
v -1.700720 2.731201 -4.506924
v -1.701225 2.731245 -4.512902
v -1.702209 2.731290 -4.518762
v -1.703673 2.731334 -4.524481
v -1.704777 2.738759 -4.523919
v -1.706320 2.746099 -4.523139
v -1.708293 2.753328 -4.522148
v -1.710691 2.760420 -4.520953
v -1.713499 2.767341 -4.519555
v -1.716714 2.774066 -4.517969
v -1.720313 2.780562 -4.516195
v -1.724279 2.786797 -4.514238
v -1.723035 2.786907 -4.508462
v -1.722339 2.787064 -4.502493
v -1.722203 2.787253 -4.496351
v -1.722599 2.787468 -4.490022
v -1.723511 2.787696 -4.483518
v -1.724928 2.787928 -4.476862
v -1.726819 2.788155 -4.470071
v -1.729163 2.788367 -4.463176
v -1.724540 2.781455 -4.465564
v -1.720328 2.774377 -4.467750
v -1.716574 2.767190 -4.469732
v -1.713304 2.759948 -4.471485
v -1.710530 2.752680 -4.472999
v -1.708276 2.745412 -4.474272
v -1.706541 2.738154 -4.475294
v -1.704664 2.738254 -4.481554
v -1.703255 2.738345 -4.487812
v -1.702306 2.738428 -4.494033
v -1.701834 2.738502 -4.500201
v -1.701846 2.738569 -4.506299
v -1.702341 2.738633 -4.512297
v -1.703315 2.738695 -4.518176
v -1.704867 2.746025 -4.517377
v -1.706861 2.753254 -4.516377
v -1.709282 2.760358 -4.515171
v -1.712123 2.767306 -4.513765
v -1.715378 2.774069 -4.512183
v -1.719021 2.780614 -4.510410
v -1.718268 2.780703 -4.504452
v -1.718052 2.780817 -4.498322
v -1.718360 2.780945 -4.492032
v -1.719182 2.781080 -4.485591
v -1.720499 2.781216 -4.479017
v -1.722295 2.781343 -4.472336
v -1.718174 2.774350 -4.474405
v -1.714501 2.767233 -4.476280
v -1.711297 2.760035 -4.477940
v -1.708582 2.752790 -4.479377
v -1.706368 2.745526 -4.480582
v -1.704925 2.745630 -4.486882
v -1.703946 2.745723 -4.493141
v -1.703449 2.745806 -4.499343
v -1.703436 2.745882 -4.505464
v -1.703903 2.745953 -4.511477
v -1.705924 2.753188 -4.510463
v -1.708383 2.760309 -4.509243
v -1.711261 2.767291 -4.507823
v -1.714567 2.774100 -4.506226
v -1.714280 2.774147 -4.500120
v -1.714517 2.774201 -4.493875
v -1.715247 2.774257 -4.487488
v -1.716476 2.774309 -4.480995
v -1.712887 2.767258 -4.482782
v -1.709749 2.760108 -4.484359
v -1.707093 2.752891 -4.485731
v -1.706076 2.752978 -4.492037
v -1.705533 2.753053 -4.498270
v -1.705480 2.753123 -4.504418
v -1.707982 2.760265 -4.503179
v -1.710916 2.767283 -4.501739
v -1.711080 2.767281 -4.495529
v -1.711737 2.767274 -4.489200
v -1.708673 2.760168 -4.490719
v -1.708086 2.760220 -4.497004
v -7.482465 2.849465 -6.452874
v -7.477196 2.854266 -6.455505
v -7.471663 2.858677 -6.458276
v -7.465874 2.862674 -6.461157
v -7.459874 2.866243 -6.464150
v -7.453665 2.869367 -6.467222
v -7.447303 2.872033 -6.470383
v -7.440792 2.874230 -6.473598
v -7.434164 2.875950 -6.476859
v -7.427456 2.877184 -6.480162
v -7.420690 2.877927 -6.483488
v -7.423222 2.877182 -6.488679
v -7.425731 2.875948 -6.493818
v -7.428220 2.874226 -6.498901
v -7.430664 2.872029 -6.503887
v -7.433062 2.869361 -6.508770
v -7.435408 2.866237 -6.513532
v -7.437680 2.862668 -6.518140
v -7.439875 2.858671 -6.522576
v -7.441988 2.854262 -6.526825
v -7.444002 2.849461 -6.530860
v -7.450596 2.848585 -6.527863
v -7.457178 2.847114 -6.524857
v -7.463779 2.845044 -6.521843
v -7.470400 2.842379 -6.518810
v -7.477041 2.839119 -6.515771
v -7.483681 2.835287 -6.512731
v -7.490272 2.830903 -6.509694
v -7.496791 2.826003 -6.506704
v -7.503166 2.820633 -6.503774
v -7.509326 2.814855 -6.500938
v -7.506770 2.820637 -6.496383
v -7.504138 2.826007 -6.491677
v -7.501443 2.830911 -6.486859
v -7.498728 2.835298 -6.481997
v -7.495998 2.839133 -6.477107
v -7.493270 2.842390 -6.472225
v -7.490556 2.845058 -6.467363
v -7.487852 2.847124 -6.462522
v -7.485156 2.848592 -6.457696
v -7.479863 2.853415 -6.460390
v -7.474302 2.857845 -6.463219
v -7.468493 2.861859 -6.466161
v -7.462467 2.865446 -6.469200
v -7.456249 2.868583 -6.472322
v -7.449862 2.871263 -6.475507
v -7.443342 2.873470 -6.478752
v -7.436706 2.875197 -6.482030
v -7.429994 2.876437 -6.485348
v -7.432508 2.875197 -6.490492
v -7.434989 2.873468 -6.495582
v -7.437423 2.871259 -6.500590
v -7.439807 2.868580 -6.505506
v -7.442122 2.865438 -6.510296
v -7.444366 2.861853 -6.514952
v -7.446538 2.857835 -6.519452
v -7.448612 2.853407 -6.523758
v -7.455224 2.851974 -6.520692
v -7.461830 2.849960 -6.517610
v -7.468436 2.847368 -6.514518
v -7.475037 2.844203 -6.511420
v -7.481604 2.840483 -6.508322
v -7.488112 2.836231 -6.505246
v -7.494516 2.831474 -6.502215
v -7.500751 2.826260 -6.499246
v -7.498258 2.831478 -6.494558
v -7.495701 2.836237 -6.489760
v -7.493098 2.840493 -6.484890
v -7.490467 2.844215 -6.479981
v -7.487826 2.847379 -6.475072
v -7.485178 2.849972 -6.470169
v -7.482526 2.851983 -6.465279
v -7.476923 2.856448 -6.468157
v -7.471087 2.860499 -6.471156
v -7.465028 2.864115 -6.474236
v -7.458784 2.867280 -6.477394
v -7.452389 2.869982 -6.480617
v -7.445860 2.872207 -6.483881
v -7.439221 2.873948 -6.487173
v -7.441699 2.872207 -6.492267
v -7.444125 2.869978 -6.497291
v -7.446496 2.867276 -6.502231
v -7.448799 2.864109 -6.507064
v -7.451026 2.860491 -6.511767
v -7.453167 2.856441 -6.516317
v -7.459787 2.854481 -6.513180
v -7.466383 2.851960 -6.510034
v -7.472942 2.848888 -6.506880
v -7.479444 2.845280 -6.503736
v -7.485860 2.841154 -6.500619
v -7.492147 2.836542 -6.497550
v -7.489711 2.841158 -6.492766
v -7.487217 2.845286 -6.487899
v -7.484684 2.848898 -6.482984
v -7.482114 2.851970 -6.478040
v -7.479529 2.854491 -6.473099
v -7.473648 2.858590 -6.476140
v -7.467556 2.862252 -6.479262
v -7.461289 2.865457 -6.482451
v -7.454868 2.868193 -6.485688
v -7.448329 2.870444 -6.488962
v -7.450762 2.868191 -6.494001
v -7.453126 2.865453 -6.498957
v -7.455426 2.862246 -6.503825
v -7.457649 2.858582 -6.508574
v -7.464225 2.856131 -6.505372
v -7.470754 2.853146 -6.502182
v -7.477195 2.849643 -6.499000
v -7.483528 2.845638 -6.495856
v -7.481134 2.849647 -6.491002
v -7.478673 2.853152 -6.486073
v -7.476175 2.856139 -6.481114
v -7.470047 2.859863 -6.484269
v -7.463747 2.863122 -6.487478
v -7.457312 2.865902 -6.490729
v -7.459685 2.863120 -6.495697
v -7.461994 2.859857 -6.500588
v -7.468485 2.856951 -6.497360
v -7.474870 2.853543 -6.494156
v -7.472486 2.856955 -6.489240
v -7.466147 2.860282 -6.492453
v -5.650171 2.724645 -2.591891
v -5.646893 2.724643 -2.587013
v -5.643196 2.724647 -2.582409
v -5.639091 2.724653 -2.578091
v -5.634598 2.724657 -2.574080
v -5.629740 2.724658 -2.570398
v -5.624522 2.724657 -2.567041
v -5.618987 2.724649 -2.564042
v -5.613145 2.724637 -2.561403
v -5.607014 2.724618 -2.559127
v -5.600639 2.724589 -2.557237
v -5.599219 2.732013 -2.557259
v -5.597388 2.739415 -2.557589
v -5.595141 2.746801 -2.558221
v -5.592480 2.754167 -2.559154
v -5.589414 2.761499 -2.560389
v -5.585953 2.768775 -2.561919
v -5.582116 2.775961 -2.563735
v -5.577927 2.783022 -2.565825
v -5.573404 2.789903 -2.568163
v -5.568603 2.796554 -2.570749
v -5.575919 2.796486 -2.572704
v -5.582988 2.796252 -2.574899
v -5.589757 2.795889 -2.577363
v -5.596159 2.795428 -2.580094
v -5.602164 2.794904 -2.583121
v -5.607719 2.794351 -2.586450
v -5.612790 2.793801 -2.590103
v -5.617362 2.793293 -2.594103
v -5.621403 2.792855 -2.598460
v -5.624910 2.792527 -2.603210
v -5.629084 2.786797 -2.601133
v -5.632929 2.780763 -2.599256
v -5.636430 2.774447 -2.597585
v -5.639561 2.767871 -2.596109
v -5.642317 2.761066 -2.594844
v -5.644694 2.754057 -2.593805
v -5.646676 2.746876 -2.592986
v -5.648251 2.739558 -2.592388
v -5.649422 2.732135 -2.592027
v -5.646106 2.732133 -2.587112
v -5.642362 2.732139 -2.582478
v -5.638211 2.732149 -2.578149
v -5.633655 2.732157 -2.574123
v -5.628730 2.732159 -2.570429
v -5.623449 2.732153 -2.567077
v -5.617830 2.732137 -2.564072
v -5.611903 2.732112 -2.561428
v -5.605690 2.732073 -2.559155
v -5.603948 2.739502 -2.559486
v -5.601795 2.746909 -2.560125
v -5.599228 2.754285 -2.561066
v -5.596257 2.761617 -2.562308
v -5.592893 2.768877 -2.563844
v -5.589152 2.776039 -2.565665
v -5.585059 2.783059 -2.567761
v -5.580636 2.789892 -2.570112
v -5.587610 2.789733 -2.572321
v -5.594281 2.789464 -2.574812
v -5.600601 2.789110 -2.577599
v -5.606526 2.788698 -2.580690
v -5.612012 2.788259 -2.584094
v -5.617033 2.787818 -2.587824
v -5.621568 2.787408 -2.591902
v -5.625589 2.787056 -2.596331
v -5.629444 2.780960 -2.594403
v -5.632952 2.774588 -2.592682
v -5.636103 2.767966 -2.591177
v -5.638880 2.761122 -2.589893
v -5.641281 2.754084 -2.588842
v -5.643298 2.746886 -2.588033
v -5.644903 2.739558 -2.587449
v -5.641117 2.739572 -2.582801
v -5.636916 2.739591 -2.578466
v -5.632310 2.739606 -2.574444
v -5.627316 2.739614 -2.570751
v -5.621963 2.739612 -2.567403
v -5.616262 2.739593 -2.564400
v -5.610251 2.739558 -2.561760
v -5.608190 2.746973 -2.562398
v -5.605717 2.754347 -2.563336
v -5.602838 2.761662 -2.564567
v -5.599572 2.768893 -2.566095
v -5.595933 2.776008 -2.567906
v -5.591936 2.782970 -2.569986
v -5.598513 2.782786 -2.572513
v -5.604743 2.782531 -2.575352
v -5.610577 2.782225 -2.578495
v -5.615992 2.781891 -2.581965
v -5.620954 2.781550 -2.585762
v -5.625447 2.781231 -2.589909
v -5.628987 2.774789 -2.588138
v -5.632171 2.768105 -2.586591
v -5.634983 2.761213 -2.585274
v -5.637419 2.754138 -2.584202
v -5.639471 2.746915 -2.583382
v -5.635216 2.746952 -2.579044
v -5.630551 2.746986 -2.575034
v -5.625500 2.747010 -2.571363
v -5.620065 2.747019 -2.568018
v -5.614284 2.747008 -2.565026
v -5.611907 2.754369 -2.565958
v -5.609123 2.761656 -2.567175
v -5.605952 2.768844 -2.568677
v -5.602409 2.775900 -2.570463
v -5.608542 2.775729 -2.573339
v -5.614298 2.775515 -2.576544
v -5.619638 2.775275 -2.580073
v -5.624541 2.775025 -2.583935
v -5.627770 2.768272 -2.582336
v -5.630638 2.761321 -2.580989
v -5.633119 2.754204 -2.579885
v -5.628402 2.754270 -2.575903
v -5.623272 2.754324 -2.572242
v -5.617769 2.754359 -2.568928
v -5.615076 2.761609 -2.570123
v -5.611994 2.768744 -2.571595
v -5.617662 2.768606 -2.574841
v -5.622931 2.768444 -2.578425
v -5.625852 2.761433 -2.577029
v -5.620663 2.761532 -2.573412
v -5.553461 2.815137 -2.579470
v -5.548739 2.820795 -2.582543
v -5.543683 2.826055 -2.585693
v -5.538295 2.830882 -2.588920
v -5.532562 2.835246 -2.592204
v -5.526506 2.839119 -2.595557
v -5.520118 2.842470 -2.598953
v -5.513421 2.845278 -2.602394
v -5.506421 2.847521 -2.605854
v -5.499145 2.849180 -2.609326
v -5.491618 2.850242 -2.612789
v -5.493418 2.854918 -2.616780
v -5.494967 2.859213 -2.621163
v -5.497056 2.863093 -2.625550
v -5.499201 2.866558 -2.630108
v -5.501398 2.869593 -2.634828
v -5.503632 2.872184 -2.639682
v -5.505899 2.874323 -2.644655
v -5.508188 2.875996 -2.649723
v -5.510491 2.877202 -2.654863
v -5.512800 2.877929 -2.660050
v -5.519671 2.877184 -2.656806
v -5.526469 2.875952 -2.653578
v -5.533154 2.874236 -2.650369
v -5.539713 2.872044 -2.647215
v -5.546095 2.869384 -2.644109
v -5.552285 2.866268 -2.641076
v -5.558246 2.862708 -2.638119
v -5.563958 2.858719 -2.635256
v -5.569397 2.854318 -2.632499
v -5.574545 2.849525 -2.629865
v -5.572409 2.848660 -2.624813
v -5.570282 2.847203 -2.619763
v -5.568147 2.845151 -2.614690
v -5.566003 2.842502 -2.609592
v -5.563854 2.839268 -2.604479
v -5.561700 2.835461 -2.599358
v -5.559561 2.831106 -2.594268
v -5.557437 2.826239 -2.589225
v -5.555437 2.820886 -2.584258
v -5.550688 2.826409 -2.587250
v -5.545595 2.831534 -2.590320
v -5.540155 2.836229 -2.593458
v -5.534382 2.840464 -2.596663
v -5.528281 2.844213 -2.599930
v -5.521859 2.847453 -2.603242
v -5.515140 2.850159 -2.606598
v -5.508148 2.852316 -2.609986
v -5.500890 2.853906 -2.613379
v -5.502114 2.858271 -2.617958
v -5.504229 2.862194 -2.622374
v -5.506389 2.865695 -2.626960
v -5.508575 2.868761 -2.631691
v -5.510783 2.871381 -2.636549
v -5.512999 2.873542 -2.641505
v -5.515224 2.875234 -2.646548
v -5.517449 2.876451 -2.651654
v -5.524326 2.875211 -2.648458
v -5.531080 2.873485 -2.645280
v -5.537685 2.871282 -2.642147
v -5.544097 2.868609 -2.639055
v -5.550293 2.865479 -2.636028
v -5.556252 2.861902 -2.633083
v -5.561938 2.857893 -2.630223
v -5.567328 2.853473 -2.627459
v -5.565255 2.852053 -2.622422
v -5.563170 2.850053 -2.617376
v -5.561059 2.847474 -2.612311
v -5.558932 2.844327 -2.607240
v -5.556793 2.840626 -2.602181
v -5.554649 2.836391 -2.597158
v -5.552527 2.831656 -2.592209
v -5.547206 2.836678 -2.595279
v -5.541540 2.841264 -2.598437
v -5.535553 2.845387 -2.601651
v -5.529280 2.849018 -2.604898
v -5.522768 2.852138 -2.608168
v -5.516044 2.854727 -2.611443
v -5.509148 2.856773 -2.614710
v -5.511293 2.860753 -2.619172
v -5.513458 2.864304 -2.623785
v -5.515642 2.867417 -2.628539
v -5.517824 2.870075 -2.633400
v -5.520000 2.872265 -2.638351
v -5.522167 2.873981 -2.643374
v -5.528983 2.872236 -2.640224
v -5.535625 2.870011 -2.637098
v -5.542073 2.867314 -2.634026
v -5.548279 2.864155 -2.631000
v -5.554235 2.860547 -2.628058
v -5.559902 2.856508 -2.625195
v -5.557844 2.854558 -2.620165
v -5.555757 2.852049 -2.615131
v -5.553645 2.848989 -2.610109
v -5.551505 2.845393 -2.605104
v -5.549353 2.841278 -2.600151
v -5.543706 2.845735 -2.603228
v -5.537722 2.849736 -2.606355
v -5.531463 2.853254 -2.609537
v -5.524950 2.856272 -2.612743
v -5.518213 2.858775 -2.615958
v -5.520383 2.862393 -2.620608
v -5.522561 2.865562 -2.625388
v -5.524720 2.868266 -2.630260
v -5.526862 2.870495 -2.635212
v -5.533541 2.868237 -2.632093
v -5.540013 2.865502 -2.629020
v -5.546238 2.862300 -2.625997
v -5.552188 2.858648 -2.623039
v -5.550113 2.856205 -2.618037
v -5.547998 2.853229 -2.613049
v -5.545859 2.849732 -2.608106
v -5.539894 2.853622 -2.611173
v -5.533637 2.857040 -2.614289
v -5.527125 2.859969 -2.617441
v -5.529288 2.863204 -2.622246
v -5.531433 2.865964 -2.627142
v -5.537922 2.863178 -2.624053
v -5.544156 2.859921 -2.621011
v -5.542041 2.857023 -2.616066
v -5.535797 2.860354 -2.619139
v -1.800236 2.792832 -4.376377
v -1.798594 2.786949 -4.373096
v -1.797078 2.780765 -4.370078
v -1.795701 2.774307 -4.367343
v -1.794472 2.767604 -4.364903
v -1.793402 2.760689 -4.362770
v -1.792486 2.753589 -4.360948
v -1.791730 2.746335 -4.359443
v -1.791143 2.738956 -4.358266
v -1.790722 2.731485 -4.357420
v -1.790472 2.723952 -4.356913
v -1.783982 2.723952 -4.360744
v -1.777702 2.723950 -4.364875
v -1.771675 2.723945 -4.369310
v -1.765928 2.723935 -4.374034
v -1.760463 2.723919 -4.379003
v -1.755318 2.723902 -4.384213
v -1.750518 2.723883 -4.389641
v -1.746081 2.723860 -4.395261
v -1.742021 2.723838 -4.401036
v -1.738374 2.723817 -4.406956
v -1.738458 2.731249 -4.407692
v -1.738745 2.738657 -4.408841
v -1.739225 2.746044 -4.410392
v -1.739900 2.753407 -4.412343
v -1.740758 2.760733 -4.414684
v -1.741800 2.767997 -4.417403
v -1.743020 2.775161 -4.420496
v -1.744407 2.782181 -4.423930
v -1.745952 2.788998 -4.427682
v -1.747629 2.795548 -4.431713
v -1.751587 2.795252 -4.424849
v -1.755934 2.794958 -4.418161
v -1.760605 2.794670 -4.411701
v -1.765565 2.794386 -4.405531
v -1.770794 2.794109 -4.399704
v -1.776255 2.793838 -4.394242
v -1.781934 2.793575 -4.389169
v -1.787826 2.793320 -4.384500
v -1.793925 2.793072 -4.380241
v -1.792255 2.787153 -4.376954
v -1.790710 2.780929 -4.373932
v -1.789310 2.774433 -4.371196
v -1.788055 2.767697 -4.368750
v -1.786958 2.760752 -4.366610
v -1.786025 2.753630 -4.364783
v -1.785257 2.746360 -4.363278
v -1.784654 2.738970 -4.362095
v -1.784232 2.731491 -4.361251
v -1.777960 2.731491 -4.365396
v -1.771931 2.731483 -4.369843
v -1.766166 2.731466 -4.374573
v -1.760693 2.731443 -4.379571
v -1.755530 2.731410 -4.384809
v -1.750699 2.731373 -4.390266
v -1.746234 2.731333 -4.395922
v -1.742141 2.731288 -4.401738
v -1.742461 2.738709 -4.402836
v -1.742971 2.746100 -4.404317
v -1.743674 2.753455 -4.406189
v -1.744570 2.760758 -4.408441
v -1.745638 2.767984 -4.411052
v -1.746893 2.775095 -4.414027
v -1.748313 2.782045 -4.417335
v -1.749887 2.788787 -4.420956
v -1.754199 2.788580 -4.414385
v -1.758861 2.788375 -4.408049
v -1.763819 2.788172 -4.401987
v -1.769042 2.787969 -4.396240
v -1.774517 2.787764 -4.390849
v -1.780216 2.787561 -4.385831
v -1.786130 2.787358 -4.381195
v -1.784556 2.781088 -4.378157
v -1.783128 2.774549 -4.375406
v -1.781850 2.767779 -4.372948
v -1.780733 2.760803 -4.370795
v -1.779780 2.753657 -4.368956
v -1.778996 2.746371 -4.367434
v -1.778392 2.738974 -4.366252
v -1.772363 2.738966 -4.370710
v -1.766596 2.738947 -4.375463
v -1.761114 2.738916 -4.380490
v -1.755933 2.738873 -4.385766
v -1.751080 2.738823 -4.391264
v -1.746585 2.738767 -4.396969
v -1.747121 2.746164 -4.398383
v -1.747858 2.753513 -4.400181
v -1.748778 2.760793 -4.402338
v -1.749886 2.767980 -4.404859
v -1.751159 2.775035 -4.407711
v -1.752607 2.781920 -4.410899
v -1.757243 2.781792 -4.404672
v -1.762197 2.781662 -4.398719
v -1.767425 2.781527 -4.393061
v -1.772907 2.781388 -4.387738
v -1.778621 2.781241 -4.382760
v -1.777168 2.774656 -4.379979
v -1.775867 2.767844 -4.377490
v -1.774733 2.760838 -4.375311
v -1.773768 2.753670 -4.373451
v -1.772976 2.746369 -4.371915
v -1.767207 2.746354 -4.376691
v -1.761719 2.746323 -4.381755
v -1.756520 2.746280 -4.387069
v -1.751649 2.746226 -4.392626
v -1.752411 2.753568 -4.394348
v -1.753351 2.760826 -4.396423
v -1.754482 2.767972 -4.398848
v -1.755782 2.774975 -4.401602
v -1.760718 2.774909 -4.395740
v -1.765942 2.774836 -4.390161
v -1.771434 2.774750 -4.384903
v -1.770121 2.767895 -4.382372
v -1.768973 2.760857 -4.380153
v -1.768001 2.753666 -4.378256
v -1.762506 2.753645 -4.383359
v -1.757300 2.753612 -4.388732
v -1.758267 2.760849 -4.390739
v -1.759403 2.767958 -4.393074
v -1.764625 2.767933 -4.387571
v -1.763481 2.760859 -4.385306
v -1.790512 2.575878 -4.356887
v -1.790791 2.568351 -4.357378
v -1.791237 2.560886 -4.358210
v -1.791846 2.553517 -4.359377
v -1.792620 2.546274 -4.360876
v -1.793543 2.539190 -4.362692
v -1.794621 2.532294 -4.364828
v -1.795843 2.525618 -4.367263
v -1.797215 2.519185 -4.370003
v -1.798712 2.513032 -4.373017
v -1.800347 2.507180 -4.376316
v -1.794124 2.506925 -4.380109
v -1.788115 2.506661 -4.384316
v -1.782290 2.506391 -4.388933
v -1.776649 2.506112 -4.393960
v -1.771211 2.505826 -4.399400
v -1.765986 2.505532 -4.405225
v -1.760985 2.505230 -4.411389
v -1.756263 2.504917 -4.417865
v -1.751846 2.504594 -4.424586
v -1.747813 2.504172 -4.431489
v -1.746290 2.510426 -4.427251
v -1.744911 2.516885 -4.423302
v -1.743683 2.523530 -4.419678
v -1.742608 2.530344 -4.416418
v -1.741673 2.537312 -4.413537
v -1.740886 2.544427 -4.411076
v -1.740231 2.551679 -4.409044
v -1.739719 2.559073 -4.407470
v -1.739331 2.566610 -4.406361
v -1.739060 2.574294 -4.405726
v -1.742428 2.574878 -4.400097
v -1.746411 2.574922 -4.394478
v -1.750793 2.574980 -4.389026
v -1.755540 2.575052 -4.383742
v -1.760641 2.575141 -4.378657
v -1.766067 2.575251 -4.373789
v -1.771795 2.575379 -4.369156
v -1.777795 2.575528 -4.364778
v -1.784046 2.575694 -4.360684
v -1.784358 2.568169 -4.361166
v -1.784828 2.560706 -4.361985
v -1.785465 2.553337 -4.363147
v -1.786266 2.546090 -4.364643
v -1.787215 2.538999 -4.366455
v -1.788322 2.532092 -4.368596
v -1.789566 2.525401 -4.371032
v -1.790957 2.518957 -4.373776
v -1.792482 2.512788 -4.376807
v -1.786447 2.512550 -4.380985
v -1.780602 2.512318 -4.385556
v -1.774956 2.512090 -4.390525
v -1.769506 2.511867 -4.395871
v -1.764285 2.511649 -4.401586
v -1.759306 2.511430 -4.407625
v -1.754606 2.511208 -4.413953
v -1.750223 2.510975 -4.420515
v -1.748720 2.517636 -4.416735
v -1.747358 2.524505 -4.413288
v -1.746139 2.531528 -4.410195
v -1.745091 2.538654 -4.407491
v -1.744208 2.545845 -4.405184
v -1.743493 2.553074 -4.403281
v -1.742960 2.560325 -4.401801
v -1.742603 2.567591 -4.400737
v -1.746647 2.567596 -4.395083
v -1.751068 2.567612 -4.389585
v -1.755848 2.567645 -4.384269
v -1.760969 2.567697 -4.379156
v -1.766410 2.567774 -4.374273
v -1.772137 2.567881 -4.369630
v -1.778126 2.568012 -4.365252
v -1.778626 2.560557 -4.366077
v -1.779279 2.553190 -4.367233
v -1.780105 2.545942 -4.368737
v -1.781078 2.538842 -4.370559
v -1.782210 2.531922 -4.372709
v -1.783485 2.525211 -4.375169
v -1.784900 2.518744 -4.377932
v -1.779038 2.518549 -4.382467
v -1.773372 2.518369 -4.387369
v -1.767920 2.518209 -4.392633
v -1.762702 2.518060 -4.398239
v -1.757744 2.517920 -4.404153
v -1.753069 2.517783 -4.410331
v -1.751665 2.524579 -4.407029
v -1.750413 2.531543 -4.404082
v -1.749318 2.538629 -4.401497
v -1.748389 2.545802 -4.399296
v -1.747630 2.553031 -4.397487
v -1.747050 2.560299 -4.396081
v -1.751515 2.560282 -4.390531
v -1.756331 2.560278 -4.385173
v -1.761475 2.560301 -4.380027
v -1.766918 2.560354 -4.375111
v -1.772640 2.560439 -4.370452
v -1.773317 2.553080 -4.371629
v -1.774155 2.545831 -4.373143
v -1.775147 2.538722 -4.374989
v -1.776301 2.531785 -4.377171
v -1.777599 2.525049 -4.379663
v -1.771922 2.524912 -4.384512
v -1.766464 2.524801 -4.389697
v -1.761249 2.524714 -4.395194
v -1.756308 2.524643 -4.400986
v -1.755024 2.531551 -4.398164
v -1.753896 2.538602 -4.395694
v -1.752935 2.545758 -4.393597
v -1.752135 2.552993 -4.391868
v -1.756981 2.552968 -4.386449
v -1.762148 2.552972 -4.381261
v -1.767597 2.553006 -4.376307
v -1.768444 2.545760 -4.377855
v -1.769449 2.538643 -4.379742
v -1.770607 2.531682 -4.381962
v -1.765147 2.531611 -4.387074
v -1.759945 2.531570 -4.392486
v -1.758792 2.538587 -4.390113
v -1.757800 2.545729 -4.388097
v -1.762986 2.545729 -4.382849
v -1.763983 2.538598 -4.384786
v -5.531700 2.724252 -2.543667
v -5.524853 2.724214 -2.542935
v -5.517865 2.724190 -2.542619
v -5.510757 2.724183 -2.542712
v -5.503549 2.724192 -2.543205
v -5.496296 2.724215 -2.544119
v -5.489011 2.724256 -2.545433
v -5.481724 2.724312 -2.547141
v -5.474477 2.724384 -2.549243
v -5.467294 2.724469 -2.551721
v -5.460213 2.724566 -2.554568
v -5.460493 2.731977 -2.555068
v -5.460947 2.739332 -2.555904
v -5.461573 2.746607 -2.557076
v -5.462366 2.753773 -2.558579
v -5.463322 2.760805 -2.560406
v -5.464438 2.767674 -2.562549
v -5.465710 2.774346 -2.565001
v -5.467124 2.780794 -2.567744
v -5.468681 2.786984 -2.570766
v -5.470874 2.792778 -2.573831
v -5.478847 2.792449 -2.570809
v -5.486831 2.792260 -2.568284
v -5.494776 2.792207 -2.566261
v -5.502643 2.792291 -2.564743
v -5.510395 2.792503 -2.563724
v -5.518018 2.792844 -2.563205
v -5.525487 2.793302 -2.563178
v -5.532779 2.793873 -2.563622
v -5.539887 2.794552 -2.564523
v -5.546804 2.795328 -2.565867
v -5.544440 2.788545 -2.562063
v -5.542296 2.781533 -2.558519
v -5.540310 2.774385 -2.555304
v -5.538490 2.767169 -2.552442
v -5.536852 2.759936 -2.549961
v -5.535417 2.752724 -2.547882
v -5.534179 2.745555 -2.546211
v -5.533147 2.738430 -2.544952
v -5.532321 2.731338 -2.544103
v -5.525496 2.731263 -2.543351
v -5.518505 2.731216 -2.543007
v -5.511387 2.731201 -2.543088
v -5.504170 2.731218 -2.543588
v -5.496877 2.731269 -2.544498
v -5.489548 2.731350 -2.545821
v -5.482214 2.731464 -2.547551
v -5.474905 2.731607 -2.549680
v -5.467653 2.731779 -2.552190
v -5.468175 2.739043 -2.552993
v -5.468868 2.746242 -2.554145
v -5.469728 2.753355 -2.555640
v -5.470737 2.760356 -2.557459
v -5.471903 2.767219 -2.559609
v -5.473211 2.773913 -2.562070
v -5.474665 2.780403 -2.564839
v -5.476255 2.786651 -2.567894
v -5.483930 2.786421 -2.565435
v -5.491681 2.786299 -2.563412
v -5.499463 2.786286 -2.561836
v -5.507237 2.786386 -2.560712
v -5.514970 2.786599 -2.560059
v -5.522600 2.786922 -2.559861
v -5.530091 2.787356 -2.560131
v -5.537389 2.787897 -2.560866
v -5.535310 2.780987 -2.557399
v -5.533376 2.773934 -2.554252
v -5.531601 2.766804 -2.551454
v -5.530000 2.759648 -2.549033
v -5.528585 2.752502 -2.547009
v -5.527359 2.745389 -2.545381
v -5.526328 2.738312 -2.544163
v -5.519343 2.738239 -2.543803
v -5.512205 2.738214 -2.543860
v -5.504959 2.738235 -2.544345
v -5.497633 2.738304 -2.545253
v -5.490257 2.738421 -2.546578
v -5.482872 2.738583 -2.548324
v -5.475496 2.738792 -2.550462
v -5.476253 2.745926 -2.551597
v -5.477169 2.752997 -2.553080
v -5.478239 2.759979 -2.554907
v -5.479459 2.766846 -2.557070
v -5.480812 2.773568 -2.559552
v -5.482305 2.780109 -2.562348
v -5.490009 2.779914 -2.560285
v -5.497737 2.779827 -2.558665
v -5.505454 2.779846 -2.557498
v -5.513108 2.779972 -2.556781
v -5.520670 2.780204 -2.556530
v -5.528079 2.780544 -2.556728
v -5.526216 2.773580 -2.553653
v -5.524493 2.766531 -2.550912
v -5.522942 2.759441 -2.548550
v -5.521559 2.752351 -2.546571
v -5.520356 2.745282 -2.544985
v -5.513203 2.745236 -2.545024
v -5.505924 2.745251 -2.545487
v -5.498555 2.745329 -2.546383
v -5.491128 2.745468 -2.547702
v -5.483688 2.745667 -2.549446
v -5.484661 2.752705 -2.550929
v -5.485788 2.759679 -2.552766
v -5.487059 2.766562 -2.554945
v -5.488469 2.773319 -2.557458
v -5.496145 2.773170 -2.555801
v -5.503794 2.773120 -2.554583
v -5.511378 2.773172 -2.553814
v -5.518867 2.773327 -2.553504
v -5.517214 2.766347 -2.550826
v -5.515713 2.759319 -2.548512
v -5.514369 2.752273 -2.546571
v -5.507055 2.752270 -2.547013
v -5.499635 2.752341 -2.547883
v -5.492167 2.752486 -2.549198
v -5.493348 2.759460 -2.551047
v -5.494673 2.766366 -2.553250
v -5.502266 2.766266 -2.551998
v -5.509792 2.766260 -2.551189
v -5.508342 2.759280 -2.548913
v -5.500877 2.759329 -2.549760
v -5.545398 2.504460 -2.566340
v -5.537476 2.504849 -2.565255
v -5.529569 2.505249 -2.564506
v -5.521731 2.505654 -2.564116
v -5.514003 2.506054 -2.564109
v -5.506412 2.506439 -2.564502
v -5.498975 2.506801 -2.565313
v -5.491691 2.507134 -2.566552
v -5.484552 2.507428 -2.568238
v -5.477536 2.507675 -2.570380
v -5.470616 2.507867 -2.573003
v -5.469033 2.513639 -2.569815
v -5.467554 2.519710 -2.566889
v -5.466201 2.526057 -2.564259
v -5.464956 2.532655 -2.561919
v -5.463840 2.539476 -2.559892
v -5.462845 2.546493 -2.558175
v -5.461980 2.553674 -2.556782
v -5.461246 2.560984 -2.555710
v -5.460658 2.568393 -2.554978
v -5.460204 2.575866 -2.554576
v -5.467254 2.575957 -2.551747
v -5.474400 2.576031 -2.549294
v -5.481607 2.576091 -2.547217
v -5.488856 2.576137 -2.545535
v -5.496102 2.576170 -2.544236
v -5.503330 2.576191 -2.543345
v -5.510504 2.576197 -2.542853
v -5.517598 2.576187 -2.542762
v -5.524583 2.576162 -2.543080
v -5.531428 2.576122 -2.543793
v -5.531969 2.568945 -2.544272
v -5.532709 2.561762 -2.545159
v -5.533645 2.554552 -2.546455
v -5.534784 2.547305 -2.548164
v -5.536120 2.540028 -2.550282
v -5.537641 2.532742 -2.552788
v -5.539341 2.525484 -2.555677
v -5.541209 2.518305 -2.558917
v -5.543235 2.511271 -2.562486
v -5.535507 2.511560 -2.561454
v -5.527768 2.511850 -2.560770
v -5.520067 2.512140 -2.560453
v -5.512435 2.512424 -2.560515
v -5.504915 2.512695 -2.560991
v -5.497505 2.512949 -2.561872
v -5.490222 2.513177 -2.563184
v -5.483064 2.513372 -2.564940
v -5.476000 2.513531 -2.567137
v -5.474584 2.519677 -2.564185
v -5.473267 2.526088 -2.561510
v -5.472056 2.532739 -2.559139
v -5.470959 2.539596 -2.557083
v -5.469973 2.546634 -2.555348
v -5.469107 2.553821 -2.553945
v -5.468360 2.561123 -2.552874
v -5.467740 2.568513 -2.552141
v -5.474907 2.568614 -2.549679
v -5.482130 2.568703 -2.547608
v -5.489378 2.568776 -2.545926
v -5.496637 2.568840 -2.544648
v -5.503864 2.568891 -2.543768
v -5.511037 2.568929 -2.543287
v -5.518128 2.568952 -2.543210
v -5.525113 2.568958 -2.543539
v -5.525833 2.561752 -2.544412
v -5.526718 2.554531 -2.545681
v -5.527779 2.547286 -2.547357
v -5.529016 2.540032 -2.549440
v -5.530405 2.532789 -2.551901
v -5.531961 2.525594 -2.554744
v -5.533664 2.518499 -2.557937
v -5.526085 2.518686 -2.557316
v -5.518512 2.518870 -2.557070
v -5.510984 2.519046 -2.557215
v -5.503523 2.519213 -2.557762
v -5.496145 2.519363 -2.558719
v -5.488864 2.519495 -2.560103
v -5.481677 2.519601 -2.561918
v -5.480398 2.526086 -2.559198
v -5.479219 2.532793 -2.556785
v -5.478135 2.539693 -2.554687
v -5.477169 2.546756 -2.552932
v -5.476297 2.553948 -2.551503
v -5.475543 2.561245 -2.550419
v -5.482772 2.561352 -2.548354
v -5.490033 2.561448 -2.546691
v -5.497295 2.561534 -2.545430
v -5.504527 2.561609 -2.544567
v -5.511717 2.561673 -2.544113
v -5.518820 2.561721 -2.544056
v -5.519671 2.554486 -2.545304
v -5.520668 2.547247 -2.546945
v -5.521813 2.540018 -2.548977
v -5.523105 2.532822 -2.551400
v -5.524525 2.525697 -2.554180
v -5.517076 2.525788 -2.554008
v -5.509634 2.525873 -2.554221
v -5.502233 2.525947 -2.554841
v -5.494886 2.526008 -2.555874
v -5.487605 2.526057 -2.557322
v -5.486441 2.532828 -2.554853
v -5.485369 2.539772 -2.552711
v -5.484404 2.546860 -2.550914
v -5.483537 2.554063 -2.549460
v -5.490803 2.554167 -2.547824
v -5.498067 2.554264 -2.546583
v -5.505319 2.554349 -2.545753
v -5.512532 2.554424 -2.545331
v -5.513479 2.547191 -2.546933
v -5.514558 2.539987 -2.548921
v -5.515756 2.532843 -2.551283
v -5.508392 2.532853 -2.551562
v -5.501041 2.532855 -2.552250
v -5.493719 2.532847 -2.553345
v -5.492647 2.539840 -2.551151
v -5.491673 2.546957 -2.549308
v -5.498957 2.547044 -2.548111
v -5.506235 2.547122 -2.547321
v -5.507257 2.539947 -2.549257
v -5.499948 2.539898 -2.550001
vt 0.817440 0.286366
vt 0.800420 0.281542
vt 0.091322 0.282949
vt 0.765330 0.274401
vt 0.800287 0.281517
vt 0.800284 0.281542
vt 0.765297 0.098391
vt 0.338483 0.280959
vt 0.267382 0.282905
vt 0.302320 0.282734
vt 0.798200 0.286304
vt 0.091369 0.458913
vt 0.267382 0.458913
vt 0.091369 0.462375
vt 0.798497 0.458903
vt 0.800217 0.463749
vt 0.710772 0.286354
vt 0.710910 0.458910
vt 0.676400 0.286356
vt 0.710848 0.278408
vt 0.674679 0.281534
vt 0.711072 0.098397
vt 0.674679 0.281521
vt 0.674577 0.281536
vt 0.091324 0.464372
vt 0.283765 0.458914
vt 0.267382 0.464329
vt 0.302105 0.462542
vt 0.302252 0.462556
vt 0.302249 0.462542
vt 0.337815 0.464378
vt 0.710910 0.470879
vt 0.710752 0.646903
vt 0.639875 0.464329
vt 0.710924 0.463452
vt 0.674765 0.463752
vt 0.656232 0.286361
vt 0.656258 0.458914
vt 0.639875 0.286365
vt 0.463862 0.286367
vt 0.447453 0.286371
vt 0.463869 0.280948
vt 0.445659 0.282739
vt 0.445659 0.282729
vt 0.445526 0.282740
vt 0.463861 0.458914
vt 0.639874 0.462375
vt 0.392986 0.464335
vt 0.463857 0.462376
vt 0.445726 0.462552
vt 0.427075 0.286376
vt 0.427334 0.458924
vt 0.337929 0.282959
vt 0.392685 0.286381
vt 0.304498 0.458976
vt 0.338560 0.286381
vt 0.338421 0.458917
vt 0.392987 0.462381
vt 0.338406 0.462372
vt 0.091369 0.280950
vt 0.267427 0.280907
vt 0.817840 0.458971
vt 0.765329 0.278410
vt 0.765329 0.281840
vt 0.710213 0.281906
vt 0.267429 0.462330
vt 0.765206 0.463443
vt 0.765253 0.466849
vt 0.710320 0.466929
vt 0.639874 0.280950
vt 0.639874 0.282905
vt 0.463819 0.282950
vt 0.676980 0.458975
vt 0.463806 0.464372
vt 0.392662 0.280957
vt 0.392662 0.282915
vt 0.447960 0.458981
vt 0.283790 0.286371
vt 0.304170 0.286376
vt 0.765328 0.286361
vt 0.765163 0.458901
vt 0.639874 0.458913
vt 0.392982 0.458927
vt 0.267381 0.286367
vt 0.091369 0.286366
vt 0.765297 0.470881
vt 0.765330 0.646896
vt 0.710913 0.274400
vt 0.091272 0.286514
vt 0.091127 0.286732
vt 0.090918 0.287039
vt 0.090639 0.287447
vt 0.090285 0.287955
vt 0.831237 0.288566
vt 0.089855 0.288566
vt 0.829630 0.288263
vt 0.827770 0.287926
vt 0.825634 0.287564
vt 0.823206 0.287184
vt 0.820474 0.286786
vt 0.817771 0.286038
vt 0.817836 0.285707
vt 0.817626 0.285369
vt 0.817132 0.285021
vt 0.816347 0.284661
vt 0.815262 0.284284
vt 0.813866 0.283889
vt 0.812145 0.283474
vt 0.810081 0.283038
vt 0.807641 0.282579
vt 0.804731 0.282095
vt 0.805041 0.281707
vt 0.808390 0.281818
vt 0.811403 0.281916
vt 0.814156 0.281999
vt 0.816660 0.282063
vt 0.089854 0.283058
vt 0.818909 0.282101
vt 0.090102 0.283113
vt 0.090346 0.283138
vt 0.090587 0.283135
vt 0.090828 0.283104
vt 0.091071 0.283043
vt 0.091340 0.283489
vt 0.091357 0.283981
vt 0.091370 0.284431
vt 0.091381 0.284839
vt 0.091388 0.285198
vt 0.091391 0.285499
vt 0.091390 0.285746
vt 0.091386 0.285944
vt 0.091381 0.286098
vt 0.091375 0.286216
vt 0.091371 0.286301
vt 0.765330 0.278045
vt 0.765331 0.277686
vt 0.765331 0.277334
vt 0.765332 0.276989
vt 0.765332 0.276649
vt 0.765332 0.276315
vt 0.765332 0.275988
vt 0.765332 0.275665
vt 0.765332 0.275347
vt 0.765331 0.275030
vt 0.765330 0.274715
vt 0.768650 0.274479
vt 0.771959 0.274527
vt 0.775243 0.274545
vt 0.778492 0.274537
vt 0.781691 0.274500
vt 0.091330 0.279517
vt 0.784829 0.274439
vt 0.091335 0.279795
vt 0.091339 0.280062
vt 0.091345 0.280315
vt 0.091352 0.280548
vt 0.091360 0.280761
vt 0.091132 0.281027
vt 0.090894 0.281103
vt 0.090652 0.281180
vt 0.090400 0.281258
vt 0.090135 0.281338
vt 0.803135 0.279237
vt 0.089854 0.281419
vt 0.802857 0.279586
vt 0.802539 0.279953
vt 0.802161 0.280334
vt 0.801683 0.280726
vt 0.801003 0.281120
vt 0.799654 0.281086
vt 0.796918 0.280533
vt 0.793831 0.279966
vt 0.790648 0.279419
vt 0.787454 0.278944
vt 0.784280 0.278641
vt 0.780990 0.278626
vt 0.777785 0.278555
vt 0.774644 0.278497
vt 0.771538 0.278459
vt 0.768441 0.278440
vt 0.765390 0.098143
vt 0.765488 0.097895
vt 0.765592 0.097645
vt 0.765702 0.097392
vt 0.765820 0.097135
vt 0.337791 0.279517
vt 0.765944 0.096875
vt 0.337913 0.279745
vt 0.338032 0.279978
vt 0.338149 0.280216
vt 0.338263 0.280459
vt 0.338374 0.280706
vt 0.334642 0.280931
vt 0.331217 0.280952
vt 0.327893 0.280975
vt 0.324620 0.280999
vt 0.321373 0.281031
vt 0.318073 0.281150
vt 0.314642 0.281471
vt 0.311286 0.281806
vt 0.308080 0.282127
vt 0.305107 0.282428
vt 0.302670 0.282680
vt 0.301301 0.282534
vt 0.300738 0.282302
vt 0.300356 0.282064
vt 0.300080 0.281827
vt 0.299866 0.281595
vt 0.268897 0.281370
vt 0.299685 0.281370
vt 0.268648 0.281287
vt 0.268406 0.281205
vt 0.268166 0.281125
vt 0.267926 0.281049
vt 0.267680 0.280977
vt 0.267431 0.280725
vt 0.267433 0.280519
vt 0.267433 0.280292
vt 0.267433 0.280048
vt 0.267432 0.279788
vt 0.784829 0.098340
vt 0.267429 0.279517
vt 0.781739 0.098344
vt 0.778575 0.098349
vt 0.775345 0.098356
vt 0.772050 0.098365
vt 0.768700 0.098376
vt 0.281017 0.286401
vt 0.278542 0.286423
vt 0.276370 0.286440
vt 0.274491 0.286454
vt 0.272875 0.286459
vt 0.271494 0.286455
vt 0.270330 0.286443
vt 0.269371 0.286426
vt 0.268616 0.286407
vt 0.268047 0.286390
vt 0.267651 0.286377
vt 0.267386 0.286292
vt 0.267393 0.286195
vt 0.267405 0.286063
vt 0.267420 0.285891
vt 0.267437 0.285677
vt 0.267453 0.285419
vt 0.267460 0.285112
vt 0.267454 0.284757
vt 0.267437 0.284357
vt 0.267417 0.283917
vt 0.267399 0.283435
vt 0.267643 0.283002
vt 0.267895 0.283064
vt 0.268142 0.283095
vt 0.268388 0.283096
vt 0.268638 0.283070
vt 0.282620 0.283015
vt 0.268897 0.283015
vt 0.285011 0.283029
vt 0.287677 0.283026
vt 0.290616 0.283007
vt 0.293851 0.282971
vt 0.297489 0.282906
vt 0.297738 0.283227
vt 0.294608 0.283584
vt 0.291976 0.283905
vt 0.289730 0.284202
vt 0.287832 0.284484
vt 0.286268 0.284755
vt 0.285033 0.285018
vt 0.284126 0.285279
vt 0.283549 0.285542
vt 0.283302 0.285809
vt 0.283384 0.286084
vt 0.765329 0.285966
vt 0.765329 0.285573
vt 0.765330 0.285181
vt 0.765330 0.284791
vt 0.765331 0.284405
vt 0.765331 0.284023
vt 0.765331 0.283646
vt 0.765331 0.283272
vt 0.765331 0.282904
vt 0.765330 0.282543
vt 0.765330 0.282189
vt 0.768458 0.281591
vt 0.771571 0.281476
vt 0.774691 0.281388
vt 0.777847 0.281313
vt 0.781098 0.281281
vt 0.784528 0.281369
vt 0.787436 0.281140
vt 0.790509 0.281158
vt 0.793634 0.281279
vt 0.796705 0.281422
vt 0.799460 0.281545
vt 0.800459 0.281969
vt 0.800554 0.282389
vt 0.800453 0.282794
vt 0.800250 0.283187
vt 0.799992 0.283573
vt 0.799707 0.283953
vt 0.799414 0.284332
vt 0.799125 0.284711
vt 0.798852 0.285095
vt 0.798603 0.285487
vt 0.798384 0.285888
vt 0.796125 0.286221
vt 0.793898 0.286148
vt 0.791528 0.286090
vt 0.789023 0.286049
vt 0.786392 0.286029
vt 0.783639 0.286028
vt 0.780751 0.286020
vt 0.777767 0.286033
vt 0.774716 0.286073
vt 0.771613 0.286140
vt 0.768478 0.286237
vt 0.091379 0.458977
vt 0.091390 0.459061
vt 0.091401 0.459177
vt 0.091411 0.459331
vt 0.091418 0.459529
vt 0.091421 0.459779
vt 0.091420 0.460088
vt 0.091415 0.460454
vt 0.091407 0.460871
vt 0.091396 0.461328
vt 0.091383 0.461827
vt 0.091108 0.462280
vt 0.090855 0.462220
vt 0.090608 0.462191
vt 0.090362 0.462191
vt 0.090112 0.462219
vt 0.818409 0.463269
vt 0.089854 0.462274
vt 0.816201 0.463320
vt 0.813746 0.463392
vt 0.811051 0.463476
vt 0.808105 0.463564
vt 0.804836 0.463650
vt 0.804589 0.463183
vt 0.807487 0.462686
vt 0.809953 0.462230
vt 0.812076 0.461809
vt 0.813883 0.461418
vt 0.815382 0.461050
vt 0.816575 0.460699
vt 0.817458 0.460358
vt 0.818029 0.460020
vt 0.818285 0.459679
vt 0.818222 0.459331
vt 0.820795 0.458511
vt 0.823446 0.458075
vt 0.825801 0.457661
vt 0.827870 0.457267
vt 0.829673 0.456902
vt 0.089855 0.456573
vt 0.831237 0.456573
vt 0.090283 0.457229
vt 0.090635 0.457773
vt 0.090914 0.458207
vt 0.091122 0.458532
vt 0.091269 0.458760
vt 0.765200 0.463092
vt 0.765195 0.462735
vt 0.765190 0.462371
vt 0.765185 0.462001
vt 0.765181 0.461625
vt 0.765177 0.461245
vt 0.765174 0.460862
vt 0.765171 0.460474
vt 0.765168 0.460083
vt 0.765166 0.459690
vt 0.765164 0.459295
vt 0.768313 0.459019
vt 0.771449 0.459110
vt 0.774554 0.459173
vt 0.777614 0.459208
vt 0.780610 0.459217
vt 0.783527 0.459203
vt 0.786333 0.459196
vt 0.789028 0.459171
vt 0.791603 0.459127
vt 0.794046 0.459065
vt 0.796348 0.458989
vt 0.798768 0.459274
vt 0.799041 0.459644
vt 0.799314 0.460016
vt 0.799584 0.460395
vt 0.799848 0.460782
vt 0.800099 0.461180
vt 0.800326 0.461589
vt 0.800514 0.462008
vt 0.800639 0.462436
vt 0.800653 0.462872
vt 0.800446 0.463312
vt 0.799620 0.463734
vt 0.797333 0.463799
vt 0.794560 0.463900
vt 0.791618 0.464006
vt 0.788588 0.464050
vt 0.785542 0.463914
vt 0.782257 0.463930
vt 0.778883 0.463938
vt 0.775501 0.463877
vt 0.772093 0.463796
vt 0.768658 0.463691
vt 0.707551 0.286234
vt 0.704344 0.286141
vt 0.701165 0.286076
vt 0.698032 0.286039
vt 0.694958 0.286029
vt 0.691956 0.286042
vt 0.689051 0.286051
vt 0.686252 0.286077
vt 0.683574 0.286124
vt 0.681030 0.286188
vt 0.678636 0.286267
vt 0.676115 0.285987
vt 0.675832 0.285619
vt 0.675551 0.285249
vt 0.675276 0.284872
vt 0.675011 0.284487
vt 0.674764 0.284092
vt 0.674545 0.283686
vt 0.674370 0.283270
vt 0.674264 0.282844
vt 0.674268 0.282409
vt 0.674460 0.281968
vt 0.675738 0.281495
vt 0.678829 0.281364
vt 0.682007 0.281241
vt 0.685147 0.281155
vt 0.688227 0.281163
vt 0.691230 0.281343
vt 0.694236 0.281304
vt 0.697240 0.281353
vt 0.700297 0.281436
vt 0.703452 0.281532
vt 0.706742 0.281655
vt 0.710223 0.282244
vt 0.710241 0.282589
vt 0.710265 0.282940
vt 0.710297 0.283299
vt 0.710335 0.283665
vt 0.710379 0.284035
vt 0.710430 0.284412
vt 0.710487 0.284794
vt 0.710551 0.285181
vt 0.710619 0.285570
vt 0.710693 0.285961
vt 0.639883 0.280760
vt 0.639889 0.280547
vt 0.639895 0.280312
vt 0.639899 0.280060
vt 0.639902 0.279794
vt 0.691400 0.274430
vt 0.639904 0.279517
vt 0.694540 0.274494
vt 0.697740 0.274532
vt 0.700991 0.274542
vt 0.704279 0.274524
vt 0.707589 0.274478
vt 0.710940 0.274715
vt 0.710961 0.275030
vt 0.710976 0.275347
vt 0.710986 0.275666
vt 0.710989 0.275989
vt 0.710987 0.276317
vt 0.710978 0.276650
vt 0.710964 0.276989
vt 0.710943 0.277335
vt 0.710917 0.277686
vt 0.710886 0.278044
vt 0.707343 0.278434
vt 0.703973 0.278442
vt 0.700719 0.278471
vt 0.697557 0.278521
vt 0.694463 0.278581
vt 0.691399 0.278632
vt 0.688173 0.278976
vt 0.684922 0.279444
vt 0.681686 0.279970
vt 0.678494 0.280519
vt 0.675503 0.281067
vt 0.673806 0.281121
vt 0.673229 0.280717
vt 0.672787 0.280320
vt 0.672420 0.279935
vt 0.672098 0.279566
vt 0.641389 0.281406
vt 0.671808 0.279215
vt 0.641111 0.281325
vt 0.640848 0.281246
vt 0.640596 0.281170
vt 0.640352 0.281095
vt 0.640113 0.281022
vt 0.765297 0.470567
vt 0.765296 0.470252
vt 0.765295 0.469935
vt 0.765292 0.469614
vt 0.765289 0.469288
vt 0.765286 0.468959
vt 0.765282 0.468622
vt 0.765277 0.468281
vt 0.765272 0.467933
vt 0.765266 0.467578
vt 0.765260 0.467216
vt 0.768780 0.466841
vt 0.772288 0.466841
vt 0.775763 0.466820
vt 0.779191 0.466787
vt 0.782550 0.466764
vt 0.785824 0.466656
vt 0.789027 0.466251
vt 0.792114 0.465757
vt 0.795044 0.465233
vt 0.797732 0.464711
vt 0.799880 0.464210
vt 0.800980 0.464189
vt 0.801537 0.464612
vt 0.801885 0.465023
vt 0.802130 0.465418
vt 0.802319 0.465798
vt 0.089854 0.463929
vt 0.802482 0.466161
vt 0.090102 0.464007
vt 0.090344 0.464085
vt 0.090585 0.464160
vt 0.090826 0.464233
vt 0.091072 0.464304
vt 0.091323 0.464556
vt 0.091323 0.464763
vt 0.091325 0.464990
vt 0.091329 0.465234
vt 0.091334 0.465493
vt 0.784829 0.470852
vt 0.091342 0.465763
vt 0.781697 0.470788
vt 0.778496 0.470749
vt 0.775243 0.470739
vt 0.771948 0.470756
vt 0.768628 0.470803
vt 0.267659 0.458900
vt 0.268055 0.458885
vt 0.268620 0.458867
vt 0.269375 0.458848
vt 0.270332 0.458831
vt 0.271492 0.458820
vt 0.272870 0.458818
vt 0.274482 0.458826
vt 0.276360 0.458841
vt 0.278529 0.458860
vt 0.280998 0.458883
vt 0.283427 0.459170
vt 0.283371 0.459425
vt 0.283609 0.459682
vt 0.284151 0.459944
vt 0.285007 0.460214
vt 0.286185 0.460492
vt 0.287698 0.460780
vt 0.289559 0.461079
vt 0.291787 0.461389
vt 0.294416 0.461713
vt 0.297542 0.462063
vt 0.297216 0.462330
vt 0.293627 0.462259
vt 0.290389 0.462221
vt 0.287425 0.462204
vt 0.284727 0.462209
vt 0.268897 0.462233
vt 0.282301 0.462233
vt 0.268650 0.462175
vt 0.268406 0.462147
vt 0.268164 0.462149
vt 0.267923 0.462179
vt 0.267679 0.462238
vt 0.267443 0.461808
vt 0.267459 0.461334
vt 0.267476 0.460900
vt 0.267491 0.460507
vt 0.267494 0.460158
vt 0.267484 0.459857
vt 0.267466 0.459602
vt 0.267445 0.459391
vt 0.267426 0.459221
vt 0.267409 0.459088
vt 0.267395 0.458991
vt 0.303053 0.462609
vt 0.305829 0.462885
vt 0.308892 0.463197
vt 0.312030 0.463518
vt 0.315191 0.463844
vt 0.318293 0.464147
vt 0.321403 0.464260
vt 0.324475 0.464306
vt 0.327574 0.464338
vt 0.330754 0.464364
vt 0.334080 0.464383
vt 0.337740 0.464619
vt 0.337674 0.464855
vt 0.337615 0.465089
vt 0.337565 0.465317
vt 0.337523 0.465541
vt 0.766247 0.648409
vt 0.337489 0.465763
vt 0.766106 0.648153
vt 0.765959 0.647899
vt 0.765808 0.647646
vt 0.765653 0.647395
vt 0.765493 0.647145
vt 0.768680 0.646900
vt 0.771994 0.646900
vt 0.775269 0.646896
vt 0.778502 0.646888
vt 0.781691 0.646876
vt 0.267349 0.465763
vt 0.784829 0.646860
vt 0.267364 0.465489
vt 0.267374 0.465224
vt 0.267380 0.464972
vt 0.267383 0.464737
vt 0.267384 0.464522
vt 0.267621 0.464261
vt 0.267861 0.464192
vt 0.268105 0.464122
vt 0.268357 0.464050
vt 0.268620 0.463977
vt 0.299627 0.463904
vt 0.268897 0.463904
vt 0.299892 0.463680
vt 0.300186 0.463450
vt 0.300529 0.463216
vt 0.300963 0.462985
vt 0.301591 0.462771
vt 0.707586 0.470807
vt 0.704275 0.470764
vt 0.700985 0.470751
vt 0.697736 0.470766
vt 0.694536 0.470808
vt 0.639875 0.465763
vt 0.691398 0.470879
vt 0.639882 0.465488
vt 0.639886 0.465222
vt 0.639886 0.464970
vt 0.639885 0.464735
vt 0.639881 0.464521
vt 0.640113 0.464258
vt 0.640351 0.464186
vt 0.640594 0.464114
vt 0.640847 0.464039
vt 0.641111 0.463964
vt 0.671952 0.466089
vt 0.641389 0.463888
vt 0.672236 0.465735
vt 0.672556 0.465362
vt 0.672931 0.464973
vt 0.673400 0.464571
vt 0.674055 0.464164
vt 0.675522 0.464214
vt 0.678318 0.464765
vt 0.681386 0.465318
vt 0.684529 0.465855
vt 0.687694 0.466336
vt 0.690811 0.466660
vt 0.693868 0.466766
vt 0.696962 0.466825
vt 0.700138 0.466876
vt 0.703407 0.466910
vt 0.706788 0.466923
vt 0.710334 0.467284
vt 0.710354 0.467633
vt 0.710382 0.467978
vt 0.710417 0.468315
vt 0.710458 0.468647
vt 0.710505 0.468976
vt 0.710559 0.469300
vt 0.710619 0.469620
vt 0.710684 0.469938
vt 0.710755 0.470253
vt 0.710830 0.470567
vt 0.674387 0.463300
vt 0.674337 0.462858
vt 0.674445 0.462424
vt 0.674641 0.461999
vt 0.674891 0.461586
vt 0.675173 0.461186
vt 0.675471 0.460797
vt 0.675777 0.460420
vt 0.676083 0.460053
vt 0.676387 0.459692
vt 0.676686 0.459334
vt 0.679145 0.459059
vt 0.681469 0.459133
vt 0.683940 0.459192
vt 0.686549 0.459234
vt 0.689283 0.459253
vt 0.692134 0.459254
vt 0.695107 0.459260
vt 0.698168 0.459245
vt 0.701297 0.459204
vt 0.704476 0.459135
vt 0.707686 0.459037
vt 0.710942 0.459304
vt 0.710969 0.459698
vt 0.710990 0.460090
vt 0.711006 0.460481
vt 0.711016 0.460869
vt 0.711020 0.461253
vt 0.711018 0.461632
vt 0.711011 0.462009
vt 0.710998 0.462378
vt 0.710979 0.462743
vt 0.710954 0.463101
vt 0.707779 0.463693
vt 0.704643 0.463810
vt 0.701501 0.463899
vt 0.698335 0.463973
vt 0.695115 0.464015
vt 0.691788 0.463964
vt 0.688667 0.464158
vt 0.685391 0.464151
vt 0.682049 0.464037
vt 0.678748 0.463895
vt 0.675738 0.463767
vt 0.653467 0.286383
vt 0.651000 0.286404
vt 0.648835 0.286423
vt 0.646962 0.286439
vt 0.645351 0.286448
vt 0.643977 0.286446
vt 0.642819 0.286436
vt 0.641863 0.286420
vt 0.641107 0.286403
vt 0.640535 0.286387
vt 0.640138 0.286375
vt 0.639882 0.286292
vt 0.639891 0.286194
vt 0.639904 0.286061
vt 0.639920 0.285889
vt 0.639937 0.285676
vt 0.639952 0.285417
vt 0.639959 0.285110
vt 0.639952 0.284755
vt 0.639933 0.284356
vt 0.639913 0.283916
vt 0.639894 0.283434
vt 0.640120 0.282994
vt 0.640366 0.283056
vt 0.640616 0.283091
vt 0.640870 0.283100
vt 0.641129 0.283081
vt 0.654946 0.282055
vt 0.641389 0.283031
vt 0.657327 0.282044
vt 0.659985 0.282003
vt 0.662923 0.281933
vt 0.666166 0.281838
vt 0.669833 0.281713
vt 0.669997 0.282050
vt 0.666757 0.282511
vt 0.664069 0.282950
vt 0.661815 0.283372
vt 0.659949 0.283779
vt 0.658446 0.284174
vt 0.657285 0.284557
vt 0.656455 0.284930
vt 0.655945 0.285295
vt 0.655745 0.285653
vt 0.655845 0.286007
vt 0.463599 0.286377
vt 0.463212 0.286391
vt 0.462647 0.286409
vt 0.461894 0.286429
vt 0.460940 0.286449
vt 0.459779 0.286463
vt 0.458403 0.286471
vt 0.456793 0.286469
vt 0.454915 0.286460
vt 0.452746 0.286444
vt 0.450269 0.286416
vt 0.448468 0.286150
vt 0.449224 0.285928
vt 0.449743 0.285702
vt 0.450044 0.285469
vt 0.450144 0.285228
vt 0.450061 0.284977
vt 0.449814 0.284713
vt 0.449420 0.284433
vt 0.448891 0.284133
vt 0.448225 0.283803
vt 0.447372 0.283419
vt 0.449049 0.283178
vt 0.451349 0.283315
vt 0.453278 0.283396
vt 0.454941 0.283446
vt 0.456395 0.283472
vt 0.457685 0.283475
vt 0.458847 0.283457
vt 0.459914 0.283415
vt 0.460916 0.283346
vt 0.461882 0.283249
vt 0.462840 0.283118
vt 0.463672 0.283502
vt 0.463619 0.283988
vt 0.463616 0.284419
vt 0.463631 0.284806
vt 0.463656 0.285147
vt 0.463689 0.285443
vt 0.463727 0.285693
vt 0.463763 0.285900
vt 0.463796 0.286067
vt 0.463822 0.286197
vt 0.463844 0.286292
vt 0.392844 0.280705
vt 0.393022 0.280457
vt 0.393196 0.280215
vt 0.393366 0.279977
vt 0.393533 0.279745
vt 0.710040 0.096882
vt 0.393696 0.279517
vt 0.710217 0.097141
vt 0.710392 0.097398
vt 0.710564 0.097651
vt 0.710735 0.097902
vt 0.710904 0.098150
vt 0.707636 0.098393
vt 0.704271 0.098391
vt 0.700976 0.098390
vt 0.697754 0.098390
vt 0.694609 0.098391
vt 0.463866 0.279517
vt 0.691547 0.098392
vt 0.463069 0.279905
vt 0.462637 0.280233
vt 0.462549 0.280497
vt 0.462755 0.280700
vt 0.463207 0.280848
vt 0.462578 0.281108
vt 0.461326 0.281267
vt 0.460090 0.281427
vt 0.458848 0.281589
vt 0.457577 0.281753
vt 0.456252 0.281920
vt 0.454850 0.282087
vt 0.453345 0.282252
vt 0.451707 0.282411
vt 0.449895 0.282550
vt 0.447831 0.282643
vt 0.446965 0.283127
vt 0.446842 0.283040
vt 0.446369 0.282817
vt 0.445711 0.282465
vt 0.445122 0.281884
vt 0.412188 0.280949
vt 0.447505 0.280949
vt 0.408991 0.281047
vt 0.405886 0.281026
vt 0.402773 0.280995
vt 0.399645 0.280965
vt 0.396420 0.280939
vt 0.639894 0.461845
vt 0.639913 0.461364
vt 0.639933 0.460924
vt 0.639951 0.460524
vt 0.639958 0.460169
vt 0.639951 0.459862
vt 0.639936 0.459602
vt 0.639918 0.459387
vt 0.639903 0.459216
vt 0.639890 0.459084
vt 0.639881 0.458988
vt 0.640138 0.458901
vt 0.640539 0.458885
vt 0.641111 0.458867
vt 0.641868 0.458849
vt 0.642823 0.458832
vt 0.643984 0.458822
vt 0.645360 0.458820
vt 0.646975 0.458829
vt 0.648852 0.458846
vt 0.651021 0.458867
vt 0.653490 0.458889
vt 0.655914 0.459239
vt 0.655857 0.459565
vt 0.656099 0.459897
vt 0.656649 0.460240
vt 0.657518 0.460597
vt 0.658717 0.460972
vt 0.660257 0.461368
vt 0.662153 0.461787
vt 0.664427 0.462231
vt 0.667119 0.462700
vt 0.670348 0.463200
vt 0.669986 0.463599
vt 0.666349 0.463489
vt 0.663074 0.463395
vt 0.660091 0.463318
vt 0.657393 0.463263
vt 0.641389 0.462252
vt 0.654991 0.463232
vt 0.641108 0.462210
vt 0.640842 0.462194
vt 0.640590 0.462202
vt 0.640347 0.462233
vt 0.640111 0.462290
vt 0.710601 0.647151
vt 0.710449 0.647400
vt 0.710297 0.647651
vt 0.710144 0.647903
vt 0.709990 0.648158
vt 0.393901 0.465763
vt 0.709835 0.648416
vt 0.393756 0.465536
vt 0.393608 0.465304
vt 0.393457 0.465069
vt 0.393303 0.464828
vt 0.393145 0.464583
vt 0.396663 0.464303
vt 0.399884 0.464237
vt 0.403024 0.464175
vt 0.406161 0.464116
vt 0.409324 0.464054
vt 0.443896 0.463985
vt 0.412485 0.463985
vt 0.445179 0.463260
vt 0.445426 0.462697
vt 0.445891 0.462400
vt 0.446177 0.462258
vt 0.445996 0.462293
vt 0.446791 0.462722
vt 0.448395 0.462913
vt 0.450084 0.463090
vt 0.451753 0.463253
vt 0.453367 0.463407
vt 0.454922 0.463555
vt 0.456427 0.463699
vt 0.457895 0.463841
vt 0.459345 0.463981
vt 0.460800 0.464117
vt 0.462279 0.464248
vt 0.463191 0.464472
vt 0.462779 0.464617
vt 0.462606 0.464814
vt 0.462711 0.465070
vt 0.463135 0.465389
vt 0.691252 0.646884
vt 0.463870 0.465763
vt 0.694329 0.646890
vt 0.697481 0.646896
vt 0.700704 0.646900
vt 0.703992 0.646903
vt 0.707342 0.646904
vt 0.445748 0.462551
vt 0.445748 0.462551
vt 0.445748 0.462551
vt 0.445748 0.462551
vt 0.445748 0.462551
vt 0.446117 0.462188
vt 0.446945 0.461666
vt 0.447647 0.461120
vt 0.448115 0.460574
vt 0.448325 0.460035
vt 0.448274 0.459504
vt 0.450666 0.458933
vt 0.453056 0.458900
vt 0.455146 0.458878
vt 0.456959 0.458864
vt 0.458520 0.458858
vt 0.459859 0.458860
vt 0.460990 0.458869
vt 0.461919 0.458882
vt 0.462657 0.458895
vt 0.463214 0.458906
vt 0.463595 0.458912
vt 0.463849 0.458988
vt 0.463832 0.459083
vt 0.463808 0.459212
vt 0.463776 0.459381
vt 0.463738 0.459593
vt 0.463698 0.459848
vt 0.463661 0.460148
vt 0.463633 0.460497
vt 0.463613 0.460889
vt 0.463615 0.461327
vt 0.463677 0.461820
vt 0.462568 0.462322
vt 0.461259 0.462298
vt 0.459889 0.462303
vt 0.458422 0.462338
vt 0.456833 0.462399
vt 0.455115 0.462477
vt 0.453312 0.462552
vt 0.451433 0.462612
vt 0.449501 0.462646
vt 0.447571 0.462634
vt 0.445748 0.462551
vt 0.425878 0.286428
vt 0.424312 0.286468
vt 0.422333 0.286494
vt 0.419898 0.286504
vt 0.416982 0.286499
vt 0.413637 0.286488
vt 0.410253 0.286485
vt 0.406821 0.286480
vt 0.403337 0.286469
vt 0.399812 0.286449
vt 0.396258 0.286420
vt 0.392686 0.286080
vt 0.392687 0.285781
vt 0.392687 0.285481
vt 0.392686 0.285184
vt 0.392685 0.284889
vt 0.392683 0.284597
vt 0.392681 0.284307
vt 0.392678 0.284020
vt 0.392675 0.283737
vt 0.392671 0.283459
vt 0.392667 0.283184
vt 0.396428 0.283068
vt 0.399960 0.283086
vt 0.403382 0.283059
vt 0.406724 0.282996
vt 0.409921 0.282890
vt 0.430253 0.282612
vt 0.412188 0.282612
vt 0.436309 0.283224
vt 0.439366 0.283508
vt 0.441627 0.283589
vt 0.443562 0.283553
vt 0.445129 0.283368
vt 0.444153 0.283131
vt 0.442695 0.283509
vt 0.441109 0.283843
vt 0.439478 0.284156
vt 0.437841 0.284455
vt 0.436218 0.284744
vt 0.434620 0.285026
vt 0.433054 0.285302
vt 0.431520 0.285574
vt 0.430015 0.285843
vt 0.428536 0.286110
vt 0.335325 0.286411
vt 0.332110 0.286433
vt 0.328927 0.286446
vt 0.325793 0.286449
vt 0.322720 0.286446
vt 0.319722 0.286439
vt 0.316818 0.286441
vt 0.314019 0.286441
vt 0.311341 0.286435
vt 0.308798 0.286422
vt 0.306405 0.286402
vt 0.303927 0.286098
vt 0.303673 0.285821
vt 0.303411 0.285542
vt 0.303145 0.285260
vt 0.302878 0.284972
vt 0.302619 0.284678
vt 0.302377 0.284378
vt 0.302169 0.284070
vt 0.302020 0.283754
vt 0.301975 0.283427
vt 0.302138 0.283082
vt 0.302931 0.283010
vt 0.305440 0.283077
vt 0.308430 0.283081
vt 0.311577 0.283050
vt 0.314808 0.282981
vt 0.318053 0.282861
vt 0.321297 0.282938
vt 0.324521 0.283048
vt 0.327752 0.283114
vt 0.331020 0.283139
vt 0.334363 0.283111
vt 0.337948 0.283220
vt 0.337974 0.283486
vt 0.338007 0.283758
vt 0.338046 0.284034
vt 0.338091 0.284315
vt 0.338143 0.284601
vt 0.338199 0.284891
vt 0.338262 0.285184
vt 0.338330 0.285481
vt 0.338402 0.285780
vt 0.338479 0.286080
vt 0.392990 0.462114
vt 0.392992 0.461842
vt 0.392994 0.461565
vt 0.392995 0.461284
vt 0.392996 0.460998
vt 0.392996 0.460709
vt 0.392995 0.460417
vt 0.392994 0.460123
vt 0.392992 0.459826
vt 0.392989 0.459528
vt 0.392986 0.459227
vt 0.396625 0.458884
vt 0.400252 0.458851
vt 0.403852 0.458828
vt 0.407413 0.458813
vt 0.410929 0.458804
vt 0.414386 0.458797
vt 0.417692 0.458787
vt 0.420508 0.458787
vt 0.422834 0.458801
vt 0.424711 0.458832
vt 0.426189 0.458875
vt 0.428586 0.459311
vt 0.429947 0.459693
vt 0.431402 0.460063
vt 0.432940 0.460412
vt 0.434551 0.460735
vt 0.436229 0.461024
vt 0.437924 0.461282
vt 0.439586 0.461538
vt 0.441201 0.461792
vt 0.442760 0.462042
vt 0.444240 0.462289
vt 0.444465 0.462092
vt 0.443315 0.461841
vt 0.441680 0.461772
vt 0.439631 0.461858
vt 0.436688 0.462143
vt 0.412485 0.462610
vt 0.429640 0.462610
vt 0.409525 0.462422
vt 0.406314 0.462323
vt 0.403080 0.462263
vt 0.399827 0.462232
vt 0.396502 0.462245
vt 0.302044 0.462190
vt 0.301932 0.461852
vt 0.302034 0.461541
vt 0.302251 0.461245
vt 0.302531 0.460960
vt 0.302844 0.460681
vt 0.303168 0.460405
vt 0.303488 0.460129
vt 0.303791 0.459852
vt 0.304065 0.459569
vt 0.304302 0.459278
vt 0.306663 0.458947
vt 0.308987 0.458923
vt 0.311458 0.458905
vt 0.314063 0.458893
vt 0.316792 0.458887
vt 0.319635 0.458883
vt 0.322609 0.458873
vt 0.325670 0.458866
vt 0.328801 0.458865
vt 0.331980 0.458873
vt 0.335192 0.458890
vt 0.338449 0.459217
vt 0.338472 0.459518
vt 0.338490 0.459816
vt 0.338502 0.460114
vt 0.338509 0.460409
vt 0.338511 0.460701
vt 0.338507 0.460990
vt 0.338497 0.461276
vt 0.338483 0.461557
vt 0.338462 0.461833
vt 0.338437 0.462105
vt 0.335216 0.462228
vt 0.332123 0.462206
vt 0.329058 0.462231
vt 0.325965 0.462290
vt 0.322778 0.462386
vt 0.319414 0.462505
vt 0.316349 0.462429
vt 0.313089 0.462354
vt 0.309732 0.462302
vt 0.306389 0.462273
vt 0.303326 0.462291
vt 0.091286 0.286434
vt 0.091161 0.286617
vt 0.090975 0.286882
vt 0.090717 0.287242
vt 0.090371 0.287698
vt 0.831237 0.288243
vt 0.089855 0.288243
vt 0.829935 0.287837
vt 0.828241 0.287432
vt 0.826144 0.287073
vt 0.823667 0.286749
vt 0.820883 0.286405
vt 0.820936 0.285999
vt 0.820641 0.285581
vt 0.820032 0.285166
vt 0.819149 0.284763
vt 0.818019 0.284366
vt 0.816640 0.283961
vt 0.814991 0.283547
vt 0.813040 0.283117
vt 0.810764 0.282668
vt 0.808132 0.282199
vt 0.811234 0.282292
vt 0.814115 0.282373
vt 0.816781 0.282440
vt 0.819231 0.282499
vt 0.089855 0.283326
vt 0.821488 0.282569
vt 0.090130 0.283365
vt 0.090388 0.283402
vt 0.090636 0.283446
vt 0.090875 0.283490
vt 0.091108 0.283513
vt 0.091128 0.283965
vt 0.091147 0.284404
vt 0.091166 0.284877
vt 0.091188 0.285344
vt 0.091216 0.285711
vt 0.091243 0.285965
vt 0.091264 0.286140
vt 0.091277 0.286266
vt 0.091286 0.286358
vt 0.091164 0.286530
vt 0.090986 0.286768
vt 0.090736 0.287084
vt 0.090385 0.287464
vt 0.831237 0.287808
vt 0.089855 0.287808
vt 0.830097 0.287314
vt 0.828497 0.286863
vt 0.826366 0.286541
vt 0.823794 0.286289
vt 0.823558 0.285827
vt 0.822963 0.285365
vt 0.822036 0.284912
vt 0.820827 0.284475
vt 0.819385 0.284053
vt 0.817736 0.283624
vt 0.815855 0.283192
vt 0.813698 0.282750
vt 0.816457 0.282823
vt 0.819047 0.282895
vt 0.821500 0.282973
vt 0.089855 0.283568
vt 0.823819 0.282992
vt 0.090136 0.283626
vt 0.090403 0.283711
vt 0.090656 0.283810
vt 0.090897 0.283899
vt 0.090918 0.284304
vt 0.090942 0.284815
vt 0.090974 0.285397
vt 0.091019 0.285867
vt 0.091073 0.286161
vt 0.091117 0.286333
vt 0.091147 0.286446
vt 0.090966 0.286671
vt 0.090712 0.286949
vt 0.090341 0.287243
vt 0.831237 0.287212
vt 0.089855 0.287212
vt 0.830158 0.286663
vt 0.828540 0.286224
vt 0.826256 0.286002
vt 0.825731 0.285515
vt 0.824845 0.285046
vt 0.823630 0.284589
vt 0.822140 0.284146
vt 0.820429 0.283715
vt 0.818542 0.283269
vt 0.821139 0.283354
vt 0.823646 0.283395
vt 0.089855 0.283791
vt 0.825969 0.283382
vt 0.090145 0.283887
vt 0.090420 0.284013
vt 0.090677 0.284150
vt 0.090701 0.284619
vt 0.090734 0.285297
vt 0.090784 0.285923
vt 0.090853 0.286331
vt 0.090921 0.286546
vt 0.090646 0.286766
vt 0.090275 0.286838
vt 0.831237 0.286438
vt 0.089855 0.286438
vt 0.830131 0.285878
vt 0.828293 0.285570
vt 0.827478 0.285090
vt 0.826303 0.284645
vt 0.824819 0.284212
vt 0.823082 0.283782
vt 0.825602 0.283803
vt 0.089855 0.283995
vt 0.827928 0.283738
vt 0.090157 0.284131
vt 0.090440 0.284314
vt 0.090465 0.284971
vt 0.090504 0.285779
vt 0.090566 0.286400
vt 0.090223 0.286183
vt 0.831237 0.285481
vt 0.089855 0.285480
vt 0.829927 0.285020
vt 0.828805 0.284588
vt 0.827336 0.284197
vt 0.089855 0.284177
vt 0.829686 0.284057
vt 0.090171 0.284398
vt 0.090191 0.285301
vt 0.831237 0.284339
vt 0.089855 0.284339
vt 0.768474 0.278076
vt 0.768507 0.277719
vt 0.768539 0.277369
vt 0.768569 0.277027
vt 0.768595 0.276691
vt 0.768616 0.276361
vt 0.768632 0.276038
vt 0.768644 0.275719
vt 0.768651 0.275405
vt 0.768654 0.275095
vt 0.768653 0.274786
vt 0.771966 0.274830
vt 0.775255 0.274847
vt 0.778510 0.274840
vt 0.781718 0.274800
vt 0.091090 0.279517
vt 0.784829 0.274680
vt 0.091098 0.279808
vt 0.091103 0.280085
vt 0.091109 0.280348
vt 0.091115 0.280592
vt 0.091123 0.280815
vt 0.090885 0.280872
vt 0.090642 0.280931
vt 0.090391 0.280994
vt 0.090129 0.281059
vt 0.800343 0.278731
vt 0.089854 0.281129
vt 0.800277 0.279092
vt 0.800189 0.279469
vt 0.800081 0.279859
vt 0.799958 0.280261
vt 0.799826 0.280672
vt 0.797031 0.280123
vt 0.793954 0.279560
vt 0.790781 0.279010
vt 0.787581 0.278516
vt 0.784385 0.278177
vt 0.781114 0.278232
vt 0.777901 0.278181
vt 0.774739 0.278132
vt 0.771604 0.278097
vt 0.771670 0.277742
vt 0.771734 0.277393
vt 0.771794 0.277052
vt 0.771846 0.276717
vt 0.771889 0.276389
vt 0.771923 0.276068
vt 0.771946 0.275752
vt 0.771961 0.275441
vt 0.771967 0.275134
vt 0.775258 0.275151
vt 0.778517 0.275144
vt 0.781733 0.275100
vt 0.090850 0.279517
vt 0.784829 0.274919
vt 0.090860 0.279820
vt 0.090866 0.280108
vt 0.090872 0.280381
vt 0.090878 0.280636
vt 0.090636 0.280682
vt 0.090386 0.280729
vt 0.090126 0.280779
vt 0.797468 0.278209
vt 0.089854 0.280830
vt 0.797406 0.278567
vt 0.797329 0.278938
vt 0.797239 0.279322
vt 0.797139 0.279718
vt 0.794075 0.279160
vt 0.790911 0.278607
vt 0.787706 0.278094
vt 0.784491 0.277715
vt 0.781236 0.277843
vt 0.778017 0.277812
vt 0.774834 0.277773
vt 0.774927 0.277420
vt 0.775012 0.277076
vt 0.775088 0.276738
vt 0.775149 0.276408
vt 0.775197 0.276085
vt 0.775230 0.275769
vt 0.775250 0.275458
vt 0.778511 0.275453
vt 0.781734 0.275406
vt 0.090609 0.279517
vt 0.784829 0.275160
vt 0.090619 0.279832
vt 0.090625 0.280130
vt 0.090630 0.280414
vt 0.090381 0.280448
vt 0.090123 0.280483
vt 0.794461 0.277663
vt 0.089854 0.280517
vt 0.794387 0.278020
vt 0.794296 0.278388
vt 0.794191 0.278769
vt 0.791039 0.278213
vt 0.787831 0.277682
vt 0.784596 0.277257
vt 0.781355 0.277462
vt 0.778129 0.277451
vt 0.778233 0.277098
vt 0.778324 0.276753
vt 0.778397 0.276416
vt 0.778453 0.276088
vt 0.778491 0.275767
vt 0.781719 0.275719
vt 0.090364 0.279517
vt 0.784829 0.275405
vt 0.090372 0.279843
vt 0.090377 0.280152
vt 0.090120 0.280173
vt 0.791340 0.277096
vt 0.089854 0.280193
vt 0.791257 0.277458
vt 0.791156 0.277830
vt 0.787945 0.277281
vt 0.784691 0.276804
vt 0.781464 0.277090
vt 0.781557 0.276729
vt 0.781631 0.276379
vt 0.781685 0.276042
vt 0.090113 0.279517
vt 0.784829 0.275656
vt 0.090117 0.279852
vt 0.788123 0.276513
vt 0.089854 0.279859
vt 0.788044 0.276891
vt 0.784770 0.276356
vt 0.089854 0.279517
vt 0.784829 0.275915
vt 0.768765 0.098131
vt 0.768836 0.097885
vt 0.768911 0.097637
vt 0.768992 0.097386
vt 0.769078 0.097132
vt 0.334567 0.279517
vt 0.769168 0.096874
vt 0.334618 0.279742
vt 0.334667 0.279971
vt 0.334713 0.280206
vt 0.334755 0.280445
vt 0.334792 0.280688
vt 0.331524 0.280708
vt 0.328339 0.280731
vt 0.325182 0.280755
vt 0.322033 0.280782
vt 0.318833 0.280862
vt 0.315404 0.281158
vt 0.311980 0.281496
vt 0.308648 0.281824
vt 0.305477 0.282134
vt 0.302705 0.282402
vt 0.302584 0.282127
vt 0.302505 0.281858
vt 0.302462 0.281597
vt 0.302451 0.281344
vt 0.268897 0.281101
vt 0.302470 0.281101
vt 0.268637 0.281028
vt 0.268387 0.280959
vt 0.268146 0.280895
vt 0.267908 0.280835
vt 0.267671 0.280778
vt 0.267672 0.280560
vt 0.267673 0.280323
vt 0.267673 0.280067
vt 0.267671 0.279797
vt 0.784829 0.098101
vt 0.267669 0.279517
vt 0.781746 0.098103
vt 0.778594 0.098107
vt 0.775377 0.098113
vt 0.772097 0.098121
vt 0.772147 0.097877
vt 0.772201 0.097631
vt 0.772257 0.097382
vt 0.772316 0.097130
vt 0.331360 0.279517
vt 0.772376 0.096874
vt 0.331393 0.279745
vt 0.331426 0.279977
vt 0.331460 0.280216
vt 0.331493 0.280459
vt 0.328305 0.280477
vt 0.325147 0.280495
vt 0.322005 0.280516
vt 0.318830 0.280583
vt 0.315381 0.280884
vt 0.311953 0.281219
vt 0.308623 0.281544
vt 0.305441 0.281853
vt 0.305426 0.281579
vt 0.305430 0.281314
vt 0.305450 0.281058
vt 0.268897 0.280811
vt 0.305482 0.280811
vt 0.268638 0.280754
vt 0.268388 0.280700
vt 0.268146 0.280651
vt 0.267909 0.280604
vt 0.267910 0.280355
vt 0.267910 0.280088
vt 0.267910 0.279808
vt 0.784829 0.097861
vt 0.267908 0.279517
vt 0.781758 0.097863
vt 0.778616 0.097866
vt 0.775411 0.097870
vt 0.775447 0.097626
vt 0.775484 0.097380
vt 0.775521 0.097129
vt 0.328179 0.279517
vt 0.775557 0.096874
vt 0.328206 0.279748
vt 0.328236 0.279985
vt 0.328270 0.280228
vt 0.325112 0.280241
vt 0.321980 0.280256
vt 0.318833 0.280308
vt 0.315365 0.280616
vt 0.311936 0.280949
vt 0.308609 0.281272
vt 0.308610 0.281007
vt 0.308624 0.280752
vt 0.268897 0.280506
vt 0.308647 0.280506
vt 0.268639 0.280464
vt 0.268390 0.280425
vt 0.268148 0.280389
vt 0.268148 0.280111
vt 0.268149 0.279819
vt 0.784829 0.097621
vt 0.268148 0.279517
vt 0.781770 0.097622
vt 0.778639 0.097623
vt 0.778662 0.097378
vt 0.778683 0.097128
vt 0.325035 0.279517
vt 0.778701 0.096873
vt 0.325056 0.279752
vt 0.325082 0.279993
vt 0.321960 0.280002
vt 0.318847 0.280039
vt 0.315359 0.280356
vt 0.311930 0.280687
vt 0.311936 0.280433
vt 0.268897 0.280187
vt 0.311951 0.280187
vt 0.268640 0.280160
vt 0.268391 0.280135
vt 0.268392 0.279831
vt 0.784829 0.097377
vt 0.268393 0.279517
vt 0.781782 0.097377
vt 0.781791 0.097128
vt 0.321940 0.279517
vt 0.781796 0.096873
vt 0.321947 0.279756
vt 0.318871 0.279775
vt 0.315363 0.280103
vt 0.268897 0.279857
vt 0.315377 0.279857
vt 0.268640 0.279844
vt 0.784829 0.097128
vt 0.268642 0.279517
vt 0.318906 0.279517
vt 0.268897 0.279517
vt 0.784829 0.096873
vt 0.280445 0.286110
vt 0.277833 0.286114
vt 0.275561 0.286130
vt 0.273766 0.286195
vt 0.272347 0.286273
vt 0.271103 0.286310
vt 0.270027 0.286320
vt 0.269145 0.286320
vt 0.268459 0.286317
vt 0.267956 0.286312
vt 0.267620 0.286306
vt 0.267636 0.286217
vt 0.267679 0.286095
vt 0.267731 0.285934
vt 0.267792 0.285731
vt 0.267848 0.285478
vt 0.267861 0.285161
vt 0.267784 0.284765
vt 0.267685 0.284335
vt 0.267645 0.283910
vt 0.267635 0.283463
vt 0.267872 0.283448
vt 0.268114 0.283412
vt 0.268365 0.283373
vt 0.268626 0.283337
vt 0.279739 0.283293
vt 0.268897 0.283293
vt 0.282212 0.283339
vt 0.284822 0.283355
vt 0.287644 0.283351
vt 0.290702 0.283329
vt 0.294020 0.283288
vt 0.291146 0.283613
vt 0.288667 0.283920
vt 0.286536 0.284212
vt 0.284723 0.284492
vt 0.283204 0.284763
vt 0.281976 0.285028
vt 0.281050 0.285291
vt 0.280462 0.285557
vt 0.280254 0.285829
vt 0.277479 0.285813
vt 0.275030 0.285809
vt 0.273224 0.285908
vt 0.271982 0.286064
vt 0.270883 0.286153
vt 0.269888 0.286189
vt 0.269066 0.286206
vt 0.268428 0.286216
vt 0.267965 0.286221
vt 0.268015 0.286101
vt 0.268097 0.285945
vt 0.268191 0.285747
vt 0.268275 0.285494
vt 0.268262 0.285151
vt 0.268075 0.284698
vt 0.267900 0.284248
vt 0.267867 0.283855
vt 0.268105 0.283775
vt 0.268355 0.283684
vt 0.268619 0.283603
vt 0.277152 0.283543
vt 0.268897 0.283543
vt 0.279636 0.283599
vt 0.282303 0.283635
vt 0.285076 0.283646
vt 0.288012 0.283637
vt 0.285654 0.283931
vt 0.283582 0.284212
vt 0.281760 0.284481
vt 0.280206 0.284743
vt 0.278949 0.285002
vt 0.278047 0.285263
vt 0.277551 0.285532
vt 0.274841 0.285483
vt 0.272803 0.285558
vt 0.271677 0.285793
vt 0.270763 0.285963
vt 0.269861 0.286036
vt 0.269086 0.286071
vt 0.268474 0.286092
vt 0.268565 0.285934
vt 0.268674 0.285731
vt 0.268746 0.285460
vt 0.268625 0.285056
vt 0.268277 0.284537
vt 0.268091 0.284113
vt 0.268340 0.283988
vt 0.268611 0.283868
vt 0.274761 0.283773
vt 0.268897 0.283773
vt 0.277271 0.283849
vt 0.279953 0.283897
vt 0.282768 0.283926
vt 0.280669 0.284192
vt 0.278819 0.284450
vt 0.277250 0.284701
vt 0.276028 0.284952
vt 0.275211 0.285209
vt 0.272563 0.285140
vt 0.271289 0.285399
vt 0.270644 0.285700
vt 0.269886 0.285839
vt 0.269164 0.285902
vt 0.269249 0.285679
vt 0.269224 0.285352
vt 0.268839 0.284828
vt 0.268352 0.284281
vt 0.268602 0.284115
vt 0.272581 0.283983
vt 0.268897 0.283983
vt 0.275128 0.284083
vt 0.277833 0.284151
vt 0.275967 0.284393
vt 0.274417 0.284630
vt 0.273250 0.284871
vt 0.270632 0.284777
vt 0.270319 0.285279
vt 0.269864 0.285560
vt 0.269545 0.285095
vt 0.268645 0.284369
vt 0.270623 0.284172
vt 0.268897 0.284172
vt 0.273248 0.284305
vt 0.271696 0.284523
vt 0.268897 0.284339
vt 0.768479 0.285833
vt 0.768481 0.285431
vt 0.768483 0.285031
vt 0.768483 0.284634
vt 0.768481 0.284239
vt 0.768478 0.283847
vt 0.768473 0.283460
vt 0.768466 0.283076
vt 0.768459 0.282698
vt 0.768451 0.282324
vt 0.768443 0.281955
vt 0.771541 0.281839
vt 0.774645 0.281753
vt 0.777782 0.281685
vt 0.781013 0.281669
vt 0.784474 0.281832
vt 0.787297 0.281558
vt 0.790314 0.281559
vt 0.793384 0.281673
vt 0.796402 0.281814
vt 0.799176 0.281945
vt 0.798890 0.282348
vt 0.798587 0.282750
vt 0.798277 0.283147
vt 0.797968 0.283539
vt 0.797664 0.283926
vt 0.797370 0.284309
vt 0.797088 0.284688
vt 0.796822 0.285066
vt 0.796572 0.285445
vt 0.796339 0.285829
vt 0.794073 0.285748
vt 0.791666 0.285681
vt 0.789133 0.285636
vt 0.786496 0.285632
vt 0.783825 0.285726
vt 0.780809 0.285628
vt 0.777788 0.285624
vt 0.774723 0.285664
vt 0.771616 0.285733
vt 0.771620 0.285328
vt 0.771622 0.284926
vt 0.771622 0.284526
vt 0.771618 0.284129
vt 0.771612 0.283737
vt 0.771601 0.283347
vt 0.771588 0.282963
vt 0.771573 0.282583
vt 0.771557 0.282208
vt 0.774665 0.282125
vt 0.777801 0.282065
vt 0.781028 0.282068
vt 0.784526 0.282310
vt 0.787248 0.281982
vt 0.790203 0.281972
vt 0.793205 0.282078
vt 0.796147 0.282215
vt 0.795893 0.282616
vt 0.795640 0.283015
vt 0.795391 0.283411
vt 0.795148 0.283804
vt 0.794912 0.284193
vt 0.794685 0.284580
vt 0.794468 0.284967
vt 0.794263 0.285355
vt 0.791816 0.285279
vt 0.789250 0.285229
vt 0.786605 0.285238
vt 0.784016 0.285430
vt 0.780870 0.285238
vt 0.777811 0.285219
vt 0.774732 0.285257
vt 0.774739 0.284854
vt 0.774742 0.284453
vt 0.774741 0.284056
vt 0.774734 0.283662
vt 0.774722 0.283272
vt 0.774706 0.282885
vt 0.774686 0.282503
vt 0.777820 0.282449
vt 0.781041 0.282470
vt 0.784588 0.282798
vt 0.787196 0.282405
vt 0.790091 0.282384
vt 0.793025 0.282484
vt 0.792845 0.282889
vt 0.792666 0.283292
vt 0.792489 0.283692
vt 0.792314 0.284089
vt 0.792142 0.284485
vt 0.791976 0.284881
vt 0.789372 0.284824
vt 0.786712 0.284846
vt 0.784211 0.285142
vt 0.780926 0.284849
vt 0.777830 0.284816
vt 0.777845 0.284416
vt 0.777853 0.284018
vt 0.777855 0.283622
vt 0.777849 0.283228
vt 0.777837 0.282837
vt 0.781050 0.282873
vt 0.784658 0.283297
vt 0.787138 0.282825
vt 0.789977 0.282796
vt 0.789860 0.283206
vt 0.789741 0.283613
vt 0.789619 0.284018
vt 0.789495 0.284421
vt 0.786815 0.284451
vt 0.784411 0.284863
vt 0.780975 0.284461
vt 0.781014 0.284070
vt 0.781039 0.283675
vt 0.781050 0.283275
vt 0.784738 0.283810
vt 0.787072 0.283241
vt 0.786997 0.283651
vt 0.786911 0.284054
vt 0.784616 0.284594
vt 0.784829 0.284339
vt 0.091289 0.458837
vt 0.091294 0.458908
vt 0.091291 0.458997
vt 0.091282 0.459122
vt 0.091263 0.459297
vt 0.091235 0.459560
vt 0.091209 0.459945
vt 0.091188 0.460423
vt 0.091170 0.460899
vt 0.091154 0.461343
vt 0.091138 0.461804
vt 0.090894 0.461825
vt 0.090645 0.461867
vt 0.090389 0.461910
vt 0.090125 0.461949
vt 0.821100 0.462781
vt 0.089855 0.461994
vt 0.818815 0.462819
vt 0.816409 0.462874
vt 0.813815 0.462945
vt 0.811013 0.463026
vt 0.807989 0.463112
vt 0.810666 0.462631
vt 0.812996 0.462180
vt 0.815011 0.461756
vt 0.816731 0.461354
vt 0.818182 0.460968
vt 0.819373 0.460585
vt 0.820314 0.460190
vt 0.820976 0.459774
vt 0.821304 0.459342
vt 0.821248 0.458914
vt 0.823967 0.458543
vt 0.826369 0.458185
vt 0.828379 0.457783
vt 0.829999 0.457339
vt 0.089855 0.456909
vt 0.831237 0.456909
vt 0.090385 0.457515
vt 0.090723 0.457994
vt 0.090979 0.458372
vt 0.091164 0.458650
vt 0.091170 0.458725
vt 0.091161 0.458808
vt 0.091133 0.458914
vt 0.091086 0.459086
vt 0.091029 0.459397
vt 0.090984 0.459895
vt 0.090953 0.460493
vt 0.090931 0.461002
vt 0.090912 0.461407
vt 0.090663 0.461495
vt 0.090404 0.461593
vt 0.090134 0.461680
vt 0.823517 0.462342
vt 0.089855 0.461743
vt 0.821220 0.462370
vt 0.818762 0.462423
vt 0.816216 0.462486
vt 0.813527 0.462557
vt 0.815743 0.462114
vt 0.817699 0.461694
vt 0.819429 0.461286
vt 0.820935 0.460876
vt 0.822214 0.460446
vt 0.823212 0.459989
vt 0.823860 0.459514
vt 0.824115 0.459031
vt 0.826619 0.458749
vt 0.828650 0.458374
vt 0.830160 0.457877
vt 0.089855 0.457356
vt 0.831237 0.457357
vt 0.090401 0.457718
vt 0.090751 0.458143
vt 0.090996 0.458478
vt 0.090981 0.458569
vt 0.090934 0.458685
vt 0.090859 0.458906
vt 0.090786 0.459341
vt 0.090736 0.460003
vt 0.090704 0.460692
vt 0.090681 0.461152
vt 0.090420 0.461285
vt 0.090144 0.461410
vt 0.825752 0.461937
vt 0.089855 0.461511
vt 0.823443 0.461940
vt 0.820966 0.461986
vt 0.818382 0.462049
vt 0.820362 0.461625
vt 0.822140 0.461201
vt 0.823706 0.460762
vt 0.825001 0.460302
vt 0.825952 0.459823
vt 0.826514 0.459319
vt 0.828704 0.459045
vt 0.830221 0.458549
vt 0.089855 0.457970
vt 0.831237 0.457970
vt 0.090348 0.457952
vt 0.090727 0.458266
vt 0.090653 0.458450
vt 0.090566 0.458837
vt 0.090502 0.459494
vt 0.090463 0.460337
vt 0.090438 0.460987
vt 0.090154 0.461162
vt 0.827791 0.461566
vt 0.089855 0.461299
vt 0.825480 0.461524
vt 0.822979 0.461558
vt 0.824796 0.461128
vt 0.826362 0.460689
vt 0.827610 0.460237
vt 0.828467 0.459740
vt 0.830199 0.459366
vt 0.089855 0.458768
vt 0.831237 0.458768
vt 0.090276 0.458375
vt 0.090221 0.459060
vt 0.090188 0.459982
vt 0.090168 0.460898
vt 0.829623 0.461234
vt 0.089855 0.461109
vt 0.827297 0.461122
vt 0.828842 0.460723
vt 0.830012 0.460273
vt 0.089855 0.459758
vt 0.831237 0.459758
vt 0.831237 0.460941
vt 0.089855 0.460941
vt 0.768451 0.463328
vt 0.768444 0.462953
vt 0.768440 0.462572
vt 0.768437 0.462188
vt 0.768433 0.461800
vt 0.768427 0.461408
vt 0.768417 0.461013
vt 0.768403 0.460617
vt 0.768385 0.460218
vt 0.768364 0.459819
vt 0.768340 0.459419
vt 0.771502 0.459510
vt 0.774632 0.459572
vt 0.777719 0.459605
vt 0.780749 0.459600
vt 0.783744 0.459500
vt 0.786522 0.459568
vt 0.789223 0.459561
vt 0.791815 0.459514
vt 0.794275 0.459446
vt 0.796589 0.459366
vt 0.796834 0.459742
vt 0.797084 0.460120
vt 0.797339 0.460504
vt 0.797600 0.460894
vt 0.797865 0.461292
vt 0.798135 0.461697
vt 0.798410 0.462110
vt 0.798688 0.462526
vt 0.798970 0.462945
vt 0.799254 0.463361
vt 0.796625 0.463468
vt 0.793716 0.463592
vt 0.790701 0.463696
vt 0.787668 0.463694
vt 0.784662 0.463505
vt 0.781383 0.463612
vt 0.778136 0.463605
vt 0.774913 0.463535
vt 0.771688 0.463446
vt 0.771678 0.463067
vt 0.771676 0.462682
vt 0.771675 0.462294
vt 0.771672 0.461902
vt 0.771662 0.461507
vt 0.771646 0.461109
vt 0.771621 0.460711
vt 0.771589 0.460311
vt 0.771549 0.459910
vt 0.774702 0.459971
vt 0.777813 0.460002
vt 0.780877 0.459983
vt 0.783951 0.459795
vt 0.786698 0.459945
vt 0.789409 0.459953
vt 0.792022 0.459902
vt 0.794503 0.459828
vt 0.794732 0.460212
vt 0.794961 0.460600
vt 0.795190 0.460995
vt 0.795420 0.461397
vt 0.795651 0.461805
vt 0.795885 0.462219
vt 0.796124 0.462636
vt 0.796369 0.463054
vt 0.793518 0.463174
vt 0.790560 0.463270
vt 0.787575 0.463259
vt 0.784644 0.463009
vt 0.781347 0.463199
vt 0.778113 0.463209
vt 0.774899 0.463149
vt 0.774896 0.462760
vt 0.774894 0.462366
vt 0.774888 0.461969
vt 0.774873 0.461571
vt 0.774848 0.461171
vt 0.774811 0.460771
vt 0.774762 0.460371
vt 0.777895 0.460400
vt 0.780991 0.460367
vt 0.784147 0.460087
vt 0.786860 0.460329
vt 0.789586 0.460349
vt 0.792224 0.460293
vt 0.792420 0.460689
vt 0.792611 0.461090
vt 0.792796 0.461498
vt 0.792977 0.461911
vt 0.793155 0.462330
vt 0.793333 0.462752
vt 0.790432 0.462842
vt 0.787496 0.462823
vt 0.784647 0.462503
vt 0.781325 0.462782
vt 0.778103 0.462810
vt 0.778094 0.462409
vt 0.778080 0.462006
vt 0.778056 0.461603
vt 0.778017 0.461200
vt 0.777964 0.460799
vt 0.781090 0.460753
vt 0.784334 0.460375
vt 0.787005 0.460722
vt 0.789751 0.460750
vt 0.789905 0.461157
vt 0.790049 0.461570
vt 0.790182 0.461990
vt 0.790308 0.462414
vt 0.787419 0.462389
vt 0.784658 0.461987
vt 0.781305 0.462366
vt 0.781277 0.461952
vt 0.781234 0.461544
vt 0.781171 0.461145
vt 0.784510 0.460656
vt 0.787133 0.461123
vt 0.787243 0.461537
vt 0.787337 0.461960
vt 0.784671 0.461462
vt 0.784680 0.460926
vt 0.707454 0.285836
vt 0.704234 0.285741
vt 0.701049 0.285676
vt 0.697913 0.285640
vt 0.694832 0.285643
vt 0.691805 0.285741
vt 0.688907 0.285672
vt 0.686096 0.285682
vt 0.683396 0.285733
vt 0.680826 0.285805
vt 0.678407 0.285890
vt 0.678174 0.285515
vt 0.677936 0.285138
vt 0.677694 0.284756
vt 0.677448 0.284368
vt 0.677198 0.283973
vt 0.676944 0.283571
vt 0.676688 0.283162
vt 0.676429 0.282749
vt 0.676170 0.282334
vt 0.675913 0.281921
vt 0.678906 0.281799
vt 0.682058 0.281678
vt 0.685235 0.281590
vt 0.688385 0.281609
vt 0.691463 0.281821
vt 0.694566 0.281703
vt 0.697623 0.281731
vt 0.700688 0.281806
vt 0.703790 0.281897
vt 0.706958 0.282018
vt 0.706961 0.282377
vt 0.706976 0.282741
vt 0.707001 0.283112
vt 0.707036 0.283488
vt 0.707082 0.283870
vt 0.707139 0.284257
vt 0.707204 0.284647
vt 0.707279 0.285041
vt 0.707363 0.285438
vt 0.704134 0.285341
vt 0.700945 0.285276
vt 0.697806 0.285242
vt 0.694719 0.285259
vt 0.691666 0.285443
vt 0.688776 0.285291
vt 0.685949 0.285288
vt 0.683224 0.285343
vt 0.680625 0.285422
vt 0.680424 0.285038
vt 0.680224 0.284651
vt 0.680026 0.284257
vt 0.679830 0.283858
vt 0.679636 0.283453
vt 0.679446 0.283042
vt 0.679260 0.282628
vt 0.679079 0.282212
vt 0.682142 0.282094
vt 0.685248 0.282010
vt 0.688347 0.282033
vt 0.691382 0.282299
vt 0.694497 0.282102
vt 0.697566 0.282109
vt 0.700648 0.282173
vt 0.703773 0.282258
vt 0.703770 0.282626
vt 0.703781 0.283000
vt 0.703806 0.283380
vt 0.703845 0.283765
vt 0.703898 0.284154
vt 0.703965 0.284547
vt 0.704044 0.284943
vt 0.700852 0.284878
vt 0.697712 0.284846
vt 0.694621 0.284876
vt 0.691539 0.285151
vt 0.688658 0.284905
vt 0.685812 0.284891
vt 0.683058 0.284951
vt 0.682899 0.284557
vt 0.682747 0.284157
vt 0.682604 0.283753
vt 0.682472 0.283343
vt 0.682351 0.282929
vt 0.682241 0.282512
vt 0.685280 0.282430
vt 0.688330 0.282457
vt 0.691321 0.282788
vt 0.694450 0.282505
vt 0.697529 0.282491
vt 0.700627 0.282546
vt 0.700622 0.282925
vt 0.700633 0.283308
vt 0.700663 0.283696
vt 0.700710 0.284087
vt 0.700774 0.284481
vt 0.697635 0.284450
vt 0.694540 0.284492
vt 0.691427 0.284865
vt 0.688555 0.284514
vt 0.685687 0.284491
vt 0.685574 0.284087
vt 0.685476 0.283679
vt 0.685394 0.283266
vt 0.685329 0.282849
vt 0.688334 0.282879
vt 0.691279 0.283288
vt 0.694423 0.282910
vt 0.697510 0.282878
vt 0.697511 0.283268
vt 0.697533 0.283660
vt 0.697574 0.284054
vt 0.694477 0.284105
vt 0.691331 0.284587
vt 0.688470 0.284116
vt 0.688404 0.283710
vt 0.688358 0.283297
vt 0.691256 0.283799
vt 0.694418 0.283313
vt 0.694436 0.283713
vt 0.691251 0.284323
vt 0.640121 0.280814
vt 0.640127 0.280589
vt 0.640133 0.280343
vt 0.640137 0.280081
vt 0.640141 0.279805
vt 0.691400 0.274674
vt 0.640148 0.279517
vt 0.694503 0.274795
vt 0.697709 0.274834
vt 0.700969 0.274844
vt 0.704269 0.274828
vt 0.707597 0.274785
vt 0.707601 0.275094
vt 0.707602 0.275405
vt 0.707600 0.275719
vt 0.707595 0.276037
vt 0.707588 0.276360
vt 0.707578 0.276689
vt 0.707567 0.277025
vt 0.707554 0.277366
vt 0.707539 0.277715
vt 0.707523 0.278071
vt 0.704227 0.278082
vt 0.700989 0.278106
vt 0.697796 0.278144
vt 0.694637 0.278182
vt 0.691508 0.278148
vt 0.688153 0.278523
vt 0.684785 0.279016
vt 0.681465 0.279555
vt 0.678239 0.280109
vt 0.675253 0.280655
vt 0.675108 0.280246
vt 0.674985 0.279845
vt 0.674884 0.279456
vt 0.674806 0.279080
vt 0.641389 0.281122
vt 0.674753 0.278719
vt 0.641115 0.281054
vt 0.640854 0.280989
vt 0.640603 0.280928
vt 0.640360 0.280870
vt 0.640366 0.280631
vt 0.640371 0.280375
vt 0.640376 0.280102
vt 0.640381 0.279816
vt 0.691400 0.274916
vt 0.640391 0.279517
vt 0.694473 0.275096
vt 0.697681 0.275137
vt 0.700948 0.275146
vt 0.704259 0.275132
vt 0.704249 0.275438
vt 0.704239 0.275749
vt 0.704230 0.276063
vt 0.704223 0.276383
vt 0.704219 0.276710
vt 0.704217 0.277042
vt 0.704218 0.277382
vt 0.704221 0.277728
vt 0.700959 0.277749
vt 0.697744 0.277778
vt 0.694573 0.277796
vt 0.691452 0.277691
vt 0.688065 0.278103
vt 0.684684 0.278612
vt 0.681361 0.279155
vt 0.678134 0.279706
vt 0.678045 0.279310
vt 0.677971 0.278925
vt 0.677911 0.278553
vt 0.641389 0.280821
vt 0.677866 0.278194
vt 0.641118 0.280771
vt 0.640858 0.280723
vt 0.640608 0.280676
vt 0.640614 0.280407
vt 0.640619 0.280124
vt 0.640623 0.279827
vt 0.691399 0.275160
vt 0.640634 0.279517
vt 0.694450 0.275400
vt 0.697659 0.275444
vt 0.700930 0.275452
vt 0.700917 0.275761
vt 0.700908 0.276075
vt 0.700905 0.276396
vt 0.700908 0.276723
vt 0.700919 0.277058
vt 0.700936 0.277400
vt 0.697704 0.277420
vt 0.694521 0.277419
vt 0.691414 0.277240
vt 0.687994 0.277690
vt 0.684599 0.278216
vt 0.681273 0.278763
vt 0.681199 0.278380
vt 0.681140 0.278009
vt 0.641389 0.280510
vt 0.681097 0.277650
vt 0.641121 0.280475
vt 0.640863 0.280441
vt 0.640867 0.280145
vt 0.640871 0.279837
vt 0.691399 0.275407
vt 0.640881 0.279517
vt 0.694435 0.275710
vt 0.697644 0.275755
vt 0.697636 0.276072
vt 0.697638 0.276397
vt 0.697650 0.276730
vt 0.697672 0.277071
vt 0.694481 0.277053
vt 0.691391 0.276793
vt 0.687938 0.277286
vt 0.684529 0.277829
vt 0.684474 0.277453
vt 0.641389 0.280188
vt 0.684435 0.277088
vt 0.641123 0.280167
vt 0.641126 0.279847
vt 0.691399 0.275658
vt 0.641132 0.279517
vt 0.694429 0.276029
vt 0.694435 0.276357
vt 0.694452 0.276699
vt 0.691386 0.276351
vt 0.687896 0.276893
vt 0.641389 0.279857
vt 0.687872 0.276509
vt 0.691399 0.275915
vt 0.641389 0.279517
vt 0.768633 0.470496
vt 0.768636 0.470187
vt 0.768638 0.469877
vt 0.768639 0.469563
vt 0.768638 0.469244
vt 0.768634 0.468920
vt 0.768628 0.468590
vt 0.768620 0.468253
vt 0.768610 0.467908
vt 0.768598 0.467557
vt 0.768586 0.467198
vt 0.771896 0.467185
vt 0.775189 0.467160
vt 0.778467 0.467125
vt 0.781717 0.467104
vt 0.784912 0.467111
vt 0.788130 0.466727
vt 0.791291 0.466232
vt 0.794361 0.465700
vt 0.797275 0.465165
vt 0.799807 0.464651
vt 0.799912 0.465071
vt 0.799977 0.465480
vt 0.800008 0.465874
vt 0.800011 0.466252
vt 0.089854 0.464188
vt 0.799989 0.466613
vt 0.090115 0.464259
vt 0.090365 0.464326
vt 0.090607 0.464389
vt 0.090845 0.464448
vt 0.091082 0.464504
vt 0.091084 0.464722
vt 0.091085 0.464959
vt 0.091088 0.465214
vt 0.091093 0.465484
vt 0.784829 0.470609
vt 0.091099 0.465763
vt 0.781718 0.470485
vt 0.778514 0.470445
vt 0.775257 0.470436
vt 0.771958 0.470453
vt 0.771966 0.470149
vt 0.771972 0.469842
vt 0.771975 0.469533
vt 0.771975 0.469218
vt 0.771970 0.468897
vt 0.771962 0.468570
vt 0.771949 0.468235
vt 0.771933 0.467893
vt 0.771915 0.467543
vt 0.775213 0.467522
vt 0.778491 0.467495
vt 0.781736 0.467494
vt 0.784906 0.467576
vt 0.788135 0.467156
vt 0.791299 0.466646
vt 0.794367 0.466112
vt 0.797292 0.465579
vt 0.797294 0.465983
vt 0.797280 0.466374
vt 0.797255 0.466752
vt 0.089854 0.464475
vt 0.797221 0.467115
vt 0.090115 0.464531
vt 0.090365 0.464584
vt 0.090608 0.464633
vt 0.090846 0.464679
vt 0.090847 0.464928
vt 0.090849 0.465193
vt 0.090852 0.465473
vt 0.784829 0.470366
vt 0.090856 0.465763
vt 0.781737 0.470183
vt 0.778531 0.470141
vt 0.775269 0.470133
vt 0.775279 0.469828
vt 0.775285 0.469519
vt 0.775286 0.469205
vt 0.775283 0.468885
vt 0.775273 0.468556
vt 0.775257 0.468220
vt 0.775237 0.467875
vt 0.778516 0.467857
vt 0.781755 0.467872
vt 0.784898 0.468034
vt 0.788136 0.467575
vt 0.791301 0.467051
vt 0.794366 0.466513
vt 0.794355 0.466903
vt 0.794334 0.467280
vt 0.089854 0.464778
vt 0.794306 0.467645
vt 0.090114 0.464819
vt 0.090365 0.464857
vt 0.090608 0.464894
vt 0.090609 0.465171
vt 0.090611 0.465462
vt 0.784829 0.470122
vt 0.090612 0.465763
vt 0.781755 0.469879
vt 0.778546 0.469835
vt 0.778556 0.469525
vt 0.778561 0.469208
vt 0.778560 0.468884
vt 0.778552 0.468551
vt 0.778537 0.468209
vt 0.781770 0.468238
vt 0.784884 0.468485
vt 0.788131 0.467985
vt 0.791296 0.467445
vt 0.791282 0.467827
vt 0.089854 0.465095
vt 0.791260 0.468198
vt 0.090114 0.465121
vt 0.090365 0.465147
vt 0.090365 0.465450
vt 0.784829 0.469875
vt 0.090364 0.465763
vt 0.781769 0.469570
vt 0.781779 0.469254
vt 0.781782 0.468929
vt 0.781779 0.468591
vt 0.784861 0.468929
vt 0.788118 0.468383
vt 0.089854 0.465423
vt 0.788096 0.468772
vt 0.090114 0.465437
vt 0.784829 0.469623
vt 0.090112 0.465763
vt 0.784829 0.469365
vt 0.089854 0.465763
vt 0.267631 0.458974
vt 0.267975 0.458965
vt 0.268479 0.458958
vt 0.269170 0.458953
vt 0.270055 0.458952
vt 0.271127 0.458964
vt 0.272378 0.459000
vt 0.273810 0.459075
vt 0.275621 0.459135
vt 0.277886 0.459150
vt 0.280478 0.459156
vt 0.280315 0.459424
vt 0.280524 0.459689
vt 0.281096 0.459952
vt 0.282000 0.460217
vt 0.283204 0.460489
vt 0.284694 0.460772
vt 0.286480 0.461064
vt 0.288592 0.461363
vt 0.291052 0.461671
vt 0.293894 0.461990
vt 0.290558 0.461950
vt 0.287455 0.461933
vt 0.284581 0.461934
vt 0.281938 0.461948
vt 0.268897 0.461964
vt 0.279501 0.461964
vt 0.268621 0.461922
vt 0.268365 0.461884
vt 0.268123 0.461841
vt 0.267891 0.461800
vt 0.267667 0.461781
vt 0.267673 0.461343
vt 0.267714 0.460923
vt 0.267819 0.460496
vt 0.267896 0.460106
vt 0.267878 0.459795
vt 0.267819 0.459548
vt 0.267756 0.459346
vt 0.267697 0.459187
vt 0.267650 0.459065
vt 0.267979 0.459060
vt 0.268454 0.459061
vt 0.269101 0.459068
vt 0.269931 0.459083
vt 0.270944 0.459114
vt 0.272036 0.459206
vt 0.273295 0.459357
vt 0.275127 0.459445
vt 0.277569 0.459437
vt 0.277647 0.459711
vt 0.278126 0.459976
vt 0.278996 0.460238
vt 0.280221 0.460500
vt 0.281745 0.460769
vt 0.283522 0.461055
vt 0.285558 0.461348
vt 0.287892 0.461646
vt 0.284919 0.461639
vt 0.282125 0.461644
vt 0.279478 0.461657
vt 0.268897 0.461719
vt 0.276965 0.461719
vt 0.268618 0.461660
vt 0.268358 0.461577
vt 0.268113 0.461483
vt 0.267884 0.461400
vt 0.267922 0.461010
vt 0.268109 0.460560
vt 0.268297 0.460114
vt 0.268307 0.459779
vt 0.268223 0.459530
vt 0.268126 0.459333
vt 0.268041 0.459178
vt 0.268508 0.459185
vt 0.269130 0.459202
vt 0.269919 0.459234
vt 0.270829 0.459305
vt 0.271739 0.459476
vt 0.272893 0.459702
vt 0.274958 0.459762
vt 0.275317 0.460033
vt 0.276102 0.460290
vt 0.277283 0.460542
vt 0.278811 0.460797
vt 0.280627 0.461060
vt 0.282661 0.461346
vt 0.279863 0.461356
vt 0.277158 0.461410
vt 0.268897 0.461493
vt 0.274626 0.461493
vt 0.268611 0.461399
vt 0.268343 0.461278
vt 0.268102 0.461149
vt 0.268306 0.460721
vt 0.268662 0.460206
vt 0.268781 0.459811
vt 0.268713 0.459543
vt 0.268603 0.459342
vt 0.269213 0.459370
vt 0.269946 0.459430
vt 0.270702 0.459570
vt 0.271348 0.459871
vt 0.272670 0.460111
vt 0.273335 0.460377
vt 0.274460 0.460619
vt 0.275963 0.460857
vt 0.277783 0.461102
vt 0.275065 0.461177
vt 0.268897 0.461288
vt 0.272495 0.461288
vt 0.268604 0.461156
vt 0.268364 0.460984
vt 0.268877 0.460432
vt 0.269264 0.459916
vt 0.269296 0.459592
vt 0.269914 0.459710
vt 0.270357 0.459994
vt 0.270698 0.460487
vt 0.271732 0.460738
vt 0.273237 0.460956
vt 0.268897 0.461104
vt 0.270583 0.461104
vt 0.268657 0.460901
vt 0.269588 0.460171
vt 0.268897 0.460941
vt 0.302936 0.462881
vt 0.305913 0.463171
vt 0.309130 0.463489
vt 0.312428 0.463818
vt 0.315726 0.464151
vt 0.318956 0.464436
vt 0.322054 0.464512
vt 0.325091 0.464549
vt 0.328117 0.464578
vt 0.331173 0.464603
vt 0.334319 0.464621
vt 0.334290 0.464857
vt 0.334268 0.465089
vt 0.334255 0.465317
vt 0.334253 0.465542
vt 0.769473 0.648409
vt 0.334262 0.465763
vt 0.769370 0.648152
vt 0.769255 0.647897
vt 0.769127 0.647646
vt 0.768989 0.647396
vt 0.768840 0.647148
vt 0.772143 0.647147
vt 0.775404 0.647143
vt 0.778619 0.647135
vt 0.781784 0.647124
vt 0.267620 0.465763
vt 0.784829 0.647130
vt 0.267612 0.465475
vt 0.267618 0.465201
vt 0.267622 0.464940
vt 0.267623 0.464696
vt 0.267623 0.464471
vt 0.267863 0.464418
vt 0.268108 0.464363
vt 0.268360 0.464306
vt 0.268622 0.464245
vt 0.302502 0.464181
vt 0.268897 0.464181
vt 0.302550 0.463938
vt 0.302621 0.463685
vt 0.302711 0.463424
vt 0.302819 0.463156
vt 0.305816 0.463446
vt 0.309024 0.463761
vt 0.312317 0.464087
vt 0.315634 0.464417
vt 0.318911 0.464709
vt 0.321983 0.464773
vt 0.325018 0.464802
vt 0.328056 0.464825
vt 0.331131 0.464843
vt 0.331098 0.465080
vt 0.331078 0.465311
vt 0.331073 0.465539
vt 0.772652 0.648409
vt 0.331084 0.465763
vt 0.772584 0.648150
vt 0.772499 0.647896
vt 0.772397 0.647644
vt 0.772278 0.647395
vt 0.775521 0.647390
vt 0.778715 0.647383
vt 0.781852 0.647374
vt 0.267882 0.465763
vt 0.784829 0.647392
vt 0.267860 0.465462
vt 0.267862 0.465178
vt 0.267864 0.464908
vt 0.267864 0.464654
vt 0.268109 0.464612
vt 0.268361 0.464568
vt 0.268623 0.464522
vt 0.305550 0.464475
vt 0.268897 0.464475
vt 0.305593 0.464231
vt 0.305654 0.463978
vt 0.305729 0.463716
vt 0.308924 0.464027
vt 0.312214 0.464350
vt 0.315549 0.464678
vt 0.318876 0.464978
vt 0.321923 0.465029
vt 0.324955 0.465050
vt 0.328006 0.465066
vt 0.327970 0.465303
vt 0.327952 0.465535
vt 0.775780 0.648408
vt 0.327955 0.465763
vt 0.775749 0.648148
vt 0.775694 0.647892
vt 0.775619 0.647640
vt 0.778788 0.647633
vt 0.781897 0.647626
vt 0.268138 0.465763
vt 0.784829 0.647648
vt 0.268110 0.465451
vt 0.268110 0.465157
vt 0.268110 0.464877
vt 0.268363 0.464845
vt 0.268625 0.464813
vt 0.308728 0.464781
vt 0.268897 0.464781
vt 0.308773 0.464538
vt 0.308839 0.464287
vt 0.312127 0.464606
vt 0.315481 0.464933
vt 0.318860 0.465243
vt 0.321879 0.465279
vt 0.324908 0.465293
vt 0.324882 0.465530
vt 0.778856 0.648408
vt 0.324880 0.465763
vt 0.778859 0.648145
vt 0.778837 0.647887
vt 0.781916 0.647881
vt 0.268390 0.465763
vt 0.784829 0.647900
vt 0.268364 0.465440
vt 0.268364 0.465136
vt 0.268626 0.465117
vt 0.312021 0.465099
vt 0.268897 0.465099
vt 0.312061 0.464856
vt 0.315435 0.465182
vt 0.318869 0.465505
vt 0.321858 0.465524
vt 0.781874 0.648407
vt 0.321862 0.465763
vt 0.781909 0.648141
vt 0.268642 0.465763
vt 0.784829 0.648152
vt 0.268626 0.465432
vt 0.315417 0.465426
vt 0.268897 0.465426
vt 0.784829 0.648407
vt 0.268897 0.465763
vt 0.318906 0.465763
vt 0.707487 0.470500
vt 0.704167 0.470462
vt 0.700876 0.470450
vt 0.697628 0.470464
vt 0.694438 0.470507
vt 0.640134 0.465763
vt 0.691398 0.470620
vt 0.640125 0.465475
vt 0.640126 0.465200
vt 0.640125 0.464939
vt 0.640122 0.464694
vt 0.640118 0.464470
vt 0.640356 0.464417
vt 0.640599 0.464362
vt 0.640851 0.464303
vt 0.641113 0.464242
vt 0.674946 0.466593
vt 0.641389 0.464176
vt 0.675001 0.466230
vt 0.675077 0.465851
vt 0.675172 0.465458
vt 0.675282 0.465052
vt 0.675369 0.464633
vt 0.678253 0.465178
vt 0.681343 0.465726
vt 0.684507 0.466265
vt 0.687702 0.466756
vt 0.690871 0.467117
vt 0.693903 0.467160
vt 0.696992 0.467190
vt 0.700171 0.467231
vt 0.703441 0.467259
vt 0.706817 0.467274
vt 0.707045 0.467616
vt 0.707052 0.467955
vt 0.707068 0.468288
vt 0.707096 0.468615
vt 0.707134 0.468938
vt 0.707184 0.469256
vt 0.707245 0.469571
vt 0.707316 0.469883
vt 0.707397 0.470192
vt 0.704071 0.470158
vt 0.700780 0.470148
vt 0.697536 0.470160
vt 0.694358 0.470206
vt 0.640386 0.465763
vt 0.691398 0.470368
vt 0.640368 0.465463
vt 0.640367 0.465179
vt 0.640365 0.464908
vt 0.640361 0.464653
vt 0.640604 0.464611
vt 0.640855 0.464567
vt 0.641116 0.464521
vt 0.678018 0.467111
vt 0.641389 0.464473
vt 0.678067 0.466753
vt 0.678129 0.466380
vt 0.678205 0.465995
vt 0.678291 0.465598
vt 0.681508 0.466154
vt 0.684803 0.466702
vt 0.688129 0.467208
vt 0.691406 0.467581
vt 0.694419 0.467513
vt 0.697512 0.467535
vt 0.700647 0.467570
vt 0.703820 0.467597
vt 0.703801 0.467936
vt 0.703795 0.468268
vt 0.703803 0.468595
vt 0.703826 0.468916
vt 0.703865 0.469232
vt 0.703919 0.469544
vt 0.703988 0.469853
vt 0.700700 0.469843
vt 0.697463 0.469854
vt 0.694298 0.469902
vt 0.640636 0.465763
vt 0.691398 0.470118
vt 0.640614 0.465452
vt 0.640611 0.465158
vt 0.640608 0.464877
vt 0.640859 0.464845
vt 0.641118 0.464813
vt 0.681213 0.467649
vt 0.641389 0.464781
vt 0.681263 0.467293
vt 0.681330 0.466924
vt 0.681412 0.466544
vt 0.684707 0.467092
vt 0.688049 0.467614
vt 0.691373 0.468035
vt 0.694347 0.467886
vt 0.697449 0.467889
vt 0.700604 0.467913
vt 0.700574 0.468250
vt 0.700562 0.468580
vt 0.700569 0.468904
vt 0.700594 0.469222
vt 0.700638 0.469534
vt 0.697409 0.469543
vt 0.694257 0.469592
vt 0.640884 0.465763
vt 0.691398 0.469870
vt 0.640865 0.465442
vt 0.640862 0.465138
vt 0.641121 0.465118
vt 0.684517 0.468206
vt 0.641389 0.465099
vt 0.684560 0.467845
vt 0.684624 0.467473
vt 0.687984 0.468011
vt 0.691359 0.468483
vt 0.694291 0.468250
vt 0.697402 0.468235
vt 0.697372 0.468573
vt 0.697363 0.468904
vt 0.697376 0.469227
vt 0.694236 0.469274
vt 0.641134 0.465763
vt 0.691399 0.469620
vt 0.641123 0.465434
vt 0.687915 0.468778
vt 0.641389 0.465427
vt 0.687938 0.468399
vt 0.691366 0.468927
vt 0.694253 0.468604
vt 0.694235 0.468945
vt 0.691399 0.469365
vt 0.641389 0.465763
vt 0.676018 0.463359
vt 0.676311 0.462943
vt 0.676613 0.462526
vt 0.676917 0.462112
vt 0.677219 0.461704
vt 0.677517 0.461304
vt 0.677807 0.460913
vt 0.678090 0.460532
vt 0.678364 0.460158
vt 0.678630 0.459791
vt 0.678891 0.459426
vt 0.681270 0.459509
vt 0.683794 0.459579
vt 0.686448 0.459627
vt 0.689208 0.459635
vt 0.692015 0.459546
vt 0.695085 0.459640
vt 0.698179 0.459643
vt 0.701321 0.459605
vt 0.704508 0.459535
vt 0.707720 0.459436
vt 0.707750 0.459835
vt 0.707775 0.460233
vt 0.707796 0.460630
vt 0.707812 0.461025
vt 0.707825 0.461417
vt 0.707833 0.461807
vt 0.707837 0.462193
vt 0.707837 0.462575
vt 0.707831 0.462953
vt 0.707818 0.463325
vt 0.704687 0.463443
vt 0.701551 0.463530
vt 0.698392 0.463598
vt 0.695178 0.463623
vt 0.691816 0.463493
vt 0.688772 0.463735
vt 0.685553 0.463742
vt 0.682272 0.463634
vt 0.679036 0.463494
vt 0.679277 0.463080
vt 0.679515 0.462663
vt 0.679750 0.462247
vt 0.679981 0.461836
vt 0.680208 0.461431
vt 0.680430 0.461034
vt 0.680647 0.460645
vt 0.680859 0.460262
vt 0.681067 0.459884
vt 0.683645 0.459964
vt 0.686347 0.460020
vt 0.689135 0.460018
vt 0.691896 0.459836
vt 0.695065 0.460021
vt 0.698191 0.460041
vt 0.701345 0.460004
vt 0.704536 0.459936
vt 0.704562 0.460335
vt 0.704586 0.460734
vt 0.704608 0.461131
vt 0.704628 0.461526
vt 0.704647 0.461918
vt 0.704663 0.462306
vt 0.704677 0.462690
vt 0.704685 0.463070
vt 0.701536 0.463153
vt 0.698370 0.463213
vt 0.695152 0.463219
vt 0.691750 0.463007
vt 0.688791 0.463304
vt 0.685634 0.463319
vt 0.682428 0.463216
vt 0.682583 0.462796
vt 0.682736 0.462376
vt 0.682888 0.461959
vt 0.683040 0.461548
vt 0.683193 0.461143
vt 0.683345 0.460745
vt 0.683496 0.460353
vt 0.686248 0.460415
vt 0.689066 0.460404
vt 0.691776 0.460123
vt 0.695050 0.460404
vt 0.698203 0.460438
vt 0.701368 0.460404
vt 0.701392 0.460803
vt 0.701415 0.461201
vt 0.701440 0.461597
vt 0.701465 0.461991
vt 0.701491 0.462383
vt 0.701515 0.462770
vt 0.698343 0.462823
vt 0.695122 0.462811
vt 0.691672 0.462508
vt 0.688808 0.462871
vt 0.685713 0.462894
vt 0.685794 0.462469
vt 0.685878 0.462048
vt 0.685965 0.461631
vt 0.686056 0.461220
vt 0.686151 0.460815
vt 0.689002 0.460795
vt 0.691654 0.460404
vt 0.695040 0.460791
vt 0.698219 0.460837
vt 0.698237 0.461236
vt 0.698259 0.461635
vt 0.698285 0.462033
vt 0.698313 0.462429
vt 0.695091 0.462401
vt 0.691588 0.461998
vt 0.688830 0.462441
vt 0.688858 0.462016
vt 0.688896 0.461600
vt 0.688945 0.461194
vt 0.691529 0.460678
vt 0.695038 0.461184
vt 0.695046 0.461584
vt 0.695065 0.461991
vt 0.691497 0.461477
vt 0.691399 0.460941
vt 0.652936 0.286063
vt 0.650337 0.286083
vt 0.648071 0.286115
vt 0.646272 0.286189
vt 0.644846 0.286268
vt 0.643602 0.286306
vt 0.642526 0.286316
vt 0.641643 0.286317
vt 0.640955 0.286314
vt 0.640449 0.286310
vt 0.640113 0.286305
vt 0.640132 0.286215
vt 0.640175 0.286093
vt 0.640227 0.285931
vt 0.640286 0.285727
vt 0.640339 0.285473
vt 0.640347 0.285154
vt 0.640268 0.284758
vt 0.640171 0.284331
vt 0.640133 0.283907
vt 0.640122 0.283459
vt 0.640355 0.283445
vt 0.640594 0.283408
vt 0.640843 0.283369
vt 0.641106 0.283335
vt 0.652187 0.282520
vt 0.641389 0.283297
vt 0.654547 0.282444
vt 0.657129 0.282395
vt 0.659955 0.282340
vt 0.663027 0.282268
vt 0.666360 0.282178
vt 0.663454 0.282638
vt 0.660968 0.283079
vt 0.658855 0.283503
vt 0.657079 0.283914
vt 0.655605 0.284315
vt 0.654413 0.284696
vt 0.653519 0.285060
vt 0.652956 0.285407
vt 0.652757 0.285740
vt 0.650004 0.285760
vt 0.647563 0.285788
vt 0.645748 0.285904
vt 0.644493 0.286063
vt 0.643389 0.286152
vt 0.642392 0.286188
vt 0.641567 0.286205
vt 0.640926 0.286214
vt 0.640461 0.286219
vt 0.640512 0.286099
vt 0.640593 0.285943
vt 0.640684 0.285743
vt 0.640762 0.285488
vt 0.640741 0.285142
vt 0.640551 0.284690
vt 0.640382 0.284244
vt 0.640352 0.283852
vt 0.640588 0.283773
vt 0.640840 0.283684
vt 0.641106 0.283604
vt 0.649611 0.282954
vt 0.641389 0.283546
vt 0.652068 0.282932
vt 0.654647 0.282850
vt 0.657385 0.282782
vt 0.660317 0.282716
vt 0.657966 0.283150
vt 0.655931 0.283579
vt 0.654161 0.284000
vt 0.652640 0.284391
vt 0.651415 0.284760
vt 0.650546 0.285107
vt 0.650072 0.285438
vt 0.647379 0.285440
vt 0.645335 0.285551
vt 0.644193 0.285795
vt 0.643270 0.285963
vt 0.642364 0.286035
vt 0.641587 0.286070
vt 0.640972 0.286090
vt 0.641061 0.285932
vt 0.641166 0.285728
vt 0.641230 0.285454
vt 0.641099 0.285048
vt 0.640752 0.284531
vt 0.640575 0.284112
vt 0.640825 0.283988
vt 0.641099 0.283870
vt 0.647230 0.283355
vt 0.641389 0.283775
vt 0.649713 0.283350
vt 0.652371 0.283312
vt 0.655114 0.283225
vt 0.653076 0.283666
vt 0.651250 0.284065
vt 0.649711 0.284439
vt 0.648521 0.284787
vt 0.647732 0.285117
vt 0.645097 0.285115
vt 0.643806 0.285400
vt 0.643148 0.285701
vt 0.642386 0.285839
vt 0.641661 0.285901
vt 0.641741 0.285677
vt 0.641707 0.285347
vt 0.641314 0.284821
vt 0.640836 0.284282
vt 0.641090 0.284116
vt 0.645058 0.283720
vt 0.641389 0.283985
vt 0.647586 0.283738
vt 0.650267 0.283718
vt 0.648423 0.284098
vt 0.646899 0.284449
vt 0.645759 0.284781
vt 0.643150 0.284768
vt 0.642820 0.285280
vt 0.642358 0.285559
vt 0.642030 0.285091
vt 0.641133 0.284370
vt 0.643108 0.284049
vt 0.641389 0.284173
vt 0.645724 0.284094
vt 0.644190 0.284426
vt 0.641389 0.284339
vt 0.463617 0.286306
vt 0.463283 0.286314
vt 0.462783 0.286320
vt 0.462097 0.286326
vt 0.461216 0.286329
vt 0.460145 0.286320
vt 0.458895 0.286288
vt 0.457462 0.286228
vt 0.455666 0.286203
vt 0.453482 0.286213
vt 0.451035 0.286199
vt 0.451534 0.285980
vt 0.451841 0.285752
vt 0.452016 0.285511
vt 0.452082 0.285260
vt 0.452028 0.285004
vt 0.451840 0.284744
vt 0.451518 0.284476
vt 0.451075 0.284194
vt 0.450523 0.283893
vt 0.449859 0.283566
vt 0.451982 0.283651
vt 0.453833 0.283703
vt 0.455462 0.283730
vt 0.456909 0.283738
vt 0.458213 0.283731
vt 0.459401 0.283718
vt 0.460476 0.283709
vt 0.461424 0.283700
vt 0.462248 0.283676
vt 0.462980 0.283615
vt 0.463068 0.284061
vt 0.463234 0.284439
vt 0.463297 0.284821
vt 0.463271 0.285197
vt 0.463307 0.285503
vt 0.463384 0.285746
vt 0.463463 0.285943
vt 0.463534 0.286099
vt 0.463590 0.286218
vt 0.463270 0.286222
vt 0.462803 0.286221
vt 0.462162 0.286214
vt 0.461336 0.286201
vt 0.460326 0.286172
vt 0.459235 0.286083
vt 0.457970 0.285960
vt 0.456177 0.285942
vt 0.453926 0.285991
vt 0.454089 0.285784
vt 0.454089 0.285559
vt 0.453998 0.285308
vt 0.453859 0.285041
vt 0.453664 0.284770
vt 0.453384 0.284503
vt 0.453006 0.284232
vt 0.452536 0.283950
vt 0.454313 0.283983
vt 0.455896 0.283999
vt 0.457328 0.284008
vt 0.458637 0.284024
vt 0.459813 0.284057
vt 0.460830 0.284096
vt 0.461699 0.284114
vt 0.462454 0.284096
vt 0.462806 0.284413
vt 0.462970 0.284770
vt 0.462886 0.285187
vt 0.462891 0.285519
vt 0.462991 0.285764
vt 0.463102 0.285956
vt 0.463199 0.286107
vt 0.462740 0.286100
vt 0.462126 0.286083
vt 0.461342 0.286053
vt 0.460436 0.285983
vt 0.459524 0.285819
vt 0.458366 0.285650
vt 0.456406 0.285703
vt 0.456223 0.285546
vt 0.455956 0.285344
vt 0.455664 0.285092
vt 0.455377 0.284810
vt 0.455077 0.284527
vt 0.454728 0.284254
vt 0.456291 0.284273
vt 0.457734 0.284305
vt 0.459052 0.284358
vt 0.460226 0.284407
vt 0.461273 0.284419
vt 0.462225 0.284380
vt 0.462639 0.284649
vt 0.462523 0.285097
vt 0.462429 0.285486
vt 0.462510 0.285750
vt 0.462634 0.285947
vt 0.462032 0.285919
vt 0.461306 0.285860
vt 0.460552 0.285721
vt 0.459900 0.285440
vt 0.458594 0.285327
vt 0.457988 0.285276
vt 0.457470 0.285114
vt 0.457036 0.284863
vt 0.456659 0.284566
vt 0.458148 0.284621
vt 0.459537 0.284658
vt 0.460864 0.284627
vt 0.462193 0.284496
vt 0.462260 0.284886
vt 0.461956 0.285380
vt 0.461937 0.285701
vt 0.461325 0.285583
vt 0.460878 0.285304
vt 0.460538 0.284878
vt 0.459378 0.285005
vt 0.458652 0.284884
vt 0.460312 0.284793
vt 0.462241 0.284484
vt 0.461624 0.285129
vt 0.462347 0.284339
vt 0.396490 0.280691
vt 0.396559 0.280447
vt 0.396627 0.280208
vt 0.396694 0.279973
vt 0.396760 0.279743
vt 0.706911 0.096882
vt 0.396824 0.279517
vt 0.707037 0.097141
vt 0.707161 0.097396
vt 0.707283 0.097648
vt 0.707403 0.097897
vt 0.707521 0.098145
vt 0.704199 0.098143
vt 0.700939 0.098142
vt 0.697744 0.098142
vt 0.694618 0.098143
vt 0.463615 0.279517
vt 0.691547 0.098141
vt 0.461848 0.280036
vt 0.461373 0.280392
vt 0.461325 0.280664
vt 0.461554 0.280868
vt 0.462003 0.281014
vt 0.460818 0.281181
vt 0.459634 0.281349
vt 0.458433 0.281520
vt 0.457199 0.281698
vt 0.455920 0.281881
vt 0.454585 0.282072
vt 0.453189 0.282271
vt 0.451727 0.282477
vt 0.450202 0.282689
vt 0.448618 0.282909
vt 0.448399 0.282808
vt 0.447930 0.282588
vt 0.447354 0.282244
vt 0.447043 0.281675
vt 0.412188 0.280694
vt 0.450148 0.280694
vt 0.409041 0.280775
vt 0.405940 0.280761
vt 0.402831 0.280736
vt 0.399704 0.280712
vt 0.399756 0.280463
vt 0.399805 0.280219
vt 0.399852 0.279981
vt 0.399896 0.279746
vt 0.703799 0.096883
vt 0.399937 0.279517
vt 0.703882 0.097141
vt 0.703964 0.097395
vt 0.704044 0.097646
vt 0.704123 0.097895
vt 0.700897 0.097894
vt 0.697727 0.097895
vt 0.694617 0.097895
vt 0.463367 0.279517
vt 0.691547 0.097893
vt 0.460630 0.280168
vt 0.460111 0.280552
vt 0.460108 0.280831
vt 0.460367 0.281037
vt 0.459178 0.281209
vt 0.457974 0.281384
vt 0.456744 0.281566
vt 0.455476 0.281754
vt 0.454162 0.281949
vt 0.452799 0.282152
vt 0.451383 0.282364
vt 0.449916 0.282583
vt 0.449453 0.282365
vt 0.448954 0.282027
vt 0.448889 0.281471
vt 0.412188 0.280446
vt 0.452720 0.280446
vt 0.409074 0.280509
vt 0.405982 0.280500
vt 0.402878 0.280482
vt 0.402922 0.280233
vt 0.402963 0.279989
vt 0.403000 0.279751
vt 0.700702 0.096883
vt 0.403034 0.279517
vt 0.700752 0.097141
vt 0.700802 0.097395
vt 0.700850 0.097646
vt 0.697704 0.097646
vt 0.694610 0.097647
vt 0.463119 0.279517
vt 0.691547 0.097645
vt 0.459394 0.280303
vt 0.458840 0.280715
vt 0.458887 0.281002
vt 0.457650 0.281177
vt 0.456386 0.281357
vt 0.455089 0.281544
vt 0.453750 0.281738
vt 0.452365 0.281939
vt 0.450932 0.282148
vt 0.450508 0.281818
vt 0.450649 0.281275
vt 0.412188 0.280204
vt 0.455227 0.280204
vt 0.409104 0.280251
vt 0.406020 0.280246
vt 0.406055 0.279998
vt 0.406085 0.279755
vt 0.697624 0.096883
vt 0.406112 0.279517
vt 0.697651 0.097141
vt 0.697678 0.097395
vt 0.694598 0.097396
vt 0.462870 0.279517
vt 0.691547 0.097395
vt 0.458121 0.280444
vt 0.457549 0.280883
vt 0.456228 0.281056
vt 0.454868 0.281236
vt 0.453464 0.281422
vt 0.452011 0.281616
vt 0.452319 0.281090
vt 0.412188 0.279969
vt 0.457667 0.279969
vt 0.409129 0.280000
vt 0.409149 0.279755
vt 0.694569 0.096884
vt 0.409166 0.279517
vt 0.694584 0.097142
vt 0.462616 0.279517
vt 0.691548 0.097142
vt 0.456791 0.280591
vt 0.455390 0.280747
vt 0.453900 0.280913
vt 0.412188 0.279740
vt 0.460043 0.279740
vt 0.462358 0.279517
vt 0.412188 0.279517
vt 0.691548 0.096884
vt 0.640117 0.461818
vt 0.640127 0.461372
vt 0.640163 0.460950
vt 0.640262 0.460521
vt 0.640345 0.460122
vt 0.640336 0.459804
vt 0.640281 0.459551
vt 0.640223 0.459345
vt 0.640169 0.459184
vt 0.640126 0.459063
vt 0.640110 0.458973
vt 0.640452 0.458964
vt 0.640957 0.458958
vt 0.641646 0.458953
vt 0.642529 0.458953
vt 0.643604 0.458964
vt 0.644844 0.459005
vt 0.646295 0.459077
vt 0.648105 0.459149
vt 0.650371 0.459181
vt 0.652966 0.459201
vt 0.652803 0.459515
vt 0.653014 0.459839
vt 0.653593 0.460177
vt 0.654508 0.460534
vt 0.655730 0.460909
vt 0.657251 0.461304
vt 0.659073 0.461718
vt 0.661222 0.462153
vt 0.663727 0.462610
vt 0.666624 0.463091
vt 0.663274 0.462995
vt 0.660179 0.462911
vt 0.657324 0.462844
vt 0.654695 0.462795
vt 0.641389 0.461985
vt 0.652222 0.462766
vt 0.641104 0.461947
vt 0.640835 0.461913
vt 0.640582 0.461872
vt 0.640344 0.461834
vt 0.640341 0.461426
vt 0.640371 0.461034
vt 0.640540 0.460588
vt 0.640733 0.460135
vt 0.640754 0.459789
vt 0.640676 0.459534
vt 0.640586 0.459334
vt 0.640507 0.459177
vt 0.640450 0.459058
vt 0.640921 0.459061
vt 0.641563 0.459068
vt 0.642387 0.459085
vt 0.643383 0.459121
vt 0.644519 0.459201
vt 0.645777 0.459360
vt 0.647606 0.459473
vt 0.650049 0.459498
vt 0.650127 0.459815
vt 0.650610 0.460140
vt 0.651492 0.460484
vt 0.652732 0.460849
vt 0.654279 0.461238
vt 0.656103 0.461649
vt 0.658185 0.462077
vt 0.660563 0.462526
vt 0.657596 0.462452
vt 0.654799 0.462392
vt 0.652120 0.462348
vt 0.641389 0.461736
vt 0.649634 0.462330
vt 0.641098 0.461678
vt 0.640826 0.461596
vt 0.640575 0.461505
vt 0.640563 0.461165
vt 0.640740 0.460746
vt 0.641088 0.460229
vt 0.641219 0.459822
vt 0.641156 0.459549
vt 0.641053 0.459344
vt 0.640967 0.459185
vt 0.641581 0.459204
vt 0.642358 0.459239
vt 0.643275 0.459307
vt 0.644215 0.459471
vt 0.645372 0.459712
vt 0.647431 0.459817
vt 0.647789 0.460138
vt 0.648584 0.460467
vt 0.649782 0.460814
vt 0.651334 0.461187
vt 0.653178 0.461588
vt 0.655278 0.462011
vt 0.652449 0.461957
vt 0.649757 0.461926
vt 0.641389 0.461505
vt 0.647244 0.461927
vt 0.641091 0.461410
vt 0.640813 0.461290
vt 0.640826 0.460995
vt 0.641304 0.460454
vt 0.641697 0.459928
vt 0.641733 0.459598
vt 0.641653 0.459374
vt 0.642383 0.459434
vt 0.643157 0.459569
vt 0.643829 0.459867
vt 0.645144 0.460147
vt 0.645807 0.460481
vt 0.646950 0.460813
vt 0.648480 0.461165
vt 0.650333 0.461546
vt 0.647621 0.461536
vt 0.641389 0.461295
vt 0.645065 0.461560
vt 0.641083 0.461163
vt 0.641128 0.460907
vt 0.642026 0.460183
vt 0.642355 0.459714
vt 0.642826 0.459992
vt 0.643179 0.460501
vt 0.644218 0.460845
vt 0.645754 0.461178
vt 0.641389 0.461107
vt 0.643111 0.461231
vt 0.641389 0.460941
vt 0.707239 0.647152
vt 0.707132 0.647401
vt 0.707022 0.647651
vt 0.706910 0.647903
vt 0.706797 0.648158
vt 0.397052 0.465763
vt 0.706684 0.648417
vt 0.397010 0.465536
vt 0.396965 0.465304
vt 0.396919 0.465068
vt 0.396870 0.464827
vt 0.396818 0.464582
vt 0.400099 0.464548
vt 0.403302 0.464514
vt 0.406486 0.464479
vt 0.409651 0.464445
vt 0.449340 0.464510
vt 0.412485 0.464510
vt 0.447579 0.463461
vt 0.447627 0.462950
vt 0.447959 0.462666
vt 0.448117 0.462527
vt 0.447859 0.462548
vt 0.449495 0.462756
vt 0.451095 0.462953
vt 0.452648 0.463141
vt 0.454142 0.463321
vt 0.455574 0.463495
vt 0.456943 0.463663
vt 0.458257 0.463828
vt 0.459523 0.463989
vt 0.460755 0.464149
vt 0.461974 0.464309
vt 0.461569 0.464446
vt 0.461381 0.464641
vt 0.461469 0.464905
vt 0.462017 0.465259
vt 0.691252 0.647134
vt 0.463620 0.465763
vt 0.694346 0.647142
vt 0.697477 0.647146
vt 0.700673 0.647150
vt 0.703928 0.647152
vt 0.703857 0.647401
vt 0.703780 0.647651
vt 0.703702 0.647903
vt 0.703624 0.648158
vt 0.400190 0.465763
vt 0.703546 0.648417
vt 0.400182 0.465530
vt 0.400169 0.465292
vt 0.400152 0.465049
vt 0.400130 0.464801
vt 0.403323 0.464775
vt 0.406496 0.464748
vt 0.409642 0.464723
vt 0.452087 0.464775
vt 0.412485 0.464775
vt 0.449321 0.463672
vt 0.449211 0.463168
vt 0.449502 0.462887
vt 0.449684 0.462746
vt 0.451202 0.462958
vt 0.452665 0.463163
vt 0.454070 0.463361
vt 0.455419 0.463552
vt 0.456714 0.463739
vt 0.457963 0.463920
vt 0.459179 0.464098
vt 0.460376 0.464273
vt 0.460167 0.464466
vt 0.460227 0.464735
vt 0.460875 0.465123
vt 0.691252 0.647384
vt 0.463370 0.465763
vt 0.694342 0.647393
vt 0.697456 0.647396
vt 0.700630 0.647399
vt 0.700580 0.647649
vt 0.700528 0.647902
vt 0.700476 0.648157
vt 0.403310 0.465763
vt 0.700426 0.648417
vt 0.403323 0.465524
vt 0.403330 0.465280
vt 0.403330 0.465030
vt 0.406488 0.465011
vt 0.409615 0.464994
vt 0.454744 0.465031
vt 0.412485 0.465031
vt 0.450995 0.463880
vt 0.450743 0.463383
vt 0.450994 0.463104
vt 0.452434 0.463315
vt 0.453824 0.463521
vt 0.455164 0.463720
vt 0.456460 0.463914
vt 0.457720 0.464103
vt 0.458950 0.464286
vt 0.458972 0.464560
vt 0.459685 0.464977
vt 0.691252 0.647636
vt 0.463118 0.465763
vt 0.694326 0.647644
vt 0.697426 0.647647
vt 0.697393 0.647900
vt 0.697360 0.648157
vt 0.406405 0.465763
vt 0.697331 0.648418
vt 0.406440 0.465518
vt 0.406468 0.465267
vt 0.409575 0.465257
vt 0.457332 0.465280
vt 0.412485 0.465280
vt 0.452606 0.464083
vt 0.452223 0.463594
vt 0.453656 0.463799
vt 0.455044 0.463998
vt 0.456389 0.464191
vt 0.457695 0.464379
vt 0.458428 0.464821
vt 0.691251 0.647892
vt 0.462862 0.465763
vt 0.694305 0.647898
vt 0.694284 0.648155
vt 0.409467 0.465763
vt 0.694269 0.648418
vt 0.409525 0.465513
vt 0.459860 0.465524
vt 0.412485 0.465524
vt 0.454154 0.464280
vt 0.455661 0.464471
vt 0.457089 0.464652
vt 0.691251 0.648153
vt 0.462601 0.465763
vt 0.462335 0.465763
vt 0.691251 0.648419
vt 0.412485 0.465763
vt 0.445748 0.462551
vt 0.445748 0.462551
vt 0.445748 0.462551
vt 0.445748 0.462551
vt 0.445748 0.462551
vt 0.448602 0.461608
vt 0.450175 0.460932
vt 0.451159 0.460365
vt 0.451682 0.459890
vt 0.451763 0.459508
vt 0.451415 0.459203
vt 0.453847 0.459161
vt 0.455905 0.459143
vt 0.457620 0.459103
vt 0.459008 0.459036
vt 0.460227 0.459000
vt 0.461276 0.458988
vt 0.462134 0.458983
vt 0.462804 0.458981
vt 0.463295 0.458980
vt 0.463621 0.458980
vt 0.463599 0.459068
vt 0.463549 0.459187
vt 0.463486 0.459347
vt 0.463411 0.459549
vt 0.463337 0.459798
vt 0.463303 0.460111
vt 0.463313 0.460488
vt 0.463228 0.460869
vt 0.463056 0.461261
vt 0.462929 0.461737
vt 0.462081 0.461713
vt 0.461028 0.461755
vt 0.459682 0.461854
vt 0.458013 0.462001
vt 0.456031 0.462189
vt 0.453748 0.462418
vt 0.451680 0.462532
vt 0.449678 0.462585
vt 0.447688 0.462597
vt 0.447798 0.462567
vt 0.447951 0.462532
vt 0.448460 0.462389
vt 0.451068 0.461536
vt 0.452612 0.460902
vt 0.453639 0.460376
vt 0.454227 0.459964
vt 0.454436 0.459657
vt 0.454321 0.459413
vt 0.456432 0.459414
vt 0.458125 0.459370
vt 0.459350 0.459241
vt 0.460436 0.459155
vt 0.461409 0.459117
vt 0.462210 0.459095
vt 0.462831 0.459080
vt 0.463282 0.459069
vt 0.463227 0.459189
vt 0.463140 0.459343
vt 0.463038 0.459541
vt 0.462943 0.459791
vt 0.462940 0.460130
vt 0.463000 0.460542
vt 0.462801 0.460893
vt 0.462430 0.461235
vt 0.461641 0.461239
vt 0.460644 0.461307
vt 0.459304 0.461449
vt 0.457511 0.461663
vt 0.455221 0.461951
vt 0.452280 0.462357
vt 0.449891 0.462523
vt 0.450539 0.462332
vt 0.452865 0.461569
vt 0.454383 0.460959
vt 0.455438 0.460454
vt 0.456100 0.460085
vt 0.456486 0.459838
vt 0.456682 0.459666
vt 0.458536 0.459686
vt 0.459638 0.459504
vt 0.460552 0.459345
vt 0.461437 0.459271
vt 0.462191 0.459230
vt 0.462785 0.459204
vt 0.462693 0.459362
vt 0.462581 0.459564
vt 0.462505 0.459833
vt 0.462597 0.460225
vt 0.462668 0.460659
vt 0.462217 0.460926
vt 0.461284 0.460910
vt 0.460179 0.460968
vt 0.458739 0.461119
vt 0.456786 0.461372
vt 0.454215 0.461733
vt 0.455766 0.461136
vt 0.456872 0.460635
vt 0.457622 0.460285
vt 0.458217 0.460091
vt 0.458805 0.460026
vt 0.460010 0.459879
vt 0.460667 0.459605
vt 0.461415 0.459467
vt 0.462116 0.459399
vt 0.462032 0.459622
vt 0.462053 0.459944
vt 0.462336 0.460433
vt 0.462199 0.460798
vt 0.460926 0.460695
vt 0.459584 0.460711
vt 0.457948 0.460854
vt 0.458766 0.460494
vt 0.459553 0.460342
vt 0.460660 0.460446
vt 0.460970 0.460011
vt 0.461436 0.459743
vt 0.461728 0.460194
vt 0.462253 0.460804
vt 0.460421 0.460533
vt 0.462347 0.460941
vt 0.427395 0.286183
vt 0.425849 0.286227
vt 0.423883 0.286248
vt 0.421422 0.286243
vt 0.418226 0.286207
vt 0.413495 0.286139
vt 0.410201 0.286174
vt 0.406804 0.286180
vt 0.403335 0.286174
vt 0.399820 0.286157
vt 0.396267 0.286127
vt 0.396276 0.285835
vt 0.396283 0.285544
vt 0.396288 0.285255
vt 0.396293 0.284967
vt 0.396296 0.284683
vt 0.396299 0.284401
vt 0.396301 0.284123
vt 0.396303 0.283849
vt 0.396306 0.283580
vt 0.396311 0.283316
vt 0.399759 0.283335
vt 0.403111 0.283311
vt 0.406401 0.283254
vt 0.409583 0.283157
vt 0.426006 0.283022
vt 0.412188 0.283022
vt 0.434079 0.283379
vt 0.437567 0.283695
vt 0.439944 0.283797
vt 0.441911 0.283781
vt 0.443514 0.283639
vt 0.441844 0.283902
vt 0.440161 0.284163
vt 0.438482 0.284424
vt 0.436820 0.284683
vt 0.435184 0.284939
vt 0.433576 0.285193
vt 0.431998 0.285444
vt 0.430445 0.285692
vt 0.428913 0.285938
vt 0.427388 0.285986
vt 0.425435 0.286003
vt 0.422954 0.285984
vt 0.419502 0.285916
vt 0.413345 0.285789
vt 0.410142 0.285862
vt 0.406782 0.285881
vt 0.403330 0.285880
vt 0.399825 0.285866
vt 0.399827 0.285576
vt 0.399826 0.285287
vt 0.399822 0.284999
vt 0.399815 0.284714
vt 0.399805 0.284431
vt 0.399794 0.284151
vt 0.399781 0.283875
vt 0.399768 0.283603
vt 0.403139 0.283584
vt 0.406445 0.283534
vt 0.409623 0.283443
vt 0.423298 0.283283
vt 0.412188 0.283283
vt 0.432194 0.283649
vt 0.435898 0.283938
vt 0.438314 0.284036
vt 0.440268 0.284023
vt 0.438613 0.284269
vt 0.436960 0.284517
vt 0.435317 0.284765
vt 0.433690 0.285013
vt 0.432084 0.285258
vt 0.430500 0.285503
vt 0.428935 0.285745
vt 0.426995 0.285758
vt 0.424501 0.285725
vt 0.420824 0.285627
vt 0.413164 0.285438
vt 0.410078 0.285552
vt 0.406754 0.285582
vt 0.403320 0.285587
vt 0.403305 0.285295
vt 0.403286 0.285004
vt 0.403262 0.284714
vt 0.403235 0.284427
vt 0.403204 0.284142
vt 0.403172 0.283861
vt 0.406495 0.283818
vt 0.409675 0.283734
vt 0.420549 0.283548
vt 0.412188 0.283548
vt 0.430350 0.283924
vt 0.434225 0.284187
vt 0.436673 0.284279
vt 0.435029 0.284525
vt 0.433392 0.284772
vt 0.431768 0.285020
vt 0.430159 0.285266
vt 0.428569 0.285513
vt 0.426067 0.285468
vt 0.422204 0.285339
vt 0.412928 0.285082
vt 0.410009 0.285242
vt 0.406721 0.285284
vt 0.406683 0.284987
vt 0.406641 0.284691
vt 0.406594 0.284398
vt 0.406545 0.284106
vt 0.409733 0.284028
vt 0.417774 0.283815
vt 0.412188 0.283815
vt 0.428560 0.284203
vt 0.432558 0.284440
vt 0.430903 0.284695
vt 0.429268 0.284952
vt 0.427656 0.285210
vt 0.423657 0.285053
vt 0.412611 0.284721
vt 0.409936 0.284934
vt 0.409863 0.284629
vt 0.409795 0.284327
vt 0.414984 0.284084
vt 0.412188 0.284084
vt 0.426839 0.284484
vt 0.425198 0.284767
vt 0.412188 0.284354
vt 0.335227 0.286119
vt 0.332004 0.286145
vt 0.328818 0.286157
vt 0.325680 0.286157
vt 0.322600 0.286144
vt 0.319579 0.286099
vt 0.316669 0.286138
vt 0.313851 0.286154
vt 0.311148 0.286156
vt 0.308578 0.286148
vt 0.306165 0.286130
vt 0.305918 0.285858
vt 0.305663 0.285585
vt 0.305401 0.285309
vt 0.305130 0.285030
vt 0.304850 0.284746
vt 0.304562 0.284458
vt 0.304266 0.284167
vt 0.303963 0.283875
vt 0.303653 0.283582
vt 0.303309 0.283292
vt 0.306064 0.283324
vt 0.309058 0.283316
vt 0.312147 0.283280
vt 0.315274 0.283208
vt 0.318391 0.283088
vt 0.321529 0.283187
vt 0.324657 0.283297
vt 0.327812 0.283360
vt 0.331033 0.283384
vt 0.334366 0.283359
vt 0.334647 0.283602
vt 0.334687 0.283865
vt 0.334730 0.284133
vt 0.334780 0.284406
vt 0.334836 0.284684
vt 0.334899 0.284965
vt 0.334971 0.285250
vt 0.335049 0.285538
vt 0.335135 0.285828
vt 0.331905 0.285857
vt 0.328719 0.285867
vt 0.325580 0.285863
vt 0.322494 0.285840
vt 0.319447 0.285758
vt 0.316531 0.285836
vt 0.313690 0.285867
vt 0.310957 0.285877
vt 0.308358 0.285873
vt 0.308134 0.285599
vt 0.307908 0.285322
vt 0.307679 0.285041
vt 0.307447 0.284758
vt 0.307210 0.284471
vt 0.306968 0.284183
vt 0.306719 0.283893
vt 0.306463 0.283604
vt 0.309521 0.283587
vt 0.312674 0.283542
vt 0.315858 0.283456
vt 0.319003 0.283324
vt 0.322169 0.283467
vt 0.325275 0.283561
vt 0.328368 0.283612
vt 0.331478 0.283629
vt 0.331505 0.283895
vt 0.331535 0.284165
vt 0.331571 0.284440
vt 0.331616 0.284718
vt 0.331672 0.284999
vt 0.331739 0.285283
vt 0.331817 0.285569
vt 0.328632 0.285579
vt 0.325494 0.285570
vt 0.322401 0.285536
vt 0.319328 0.285414
vt 0.316405 0.285536
vt 0.313536 0.285580
vt 0.310770 0.285597
vt 0.310585 0.285316
vt 0.310405 0.285032
vt 0.310228 0.284746
vt 0.310053 0.284457
vt 0.309879 0.284167
vt 0.309704 0.283876
vt 0.312789 0.283833
vt 0.315918 0.283748
vt 0.319013 0.283586
vt 0.322175 0.283752
vt 0.325281 0.283839
vt 0.328382 0.283883
vt 0.328398 0.284158
vt 0.328420 0.284437
vt 0.328454 0.284719
vt 0.328499 0.285004
vt 0.328559 0.285290
vt 0.325423 0.285277
vt 0.322325 0.285232
vt 0.319223 0.285066
vt 0.316293 0.285236
vt 0.313392 0.285292
vt 0.313257 0.285002
vt 0.313131 0.284711
vt 0.313013 0.284419
vt 0.312901 0.284125
vt 0.315976 0.284043
vt 0.319021 0.283846
vt 0.322182 0.284041
vt 0.325288 0.284121
vt 0.325303 0.284407
vt 0.325328 0.284695
vt 0.325368 0.284985
vt 0.322266 0.284930
vt 0.319133 0.284714
vt 0.316194 0.284936
vt 0.316110 0.284637
vt 0.316038 0.284340
vt 0.319034 0.284102
vt 0.322196 0.284334
vt 0.322223 0.284630
vt 0.319055 0.284354
vt 0.396468 0.461992
vt 0.396441 0.461733
vt 0.396422 0.461467
vt 0.396412 0.461197
vt 0.396411 0.460921
vt 0.396419 0.460640
vt 0.396434 0.460354
vt 0.396458 0.460065
vt 0.396490 0.459773
vt 0.396529 0.459478
vt 0.396574 0.459182
vt 0.400137 0.459152
vt 0.403670 0.459135
vt 0.407165 0.459129
vt 0.410624 0.459137
vt 0.414250 0.459155
vt 0.418960 0.459093
vt 0.421944 0.459068
vt 0.424296 0.459071
vt 0.426166 0.459102
vt 0.427619 0.459190
vt 0.429108 0.459493
vt 0.430632 0.459785
vt 0.432174 0.460068
vt 0.433718 0.460344
vt 0.435255 0.460613
vt 0.436784 0.460875
vt 0.438309 0.461129
vt 0.439836 0.461376
vt 0.441371 0.461619
vt 0.442915 0.461857
vt 0.441803 0.461622
vt 0.440140 0.461566
vt 0.437970 0.461656
vt 0.434679 0.461926
vt 0.412485 0.462329
vt 0.426723 0.462329
vt 0.409452 0.462156
vt 0.406248 0.462061
vt 0.403023 0.462005
vt 0.399779 0.461978
vt 0.399745 0.461717
vt 0.399726 0.461451
vt 0.399723 0.461179
vt 0.399735 0.460902
vt 0.399763 0.460620
vt 0.399808 0.460333
vt 0.399868 0.460042
vt 0.399944 0.459748
vt 0.400034 0.459451
vt 0.403505 0.459440
vt 0.406940 0.459443
vt 0.410340 0.459466
vt 0.414022 0.459515
vt 0.420176 0.459403
vt 0.423408 0.459350
vt 0.425795 0.459341
vt 0.427656 0.459372
vt 0.429183 0.459639
vt 0.430738 0.459904
vt 0.432315 0.460165
vt 0.433906 0.460422
vt 0.435503 0.460674
vt 0.437098 0.460921
vt 0.438683 0.461162
vt 0.440255 0.461396
vt 0.438556 0.461349
vt 0.436285 0.461440
vt 0.432668 0.461693
vt 0.412485 0.462054
vt 0.423866 0.462054
vt 0.409407 0.461883
vt 0.406208 0.461793
vt 0.402987 0.461741
vt 0.402971 0.461471
vt 0.402978 0.461196
vt 0.403008 0.460915
vt 0.403061 0.460629
vt 0.403137 0.460338
vt 0.403238 0.460042
vt 0.403360 0.459743
vt 0.406743 0.459753
vt 0.410086 0.459790
vt 0.413716 0.459875
vt 0.421382 0.459713
vt 0.424898 0.459633
vt 0.427325 0.459609
vt 0.428884 0.459875
vt 0.430469 0.460138
vt 0.432075 0.460395
vt 0.433696 0.460645
vt 0.435322 0.460888
vt 0.436948 0.461123
vt 0.434585 0.461211
vt 0.430692 0.461444
vt 0.412485 0.461782
vt 0.421044 0.461782
vt 0.409392 0.461603
vt 0.406195 0.461518
vt 0.406211 0.461238
vt 0.406256 0.460951
vt 0.406332 0.460659
vt 0.406438 0.460362
vt 0.406575 0.460060
vt 0.409870 0.460108
vt 0.413344 0.460236
vt 0.422624 0.460022
vt 0.426420 0.459912
vt 0.427973 0.460188
vt 0.429571 0.460457
vt 0.431212 0.460718
vt 0.432889 0.460970
vt 0.428789 0.461182
vt 0.412485 0.461510
vt 0.418228 0.461510
vt 0.409413 0.461317
vt 0.409470 0.461024
vt 0.409563 0.460725
vt 0.409695 0.460420
vt 0.412919 0.460597
vt 0.423951 0.460325
vt 0.425375 0.460622
vt 0.427000 0.460908
vt 0.412485 0.461236
vt 0.415385 0.461236
vt 0.412485 0.460956
vt 0.303606 0.462001
vt 0.303903 0.461713
vt 0.304218 0.461426
vt 0.304540 0.461143
vt 0.304860 0.460863
vt 0.305172 0.460587
vt 0.305472 0.460314
vt 0.305755 0.460043
vt 0.306018 0.459772
vt 0.306258 0.459501
vt 0.306474 0.459227
vt 0.308861 0.459209
vt 0.311387 0.459198
vt 0.314037 0.459195
vt 0.316785 0.459201
vt 0.319552 0.459230
vt 0.322638 0.459190
vt 0.325729 0.459171
vt 0.328859 0.459164
vt 0.332029 0.459168
vt 0.335231 0.459186
vt 0.335262 0.459479
vt 0.335286 0.459771
vt 0.335303 0.460061
vt 0.335315 0.460347
vt 0.335321 0.460630
vt 0.335321 0.460908
vt 0.335315 0.461183
vt 0.335301 0.461452
vt 0.335281 0.461716
vt 0.335252 0.461975
vt 0.332151 0.461950
vt 0.329076 0.461970
vt 0.325977 0.462023
vt 0.322784 0.462113
vt 0.319370 0.462241
vt 0.316399 0.462147
vt 0.313201 0.462072
vt 0.309914 0.462021
vt 0.306650 0.461991
vt 0.306911 0.461709
vt 0.307170 0.461427
vt 0.307424 0.461147
vt 0.307671 0.460867
vt 0.307908 0.460590
vt 0.308133 0.460315
vt 0.308342 0.460040
vt 0.308535 0.459765
vt 0.308709 0.459489
vt 0.311294 0.459485
vt 0.313991 0.459491
vt 0.316759 0.459510
vt 0.319452 0.459574
vt 0.322657 0.459502
vt 0.325776 0.459472
vt 0.328907 0.459460
vt 0.332070 0.459462
vt 0.332102 0.459753
vt 0.332129 0.460041
vt 0.332150 0.460325
vt 0.332166 0.460606
vt 0.332176 0.460884
vt 0.332181 0.461157
vt 0.332179 0.461426
vt 0.332169 0.461690
vt 0.329083 0.461707
vt 0.325977 0.461755
vt 0.322779 0.461839
vt 0.319310 0.461979
vt 0.316442 0.461865
vt 0.313308 0.461790
vt 0.310094 0.461739
vt 0.310271 0.461457
vt 0.310443 0.461175
vt 0.310608 0.460893
vt 0.310767 0.460612
vt 0.310916 0.460331
vt 0.311055 0.460051
vt 0.311182 0.459769
vt 0.313931 0.459783
vt 0.316723 0.459816
vt 0.319337 0.459916
vt 0.322670 0.459810
vt 0.325815 0.459770
vt 0.328947 0.459754
vt 0.328981 0.460044
vt 0.329011 0.460330
vt 0.329036 0.460613
vt 0.329057 0.460893
vt 0.329072 0.461168
vt 0.329081 0.461440
vt 0.325969 0.461483
vt 0.322767 0.461561
vt 0.319234 0.461717
vt 0.316481 0.461580
vt 0.313411 0.461506
vt 0.313510 0.461220
vt 0.313604 0.460934
vt 0.313695 0.460648
vt 0.313780 0.460361
vt 0.313860 0.460073
vt 0.316682 0.460117
vt 0.319209 0.460257
vt 0.322681 0.460113
vt 0.325849 0.460065
vt 0.325880 0.460356
vt 0.325908 0.460643
vt 0.325932 0.460926
vt 0.325953 0.461206
vt 0.322750 0.461280
vt 0.319143 0.461456
vt 0.316518 0.461293
vt 0.316555 0.461004
vt 0.316595 0.460712
vt 0.316638 0.460416
vt 0.319066 0.460598
vt 0.322694 0.460412
vt 0.322711 0.460706
vt 0.322730 0.460995
vt 0.319034 0.461197
vt 0.318906 0.460941
vn -0.349315 -0.610002 -0.711250
vn -0.331786 -0.658445 -0.675550
vn -0.331848 -0.658403 -0.675561
vn -0.349326 -0.610070 -0.711186
vn -0.311550 -0.707512 -0.634322
vn -0.311659 -0.707394 -0.634400
vn -0.289243 -0.754602 -0.588995
vn -0.289402 -0.754413 -0.589158
vn -0.264487 -0.799966 -0.538611
vn -0.264715 -0.799701 -0.538892
vn -0.237311 -0.842610 -0.483418
vn -0.237607 -0.842295 -0.483820
vn -0.208121 -0.881439 -0.423970
vn -0.208492 -0.881089 -0.424516
vn -0.176877 -0.915935 -0.360245
vn -0.177327 -0.915575 -0.360939
vn -0.143949 -0.945139 -0.293243
vn -0.144487 -0.944791 -0.294098
vn -0.109398 -0.968668 -0.222969
vn -0.110017 -0.968364 -0.223981
vn -0.073645 -0.985922 -0.150113
vn -0.074345 -0.985691 -0.151281
vn -0.037050 -0.996452 -0.075575
vn -0.037819 -0.996324 -0.076871
vn 0.000029 -1.000000 -0.000078
vn -0.000080 -1.000000 -0.000026
vn 0.166343 -0.544608 -0.822029
vn 0.117626 -0.553029 -0.824817
vn 0.106180 -0.525551 -0.844110
vn 0.144055 -0.504159 -0.851512
vn 0.072512 -0.562142 -0.823856
vn 0.069098 -0.542462 -0.837234
vn 0.030586 -0.571622 -0.819947
vn 0.030335 -0.556010 -0.830622
vn -0.011579 -0.580365 -0.814274
vn -0.010508 -0.567326 -0.823427
vn -0.054041 -0.588181 -0.806922
vn -0.052635 -0.577152 -0.814939
vn -0.098308 -0.594488 -0.798072
vn -0.096819 -0.585360 -0.804972
vn -0.143250 -0.599742 -0.787266
vn -0.142085 -0.592123 -0.793223
vn -0.189364 -0.603625 -0.774453
vn -0.188255 -0.597294 -0.779615
vn -0.234696 -0.606477 -0.759673
vn -0.233742 -0.601259 -0.764102
vn -0.278954 -0.608388 -0.743000
vn -0.278028 -0.603829 -0.747054
vn -0.321427 -0.609539 -0.724670
vn -0.320738 -0.605000 -0.728767
vn -0.351023 -0.604945 -0.714720
vn 0.630569 -0.709454 -0.314733
vn 0.607731 -0.709572 -0.356611
vn 0.614118 -0.704690 -0.355346
vn 0.634686 -0.704855 -0.316785
vn 0.573280 -0.705372 -0.416893
vn 0.579979 -0.700071 -0.416563
vn 0.535214 -0.697165 -0.476976
vn 0.542662 -0.691080 -0.477417
vn 0.494719 -0.684886 -0.534962
vn 0.503207 -0.678058 -0.535743
vn 0.453260 -0.669047 -0.589009
vn 0.463119 -0.661576 -0.589778
vn 0.410800 -0.651955 -0.637337
vn 0.422025 -0.644190 -0.637899
vn 0.369143 -0.633730 -0.679794
vn 0.381867 -0.625768 -0.680141
vn 0.328976 -0.613865 -0.717596
vn 0.343052 -0.605663 -0.717975
vn 0.289875 -0.594868 -0.749737
vn 0.305492 -0.585706 -0.750749
vn 0.251073 -0.577207 -0.777042
vn 0.269126 -0.564695 -0.780187
vn 0.210137 -0.561080 -0.800644
vn 0.232317 -0.539550 -0.809268
vn 0.197471 -0.511168 -0.836488
vn 0.058158 -0.997885 -0.029040
vn 0.057963 -0.997903 -0.028810
vn 0.000080 -1.000000 0.000026
vn 0.115570 -0.991621 -0.057720
vn 0.115437 -0.991648 -0.057518
vn 0.172816 -0.981160 -0.086372
vn 0.172731 -0.981191 -0.086191
vn 0.229144 -0.966645 -0.114411
vn 0.229094 -0.966677 -0.114245
vn 0.284874 -0.947948 -0.142269
vn 0.284876 -0.947969 -0.142126
vn 0.339574 -0.925161 -0.169611
vn 0.339633 -0.925160 -0.169496
vn 0.392962 -0.898391 -0.196147
vn 0.393054 -0.898372 -0.196051
vn 0.445152 -0.867457 -0.222166
vn 0.445283 -0.867409 -0.222093
vn 0.495376 -0.832749 -0.247248
vn 0.495553 -0.832656 -0.247207
vn 0.543641 -0.794248 -0.271340
vn 0.543831 -0.794125 -0.271318
vn 0.589651 -0.752138 -0.294281
vn 0.589856 -0.751976 -0.294282
vn 0.630662 -0.709381 -0.314714
vn 0.894720 -0.001743 -0.446625
vn 0.853580 -0.001803 -0.520959
vn 0.853714 0.001759 -0.520739
vn 0.894723 0.001740 -0.446618
vn 0.806677 -0.001881 -0.590989
vn 0.806796 0.001789 -0.590828
vn 0.754791 -0.001971 -0.655963
vn 0.754885 0.001810 -0.655854
vn 0.698565 -0.002056 -0.715544
vn 0.698622 0.001808 -0.715489
vn 0.639059 -0.002099 -0.769154
vn 0.639065 0.001781 -0.769151
vn 0.577110 -0.002091 -0.816664
vn 0.577066 0.001722 -0.816696
vn 0.513360 -0.001998 -0.858171
vn 0.513261 0.001634 -0.858231
vn 0.448952 -0.001827 -0.893554
vn 0.448797 0.001488 -0.893633
vn 0.384631 -0.001600 -0.923069
vn 0.384421 0.001302 -0.923157
vn 0.320388 -0.001306 -0.947286
vn 0.320140 0.001089 -0.947370
vn 0.256732 -0.000935 -0.966482
vn 0.256478 0.000838 -0.966550
vn 0.197573 -0.000629 -0.980288
vn 0.197531 0.000519 -0.980297
vn 0.672700 -0.659352 -0.335752
vn 0.672846 -0.659188 -0.335782
vn 0.634775 -0.704782 -0.316769
vn 0.710435 -0.607880 -0.354633
vn 0.710533 -0.607769 -0.354626
vn 0.744901 -0.553933 -0.371862
vn 0.744960 -0.553881 -0.371820
vn 0.776076 -0.497599 -0.387430
vn 0.776095 -0.497628 -0.387354
vn 0.803770 -0.439268 -0.401245
vn 0.803768 -0.439362 -0.401146
vn 0.827807 -0.379432 -0.413239
vn 0.827791 -0.379595 -0.413122
vn 0.848172 -0.318352 -0.423387
vn 0.848148 -0.318588 -0.423258
vn 0.864897 -0.256151 -0.431670
vn 0.864874 -0.256459 -0.431534
vn 0.877948 -0.192872 -0.438187
vn 0.877931 -0.193259 -0.438050
vn 0.887229 -0.129186 -0.442873
vn 0.887227 -0.129649 -0.442740
vn 0.892826 -0.064953 -0.445694
vn 0.892846 -0.065505 -0.445573
vn 0.894771 -0.001774 -0.446521
vn 0.197628 -0.027291 -0.979897
vn 0.190742 -0.027656 -0.981251
vn 0.191311 -0.000661 -0.981529
vn 0.197099 -0.075515 -0.977471
vn 0.189922 -0.076113 -0.978845
vn 0.196341 -0.123388 -0.972741
vn 0.188933 -0.124102 -0.974117
vn 0.195224 -0.170861 -0.965761
vn 0.187637 -0.171346 -0.967178
vn 0.194034 -0.216197 -0.956875
vn 0.186057 -0.216847 -0.958311
vn 0.192633 -0.260280 -0.946122
vn 0.184051 -0.260766 -0.947695
vn 0.191247 -0.301822 -0.933985
vn 0.181619 -0.302167 -0.935794
vn 0.190137 -0.342685 -0.920008
vn 0.178456 -0.342968 -0.922240
vn 0.189324 -0.382361 -0.904410
vn 0.174233 -0.382595 -0.907339
vn 0.189563 -0.422765 -0.886192
vn 0.168184 -0.421976 -0.890871
vn 0.192233 -0.466513 -0.863373
vn 0.158306 -0.462889 -0.872166
vn 0.897872 -0.001326 0.440255
vn 0.923111 -0.000864 0.384532
vn 0.923313 0.000674 0.384047
vn 0.897885 0.001032 0.440228
vn 0.946782 -0.000799 0.321875
vn 0.946858 0.000884 0.321651
vn 0.966752 -0.000947 0.255713
vn 0.966805 0.001073 0.255514
vn 0.982684 -0.001076 0.185284
vn 0.982720 0.001256 0.185095
vn 0.993749 -0.001138 0.111636
vn 0.993770 0.001408 0.111444
vn 0.999365 -0.001179 0.035604
vn 0.999370 0.001569 0.035469
vn 0.999043 -0.001212 -0.043719
vn 0.999038 0.001736 -0.043825
vn 0.992178 -0.001250 -0.124826
vn 0.992172 0.001813 -0.124868
vn 0.978522 -0.001314 -0.206139
vn 0.978535 0.001847 -0.206070
vn 0.957704 -0.001448 -0.287752
vn 0.957748 0.001874 -0.287601
vn 0.929702 -0.001588 -0.368308
vn 0.929780 0.001853 -0.368111
vn 0.894775 0.001732 -0.446515
vn 0.754278 -0.542539 0.369750
vn 0.790587 -0.492052 0.364495
vn 0.774484 -0.485369 0.405700
vn 0.812781 -0.439372 0.382544
vn 0.799991 -0.437090 0.411057
vn 0.830184 -0.392171 0.396227
vn 0.821536 -0.390610 0.415334
vn 0.844920 -0.346689 0.407329
vn 0.839312 -0.345914 0.419403
vn 0.857516 -0.301632 0.416754
vn 0.854162 -0.301711 0.423530
vn 0.867489 -0.259657 0.424313
vn 0.865930 -0.260121 0.427203
vn 0.876171 -0.217052 0.430363
vn 0.875667 -0.218182 0.430817
vn 0.883143 -0.175569 0.435010
vn 0.883234 -0.176732 0.434354
vn 0.888627 -0.135312 0.438215
vn 0.888681 -0.136571 0.437715
vn 0.892978 -0.094574 0.440052
vn 0.892431 -0.095938 0.440867
vn 0.896151 -0.053692 0.440490
vn 0.894572 -0.055034 0.443523
vn 0.895074 -0.001456 0.445915
vn 0.657984 -0.704998 -0.264639
vn 0.653568 -0.709960 -0.262311
vn 0.682486 -0.701284 -0.205945
vn 0.677083 -0.707268 -0.203297
vn 0.706024 -0.693799 -0.142032
vn 0.699256 -0.701318 -0.138546
vn 0.727297 -0.682234 -0.074805
vn 0.718977 -0.691459 -0.070397
vn 0.744703 -0.667365 -0.006417
vn 0.735079 -0.677980 -0.001244
vn 0.757660 -0.649920 0.059633
vn 0.747204 -0.661384 0.065249
vn 0.766128 -0.631072 0.121641
vn 0.755370 -0.642812 0.127314
vn 0.771059 -0.611422 0.177855
vn 0.760299 -0.623213 0.183169
vn 0.772944 -0.592157 0.227833
vn 0.762347 -0.603770 0.232999
vn 0.773162 -0.573441 0.270899
vn 0.761336 -0.586365 0.276664
vn 0.772177 -0.557409 0.305022
vn 0.755332 -0.570977 0.321651
vn 0.037802 -0.996329 0.076806
vn 0.037410 -0.996385 0.076273
vn -0.000029 -1.000000 0.000078
vn 0.074877 -0.985470 0.152456
vn 0.074525 -0.985567 0.151998
vn 0.110891 -0.967866 0.225697
vn 0.110583 -0.967989 0.225317
vn 0.145656 -0.943893 0.296396
vn 0.145392 -0.944030 0.296088
vn 0.178921 -0.913972 0.364201
vn 0.178705 -0.914104 0.363977
vn 0.209989 -0.879259 0.427560
vn 0.209816 -0.879373 0.427412
vn 0.238643 -0.840887 0.485755
vn 0.238509 -0.840974 0.485671
vn 0.265307 -0.798776 0.539972
vn 0.265204 -0.798835 0.539935
vn 0.290111 -0.753028 0.590580
vn 0.290042 -0.753043 0.590595
vn 0.312305 -0.705965 0.635672
vn 0.312264 -0.705940 0.635720
vn 0.332256 -0.657397 0.676340
vn 0.332240 -0.657331 0.676412
vn 0.349295 -0.610186 0.711102
vn 0.349270 -0.610150 0.711146
vn 0.380922 -0.610252 0.694616
vn 0.381610 -0.605087 0.698745
vn 0.351058 -0.604982 0.714672
vn 0.419153 -0.609253 0.673143
vn 0.420346 -0.603638 0.677444
vn 0.458550 -0.606594 0.649443
vn 0.460028 -0.600106 0.654406
vn 0.497881 -0.602482 0.623803
vn 0.499367 -0.595054 0.629717
vn 0.536532 -0.597033 0.596393
vn 0.537828 -0.588867 0.603305
vn 0.573357 -0.590542 0.567910
vn 0.574516 -0.581673 0.575837
vn 0.607979 -0.583450 0.538468
vn 0.608979 -0.573995 0.547425
vn 0.639673 -0.576358 0.508558
vn 0.640763 -0.566191 0.518508
vn 0.668400 -0.569727 0.478176
vn 0.670161 -0.558195 0.489185
vn 0.694836 -0.564352 0.445770
vn 0.697731 -0.549900 0.459109
vn 0.720881 -0.561043 0.406892
vn 0.722595 -0.540932 0.430405
vn 0.132955 -0.001317 -0.991121
vn 0.132724 0.000239 -0.991153
vn 0.191252 0.000550 -0.981541
vn 0.072395 -0.001719 -0.997375
vn 0.072156 0.000119 -0.997393
vn 0.013293 -0.001920 -0.999910
vn 0.013073 0.000120 -0.999915
vn -0.043264 -0.002006 -0.999062
vn -0.043445 0.000201 -0.999056
vn -0.098766 -0.002004 -0.995109
vn -0.098890 0.000383 -0.995098
vn -0.152615 -0.001888 -0.988284
vn -0.152664 0.000542 -0.988278
vn -0.203916 -0.001722 -0.978987
vn -0.203889 0.000668 -0.978994
vn -0.254050 -0.001557 -0.967190
vn -0.253997 0.000855 -0.967205
vn -0.302512 -0.001437 -0.953144
vn -0.302343 0.001077 -0.953199
vn -0.349657 -0.001388 -0.936877
vn -0.349416 0.001200 -0.936967
vn -0.395641 -0.001384 -0.918404
vn -0.395344 0.001293 -0.918532
vn -0.440795 -0.001344 -0.897607
vn -0.440792 0.001409 -0.897608
vn -0.440279 -0.050450 -0.896442
vn -0.440375 -0.049915 -0.896426
vn -0.440879 -0.001314 -0.897566
vn -0.438650 -0.098741 -0.893217
vn -0.438754 -0.098270 -0.893218
vn -0.435891 -0.148728 -0.887625
vn -0.436004 -0.148256 -0.887649
vn -0.431968 -0.199076 -0.879643
vn -0.432080 -0.198685 -0.879677
vn -0.426977 -0.248650 -0.869404
vn -0.427089 -0.248292 -0.869451
vn -0.420650 -0.299118 -0.856494
vn -0.420758 -0.298822 -0.856544
vn -0.412914 -0.350196 -0.840752
vn -0.413017 -0.349945 -0.840806
vn -0.403570 -0.402400 -0.821709
vn -0.403663 -0.402204 -0.821759
vn -0.392829 -0.453829 -0.799828
vn -0.392905 -0.453697 -0.799866
vn -0.380528 -0.505029 -0.774690
vn -0.380581 -0.504955 -0.774711
vn -0.366096 -0.557135 -0.745368
vn -0.366128 -0.557124 -0.745361
vn -0.351035 -0.605008 -0.714661
vn -0.630651 -0.709392 0.314708
vn -0.589747 -0.752097 0.294191
vn -0.589545 -0.752257 0.294187
vn -0.630554 -0.709468 0.314734
vn -0.543936 -0.794034 0.271375
vn -0.543747 -0.794157 0.271391
vn -0.495603 -0.832617 0.247238
vn -0.495436 -0.832704 0.247277
vn -0.445259 -0.867417 0.222108
vn -0.445132 -0.867465 0.222175
vn -0.393086 -0.898353 0.196075
vn -0.392988 -0.898377 0.196160
vn -0.339676 -0.925149 0.169469
vn -0.339627 -0.925147 0.169579
vn -0.284908 -0.947956 0.142151
vn -0.284918 -0.947932 0.142291
vn -0.229154 -0.966654 0.114322
vn -0.229207 -0.966622 0.114482
vn -0.172744 -0.981187 0.086206
vn -0.172839 -0.981155 0.086384
vn -0.115465 -0.991644 0.057538
vn -0.115608 -0.991615 0.057739
vn -0.057965 -0.997903 0.028814
vn -0.058160 -0.997885 0.029041
vn -0.748569 -0.547258 -0.374370
vn -0.752138 -0.572648 -0.326133
vn -0.768892 -0.560295 -0.308016
vn -0.759165 -0.587672 -0.279839
vn -0.771385 -0.574642 -0.273407
vn -0.760708 -0.605366 -0.234212
vn -0.771689 -0.593463 -0.228690
vn -0.759405 -0.624065 -0.183975
vn -0.770114 -0.612448 -0.178414
vn -0.755156 -0.643079 -0.127239
vn -0.765706 -0.631609 -0.121506
vn -0.747016 -0.661588 -0.065333
vn -0.757038 -0.650632 -0.059763
vn -0.734795 -0.678286 0.001893
vn -0.743827 -0.668338 0.006827
vn -0.719213 -0.691184 0.070689
vn -0.726821 -0.682751 0.074710
vn -0.699563 -0.701018 0.138512
vn -0.705712 -0.694230 0.141476
vn -0.677386 -0.707066 0.202993
vn -0.682261 -0.701717 0.205212
vn -0.654222 -0.709426 0.262124
vn -0.658333 -0.704843 0.264185
vn -0.634804 -0.704745 0.316795
vn -0.378157 -0.610439 -0.695961
vn -0.377794 -0.604929 -0.700951
vn -0.417709 -0.609364 -0.673939
vn -0.418045 -0.602919 -0.679505
vn -0.459115 -0.606432 -0.649195
vn -0.459750 -0.598869 -0.655733
vn -0.500246 -0.601714 -0.622652
vn -0.500833 -0.593101 -0.630395
vn -0.539974 -0.595597 -0.594720
vn -0.540189 -0.586414 -0.603584
vn -0.577918 -0.588520 -0.565381
vn -0.577515 -0.579076 -0.575454
vn -0.612168 -0.581097 -0.536262
vn -0.611225 -0.571761 -0.547260
vn -0.643564 -0.573623 -0.506737
vn -0.642351 -0.564599 -0.518278
vn -0.671319 -0.567130 -0.477173
vn -0.670282 -0.558020 -0.489219
vn -0.695337 -0.562809 -0.446938
vn -0.695314 -0.551612 -0.460720
vn -0.718803 -0.561256 -0.410261
vn -0.717690 -0.544722 -0.433819
vn -0.485788 -0.001457 -0.874076
vn -0.485704 0.001214 -0.874123
vn -0.440876 0.001431 -0.897567
vn -0.529010 -0.001567 -0.848614
vn -0.528938 0.001125 -0.848660
vn -0.571317 -0.001704 -0.820727
vn -0.571275 0.001058 -0.820758
vn -0.612742 -0.001900 -0.790281
vn -0.612696 0.000997 -0.790318
vn -0.653358 -0.002071 -0.757047
vn -0.653351 0.000907 -0.757054
vn -0.692510 -0.002144 -0.721405
vn -0.692544 0.000802 -0.721375
vn -0.729974 -0.002093 -0.683472
vn -0.730024 0.000706 -0.683421
vn -0.766714 -0.002009 -0.641985
vn -0.766796 0.000580 -0.641890
vn -0.802151 -0.001950 -0.597118
vn -0.802256 0.000366 -0.596980
vn -0.835682 -0.001754 -0.549210
vn -0.835807 0.000130 -0.549024
vn -0.867459 -0.001882 -0.497505
vn -0.867387 -0.000088 -0.497635
vn -0.895118 -0.002870 -0.445821
vn -0.895126 0.000059 -0.445813
vn -0.894646 -0.060930 -0.442602
vn -0.895063 -0.060708 -0.441789
vn -0.897921 -0.002874 -0.440148
vn -0.892793 -0.098878 -0.439481
vn -0.891529 -0.098282 -0.442173
vn -0.888918 -0.138117 -0.436747
vn -0.886995 -0.137239 -0.440915
vn -0.883169 -0.177006 -0.434374
vn -0.881516 -0.175940 -0.438149
vn -0.875533 -0.216161 -0.432107
vn -0.875026 -0.214972 -0.433725
vn -0.865606 -0.256691 -0.429926
vn -0.866990 -0.255833 -0.427642
vn -0.853052 -0.299540 -0.427292
vn -0.857042 -0.298718 -0.419818
vn -0.837674 -0.344004 -0.424221
vn -0.844645 -0.344341 -0.409883
vn -0.818883 -0.390737 -0.420422
vn -0.829535 -0.391946 -0.397807
vn -0.796046 -0.440121 -0.415457
vn -0.810394 -0.443424 -0.382931
vn -0.768796 -0.491269 -0.409400
vn -0.787231 -0.496542 -0.365667
vn -0.350606 0.606216 -0.713847
vn -0.365873 0.557806 -0.744977
vn -0.365882 0.557822 -0.744960
vn -0.350636 0.606167 -0.713874
vn -0.380193 0.506015 -0.774211
vn -0.380209 0.506072 -0.774165
vn -0.392602 0.454694 -0.799448
vn -0.392625 0.454795 -0.799379
vn -0.403322 0.403596 -0.821244
vn -0.403350 0.403738 -0.821160
vn -0.412799 0.350922 -0.840506
vn -0.412831 0.351114 -0.840410
vn -0.420558 0.299333 -0.856464
vn -0.420598 0.299544 -0.856371
vn -0.426818 0.249798 -0.869153
vn -0.426862 0.250048 -0.869060
vn -0.431967 0.199246 -0.879605
vn -0.432017 0.199541 -0.879514
vn -0.435859 0.149365 -0.887534
vn -0.435916 0.149678 -0.887453
vn -0.438625 0.099414 -0.893155
vn -0.438689 0.099781 -0.893082
vn -0.440260 0.049571 -0.896501
vn -0.440334 0.049942 -0.896444
vn 0.142951 0.485643 -0.862390
vn 0.102363 0.510238 -0.853920
vn 0.114128 0.538239 -0.835029
vn 0.165665 0.526191 -0.834073
vn 0.057526 0.531969 -0.844807
vn 0.067526 0.550076 -0.832380
vn 0.016051 0.548458 -0.836024
vn 0.021966 0.561320 -0.827307
vn -0.024273 0.562229 -0.826625
vn -0.021181 0.571747 -0.820156
vn -0.064459 0.574250 -0.816138
vn -0.063111 0.581246 -0.811277
vn -0.105492 0.584369 -0.804602
vn -0.105038 0.589476 -0.800927
vn -0.147126 0.592919 -0.791708
vn -0.147007 0.596666 -0.788910
vn -0.189416 0.599706 -0.777479
vn -0.189148 0.602737 -0.775197
vn -0.232409 0.604550 -0.761909
vn -0.231550 0.607234 -0.760034
vn -0.275572 0.607469 -0.745011
vn -0.273823 0.610429 -0.743234
vn -0.318150 0.608017 -0.727389
vn -0.315360 0.611987 -0.725272
vn -0.348875 0.611297 -0.710353
vn 0.191558 0.037758 -0.980755
vn 0.199079 0.037137 -0.979279
vn 0.190896 0.080115 -0.978336
vn 0.200582 0.079331 -0.976460
vn 0.189231 0.126325 -0.973773
vn 0.201651 0.125158 -0.971428
vn 0.186945 0.174986 -0.966660
vn 0.202104 0.173571 -0.963861
vn 0.183943 0.223539 -0.957181
vn 0.201424 0.222076 -0.953997
vn 0.180624 0.271744 -0.945267
vn 0.199525 0.270336 -0.941864
vn 0.177271 0.316820 -0.931773
vn 0.196593 0.315732 -0.928259
vn 0.173625 0.358154 -0.917377
vn 0.192734 0.357367 -0.913861
vn 0.169610 0.394644 -0.903044
vn 0.188562 0.394624 -0.899287
vn 0.164507 0.427179 -0.889076
vn 0.185312 0.428340 -0.884412
vn 0.155641 0.456797 -0.875850
vn 0.186725 0.461716 -0.867151
vn 0.193647 0.493769 -0.847758
vn 0.892832 0.065281 -0.445635
vn 0.892894 0.065114 -0.445535
vn 0.887082 0.130325 -0.442834
vn 0.887153 0.130160 -0.442739
vn 0.877591 0.194777 -0.438059
vn 0.877669 0.194634 -0.437967
vn 0.864294 0.258644 -0.431392
vn 0.864378 0.258509 -0.431305
vn 0.847345 0.321124 -0.422950
vn 0.847426 0.321023 -0.422863
vn 0.826813 0.382170 -0.412707
vn 0.826889 0.382097 -0.412621
vn 0.802657 0.441895 -0.400588
vn 0.802733 0.441830 -0.400507
vn 0.775132 0.499530 -0.386833
vn 0.775200 0.499483 -0.386757
vn 0.744296 0.555008 -0.371470
vn 0.744356 0.554973 -0.371402
vn 0.710199 0.608274 -0.354428
vn 0.710245 0.608256 -0.354369
vn 0.673092 0.658891 -0.335872
vn 0.673113 0.658897 -0.335818
vn 0.635303 0.704174 -0.317063
vn 0.635323 0.704184 -0.317001
vn 0.609436 0.705362 -0.362011
vn 0.604809 0.708751 -0.363150
vn 0.631082 0.708896 -0.314964
vn 0.574249 0.702221 -0.420861
vn 0.570944 0.704463 -0.421610
vn 0.537163 0.695191 -0.477666
vn 0.534836 0.696891 -0.477800
vn 0.499503 0.683976 -0.531671
vn 0.497727 0.685728 -0.531079
vn 0.461386 0.669751 -0.581856
vn 0.459538 0.672105 -0.580603
vn 0.423087 0.653123 -0.628036
vn 0.420553 0.656411 -0.626307
vn 0.385605 0.633759 -0.670566
vn 0.381555 0.638494 -0.668387
vn 0.348368 0.611954 -0.710036
vn 0.341971 0.618560 -0.707418
vn 0.310718 0.588079 -0.746738
vn 0.300992 0.597237 -0.743445
vn 0.273213 0.561630 -0.780978
vn 0.258595 0.574450 -0.776618
vn 0.232766 0.529173 -0.815963
vn 0.214873 0.551023 -0.806351
vn -0.923298 -0.002613 -0.384075
vn -0.923508 0.000182 -0.383580
vn -0.898028 0.000170 -0.439938
vn -0.947348 -0.002822 -0.320193
vn -0.947404 -0.000238 -0.320041
vn -0.967446 -0.003175 -0.253057
vn -0.967532 -0.000389 -0.252749
vn -0.983149 -0.003344 -0.182776
vn -0.983216 -0.000197 -0.182447
vn -0.994108 -0.003247 -0.108346
vn -0.994147 0.000085 -0.108035
vn -0.999505 -0.003010 -0.031317
vn -0.999516 0.000371 -0.031102
vn -0.998878 -0.002693 0.047288
vn -0.998877 0.000733 0.047384
vn -0.991783 -0.002297 0.127915
vn -0.991791 0.001083 0.127862
vn -0.977948 -0.002003 0.208841
vn -0.978007 0.001355 0.208568
vn -0.957226 -0.001827 0.289336
vn -0.957364 0.001547 0.288881
vn -0.929474 -0.001735 0.368884
vn -0.929726 0.001672 0.368249
vn -0.894773 -0.001769 0.446517
vn -0.894773 0.001734 0.446517
vn -0.892864 -0.065358 0.445557
vn -0.892845 -0.064827 0.445673
vn -0.894721 -0.001739 0.446621
vn -0.887250 -0.129395 0.442769
vn -0.887259 -0.128912 0.442893
vn -0.877931 -0.193086 0.438126
vn -0.877958 -0.192676 0.438252
vn -0.864881 -0.256264 0.431636
vn -0.864913 -0.255957 0.431755
vn -0.848122 -0.318644 0.423267
vn -0.848153 -0.318415 0.423377
vn -0.827725 -0.379791 0.413074
vn -0.827751 -0.379630 0.413170
vn -0.803757 -0.439400 0.401126
vn -0.803769 -0.439307 0.401205
vn -0.776086 -0.497672 0.387316
vn -0.776070 -0.497653 0.387371
vn -0.744960 -0.553878 0.371826
vn -0.744913 -0.553922 0.371855
vn -0.710519 -0.607787 0.354624
vn -0.710425 -0.607899 0.354620
vn -0.672885 -0.659128 0.335823
vn -0.672739 -0.659292 0.335792
vn -0.634711 -0.704818 0.316819
vn -0.159072 -0.542629 0.824773
vn -0.111465 -0.551631 0.826607
vn -0.101671 -0.523932 0.845670
vn -0.137693 -0.502098 0.853779
vn -0.069017 -0.560817 0.825058
vn -0.066291 -0.541579 0.838032
vn -0.028353 -0.570535 0.820784
vn -0.028745 -0.555067 0.831309
vn 0.012388 -0.579547 0.814845
vn 0.010968 -0.566119 0.824250
vn 0.054147 -0.587549 0.807375
vn 0.052478 -0.575837 0.815879
vn 0.098142 -0.594506 0.798079
vn 0.096662 -0.584054 0.805939
vn 0.143630 -0.599814 0.787142
vn 0.142552 -0.590718 0.794186
vn 0.189058 -0.603710 0.774462
vn 0.188308 -0.595909 0.780662
vn 0.235372 -0.606499 0.759446
vn 0.234541 -0.599809 0.764996
vn 0.280624 -0.608356 0.742397
vn 0.279874 -0.602578 0.747376
vn 0.322943 -0.609537 0.723998
vn 0.322106 -0.604356 0.728698
vn 0.351023 -0.604967 0.714701
vn -0.606369 -0.708421 0.361186
vn -0.611642 -0.704356 0.360246
vn -0.572610 -0.703892 0.420302
vn -0.577972 -0.699763 0.419857
vn -0.535460 -0.695688 0.478854
vn -0.541440 -0.691137 0.478719
vn -0.495653 -0.683722 0.535586
vn -0.502845 -0.678379 0.535676
vn -0.453756 -0.669301 0.588338
vn -0.462499 -0.663245 0.588388
vn -0.411575 -0.652020 0.636770
vn -0.422196 -0.645178 0.636786
vn -0.369497 -0.633676 0.679652
vn -0.381943 -0.626153 0.679744
vn -0.327732 -0.615087 0.717120
vn -0.341970 -0.606454 0.717823
vn -0.287138 -0.595289 0.750455
vn -0.303323 -0.584896 0.752258
vn -0.246511 -0.577224 0.778489
vn -0.265027 -0.563164 0.782692
vn -0.203630 -0.560651 0.802624
vn -0.227423 -0.539089 0.810964
vn -0.190255 -0.508835 0.839577
vn -0.196895 -0.001565 0.980423
vn -0.197031 -0.034315 0.979797
vn -0.191491 -0.031925 0.980975
vn -0.190611 -0.001467 0.981664
vn -0.196211 -0.079849 0.977305
vn -0.190485 -0.077805 0.978602
vn -0.194618 -0.127321 0.972581
vn -0.188038 -0.125393 0.974124
vn -0.192472 -0.174757 0.965616
vn -0.184561 -0.172715 0.967526
vn -0.190049 -0.221761 0.956401
vn -0.180476 -0.219034 0.958881
vn -0.187355 -0.267963 0.945036
vn -0.176093 -0.264253 0.948241
vn -0.184642 -0.311681 0.932074
vn -0.171733 -0.307005 0.936085
vn -0.182515 -0.353352 0.917513
vn -0.167709 -0.347683 0.922491
vn -0.181224 -0.392825 0.901580
vn -0.163632 -0.386502 0.907657
vn -0.181478 -0.431451 0.883695
vn -0.158718 -0.424810 0.891260
vn -0.184732 -0.469420 0.863434
vn -0.150714 -0.463321 0.873281
vn -0.853617 -0.001908 0.520899
vn -0.853940 0.001585 0.520370
vn -0.894721 0.001757 0.446621
vn -0.807398 -0.001980 0.590004
vn -0.807651 0.001462 0.589659
vn -0.756168 -0.001967 0.654375
vn -0.756328 0.001416 0.654191
vn -0.700675 -0.001877 0.713478
vn -0.700713 0.001415 0.713442
vn -0.641571 -0.001721 0.767061
vn -0.641490 0.001436 0.767130
vn -0.579869 -0.001531 0.814709
vn -0.579672 0.001440 0.814849
vn -0.516320 -0.001328 0.856394
vn -0.516027 0.001361 0.856571
vn -0.451496 -0.001165 0.892272
vn -0.451136 0.001172 0.892455
vn -0.386121 -0.001043 0.922448
vn -0.385733 0.000868 0.922610
vn -0.320938 -0.000981 0.947100
vn -0.320548 0.000335 0.947232
vn -0.256373 -0.001256 0.966577
vn -0.256404 -0.000620 0.966569
vn -0.196823 -0.001543 0.980438
vn -0.634311 0.705297 0.316553
vn -0.672671 0.659440 0.335637
vn -0.672510 0.659618 0.335609
vn -0.634301 0.705298 0.316572
vn -0.710249 0.608273 0.354331
vn -0.710074 0.608489 0.354311
vn -0.744769 0.554289 0.371595
vn -0.744588 0.554539 0.371585
vn -0.776044 0.497784 0.387255
vn -0.775871 0.498051 0.387260
vn -0.803735 0.439480 0.401082
vn -0.803568 0.439771 0.401099
vn -0.827725 0.379875 0.412998
vn -0.827558 0.380209 0.413024
vn -0.848194 0.318530 0.423209
vn -0.848040 0.318892 0.423246
vn -0.864968 0.255955 0.431646
vn -0.864832 0.256329 0.431696
vn -0.877935 0.193006 0.438155
vn -0.877815 0.193408 0.438217
vn -0.887287 0.129130 0.442773
vn -0.887188 0.129544 0.442849
vn -0.892904 0.064683 0.445576
vn -0.892829 0.065098 0.445666
vn -0.766647 0.522537 -0.373105
vn -0.782621 0.545419 -0.300037
vn -0.763398 0.565898 -0.311420
vn -0.779969 0.573095 -0.251419
vn -0.768391 0.585722 -0.257884
vn -0.777161 0.595492 -0.203496
vn -0.769184 0.604355 -0.207630
vn -0.772943 0.615490 -0.154052
vn -0.766654 0.622501 -0.157270
vn -0.766507 0.634092 -0.101953
vn -0.761040 0.640184 -0.104797
vn -0.757194 0.651578 -0.045867
vn -0.751904 0.657488 -0.048479
vn -0.744582 0.667377 0.014362
vn -0.739261 0.673316 0.011793
vn -0.728281 0.680779 0.078399
vn -0.722839 0.686838 0.075882
vn -0.707047 0.691944 0.145938
vn -0.701503 0.698067 0.143510
vn -0.681088 0.699687 0.215771
vn -0.675595 0.705692 0.213471
vn -0.650841 0.703718 0.284934
vn -0.645544 0.709406 0.282871
vn -0.630063 0.710035 0.314436
vn -0.897893 0.035004 -0.438819
vn -0.894959 0.032502 -0.444964
vn -0.895384 0.081001 -0.437865
vn -0.892411 0.078932 -0.444266
vn -0.890626 0.127281 -0.436560
vn -0.887539 0.125422 -0.443332
vn -0.883545 0.174845 -0.434485
vn -0.880275 0.173031 -0.441788
vn -0.874558 0.221446 -0.431404
vn -0.871067 0.219524 -0.439377
vn -0.863823 0.267456 -0.426939
vn -0.860201 0.264870 -0.435774
vn -0.851783 0.312072 -0.420805
vn -0.847927 0.308696 -0.430960
vn -0.839355 0.353561 -0.412889
vn -0.835000 0.349208 -0.425240
vn -0.826236 0.394061 -0.402554
vn -0.820794 0.388796 -0.418490
vn -0.812561 0.434117 -0.388956
vn -0.805048 0.427479 -0.411290
vn -0.799160 0.473505 -0.370320
vn -0.785972 0.466396 -0.405861
vn -0.369305 0.605657 -0.704836
vn -0.366601 0.611646 -0.701065
vn -0.348916 0.611228 -0.710393
vn -0.414499 0.604830 -0.679979
vn -0.411443 0.611358 -0.675985
vn -0.458406 0.602077 -0.653733
vn -0.455081 0.609065 -0.649570
vn -0.500362 0.597857 -0.626263
vn -0.496952 0.605116 -0.621992
vn -0.539454 0.592218 -0.598554
vn -0.535852 0.599865 -0.594159
vn -0.575627 0.585157 -0.571179
vn -0.571888 0.593313 -0.566502
vn -0.609154 0.577008 -0.544053
vn -0.605345 0.585879 -0.538798
vn -0.640710 0.567832 -0.516776
vn -0.636748 0.578072 -0.510279
vn -0.670597 0.556960 -0.489995
vn -0.666207 0.569788 -0.481155
vn -0.700340 0.544115 -0.462020
vn -0.695286 0.561369 -0.448824
vn -0.731343 0.526908 -0.433019
vn -0.725157 0.553411 -0.409736
vn 0.000028 1.000000 -0.000079
vn -0.037509 0.996364 -0.076500
vn -0.037618 0.996364 -0.076447
vn -0.000081 1.000000 -0.000025
vn -0.074504 0.985604 -0.151768
vn -0.074639 0.985593 -0.151772
vn -0.110577 0.967989 -0.225322
vn -0.110731 0.967960 -0.225370
vn -0.145556 0.943898 -0.296428
vn -0.145722 0.943847 -0.296509
vn -0.178315 0.914499 -0.363175
vn -0.178493 0.914418 -0.363291
vn -0.209114 0.880246 -0.425956
vn -0.209301 0.880128 -0.426108
vn -0.238444 0.841132 -0.485429
vn -0.238627 0.840985 -0.485595
vn -0.265154 0.798939 -0.539805
vn -0.265324 0.798767 -0.539977
vn -0.289166 0.754701 -0.588905
vn -0.289325 0.754496 -0.589089
vn -0.311523 0.707539 -0.634305
vn -0.311671 0.707294 -0.634505
vn -0.331921 0.658125 -0.675796
vn -0.332049 0.657869 -0.675982
vn 0.590073 0.751710 -0.294528
vn 0.590276 0.751543 -0.294545
vn 0.631117 0.708891 -0.314904
vn 0.544102 0.793834 -0.271624
vn 0.544371 0.793635 -0.271669
vn 0.495725 0.832476 -0.247470
vn 0.496052 0.832263 -0.247528
vn 0.445403 0.867268 -0.222401
vn 0.445763 0.867068 -0.222462
vn 0.393310 0.898179 -0.196426
vn 0.393704 0.897990 -0.196496
vn 0.339800 0.925057 -0.169723
vn 0.340255 0.924872 -0.169818
vn 0.285009 0.947891 -0.142381
vn 0.285504 0.947725 -0.142495
vn 0.229134 0.966647 -0.114421
vn 0.229661 0.966506 -0.114552
vn 0.172504 0.981238 -0.086106
vn 0.173077 0.981124 -0.086260
vn 0.115580 0.991615 -0.057801
vn 0.116187 0.991534 -0.057971
vn 0.058073 0.997888 -0.029111
vn 0.058711 0.997845 -0.029301
vn 0.000081 1.000000 0.000025
vn 0.349133 0.610715 0.710728
vn 0.331861 0.658298 0.675657
vn 0.331739 0.658235 0.675778
vn 0.348896 0.610750 0.710814
vn 0.311478 0.707732 0.634111
vn 0.311375 0.707665 0.634236
vn 0.288992 0.755269 0.588263
vn 0.288905 0.755173 0.588428
vn 0.264023 0.800975 0.537338
vn 0.263948 0.800867 0.537535
vn 0.237169 0.843085 0.482658
vn 0.237120 0.842958 0.482903
vn 0.208192 0.881486 0.423838
vn 0.208175 0.881346 0.424137
vn 0.177063 0.915832 0.360418
vn 0.177080 0.915687 0.360776
vn 0.144023 0.945166 0.293119
vn 0.144072 0.945033 0.293524
vn 0.109637 0.968607 0.223116
vn 0.109715 0.968494 0.223567
vn 0.073938 0.985861 0.150368
vn 0.074050 0.985775 0.150876
vn 0.037393 0.996414 0.075901
vn 0.037531 0.996366 0.076456
vn -0.000028 1.000000 0.000080
vn 0.754286 0.550848 0.357239
vn 0.726522 0.557320 0.401945
vn 0.732601 0.531795 0.424840
vn 0.764268 0.512414 0.391569
vn 0.695500 0.564752 0.444224
vn 0.701205 0.547217 0.457017
vn 0.665719 0.571674 0.479591
vn 0.669926 0.559537 0.487973
vn 0.635515 0.578123 0.511757
vn 0.638784 0.569238 0.517614
vn 0.604098 0.584176 0.542037
vn 0.606702 0.577442 0.546327
vn 0.571050 0.589733 0.571067
vn 0.573158 0.584522 0.574303
vn 0.536037 0.594747 0.599116
vn 0.537979 0.590502 0.601569
vn 0.499387 0.599045 0.625906
vn 0.501309 0.595310 0.627929
vn 0.460582 0.602843 0.651494
vn 0.462763 0.599175 0.653331
vn 0.419980 0.605922 0.675629
vn 0.422464 0.602013 0.677572
vn 0.378815 0.608153 0.697603
vn 0.381629 0.603744 0.699895
vn 0.350830 0.605721 0.714157
vn 0.656820 0.706674 -0.263058
vn 0.661417 0.701408 -0.265620
vn 0.681240 0.702955 -0.204368
vn 0.686998 0.696384 -0.207565
vn 0.704025 0.696210 -0.140144
vn 0.711401 0.687799 -0.144365
vn 0.724667 0.685289 -0.072362
vn 0.733636 0.675086 -0.077702
vn 0.741067 0.671420 -0.003909
vn 0.751493 0.659662 -0.010256
vn 0.753355 0.654635 0.062522
vn 0.764670 0.642044 0.055312
vn 0.761870 0.635570 0.124917
vn 0.773511 0.622851 0.117205
vn 0.766300 0.616507 0.180839
vn 0.778038 0.603899 0.173098
vn 0.768273 0.597062 0.230812
vn 0.780279 0.584269 0.223147
vn 0.766974 0.579825 0.274870
vn 0.780492 0.565209 0.267153
vn 0.762356 0.564557 0.316369
vn 0.781861 0.542445 0.307321
vn 0.783651 0.517813 0.343164
vn 0.896629 0.033670 0.441500
vn 0.894137 0.035290 0.446401
vn 0.895066 0.001149 0.445933
vn 0.893719 0.080188 0.441402
vn 0.891647 0.081604 0.445316
vn 0.889374 0.125387 0.439650
vn 0.887467 0.126800 0.443084
vn 0.883507 0.170772 0.436179
vn 0.881494 0.172169 0.439689
vn 0.876127 0.215723 0.431120
vn 0.873806 0.217020 0.435161
vn 0.867421 0.259334 0.424650
vn 0.864688 0.260205 0.429661
vn 0.857803 0.300745 0.416806
vn 0.854178 0.301783 0.423446
vn 0.846748 0.342098 0.407414
vn 0.841736 0.343483 0.416533
vn 0.834229 0.383284 0.396428
vn 0.827396 0.384604 0.409262
vn 0.820072 0.425123 0.383084
vn 0.810425 0.426022 0.402140
vn 0.803159 0.471184 0.364584
vn 0.789749 0.468700 0.395748
vn -0.058663 0.997851 0.029197
vn -0.058248 0.997877 0.029117
vn -0.116942 0.991426 0.058308
vn -0.116563 0.991474 0.058238
vn -0.174690 0.980760 0.087136
vn -0.174354 0.980825 0.087080
vn -0.231468 0.965971 0.115426
vn -0.231172 0.966047 0.115377
vn -0.287455 0.946998 0.143401
vn -0.287199 0.947082 0.143358
vn -0.341933 0.924118 0.170550
vn -0.341705 0.924211 0.170507
vn -0.395415 0.897065 0.197284
vn -0.395232 0.897154 0.197247
vn -0.447255 0.866108 0.223203
vn -0.447138 0.866174 0.223185
vn -0.496746 0.831751 0.247860
vn -0.496669 0.831800 0.247849
vn -0.544341 0.793680 0.271596
vn -0.544296 0.793714 0.271589
vn -0.589633 0.752165 0.294247
vn -0.589620 0.752175 0.294248
vn -0.630068 0.710022 0.314457
vn -0.206348 0.504735 0.838250
vn -0.167056 0.475711 0.863592
vn -0.170417 0.444193 0.879574
vn -0.165265 0.431005 0.887086
vn -0.157408 0.421816 0.892913
vn -0.167608 0.389838 0.905502
vn -0.160061 0.383716 0.909474
vn -0.171488 0.348263 0.921577
vn -0.163543 0.343785 0.924697
vn -0.175948 0.305074 0.935934
vn -0.167272 0.301950 0.938534
vn -0.180554 0.260696 0.948387
vn -0.171157 0.258662 0.950684
vn -0.184984 0.213805 0.959202
vn -0.175002 0.212815 0.961293
vn -0.188985 0.164640 0.968080
vn -0.178623 0.164550 0.970060
vn -0.192306 0.112588 0.974855
vn -0.182073 0.113648 0.976695
vn -0.194707 0.060393 0.979000
vn -0.185129 0.062267 0.980739
vn -0.196342 0.007878 0.980504
vn -0.187888 0.010766 0.982132
vn -0.190441 -0.001587 0.981697
vn -0.612574 0.704883 0.357622
vn -0.610188 0.709005 0.353529
vn -0.580241 0.701419 0.413922
vn -0.577435 0.705474 0.410943
vn -0.543121 0.695226 0.470829
vn -0.539933 0.699655 0.467926
vn -0.501728 0.686424 0.526395
vn -0.498639 0.691502 0.522670
vn -0.457781 0.674062 0.579721
vn -0.455319 0.680284 0.574368
vn -0.412236 0.659211 0.628890
vn -0.410999 0.666686 0.621779
vn -0.366662 0.641598 0.673729
vn -0.367011 0.650526 0.664920
vn -0.322292 0.621558 0.713998
vn -0.324315 0.631983 0.703859
vn -0.279716 0.599954 0.749542
vn -0.284281 0.611599 0.738330
vn -0.240055 0.575824 0.781537
vn -0.246376 0.589119 0.769569
vn -0.203163 0.546936 0.812149
vn -0.236118 0.566587 0.789447
vn 0.248623 0.602015 0.758792
vn 0.247554 0.604317 0.757310
vn 0.350587 0.605788 0.714220
vn 0.226202 0.597078 0.769630
vn 0.223010 0.604504 0.764750
vn 0.202490 0.593263 0.779126
vn 0.198230 0.603041 0.772688
vn 0.176322 0.590278 0.787707
vn 0.171935 0.599567 0.781638
vn 0.145932 0.588137 0.795486
vn 0.142850 0.593883 0.791768
vn 0.110756 0.586552 0.802303
vn 0.110267 0.585668 0.803016
vn 0.067818 0.584937 0.808239
vn 0.071626 0.574002 0.815715
vn 0.015552 0.581743 0.813224
vn 0.025443 0.557425 0.829837
vn -0.049142 0.575718 0.816170
vn -0.031461 0.535814 0.843750
vn -0.126453 0.562707 0.816928
vn -0.100569 0.508631 0.855091
vn -0.207973 0.538034 0.816864
vn -0.178943 0.480698 0.858434
vn 0.440873 0.001368 0.897569
vn 0.440381 0.050025 0.896416
vn 0.440300 0.049897 0.896463
vn 0.440790 0.001362 0.897609
vn 0.438684 0.100823 0.892968
vn 0.438601 0.100729 0.893019
vn 0.435838 0.150616 0.887333
vn 0.435748 0.150557 0.887387
vn 0.431837 0.201181 0.879228
vn 0.431738 0.201155 0.879283
vn 0.426701 0.251757 0.868645
vn 0.426588 0.251767 0.868698
vn 0.420324 0.302072 0.855617
vn 0.420199 0.302113 0.855664
vn 0.412358 0.353761 0.839532
vn 0.412219 0.353838 0.839568
vn 0.403224 0.404542 0.820827
vn 0.403074 0.404646 0.820849
vn 0.392441 0.455908 0.798836
vn 0.392277 0.456053 0.798833
vn 0.380057 0.507063 0.773591
vn 0.379881 0.507237 0.773564
vn 0.366068 0.557635 0.745008
vn 0.365839 0.557870 0.744945
vn 0.867220 0.001819 0.497922
vn 0.867216 -0.000467 0.497932
vn 0.835087 0.002205 0.550114
vn 0.835065 0.000202 0.550151
vn 0.801268 0.002509 0.598301
vn 0.801124 0.000319 0.598498
vn 0.765458 0.002585 0.643480
vn 0.765314 0.000138 0.643657
vn 0.728559 0.002504 0.684979
vn 0.728413 -0.000153 0.685138
vn 0.690452 0.002340 0.723375
vn 0.690347 -0.000403 0.723478
vn 0.651151 0.002158 0.758945
vn 0.651086 -0.000646 0.759004
vn 0.611126 0.001897 0.791532
vn 0.611115 -0.000883 0.791542
vn 0.569980 0.001682 0.821657
vn 0.570079 -0.001052 0.821589
vn 0.528225 0.001524 0.849103
vn 0.528379 -0.001199 0.849008
vn 0.485399 0.001382 0.874292
vn 0.485635 -0.001301 0.874161
vn 0.440872 -0.001259 0.897569
vn 0.366502 -0.556035 0.745990
vn 0.366404 -0.556222 0.745899
vn 0.380619 -0.504710 0.774853
vn 0.380513 -0.504927 0.774763
vn 0.393052 -0.453067 0.800150
vn 0.392937 -0.453301 0.800074
vn 0.403817 -0.401597 0.821981
vn 0.403696 -0.401858 0.821912
vn 0.412972 -0.350335 0.840666
vn 0.412848 -0.350617 0.840610
vn 0.420715 -0.299315 0.856393
vn 0.420592 -0.299616 0.856348
vn 0.427089 -0.248357 0.869433
vn 0.426969 -0.248677 0.869401
vn 0.432120 -0.198767 0.879639
vn 0.432007 -0.199087 0.879622
vn 0.435999 -0.148894 0.887545
vn 0.435893 -0.149250 0.887537
vn 0.438738 -0.098419 0.893209
vn 0.438640 -0.098779 0.893218
vn 0.440327 -0.049070 0.896495
vn 0.440238 -0.049444 0.896519
vn 0.440789 -0.001277 0.897610
vn 0.395534 0.001216 0.918451
vn 0.395677 -0.001398 0.918389
vn 0.348867 0.001078 0.937172
vn 0.348986 -0.001402 0.937127
vn 0.301225 0.000907 0.953553
vn 0.301330 -0.001326 0.953519
vn 0.252034 0.000657 0.967718
vn 0.252086 -0.001244 0.967704
vn 0.201619 0.000377 0.979464
vn 0.201650 -0.001200 0.979457
vn 0.149980 0.000069 0.988689
vn 0.149976 -0.001157 0.988689
vn 0.096769 -0.000222 0.995307
vn 0.096737 -0.001097 0.995309
vn 0.041593 -0.000441 0.999135
vn 0.041558 -0.001084 0.999135
vn -0.015128 -0.000650 0.999885
vn -0.015192 -0.001039 0.999884
vn -0.073013 -0.000820 0.997331
vn -0.073085 -0.001024 0.997325
vn -0.132535 -0.000927 0.991178
vn -0.132605 -0.001012 0.991168
vn 0.017951 -0.994196 -0.106079
vn -0.021014 -0.983452 -0.179946
vn -0.059562 -0.965980 -0.251665
vn -0.096933 -0.942232 -0.320629
vn -0.133068 -0.912687 -0.386387
vn -0.167451 -0.877993 -0.448428
vn -0.199621 -0.839182 -0.505891
vn -0.229402 -0.797233 -0.558386
vn -0.257056 -0.752325 -0.606572
vn -0.282309 -0.705461 -0.650097
vn -0.305237 -0.657423 -0.688931
vn -0.256619 -0.654053 -0.711591
vn -0.207753 -0.648923 -0.731941
vn -0.159923 -0.641796 -0.750015
vn -0.113093 -0.633409 -0.765508
vn -0.068056 -0.624001 -0.778454
vn -0.023952 -0.614337 -0.788680
vn 0.019893 -0.604484 -0.796369
vn 0.063924 -0.594343 -0.801667
vn 0.109401 -0.584028 -0.804328
vn 0.154276 -0.572698 -0.805118
vn 0.186698 -0.593830 -0.782630
vn 0.219799 -0.617263 -0.755430
vn 0.254538 -0.642118 -0.723114
vn 0.292955 -0.666072 -0.685948
vn 0.334672 -0.689857 -0.641944
vn 0.379855 -0.710895 -0.591894
vn 0.427020 -0.728240 -0.536024
vn 0.474245 -0.740726 -0.475833
vn 0.518798 -0.748539 -0.412962
vn 0.558238 -0.752089 -0.350333
vn 0.504134 -0.796365 -0.334142
vn 0.451676 -0.833636 -0.317867
vn 0.398644 -0.867234 -0.298310
vn 0.345155 -0.897164 -0.275618
vn 0.291788 -0.922992 -0.250888
vn 0.238144 -0.945040 -0.224025
vn 0.183783 -0.963351 -0.195394
vn 0.129026 -0.977654 -0.165966
vn 0.073842 -0.987944 -0.136064
vn 0.035257 -0.977178 -0.209474
vn -0.003097 -0.959704 -0.280995
vn -0.040591 -0.935924 -0.349856
vn -0.076738 -0.906457 -0.415267
vn -0.111472 -0.871837 -0.476943
vn -0.144114 -0.833435 -0.533495
vn -0.174780 -0.792005 -0.584962
vn -0.203859 -0.747471 -0.632241
vn -0.231267 -0.700780 -0.674850
vn -0.180042 -0.693711 -0.697388
vn -0.130815 -0.684368 -0.717306
vn -0.082532 -0.672726 -0.735274
vn -0.036163 -0.660685 -0.749791
vn 0.008913 -0.647953 -0.761628
vn 0.053792 -0.634759 -0.770835
vn 0.098852 -0.621493 -0.777159
vn 0.144773 -0.607806 -0.780777
vn 0.181009 -0.633611 -0.752178
vn 0.217625 -0.659428 -0.719579
vn 0.254956 -0.685894 -0.681577
vn 0.293760 -0.712589 -0.637120
vn 0.334290 -0.737803 -0.586427
vn 0.376425 -0.760302 -0.529382
vn 0.419705 -0.778458 -0.466745
vn 0.462766 -0.790676 -0.400848
vn 0.410430 -0.826132 -0.386074
vn 0.357799 -0.858361 -0.367690
vn 0.304968 -0.887266 -0.346054
vn 0.252162 -0.912530 -0.322031
vn 0.199124 -0.934237 -0.295890
vn 0.145291 -0.952462 -0.267781
vn 0.090709 -0.966812 -0.238842
vn 0.052445 -0.949198 -0.310279
vn 0.014814 -0.925423 -0.378647
vn -0.021516 -0.895948 -0.443638
vn -0.056397 -0.861446 -0.504709
vn -0.089380 -0.823679 -0.559969
vn -0.120772 -0.782750 -0.610505
vn -0.151058 -0.738783 -0.656797
vn -0.100319 -0.727502 -0.678732
vn -0.050913 -0.713795 -0.698502
vn -0.003081 -0.698846 -0.715266
vn 0.043093 -0.683383 -0.728787
vn 0.088654 -0.667001 -0.739764
vn 0.134605 -0.650279 -0.747676
vn 0.170178 -0.679623 -0.713549
vn 0.206696 -0.709291 -0.673931
vn 0.244676 -0.738786 -0.627956
vn 0.284127 -0.766818 -0.575553
vn 0.325416 -0.791708 -0.517014
vn 0.367907 -0.811928 -0.453229
vn 0.316173 -0.842613 -0.435934
vn 0.264414 -0.870322 -0.415481
vn 0.212315 -0.895160 -0.391932
vn 0.159965 -0.916661 -0.366257
vn 0.106770 -0.934758 -0.338862
vn 0.068860 -0.910937 -0.406757
vn 0.032335 -0.881503 -0.471071
vn -0.002959 -0.847354 -0.531021
vn -0.036536 -0.810077 -0.585184
vn -0.068907 -0.769762 -0.634601
vn -0.018511 -0.754085 -0.656515
vn 0.030232 -0.736874 -0.675354
vn 0.077568 -0.718653 -0.691029
vn 0.123786 -0.699394 -0.703936
vn 0.159447 -0.731709 -0.662705
vn 0.196265 -0.763846 -0.614833
vn 0.234670 -0.794079 -0.560686
vn 0.274819 -0.820746 -0.500850
vn 0.224314 -0.847281 -0.481454
vn 0.173375 -0.871381 -0.458952
vn 0.121759 -0.892779 -0.433729
vn 0.084520 -0.863664 -0.496931
vn 0.048777 -0.830045 -0.555560
vn 0.014629 -0.793239 -0.608735
vn 0.064198 -0.774276 -0.629583
vn 0.112179 -0.753657 -0.647625
vn 0.147819 -0.787732 -0.598020
vn 0.185374 -0.819308 -0.542560
vn 0.135469 -0.842741 -0.520995
vn 0.099032 -0.809973 -0.578046
vn 0.261379 -0.035053 -0.964600
vn 0.324644 -0.043423 -0.944839
vn 0.387547 -0.050981 -0.920439
vn 0.450874 -0.057146 -0.890756
vn 0.513923 -0.061818 -0.855606
vn 0.576246 -0.064940 -0.814692
vn 0.637393 -0.066847 -0.767633
vn 0.696407 -0.067791 -0.714438
vn 0.752233 -0.067781 -0.655402
vn 0.804202 -0.067146 -0.590551
vn 0.851375 -0.066419 -0.520335
vn 0.845646 -0.131271 -0.517349
vn 0.836449 -0.195154 -0.512120
vn 0.823973 -0.258243 -0.504361
vn 0.808227 -0.320277 -0.494158
vn 0.789370 -0.380768 -0.481570
vn 0.767602 -0.439969 -0.466063
vn 0.742855 -0.497609 -0.447830
vn 0.715483 -0.552882 -0.427089
vn 0.685195 -0.606162 -0.403827
vn 0.653481 -0.655780 -0.378042
vn 0.614406 -0.649265 -0.448285
vn 0.570657 -0.640708 -0.513658
vn 0.525057 -0.629501 -0.572751
vn 0.479210 -0.616503 -0.624726
vn 0.434289 -0.601878 -0.670177
vn 0.391147 -0.585560 -0.710016
vn 0.349432 -0.567744 -0.745361
vn 0.309163 -0.547772 -0.777408
vn 0.270405 -0.525224 -0.806859
vn 0.230673 -0.498666 -0.835537
vn 0.231913 -0.455415 -0.859543
vn 0.234677 -0.414206 -0.879409
vn 0.238478 -0.373391 -0.896498
vn 0.243273 -0.331289 -0.911628
vn 0.248830 -0.286876 -0.925087
vn 0.254145 -0.240932 -0.936676
vn 0.258831 -0.192791 -0.946487
vn 0.262186 -0.141427 -0.954598
vn 0.263078 -0.088303 -0.960725
vn 0.325621 -0.099250 -0.940277
vn 0.387245 -0.108328 -0.915591
vn 0.449232 -0.115676 -0.885895
vn 0.510933 -0.121586 -0.850979
vn 0.572130 -0.125667 -0.810479
vn 0.632434 -0.128411 -0.763897
vn 0.690873 -0.130070 -0.711180
vn 0.746447 -0.130902 -0.652443
vn 0.798412 -0.131253 -0.587632
vn 0.789093 -0.194738 -0.582588
vn 0.776551 -0.256876 -0.575311
vn 0.760989 -0.318039 -0.565462
vn 0.742549 -0.377910 -0.552997
vn 0.721414 -0.436121 -0.537922
vn 0.697662 -0.492967 -0.519857
vn 0.671691 -0.547738 -0.498813
vn 0.643307 -0.600556 -0.474857
vn 0.597113 -0.592562 -0.540672
vn 0.548652 -0.582362 -0.599863
vn 0.500013 -0.569757 -0.652199
vn 0.451772 -0.555882 -0.697781
vn 0.405356 -0.539929 -0.737674
vn 0.360754 -0.522387 -0.772637
vn 0.317282 -0.502742 -0.804103
vn 0.275045 -0.481196 -0.832346
vn 0.281048 -0.438113 -0.853855
vn 0.287988 -0.395238 -0.872267
vn 0.295687 -0.351647 -0.888208
vn 0.303708 -0.305671 -0.902401
vn 0.311532 -0.257758 -0.914608
vn 0.318441 -0.207504 -0.924953
vn 0.323444 -0.154416 -0.933563
vn 0.383297 -0.164655 -0.908830
vn 0.443834 -0.173096 -0.879232
vn 0.504256 -0.180223 -0.844538
vn 0.564290 -0.185453 -0.804478
vn 0.623748 -0.189184 -0.758385
vn 0.681791 -0.191679 -0.705989
vn 0.737183 -0.193415 -0.647419
vn 0.724732 -0.254834 -0.640175
vn 0.709315 -0.315014 -0.630586
vn 0.691032 -0.373781 -0.618678
vn 0.670495 -0.430827 -0.604007
vn 0.647882 -0.486222 -0.586376
vn 0.623353 -0.540212 -0.565334
vn 0.572633 -0.530898 -0.624691
vn 0.521064 -0.520071 -0.676771
vn 0.470030 -0.507401 -0.722230
vn 0.420239 -0.492801 -0.761936
vn 0.372605 -0.476755 -0.796160
vn 0.326411 -0.458470 -0.826596
vn 0.336226 -0.414226 -0.845795
vn 0.346485 -0.368698 -0.862560
vn 0.357174 -0.321082 -0.877116
vn 0.367453 -0.271755 -0.889454
vn 0.376382 -0.219498 -0.900087
vn 0.435140 -0.229536 -0.870612
vn 0.494106 -0.237446 -0.836349
vn 0.553088 -0.243644 -0.796700
vn 0.611768 -0.248571 -0.750968
vn 0.669419 -0.252129 -0.698792
vn 0.654032 -0.311086 -0.689541
vn 0.636249 -0.368492 -0.677792
vn 0.616504 -0.424310 -0.663238
vn 0.595186 -0.478293 -0.645748
vn 0.541680 -0.468888 -0.697658
vn 0.488273 -0.457881 -0.742923
vn 0.435904 -0.444695 -0.782454
vn 0.385254 -0.430484 -0.816249
vn 0.398379 -0.383344 -0.833272
vn 0.411552 -0.334439 -0.847806
vn 0.424102 -0.283143 -0.860214
vn 0.481342 -0.292567 -0.826265
vn 0.539227 -0.300201 -0.786838
vn 0.596976 -0.306360 -0.741460
vn 0.580015 -0.362117 -0.729694
vn 0.561391 -0.416275 -0.715231
vn 0.506314 -0.406901 -0.760314
vn 0.451618 -0.396253 -0.799390
vn 0.467077 -0.345442 -0.813947
vn 0.523467 -0.354436 -0.774827
vn 0.928415 -0.062299 -0.366284
vn 0.956370 -0.060459 -0.285834
vn 0.977287 -0.058964 -0.203551
vn 0.990878 -0.058345 -0.121478
vn 0.997497 -0.057589 -0.041035
vn 0.997695 -0.056360 0.037797
vn 0.991974 -0.055152 0.113778
vn 0.981079 -0.053746 0.185997
vn 0.965537 -0.051022 0.255217
vn 0.946137 -0.046982 0.320340
vn 0.919424 -0.045364 0.390642
vn 0.914308 -0.092461 0.394324
vn 0.908262 -0.139558 0.394440
vn 0.901397 -0.186256 0.390887
vn 0.893501 -0.233051 0.383855
vn 0.883880 -0.280850 0.374005
vn 0.872049 -0.329330 0.362038
vn 0.857863 -0.377194 0.348994
vn 0.840291 -0.425163 0.336374
vn 0.819115 -0.473219 0.324213
vn 0.795093 -0.518702 0.314287
vn 0.799403 -0.529111 0.284599
vn 0.803135 -0.545294 0.240062
vn 0.805127 -0.561742 0.190307
vn 0.804485 -0.578545 0.134500
vn 0.799368 -0.596526 0.071881
vn 0.789022 -0.614353 0.003866
vn 0.772656 -0.631217 -0.067584
vn 0.750554 -0.645597 -0.140974
vn 0.724381 -0.655503 -0.213515
vn 0.696055 -0.660033 -0.282601
vn 0.738895 -0.604123 -0.298447
vn 0.776032 -0.548970 -0.310493
vn 0.809044 -0.492075 -0.321419
vn 0.838070 -0.433433 -0.331323
vn 0.863061 -0.373374 -0.340173
vn 0.884077 -0.312263 -0.347705
vn 0.900996 -0.250373 -0.354286
vn 0.913896 -0.188218 -0.359678
vn 0.923049 -0.125528 -0.363624
vn 0.951257 -0.123282 -0.282686
vn 0.972269 -0.121453 -0.199854
vn 0.985813 -0.119601 -0.117761
vn 0.992366 -0.117500 -0.037466
vn 0.992397 -0.115924 0.041346
vn 0.986657 -0.113692 0.116544
vn 0.975995 -0.110506 0.187676
vn 0.960945 -0.106193 0.255556
vn 0.942540 -0.100073 0.318754
vn 0.935749 -0.152291 0.318089
vn 0.926176 -0.203253 0.317625
vn 0.914354 -0.252246 0.316748
vn 0.900144 -0.300635 0.315213
vn 0.883741 -0.348377 0.312467
vn 0.866082 -0.393533 0.308277
vn 0.846124 -0.439228 0.301916
vn 0.823358 -0.485964 0.293123
vn 0.827116 -0.505436 0.245792
vn 0.829834 -0.523171 0.194080
vn 0.830995 -0.539265 0.136530
vn 0.828651 -0.555020 0.072735
vn 0.822262 -0.569094 0.004100
vn 0.810787 -0.581270 -0.068920
vn 0.792903 -0.591609 -0.145957
vn 0.768540 -0.599468 -0.223572
vn 0.805830 -0.544443 -0.232854
vn 0.838868 -0.487616 -0.241930
vn 0.867875 -0.428885 -0.250699
vn 0.892567 -0.369271 -0.258773
vn 0.913097 -0.308862 -0.266193
vn 0.929672 -0.247461 -0.272897
vn 0.942367 -0.185502 -0.278449
vn 0.963475 -0.183207 -0.195324
vn 0.977100 -0.180292 -0.113003
vn 0.983600 -0.177434 -0.032360
vn 0.983580 -0.174484 0.046099
vn 0.977911 -0.170989 0.120219
vn 0.967565 -0.166314 0.190154
vn 0.953271 -0.159834 0.256375
vn 0.942541 -0.212708 0.257627
vn 0.929115 -0.264209 0.258727
vn 0.913398 -0.313768 0.259334
vn 0.895124 -0.362751 0.259163
vn 0.874831 -0.410431 0.257329
vn 0.852506 -0.457422 0.252980
vn 0.857625 -0.474212 0.199004
vn 0.860971 -0.489310 0.138943
vn 0.860816 -0.503615 0.073269
vn 0.856352 -0.516387 0.002397
vn 0.846454 -0.527396 -0.073272
vn 0.829479 -0.537244 -0.152753
vn 0.861991 -0.480933 -0.160232
vn 0.890437 -0.422981 -0.167956
vn 0.914640 -0.364150 -0.175581
vn 0.934663 -0.304873 -0.182916
vn 0.950931 -0.244454 -0.189663
vn 0.964605 -0.241055 -0.106913
vn 0.971084 -0.237296 -0.026210
vn 0.971202 -0.232637 0.051451
vn 0.965786 -0.227426 0.124642
vn 0.955997 -0.220743 0.193242
vn 0.941486 -0.273817 0.196542
vn 0.924366 -0.325323 0.199279
vn 0.904652 -0.375798 0.200948
vn 0.882354 -0.425429 0.201152
vn 0.887524 -0.439267 0.139087
vn 0.889311 -0.451646 0.071709
vn 0.886316 -0.463079 -0.001214
vn 0.877492 -0.473030 -0.079058
vn 0.905232 -0.416190 -0.085677
vn 0.929001 -0.358250 -0.092808
vn 0.948610 -0.300232 -0.099994
vn 0.955343 -0.294851 -0.019567
vn 0.955593 -0.289078 0.057232
vn 0.950618 -0.282152 0.129291
vn 0.932575 -0.335277 0.133763
vn 0.911503 -0.387727 0.137224
vn 0.914674 -0.398388 0.068248
vn 0.912897 -0.408142 -0.006225
vn 0.936226 -0.351173 -0.012589
vn 0.936901 -0.343836 0.063200
vn 0.371805 -0.658656 0.654166
vn 0.357629 -0.706721 0.610448
vn 0.339737 -0.752598 0.564070
vn 0.318152 -0.796738 0.513797
vn 0.293357 -0.838769 0.458702
vn 0.265883 -0.877361 0.399429
vn 0.235725 -0.911928 0.335887
vn 0.203202 -0.941719 0.268095
vn 0.168784 -0.965763 0.197012
vn 0.133034 -0.983470 0.122838
vn 0.096169 -0.994266 0.046752
vn 0.153626 -0.987985 0.016847
vn 0.210898 -0.977423 -0.012870
vn 0.267542 -0.962618 -0.042291
vn 0.323085 -0.943704 -0.070983
vn 0.377451 -0.920767 -0.098588
vn 0.430842 -0.893662 -0.125475
vn 0.482074 -0.862886 -0.151762
vn 0.530646 -0.828822 -0.177396
vn 0.576721 -0.791358 -0.202843
vn 0.616325 -0.753311 -0.229491
vn 0.640124 -0.750957 -0.162189
vn 0.661855 -0.744147 -0.090515
vn 0.681324 -0.731754 -0.018236
vn 0.697990 -0.714284 0.051073
vn 0.711860 -0.692742 0.115604
vn 0.723199 -0.668426 0.173749
vn 0.731349 -0.643817 0.225008
vn 0.736023 -0.620122 0.271513
vn 0.736821 -0.598234 0.314979
vn 0.732434 -0.577198 0.361085
vn 0.705948 -0.586941 0.396406
vn 0.679187 -0.598477 0.424889
vn 0.649312 -0.611951 0.451564
vn 0.615895 -0.625474 0.479016
vn 0.579154 -0.638153 0.507288
vn 0.539421 -0.648758 0.536784
vn 0.497248 -0.656072 0.567727
vn 0.454407 -0.659806 0.598473
vn 0.412362 -0.660110 0.627864
vn 0.402068 -0.704816 0.584445
vn 0.386797 -0.748890 0.538101
vn 0.367891 -0.791984 0.487255
vn 0.345283 -0.833291 0.431748
vn 0.319231 -0.871540 0.372169
vn 0.290226 -0.906067 0.307915
vn 0.258929 -0.935721 0.239547
vn 0.225394 -0.959698 0.167861
vn 0.190165 -0.977319 0.093195
vn 0.247025 -0.966932 0.063410
vn 0.303235 -0.952312 0.033921
vn 0.358711 -0.933436 0.004874
vn 0.412813 -0.910514 -0.023462
vn 0.465000 -0.883828 -0.051216
vn 0.514619 -0.853809 -0.078598
vn 0.561610 -0.820565 -0.106148
vn 0.605853 -0.784164 -0.134270
vn 0.632271 -0.772108 -0.063891
vn 0.655371 -0.755284 0.005962
vn 0.674586 -0.734567 0.073115
vn 0.689627 -0.711161 0.136619
vn 0.700450 -0.686272 0.195961
vn 0.707459 -0.660870 0.250505
vn 0.710221 -0.636024 0.301762
vn 0.709699 -0.611631 0.349621
vn 0.680373 -0.625348 0.382143
vn 0.648990 -0.638968 0.412955
vn 0.614256 -0.652919 0.443155
vn 0.576352 -0.666855 0.472359
vn 0.535698 -0.679729 0.500994
vn 0.492406 -0.690851 0.529398
vn 0.447157 -0.699501 0.557449
vn 0.434674 -0.741824 0.510643
vn 0.418100 -0.783675 0.459397
vn 0.397270 -0.824049 0.403880
vn 0.373036 -0.861538 0.344378
vn 0.345211 -0.895910 0.279597
vn 0.314807 -0.925465 0.210740
vn 0.281846 -0.949425 0.138405
vn 0.337917 -0.934820 0.109196
vn 0.392819 -0.916100 0.080339
vn 0.445862 -0.893602 0.051794
vn 0.496701 -0.867608 0.023351
vn 0.544966 -0.838443 -0.005014
vn 0.590238 -0.806521 -0.033809
vn 0.615489 -0.787267 0.037211
vn 0.636574 -0.763987 0.105347
vn 0.653631 -0.737598 0.169456
vn 0.666557 -0.709475 0.228793
vn 0.674997 -0.681102 0.283687
vn 0.679599 -0.652771 0.334716
vn 0.646240 -0.669656 0.365971
vn 0.609746 -0.686673 0.395842
vn 0.569823 -0.703365 0.424947
vn 0.527257 -0.718489 0.453624
vn 0.482180 -0.731370 0.482287
vn 0.467238 -0.771975 0.430980
vn 0.448372 -0.811137 0.375525
vn 0.426018 -0.847730 0.316009
vn 0.399509 -0.881699 0.250996
vn 0.370247 -0.910960 0.181849
vn 0.424126 -0.892575 0.153060
vn 0.475851 -0.870646 0.124668
vn 0.525585 -0.845298 0.096083
vn 0.572411 -0.817231 0.066933
vn 0.595397 -0.791860 0.135865
vn 0.614391 -0.763122 0.200421
vn 0.629161 -0.732589 0.259750
vn 0.639659 -0.701291 0.314685
vn 0.601032 -0.721254 0.344315
vn 0.559074 -0.740154 0.373643
vn 0.514676 -0.757018 0.402533
vn 0.497755 -0.794862 0.347036
vn 0.477061 -0.830528 0.287463
vn 0.452232 -0.863738 0.222359
vn 0.502845 -0.842355 0.193869
vn 0.550805 -0.818128 0.165168
vn 0.571816 -0.787507 0.229911
vn 0.588361 -0.755006 0.289478
vn 0.544496 -0.775882 0.318641
vn 0.525651 -0.810396 0.258745
vn -0.394490 -0.048765 -0.917605
vn -0.348095 -0.047317 -0.936265
vn -0.300369 -0.045732 -0.952726
vn -0.251042 -0.044223 -0.966965
vn -0.200717 -0.043051 -0.978703
vn -0.148627 -0.042184 -0.987993
vn -0.095084 -0.041066 -0.994622
vn -0.040034 -0.039827 -0.998404
vn 0.016370 -0.038495 -0.999125
vn 0.074064 -0.036146 -0.996598
vn 0.133881 -0.033091 -0.990445
vn 0.135164 -0.083798 -0.987273
vn 0.136390 -0.133791 -0.981579
vn 0.137142 -0.182063 -0.973676
vn 0.137186 -0.229005 -0.963710
vn 0.136619 -0.273945 -0.951992
vn 0.135128 -0.317575 -0.938556
vn 0.132279 -0.359806 -0.923603
vn 0.127984 -0.401250 -0.906983
vn 0.122326 -0.442250 -0.888511
vn 0.117186 -0.480680 -0.869031
vn 0.080148 -0.490531 -0.867730
vn 0.039540 -0.499508 -0.865406
vn -0.003217 -0.507557 -0.861612
vn -0.048017 -0.515905 -0.855299
vn -0.095149 -0.525067 -0.845725
vn -0.143661 -0.533977 -0.833205
vn -0.192402 -0.542870 -0.817480
vn -0.240189 -0.550575 -0.799485
vn -0.286849 -0.556048 -0.780082
vn -0.331494 -0.558306 -0.760530
vn -0.343561 -0.501580 -0.793967
vn -0.352610 -0.449155 -0.820930
vn -0.360662 -0.398013 -0.843510
vn -0.368004 -0.346639 -0.862794
vn -0.374813 -0.295176 -0.878855
vn -0.380777 -0.245479 -0.891487
vn -0.385963 -0.195615 -0.901536
vn -0.389999 -0.145703 -0.909215
vn -0.392745 -0.096975 -0.914520
vn -0.346093 -0.095415 -0.933336
vn -0.298118 -0.094662 -0.949824
vn -0.248887 -0.094468 -0.963915
vn -0.197968 -0.094145 -0.975677
vn -0.145416 -0.093860 -0.984908
vn -0.092148 -0.093107 -0.991383
vn -0.037407 -0.092221 -0.995036
vn 0.018694 -0.090113 -0.995756
vn 0.075901 -0.087366 -0.993281
vn 0.078324 -0.138817 -0.987216
vn 0.081112 -0.188893 -0.978642
vn 0.083875 -0.236749 -0.967944
vn 0.086524 -0.282396 -0.955388
vn 0.088318 -0.327350 -0.940767
vn 0.088443 -0.370324 -0.924683
vn 0.086893 -0.412302 -0.906894
vn 0.083193 -0.454759 -0.886721
vn 0.040466 -0.465639 -0.884049
vn -0.003516 -0.474187 -0.880417
vn -0.049176 -0.480521 -0.875603
vn -0.096983 -0.485510 -0.868835
vn -0.146164 -0.489672 -0.859568
vn -0.196322 -0.493093 -0.847536
vn -0.246834 -0.496212 -0.832374
vn -0.296263 -0.498942 -0.814424
vn -0.304443 -0.447038 -0.841113
vn -0.312140 -0.396201 -0.863478
vn -0.319337 -0.345247 -0.882513
vn -0.326336 -0.294084 -0.898343
vn -0.332779 -0.244579 -0.910735
vn -0.338282 -0.195167 -0.920584
vn -0.342792 -0.144738 -0.928194
vn -0.294369 -0.144288 -0.944737
vn -0.244884 -0.144444 -0.958732
vn -0.193464 -0.145044 -0.970327
vn -0.140899 -0.145109 -0.979332
vn -0.087833 -0.144904 -0.985540
vn -0.033535 -0.144052 -0.989002
vn 0.021881 -0.141994 -0.989626
vn 0.026130 -0.192936 -0.980863
vn 0.030900 -0.241433 -0.969925
vn 0.035256 -0.288577 -0.956807
vn 0.039070 -0.334555 -0.941566
vn 0.041444 -0.378804 -0.924548
vn 0.041876 -0.421995 -0.905630
vn -0.004053 -0.429429 -0.903092
vn -0.051636 -0.434509 -0.899186
vn -0.101177 -0.438393 -0.893070
vn -0.151514 -0.441071 -0.884590
vn -0.202785 -0.443135 -0.873218
vn -0.254038 -0.445182 -0.858649
vn -0.261291 -0.394512 -0.880958
vn -0.269001 -0.344623 -0.899374
vn -0.276793 -0.294389 -0.914724
vn -0.283628 -0.244460 -0.927251
vn -0.289436 -0.194619 -0.937204
vn -0.239067 -0.194797 -0.951263
vn -0.187455 -0.195481 -0.962626
vn -0.135176 -0.195783 -0.971286
vn -0.082126 -0.195611 -0.977237
vn -0.028191 -0.194797 -0.980438
vn -0.022099 -0.244220 -0.969468
vn -0.016277 -0.292404 -0.956156
vn -0.010988 -0.339255 -0.940630
vn -0.006634 -0.384604 -0.923058
vn -0.056048 -0.388594 -0.919703
vn -0.106791 -0.390934 -0.914202
vn -0.158377 -0.392541 -0.905996
vn -0.210120 -0.393720 -0.894894
vn -0.217706 -0.344434 -0.913219
vn -0.225209 -0.294473 -0.928745
vn -0.232306 -0.244577 -0.941391
vn -0.180365 -0.245029 -0.952591
vn -0.128280 -0.245725 -0.960814
vn -0.075383 -0.245648 -0.966424
vn -0.068393 -0.294237 -0.953282
vn -0.061774 -0.341819 -0.937733
vn -0.113534 -0.342973 -0.932459
vn -0.165787 -0.343820 -0.924285
vn -0.173056 -0.294386 -0.939887
vn -0.120881 -0.294571 -0.947953
vn -0.095028 -0.994514 -0.043720
vn -0.152231 -0.988266 -0.012514
vn -0.209071 -0.977733 0.018100
vn -0.265410 -0.962944 0.047925
vn -0.321345 -0.943837 0.076871
vn -0.376265 -0.920599 0.104507
vn -0.429396 -0.893593 0.130811
vn -0.480659 -0.862879 0.156226
vn -0.529816 -0.828531 0.181194
vn -0.576132 -0.791016 0.205829
vn -0.616515 -0.752517 0.231576
vn -0.640882 -0.749830 0.164395
vn -0.662867 -0.742917 0.093175
vn -0.682559 -0.730535 0.020773
vn -0.699135 -0.713274 -0.049507
vn -0.712910 -0.691852 -0.114459
vn -0.724061 -0.667737 -0.172808
vn -0.731320 -0.643818 -0.225100
vn -0.735624 -0.620153 -0.272522
vn -0.735803 -0.598488 -0.316868
vn -0.730873 -0.577642 -0.363531
vn -0.707278 -0.586179 -0.395162
vn -0.682677 -0.597496 -0.420655
vn -0.654325 -0.611595 -0.444759
vn -0.622240 -0.626024 -0.470013
vn -0.585965 -0.639390 -0.497821
vn -0.545501 -0.651064 -0.527774
vn -0.502168 -0.659169 -0.559754
vn -0.457628 -0.663012 -0.592446
vn -0.413459 -0.662953 -0.624136
vn -0.372085 -0.660435 -0.652210
vn -0.358121 -0.709064 -0.607436
vn -0.339744 -0.755954 -0.559560
vn -0.317752 -0.800997 -0.507383
vn -0.292230 -0.843410 -0.450845
vn -0.263994 -0.881769 -0.390883
vn -0.233635 -0.915530 -0.327444
vn -0.201015 -0.944407 -0.260169
vn -0.166640 -0.967548 -0.189952
vn -0.131255 -0.984339 -0.117681
vn -0.188447 -0.978253 -0.086651
vn -0.245131 -0.967868 -0.056064
vn -0.301464 -0.953114 -0.026317
vn -0.357356 -0.933965 0.002501
vn -0.411923 -0.910712 0.030379
vn -0.464497 -0.883710 0.057433
vn -0.514263 -0.853523 0.083855
vn -0.561686 -0.819941 0.110482
vn -0.605979 -0.783513 0.137466
vn -0.633285 -0.771008 0.067055
vn -0.657229 -0.753687 -0.002581
vn -0.676999 -0.732633 -0.070158
vn -0.692131 -0.709297 -0.133611
vn -0.703121 -0.684441 -0.192773
vn -0.710003 -0.659013 -0.248188
vn -0.712394 -0.634642 -0.299541
vn -0.711389 -0.610428 -0.348286
vn -0.683860 -0.623482 -0.378953
vn -0.653807 -0.637026 -0.408331
vn -0.620427 -0.651019 -0.437315
vn -0.583238 -0.665303 -0.466054
vn -0.542422 -0.679066 -0.494619
vn -0.498155 -0.691209 -0.523518
vn -0.451563 -0.700826 -0.552208
vn -0.404202 -0.706850 -0.580503
vn -0.388745 -0.752104 -0.532182
vn -0.368895 -0.796264 -0.479459
vn -0.345244 -0.837850 -0.422864
vn -0.318311 -0.875982 -0.362399
vn -0.288809 -0.909765 -0.298190
vn -0.257150 -0.938460 -0.230580
vn -0.223461 -0.961561 -0.159577
vn -0.280037 -0.951221 -0.129453
vn -0.336476 -0.936379 -0.099892
vn -0.392163 -0.917133 -0.071243
vn -0.445890 -0.894032 -0.043469
vn -0.497446 -0.867342 -0.016285
vn -0.545899 -0.837782 0.010744
vn -0.591460 -0.805426 0.038257
vn -0.617757 -0.785702 -0.032387
vn -0.639745 -0.761993 -0.100465
vn -0.657323 -0.735425 -0.164549
vn -0.670259 -0.707512 -0.224007
vn -0.679203 -0.678722 -0.279321
vn -0.683649 -0.650608 -0.330657
vn -0.651819 -0.667556 -0.359864
vn -0.616140 -0.685158 -0.388497
vn -0.576794 -0.702479 -0.416932
vn -0.533722 -0.718815 -0.445474
vn -0.487201 -0.733174 -0.474437
vn -0.438321 -0.744514 -0.503561
vn -0.420628 -0.787288 -0.450833
vn -0.398929 -0.827850 -0.394360
vn -0.373633 -0.865523 -0.333571
vn -0.345003 -0.899279 -0.268830
vn -0.313561 -0.928089 -0.200824
vn -0.369993 -0.913059 -0.171546
vn -0.424898 -0.893820 -0.143347
vn -0.477473 -0.871003 -0.115646
vn -0.527328 -0.845077 -0.088149
vn -0.574260 -0.816428 -0.060593
vn -0.598371 -0.790780 -0.128917
vn -0.618828 -0.761305 -0.193564
vn -0.634083 -0.730638 -0.253193
vn -0.644918 -0.699206 -0.308531
vn -0.607099 -0.719702 -0.336838
vn -0.565611 -0.739480 -0.365040
vn -0.520430 -0.758031 -0.393117
vn -0.471729 -0.774336 -0.421753
vn -0.452154 -0.813628 -0.365467
vn -0.427988 -0.850904 -0.304612
vn -0.400783 -0.884189 -0.239966
vn -0.454221 -0.865296 -0.212005
vn -0.505522 -0.842899 -0.184307
vn -0.553369 -0.818043 -0.156805
vn -0.576073 -0.786809 -0.221520
vn -0.594122 -0.753496 -0.281536
vn -0.550276 -0.775603 -0.309252
vn -0.502844 -0.795977 -0.336999
vn -0.480331 -0.832434 -0.276290
vn -0.529869 -0.810791 -0.248712
vn -0.870650 -0.048865 -0.489471
vn -0.832255 -0.049299 -0.552197
vn -0.799006 -0.053805 -0.598912
vn -0.763952 -0.056630 -0.642784
vn -0.727770 -0.057835 -0.683379
vn -0.690522 -0.058070 -0.720977
vn -0.652038 -0.057656 -0.755991
vn -0.612140 -0.055808 -0.788778
vn -0.570715 -0.053612 -0.819396
vn -0.528551 -0.052097 -0.847302
vn -0.485054 -0.050897 -0.873002
vn -0.482940 -0.100558 -0.869860
vn -0.479316 -0.150632 -0.864619
vn -0.474004 -0.200587 -0.857371
vn -0.467015 -0.250356 -0.848068
vn -0.458523 -0.300827 -0.836218
vn -0.448343 -0.351733 -0.821750
vn -0.436551 -0.402866 -0.804439
vn -0.423189 -0.454153 -0.784000
vn -0.407907 -0.506113 -0.759909
vn -0.391284 -0.557604 -0.732103
vn -0.436500 -0.556801 -0.706711
vn -0.479627 -0.555635 -0.679138
vn -0.520342 -0.553360 -0.650413
vn -0.558399 -0.550116 -0.620937
vn -0.593696 -0.546081 -0.591034
vn -0.626222 -0.540437 -0.561938
vn -0.657372 -0.533193 -0.532511
vn -0.686977 -0.524724 -0.502720
vn -0.714766 -0.515147 -0.473005
vn -0.735623 -0.508868 -0.447116
vn -0.757974 -0.461204 -0.461266
vn -0.779460 -0.414085 -0.470081
vn -0.800050 -0.366843 -0.474705
vn -0.818932 -0.319295 -0.476866
vn -0.835441 -0.273366 -0.476770
vn -0.849314 -0.226932 -0.476621
vn -0.859776 -0.182468 -0.476960
vn -0.867115 -0.137943 -0.478628
vn -0.870824 -0.092716 -0.482772
vn -0.827673 -0.097696 -0.552643
vn -0.794940 -0.102041 -0.598046
vn -0.760586 -0.104914 -0.640704
vn -0.724873 -0.106560 -0.680592
vn -0.688030 -0.106314 -0.717852
vn -0.649951 -0.105565 -0.752609
vn -0.610401 -0.104294 -0.785197
vn -0.569390 -0.102488 -0.815654
vn -0.526797 -0.101346 -0.843928
vn -0.523574 -0.151194 -0.838457
vn -0.518994 -0.200639 -0.830897
vn -0.512872 -0.250220 -0.821189
vn -0.504863 -0.300483 -0.809212
vn -0.494956 -0.351210 -0.794777
vn -0.483236 -0.402983 -0.777231
vn -0.469796 -0.453983 -0.757094
vn -0.454206 -0.505320 -0.733723
vn -0.498298 -0.504541 -0.705080
vn -0.539885 -0.502997 -0.674920
vn -0.578735 -0.500075 -0.644197
vn -0.614491 -0.496928 -0.612751
vn -0.647830 -0.492070 -0.581536
vn -0.679153 -0.485631 -0.550376
vn -0.709139 -0.477780 -0.518506
vn -0.737398 -0.468290 -0.486774
vn -0.756075 -0.423469 -0.499024
vn -0.771994 -0.378121 -0.510930
vn -0.785413 -0.332931 -0.521807
vn -0.796811 -0.287560 -0.531414
vn -0.806679 -0.240863 -0.539680
vn -0.814815 -0.194690 -0.546052
vn -0.821754 -0.147107 -0.550527
vn -0.789640 -0.151583 -0.594551
vn -0.756116 -0.154613 -0.635911
vn -0.721085 -0.155466 -0.675180
vn -0.684850 -0.154880 -0.712035
vn -0.646928 -0.154379 -0.746760
vn -0.607376 -0.153268 -0.779489
vn -0.566478 -0.152250 -0.809891
vn -0.562036 -0.201387 -0.802222
vn -0.556264 -0.250769 -0.792266
vn -0.548890 -0.300771 -0.779908
vn -0.539664 -0.351163 -0.765145
vn -0.528078 -0.402469 -0.747765
vn -0.514249 -0.453697 -0.727810
vn -0.556502 -0.451969 -0.697159
vn -0.595787 -0.450098 -0.665169
vn -0.631901 -0.447822 -0.632579
vn -0.665968 -0.443815 -0.599596
vn -0.697333 -0.438714 -0.566795
vn -0.727290 -0.432081 -0.533250
vn -0.742875 -0.385714 -0.547139
vn -0.756039 -0.339750 -0.559442
vn -0.766880 -0.294013 -0.570483
vn -0.775981 -0.246918 -0.580417
vn -0.783345 -0.200119 -0.588493
vn -0.750545 -0.203092 -0.628837
vn -0.716322 -0.203644 -0.667392
vn -0.680561 -0.203855 -0.703762
vn -0.642677 -0.203923 -0.738500
vn -0.603025 -0.202702 -0.771539
vn -0.597476 -0.251895 -0.761296
vn -0.590468 -0.301437 -0.748655
vn -0.581449 -0.351283 -0.733837
vn -0.570261 -0.401114 -0.716875
vn -0.609717 -0.400278 -0.684122
vn -0.646373 -0.398743 -0.650543
vn -0.680756 -0.395710 -0.616429
vn -0.712733 -0.391430 -0.582061
vn -0.725253 -0.344835 -0.595900
vn -0.735306 -0.298253 -0.608580
vn -0.743678 -0.250753 -0.619731
vn -0.710079 -0.252378 -0.657338
vn -0.674753 -0.252920 -0.693354
vn -0.637049 -0.252832 -0.728179
vn -0.629895 -0.301513 -0.715767
vn -0.620847 -0.350911 -0.701007
vn -0.658116 -0.349859 -0.666695
vn -0.692670 -0.347895 -0.631805
vn -0.702223 -0.300629 -0.645371
vn -0.667422 -0.301246 -0.681027
vn -0.396631 0.050028 -0.916614
vn -0.396206 0.100858 -0.912605
vn -0.394623 0.152036 -0.906177
vn -0.391664 0.202288 -0.897596
vn -0.387334 0.252702 -0.886631
vn -0.381587 0.304253 -0.872824
vn -0.374641 0.355029 -0.856504
vn -0.366437 0.405685 -0.837343
vn -0.357089 0.456491 -0.814925
vn -0.347092 0.507153 -0.788874
vn -0.337200 0.556730 -0.759176
vn -0.289889 0.554501 -0.780060
vn -0.241812 0.551062 -0.798660
vn -0.193926 0.547432 -0.814070
vn -0.147107 0.543445 -0.826455
vn -0.101712 0.537598 -0.837044
vn -0.057553 0.529963 -0.846066
vn -0.014762 0.520684 -0.853622
vn 0.027358 0.508953 -0.860360
vn 0.070010 0.494824 -0.866168
vn 0.115714 0.476879 -0.871319
vn 0.120171 0.446361 -0.886747
vn 0.120343 0.412736 -0.902866
vn 0.117914 0.376145 -0.919027
vn 0.114539 0.336611 -0.934652
vn 0.111929 0.292634 -0.949651
vn 0.111536 0.244303 -0.963263
vn 0.113673 0.193520 -0.974489
vn 0.118032 0.141732 -0.982843
vn 0.123721 0.090936 -0.988141
vn 0.128915 0.043325 -0.990709
vn 0.068154 0.048422 -0.996499
vn 0.009404 0.051308 -0.998639
vn -0.047290 0.053139 -0.997467
vn -0.102453 0.054161 -0.993262
vn -0.155265 0.053889 -0.986402
vn -0.206302 0.052926 -0.977056
vn -0.256296 0.052026 -0.965197
vn -0.304349 0.051136 -0.951187
vn -0.350786 0.050469 -0.935095
vn -0.349881 0.101355 -0.931295
vn -0.347938 0.152686 -0.925001
vn -0.344663 0.203388 -0.916428
vn -0.339706 0.253934 -0.905604
vn -0.333182 0.305184 -0.892106
vn -0.325635 0.355853 -0.875974
vn -0.317169 0.406691 -0.856742
vn -0.308116 0.456709 -0.834555
vn -0.298740 0.506280 -0.808972
vn -0.249386 0.505185 -0.826193
vn -0.199967 0.503809 -0.840351
vn -0.151861 0.501165 -0.851922
vn -0.104645 0.497719 -0.861002
vn -0.058727 0.492117 -0.868546
vn -0.013825 0.484628 -0.874611
vn 0.030580 0.474677 -0.879628
vn 0.075195 0.461100 -0.884156
vn 0.078151 0.423868 -0.902346
vn 0.078637 0.384444 -0.919793
vn 0.077061 0.342556 -0.936332
vn 0.074379 0.297969 -0.951674
vn 0.071414 0.250397 -0.965506
vn 0.068616 0.200771 -0.977232
vn 0.066798 0.149640 -0.986482
vn 0.066785 0.098097 -0.992933
vn 0.008924 0.102145 -0.994729
vn -0.046939 0.104425 -0.993424
vn -0.101540 0.105137 -0.989260
vn -0.154258 0.105101 -0.982425
vn -0.204952 0.104619 -0.973165
vn -0.254860 0.103474 -0.961426
vn -0.303313 0.102079 -0.947407
vn -0.300756 0.153379 -0.941287
vn -0.296615 0.204908 -0.932755
vn -0.290863 0.255748 -0.921950
vn -0.283743 0.306678 -0.908537
vn -0.275658 0.357249 -0.892404
vn -0.266811 0.407665 -0.873282
vn -0.257893 0.457238 -0.851132
vn -0.207707 0.456546 -0.865115
vn -0.158573 0.455198 -0.876156
vn -0.110066 0.453200 -0.884588
vn -0.062274 0.449882 -0.890914
vn -0.015599 0.444103 -0.895840
vn 0.031181 0.435865 -0.899472
vn 0.029469 0.394303 -0.918508
vn 0.026187 0.350570 -0.936171
vn 0.021743 0.304863 -0.952148
vn 0.016978 0.256308 -0.966446
vn 0.012841 0.206274 -0.978410
vn 0.010059 0.154396 -0.987958
vn -0.044810 0.157040 -0.986575
vn -0.098632 0.157977 -0.982505
vn -0.151233 0.157432 -0.975881
vn -0.201910 0.156296 -0.966853
vn -0.251835 0.154810 -0.955308
vn -0.247257 0.206412 -0.946709
vn -0.241160 0.257842 -0.935607
vn -0.233701 0.308376 -0.922111
vn -0.225105 0.358571 -0.905955
vn -0.216213 0.407895 -0.887059
vn -0.166302 0.408104 -0.897661
vn -0.116880 0.407488 -0.905700
vn -0.067732 0.405311 -0.911667
vn -0.019201 0.401165 -0.915805
vn -0.024131 0.356145 -0.934119
vn -0.029983 0.309218 -0.950519
vn -0.036035 0.259778 -0.964996
vn -0.041139 0.208980 -0.977054
vn -0.094021 0.209915 -0.973188
vn -0.146008 0.209118 -0.966929
vn -0.197174 0.207795 -0.958094
vn -0.190936 0.259304 -0.946734
vn -0.183379 0.309954 -0.932899
vn -0.174821 0.359850 -0.916485
vn -0.124485 0.360362 -0.924469
vn -0.074341 0.359250 -0.930276
vn -0.081315 0.311086 -0.946897
vn -0.088140 0.260815 -0.961357
vn -0.139574 0.260323 -0.955380
vn -0.132342 0.311264 -0.941063
vn 0.652430 0.657013 -0.377717
vn 0.685437 0.606421 -0.403025
vn 0.715783 0.553467 -0.425828
vn 0.743650 0.497901 -0.446183
vn 0.768805 0.440193 -0.463863
vn 0.790907 0.380782 -0.479031
vn 0.809695 0.320007 -0.491925
vn 0.825245 0.257619 -0.502596
vn 0.837435 0.194039 -0.510932
vn 0.846107 0.129844 -0.516955
vn 0.851401 0.064978 -0.520476
vn 0.804531 0.065047 -0.590338
vn 0.752728 0.065355 -0.655080
vn 0.696664 0.065451 -0.714406
vn 0.637448 0.065357 -0.767716
vn 0.576159 0.064856 -0.814760
vn 0.513407 0.063491 -0.855793
vn 0.449932 0.061123 -0.890969
vn 0.386253 0.057502 -0.920599
vn 0.323015 0.053012 -0.944908
vn 0.261659 0.046556 -0.964037
vn 0.266112 0.094269 -0.959322
vn 0.269161 0.144614 -0.952176
vn 0.269620 0.195748 -0.942862
vn 0.266907 0.246214 -0.931740
vn 0.261017 0.295061 -0.919135
vn 0.252829 0.340235 -0.905714
vn 0.243728 0.381355 -0.891720
vn 0.235128 0.419458 -0.876795
vn 0.228649 0.455634 -0.860301
vn 0.226112 0.492156 -0.840628
vn 0.268279 0.520795 -0.810431
vn 0.308241 0.545745 -0.779198
vn 0.349146 0.567330 -0.745811
vn 0.391042 0.586737 -0.709102
vn 0.434123 0.604387 -0.668022
vn 0.478616 0.620141 -0.621572
vn 0.524284 0.633224 -0.569345
vn 0.569706 0.643897 -0.510718
vn 0.612969 0.651926 -0.446387
vn 0.643718 0.600946 -0.473804
vn 0.672024 0.548675 -0.497333
vn 0.698538 0.493848 -0.517841
vn 0.722548 0.437152 -0.535558
vn 0.744116 0.378268 -0.550640
vn 0.762695 0.317734 -0.563330
vn 0.778163 0.255888 -0.573571
vn 0.790312 0.192767 -0.581592
vn 0.799017 0.129098 -0.587287
vn 0.747043 0.128371 -0.652264
vn 0.691189 0.127397 -0.711356
vn 0.632309 0.125992 -0.764403
vn 0.571667 0.123976 -0.811066
vn 0.509763 0.120971 -0.851767
vn 0.447603 0.116649 -0.886592
vn 0.385159 0.110907 -0.916162
vn 0.322859 0.103820 -0.940736
vn 0.320517 0.156091 -0.934294
vn 0.315898 0.208046 -0.925703
vn 0.309115 0.258403 -0.915247
vn 0.301002 0.306855 -0.902905
vn 0.292425 0.353267 -0.888645
vn 0.284475 0.397132 -0.872559
vn 0.277507 0.438804 -0.854659
vn 0.271800 0.479632 -0.834313
vn 0.315416 0.502393 -0.805055
vn 0.359745 0.522290 -0.773173
vn 0.405129 0.540174 -0.737619
vn 0.451848 0.556534 -0.697211
vn 0.500260 0.570718 -0.651169
vn 0.549364 0.582932 -0.598657
vn 0.597774 0.593044 -0.539412
vn 0.623700 0.541905 -0.563328
vn 0.648415 0.488384 -0.583986
vn 0.671372 0.432541 -0.601804
vn 0.692352 0.374298 -0.616887
vn 0.710748 0.314427 -0.629264
vn 0.726100 0.253534 -0.639139
vn 0.738142 0.191195 -0.646986
vn 0.682486 0.189381 -0.705937
vn 0.623964 0.186885 -0.758777
vn 0.563909 0.183419 -0.805210
vn 0.503156 0.178813 -0.845494
vn 0.442128 0.172861 -0.880137
vn 0.380955 0.165598 -0.909643
vn 0.374302 0.219468 -0.900961
vn 0.365645 0.271994 -0.890125
vn 0.355468 0.322364 -0.877339
vn 0.344546 0.370248 -0.862673
vn 0.333765 0.416395 -0.845705
vn 0.324023 0.460096 -0.826632
vn 0.371187 0.478962 -0.795497
vn 0.419639 0.495218 -0.760699
vn 0.469657 0.509569 -0.720946
vn 0.521197 0.521843 -0.675302
vn 0.572830 0.532992 -0.622724
vn 0.595739 0.480582 -0.643534
vn 0.617432 0.426027 -0.661270
vn 0.637543 0.369239 -0.676167
vn 0.655427 0.310609 -0.688431
vn 0.670513 0.250682 -0.698263
vn 0.612384 0.247082 -0.750957
vn 0.553017 0.242380 -0.797135
vn 0.493472 0.236299 -0.837047
vn 0.433735 0.228781 -0.871512
vn 0.423041 0.283140 -0.860737
vn 0.410652 0.335643 -0.847767
vn 0.397410 0.385611 -0.832688
vn 0.383941 0.433293 -0.815381
vn 0.435276 0.448108 -0.780855
vn 0.488106 0.460416 -0.741464
vn 0.541955 0.471150 -0.695919
vn 0.561957 0.418560 -0.713451
vn 0.580889 0.363320 -0.728400
vn 0.597962 0.305799 -0.740897
vn 0.539450 0.299724 -0.786867
vn 0.480972 0.292317 -0.826569
vn 0.466572 0.346347 -0.813851
vn 0.451180 0.398440 -0.798550
vn 0.506258 0.409224 -0.759103
vn 0.523553 0.355622 -0.774226
vn -0.928066 -0.062484 0.367137
vn -0.956286 -0.061188 0.285962
vn -0.977185 -0.060295 0.203650
vn -0.990845 -0.059789 0.121043
vn -0.997418 -0.059543 0.040163
vn -0.997491 -0.059452 -0.038437
vn -0.991664 -0.059225 -0.114435
vn -0.980689 -0.057791 -0.186842
vn -0.965196 -0.055462 -0.255577
vn -0.945790 -0.052181 -0.320560
vn -0.917512 -0.051364 -0.394377
vn -0.911381 -0.094795 -0.400498
vn -0.904962 -0.139282 -0.402049
vn -0.898048 -0.185145 -0.399038
vn -0.890786 -0.230940 -0.391365
vn -0.882220 -0.277622 -0.380281
vn -0.871061 -0.326847 -0.366639
vn -0.857444 -0.375724 -0.351599
vn -0.839133 -0.427643 -0.336123
vn -0.817714 -0.476826 -0.322460
vn -0.792936 -0.522242 -0.313873
vn -0.798859 -0.529447 -0.285501
vn -0.802787 -0.545844 -0.239975
vn -0.804700 -0.562743 -0.189150
vn -0.803533 -0.580315 -0.132550
vn -0.797818 -0.598780 -0.070352
vn -0.786662 -0.617380 -0.002193
vn -0.769549 -0.634843 0.069053
vn -0.747976 -0.648364 0.141975
vn -0.722172 -0.657684 0.214289
vn -0.694658 -0.660995 0.283787
vn -0.737112 -0.605106 0.300852
vn -0.774090 -0.550018 0.313472
vn -0.807498 -0.492369 0.324838
vn -0.836573 -0.433649 0.334805
vn -0.861585 -0.373839 0.343388
vn -0.882804 -0.312661 0.350571
vn -0.899940 -0.250913 0.356581
vn -0.913187 -0.188507 0.361324
vn -0.922572 -0.125579 0.364816
vn -0.951054 -0.123874 0.283111
vn -0.972064 -0.122385 0.200284
vn -0.985682 -0.120946 0.117490
vn -0.992230 -0.119062 0.036118
vn -0.992117 -0.117959 -0.042306
vn -0.986266 -0.116219 -0.117356
vn -0.975466 -0.112917 -0.188988
vn -0.960422 -0.108769 -0.256437
vn -0.941994 -0.102495 -0.319596
vn -0.935425 -0.153121 -0.318644
vn -0.925949 -0.203665 -0.318023
vn -0.913938 -0.253212 -0.317175
vn -0.900178 -0.300029 -0.315693
vn -0.884055 -0.347162 -0.312930
vn -0.865824 -0.394107 -0.308268
vn -0.845312 -0.441051 -0.301533
vn -0.821799 -0.488858 -0.292685
vn -0.826217 -0.507434 -0.244696
vn -0.828883 -0.525463 -0.191942
vn -0.829535 -0.541942 -0.134799
vn -0.827773 -0.556493 -0.071465
vn -0.820859 -0.571125 -0.002593
vn -0.809129 -0.583348 0.070823
vn -0.791241 -0.593353 0.147884
vn -0.766879 -0.600886 0.225459
vn -0.804136 -0.545951 0.235168
vn -0.837673 -0.488429 0.244421
vn -0.866772 -0.429754 0.253016
vn -0.891609 -0.370093 0.260892
vn -0.912376 -0.309427 0.268002
vn -0.929196 -0.248035 0.273996
vn -0.942026 -0.186178 0.279149
vn -0.963296 -0.183865 0.195589
vn -0.976849 -0.181737 0.112865
vn -0.983318 -0.179194 0.031228
vn -0.983252 -0.176146 -0.046772
vn -0.977500 -0.172604 -0.121246
vn -0.966961 -0.167900 -0.191823
vn -0.952833 -0.161085 -0.257219
vn -0.942252 -0.213293 -0.258199
vn -0.928901 -0.264405 -0.259292
vn -0.913286 -0.313695 -0.259816
vn -0.895533 -0.361898 -0.258942
vn -0.874803 -0.411117 -0.256327
vn -0.851977 -0.459075 -0.251764
vn -0.856848 -0.476427 -0.197054
vn -0.860430 -0.490682 -0.137447
vn -0.859977 -0.505263 -0.071762
vn -0.855203 -0.518293 -0.000964
vn -0.844927 -0.529571 0.075181
vn -0.828111 -0.538726 0.154938
vn -0.861029 -0.481988 0.162226
vn -0.889599 -0.424118 0.169518
vn -0.913936 -0.365297 0.176859
vn -0.934265 -0.305543 0.183825
vn -0.950709 -0.245012 0.190055
vn -0.964484 -0.241595 0.106782
vn -0.970949 -0.237922 0.025509
vn -0.971012 -0.233328 -0.051912
vn -0.965502 -0.228131 -0.125550
vn -0.955591 -0.221490 -0.194391
vn -0.941402 -0.273948 -0.196758
vn -0.924390 -0.325541 -0.198814
vn -0.904689 -0.376175 -0.200077
vn -0.882527 -0.425793 -0.199616
vn -0.887399 -0.439964 -0.137677
vn -0.888886 -0.452716 -0.070215
vn -0.885869 -0.463930 0.002416
vn -0.877075 -0.473537 0.080631
vn -0.904718 -0.417033 0.087006
vn -0.928359 -0.359664 0.093759
vn -0.948447 -0.300641 0.100319
vn -0.955184 -0.295382 0.019304
vn -0.955381 -0.289693 -0.057667
vn -0.950439 -0.282493 -0.129860
vn -0.932257 -0.336254 -0.133531
vn -0.911247 -0.388670 -0.136254
vn -0.914411 -0.399190 -0.067086
vn -0.912631 -0.408719 0.007348
vn -0.935548 -0.352955 0.013143
vn -0.936401 -0.345257 -0.062857
vn -0.017869 -0.994210 0.105955
vn 0.021062 -0.983495 0.179704
vn 0.059642 -0.966058 0.251347
vn 0.097380 -0.942195 0.320603
vn 0.133702 -0.912636 0.386289
vn 0.168049 -0.878109 0.447978
vn 0.200326 -0.839360 0.505316
vn 0.230292 -0.797195 0.558073
vn 0.257670 -0.752321 0.606316
vn 0.282818 -0.705264 0.650090
vn 0.305787 -0.658047 0.688091
vn 0.256377 -0.655195 0.710627
vn 0.207227 -0.650002 0.731133
vn 0.158996 -0.642373 0.749718
vn 0.113100 -0.633128 0.765740
vn 0.068428 -0.623428 0.778881
vn 0.025251 -0.613161 0.789555
vn -0.017397 -0.602915 0.797616
vn -0.060525 -0.593083 0.802863
vn -0.104611 -0.582467 0.806095
vn -0.147619 -0.571988 0.806869
vn -0.181503 -0.594013 0.783713
vn -0.215653 -0.618059 0.755974
vn -0.251751 -0.642894 0.723400
vn -0.290892 -0.667004 0.685921
vn -0.333848 -0.690138 0.642071
vn -0.379797 -0.711265 0.591487
vn -0.427759 -0.727941 0.535840
vn -0.475316 -0.740020 0.475863
vn -0.519559 -0.747940 0.413090
vn -0.558826 -0.751858 0.349891
vn -0.504263 -0.796568 0.333465
vn -0.451823 -0.833697 0.317500
vn -0.398505 -0.867389 0.298044
vn -0.345085 -0.897194 0.275608
vn -0.291761 -0.922996 0.250905
vn -0.237897 -0.945086 0.224092
vn -0.183729 -0.963319 0.195604
vn -0.129148 -0.977610 0.166134
vn -0.073828 -0.987947 0.136051
vn -0.035370 -0.977185 0.209425
vn 0.003008 -0.959764 0.280791
vn 0.040656 -0.936037 0.349544
vn 0.077112 -0.906485 0.415137
vn 0.111810 -0.872102 0.476379
vn 0.144453 -0.833833 0.532782
vn 0.175428 -0.791652 0.585246
vn 0.204308 -0.747266 0.632339
vn 0.231498 -0.700824 0.674725
vn 0.180793 -0.693528 0.697376
vn 0.131054 -0.683513 0.718077
vn 0.083478 -0.672108 0.735733
vn 0.037244 -0.659617 0.750678
vn -0.007617 -0.646853 0.762577
vn -0.051861 -0.633969 0.771618
vn -0.096351 -0.620713 0.778095
vn -0.141338 -0.607364 0.781750
vn -0.178293 -0.633093 0.753263
vn -0.215434 -0.659521 0.720154
vn -0.253272 -0.686357 0.681738
vn -0.292328 -0.713033 0.637282
vn -0.333035 -0.738606 0.586131
vn -0.375520 -0.761043 0.528960
vn -0.419096 -0.778917 0.466527
vn -0.462325 -0.791145 0.400430
vn -0.409772 -0.826630 0.385708
vn -0.357246 -0.858683 0.367476
vn -0.304634 -0.887387 0.346038
vn -0.251898 -0.912594 0.322056
vn -0.198874 -0.934303 0.295851
vn -0.145156 -0.952426 0.267983
vn -0.090744 -0.966763 0.239030
vn -0.052358 -0.949268 0.310079
vn -0.014723 -0.925509 0.378440
vn 0.021753 -0.895988 0.443545
vn 0.056696 -0.861768 0.504124
vn 0.089726 -0.823649 0.559956
vn 0.121420 -0.782201 0.611080
vn 0.151717 -0.738928 0.656482
vn 0.100644 -0.727090 0.679125
vn 0.051384 -0.713415 0.698855
vn 0.004084 -0.698505 0.715594
vn -0.041880 -0.682401 0.729778
vn -0.087011 -0.666278 0.740610
vn -0.132361 -0.649645 0.748627
vn -0.168535 -0.679602 0.713959
vn -0.205309 -0.709838 0.673779
vn -0.243486 -0.739159 0.627980
vn -0.283170 -0.767257 0.575440
vn -0.324628 -0.792012 0.517043
vn -0.367056 -0.812373 0.453122
vn -0.315575 -0.842784 0.436036
vn -0.263925 -0.870552 0.415310
vn -0.212141 -0.895229 0.391868
vn -0.159764 -0.916760 0.366096
vn -0.106587 -0.934899 0.338532
vn -0.068801 -0.911024 0.406573
vn -0.032158 -0.881504 0.471080
vn 0.003163 -0.847517 0.530759
vn 0.036891 -0.810003 0.585264
vn 0.069338 -0.769376 0.635022
vn 0.019141 -0.753782 0.656845
vn -0.029289 -0.736696 0.675590
vn -0.076281 -0.718095 0.691752
vn -0.122283 -0.699207 0.704383
vn -0.158293 -0.732028 0.662630
vn -0.195283 -0.764290 0.614593
vn -0.233930 -0.794201 0.560822
vn -0.274223 -0.820755 0.501162
vn -0.223706 -0.847462 0.481419
vn -0.173055 -0.871608 0.458640
vn -0.121438 -0.892990 0.433383
vn -0.084315 -0.863570 0.497130
vn -0.048501 -0.830165 0.555404
vn -0.014099 -0.793357 0.608593
vn -0.063471 -0.774102 0.629871
vn -0.111272 -0.753607 0.647839
vn -0.147196 -0.787875 0.597986
vn -0.184629 -0.819481 0.542552
vn -0.135008 -0.842781 0.521049
vn -0.098537 -0.809960 0.578148
vn -0.229313 -0.502003 0.833912
vn -0.235032 -0.468768 0.851479
vn -0.241940 -0.432353 0.868640
vn -0.249187 -0.392482 0.885361
vn -0.255599 -0.349052 0.901572
vn -0.259914 -0.301620 0.917317
vn -0.261880 -0.250276 0.932084
vn -0.261486 -0.197388 0.944808
vn -0.259762 -0.143808 0.954905
vn -0.257802 -0.091148 0.961889
vn -0.256526 -0.041027 0.965666
vn -0.327542 -0.047867 0.943623
vn -0.392475 -0.054847 0.918126
vn -0.457428 -0.060298 0.887200
vn -0.521610 -0.064307 0.850757
vn -0.584218 -0.066889 0.808836
vn -0.644973 -0.068317 0.761146
vn -0.702951 -0.068741 0.707908
vn -0.757422 -0.068365 0.649337
vn -0.807877 -0.067531 0.585469
vn -0.853397 -0.066685 0.516978
vn -0.848964 -0.131276 0.511885
vn -0.841051 -0.195550 0.504375
vn -0.829563 -0.258898 0.494770
vn -0.814361 -0.321469 0.483191
vn -0.795519 -0.382836 0.469666
vn -0.773152 -0.442346 0.454496
vn -0.747300 -0.500093 0.437550
vn -0.718111 -0.555781 0.418837
vn -0.685860 -0.608841 0.398633
vn -0.650295 -0.659851 0.376448
vn -0.610114 -0.656416 0.443711
vn -0.566938 -0.649099 0.507200
vn -0.521891 -0.638897 0.565191
vn -0.476711 -0.625746 0.617404
vn -0.432666 -0.609510 0.664302
vn -0.389739 -0.591657 0.705723
vn -0.347858 -0.571702 0.743069
vn -0.307261 -0.548910 0.777360
vn -0.267300 -0.524877 0.808118
vn -0.271670 -0.488787 0.829025
vn -0.277920 -0.448780 0.849327
vn -0.285906 -0.407376 0.867354
vn -0.295008 -0.363632 0.883596
vn -0.304676 -0.316650 0.898279
vn -0.313966 -0.267000 0.911118
vn -0.321650 -0.214410 0.922264
vn -0.326888 -0.158799 0.931626
vn -0.329027 -0.102654 0.938724
vn -0.392726 -0.111699 0.912847
vn -0.456366 -0.119059 0.881791
vn -0.519237 -0.124321 0.845540
vn -0.581026 -0.127830 0.803784
vn -0.641093 -0.130144 0.756348
vn -0.698554 -0.131390 0.703391
vn -0.752999 -0.131848 0.644677
vn -0.803410 -0.131682 0.580683
vn -0.795301 -0.195573 0.573800
vn -0.783605 -0.258457 0.564945
vn -0.768198 -0.320647 0.554127
vn -0.749282 -0.381586 0.541267
vn -0.727097 -0.440597 0.526502
vn -0.701832 -0.497855 0.509482
vn -0.673736 -0.553075 0.490090
vn -0.643132 -0.605892 0.468270
vn -0.596655 -0.599529 0.533450
vn -0.548038 -0.590523 0.592400
vn -0.498926 -0.579492 0.644408
vn -0.450614 -0.565711 0.690592
vn -0.403676 -0.550029 0.731105
vn -0.358457 -0.532337 0.766894
vn -0.314540 -0.511487 0.799653
vn -0.324132 -0.470055 0.820967
vn -0.335319 -0.426862 0.839851
vn -0.347378 -0.381145 0.856771
vn -0.359648 -0.332630 0.871786
vn -0.371415 -0.281083 0.884897
vn -0.381568 -0.226582 0.896140
vn -0.388960 -0.169652 0.905499
vn -0.451150 -0.178169 0.874482
vn -0.512741 -0.184433 0.838499
vn -0.573660 -0.188993 0.796992
vn -0.633223 -0.192083 0.749756
vn -0.690420 -0.193978 0.696916
vn -0.744808 -0.195119 0.638115
vn -0.732807 -0.257652 0.629769
vn -0.717185 -0.319350 0.619404
vn -0.698171 -0.379338 0.607174
vn -0.676255 -0.437397 0.592759
vn -0.651636 -0.493801 0.575787
vn -0.624963 -0.547915 0.556067
vn -0.573761 -0.540323 0.615508
vn -0.521818 -0.530564 0.667988
vn -0.470255 -0.518941 0.713835
vn -0.419926 -0.504940 0.754120
vn -0.371394 -0.488885 0.789340
vn -0.385729 -0.443501 0.809024
vn -0.400666 -0.396214 0.826124
vn -0.415589 -0.345978 0.841181
vn -0.429733 -0.292414 0.854297
vn -0.441988 -0.236359 0.865321
vn -0.502319 -0.243876 0.829578
vn -0.562227 -0.249615 0.788412
vn -0.621333 -0.253354 0.741456
vn -0.678497 -0.255770 0.688639
vn -0.662852 -0.316653 0.678497
vn -0.643826 -0.375891 0.666479
vn -0.622267 -0.432857 0.652241
vn -0.598676 -0.487820 0.635310
vn -0.544517 -0.479927 0.687874
vn -0.490563 -0.469757 0.733946
vn -0.437453 -0.457692 0.774050
vn -0.455267 -0.408518 0.791104
vn -0.472580 -0.356654 0.805895
vn -0.488637 -0.301651 0.818682
vn -0.547415 -0.308447 0.777945
vn -0.605765 -0.313243 0.731388
vn -0.587277 -0.371060 0.719319
vn -0.566558 -0.426680 0.704951
vn -0.510601 -0.418723 0.750971
vn -0.529898 -0.364830 0.765576
vn -0.926411 0.065361 0.370798
vn -0.919679 0.130688 0.370286
vn -0.909058 0.195063 0.368190
vn -0.894482 0.259015 0.364436
vn -0.876336 0.321679 0.358549
vn -0.854774 0.382588 0.350698
vn -0.829422 0.442402 0.341085
vn -0.800653 0.499942 0.330171
vn -0.768372 0.555451 0.317930
vn -0.732569 0.608763 0.304549
vn -0.694308 0.657815 0.291918
vn -0.724641 0.653734 0.218010
vn -0.749046 0.646723 0.143804
vn -0.767368 0.637150 0.072021
vn -0.780466 0.625181 0.004544
vn -0.789487 0.611007 -0.058145
vn -0.795354 0.594824 -0.116603
vn -0.799145 0.576322 -0.170940
vn -0.801558 0.554994 -0.222454
vn -0.801431 0.534315 -0.268732
vn -0.799753 0.509601 -0.317336
vn -0.816714 0.476155 -0.325967
vn -0.834440 0.440203 -0.331559
vn -0.852384 0.400396 -0.336341
vn -0.869503 0.357033 -0.341309
vn -0.885563 0.308194 -0.347557
vn -0.898711 0.257050 -0.355307
vn -0.908975 0.202706 -0.364246
vn -0.915968 0.148732 -0.372668
vn -0.920256 0.095266 -0.379544
vn -0.922587 0.044590 -0.383204
vn -0.947153 0.046920 -0.317332
vn -0.967829 0.051890 -0.246200
vn -0.982881 0.056955 -0.175218
vn -0.993037 0.060978 -0.100797
vn -0.997683 0.063530 -0.024351
vn -0.996435 0.064938 0.053857
vn -0.988946 0.065168 0.133187
vn -0.974904 0.065210 0.212859
vn -0.953991 0.065521 0.292589
vn -0.947482 0.130597 0.291927
vn -0.937172 0.194672 0.289501
vn -0.923036 0.258372 0.285041
vn -0.905115 0.321203 0.278561
vn -0.883697 0.382127 0.270295
vn -0.858513 0.441589 0.260682
vn -0.830003 0.498573 0.250039
vn -0.797975 0.553347 0.238837
vn -0.762282 0.605847 0.227763
vn -0.785595 0.600040 0.150968
vn -0.802591 0.591638 0.076242
vn -0.813884 0.581000 0.005660
vn -0.820857 0.567977 -0.059968
vn -0.824421 0.552845 -0.121210
vn -0.825556 0.535349 -0.178491
vn -0.825278 0.514690 -0.232402
vn -0.822372 0.497565 -0.275922
vn -0.843177 0.458834 -0.280221
vn -0.863070 0.418264 -0.283135
vn -0.882668 0.372822 -0.286185
vn -0.900672 0.323554 -0.290003
vn -0.916346 0.270651 -0.295057
vn -0.928980 0.214910 -0.301345
vn -0.938256 0.157875 -0.307818
vn -0.944166 0.101499 -0.313445
vn -0.963477 0.111117 -0.243648
vn -0.977761 0.117731 -0.173560
vn -0.987452 0.122123 -0.100125
vn -0.991754 0.125831 -0.024299
vn -0.990289 0.128412 0.053270
vn -0.982751 0.129419 0.132107
vn -0.968570 0.129999 0.212066
vn -0.958360 0.194161 0.209398
vn -0.944443 0.257425 0.204353
vn -0.926636 0.319978 0.197381
vn -0.905199 0.380678 0.188941
vn -0.880384 0.438997 0.179460
vn -0.852266 0.494892 0.169484
vn -0.820532 0.548828 0.159734
vn -0.836174 0.542187 0.082748
vn -0.846077 0.532977 0.009463
vn -0.851204 0.521519 -0.058906
vn -0.852643 0.507846 -0.122846
vn -0.851138 0.492118 -0.182712
vn -0.847678 0.473510 -0.239227
vn -0.869362 0.430303 -0.243000
vn -0.890165 0.384462 -0.244530
vn -0.909887 0.335153 -0.244496
vn -0.927650 0.283016 -0.243654
vn -0.942929 0.227669 -0.243004
vn -0.955132 0.169648 -0.242779
vn -0.968560 0.178327 -0.173466
vn -0.977617 0.184320 -0.101447
vn -0.981728 0.188413 -0.026642
vn -0.980203 0.191478 0.050374
vn -0.972594 0.193315 0.129189
vn -0.958714 0.255870 0.124089
vn -0.940915 0.317776 0.117037
vn -0.919530 0.377693 0.108686
vn -0.895159 0.434447 0.099730
vn -0.867407 0.489233 0.090867
vn -0.875801 0.482425 0.015457
vn -0.879319 0.473005 -0.055355
vn -0.879056 0.460942 -0.121631
vn -0.875530 0.446797 -0.183899
vn -0.898445 0.399128 -0.183014
vn -0.919747 0.348371 -0.180844
vn -0.938867 0.294784 -0.177851
vn -0.955518 0.237324 -0.175109
vn -0.963964 0.244578 -0.104670
vn -0.967733 0.250045 -0.031140
vn -0.966260 0.253556 0.045298
vn -0.948465 0.314509 0.038718
vn -0.927149 0.373402 0.031058
vn -0.903013 0.428999 0.022986
vn -0.905302 0.421827 -0.049906
vn -0.903742 0.411338 -0.118541
vn -0.926220 0.359309 -0.114075
vn -0.946580 0.303424 -0.109177
vn -0.950088 0.309788 -0.036939
vn -0.928982 0.367567 -0.043451
vn -0.757272 0.484346 -0.438120
vn -0.729092 0.497922 -0.469573
vn -0.700141 0.509826 -0.499880
vn -0.670812 0.519236 -0.529533
vn -0.639747 0.527012 -0.559448
vn -0.606745 0.533062 -0.589665
vn -0.570590 0.537836 -0.620612
vn -0.530700 0.542331 -0.651333
vn -0.487565 0.546609 -0.680808
vn -0.441736 0.550066 -0.708729
vn -0.393456 0.553238 -0.734248
vn -0.414604 0.500025 -0.760315
vn -0.432399 0.448053 -0.782483
vn -0.446813 0.396673 -0.801879
vn -0.458451 0.345526 -0.818801
vn -0.467658 0.295022 -0.833222
vn -0.474905 0.244568 -0.845371
vn -0.480035 0.195328 -0.855227
vn -0.483254 0.147006 -0.863050
vn -0.485215 0.097315 -0.868962
vn -0.486143 0.047825 -0.872570
vn -0.529505 0.047124 -0.846997
vn -0.571747 0.046026 -0.819138
vn -0.613236 0.045796 -0.788571
vn -0.653505 0.045937 -0.755527
vn -0.692264 0.044819 -0.720252
vn -0.729587 0.043136 -0.682526
vn -0.766128 0.041017 -0.641378
vn -0.801388 0.038524 -0.596903
vn -0.834579 0.035208 -0.549763
vn -0.866458 0.030899 -0.498293
vn -0.863842 0.081726 -0.497090
vn -0.859370 0.132908 -0.493779
vn -0.852893 0.183343 -0.488835
vn -0.844862 0.230468 -0.482797
vn -0.835321 0.275457 -0.475776
vn -0.823825 0.319351 -0.468324
vn -0.810351 0.361844 -0.460869
vn -0.795233 0.402309 -0.453599
vn -0.777613 0.442994 -0.446177
vn -0.750084 0.455691 -0.479291
vn -0.721397 0.466287 -0.512019
vn -0.691882 0.474337 -0.544337
vn -0.660543 0.481006 -0.576469
vn -0.627608 0.485060 -0.608954
vn -0.591574 0.487896 -0.641871
vn -0.551878 0.490877 -0.674144
vn -0.508992 0.493693 -0.705120
vn -0.463171 0.496464 -0.734163
vn -0.480277 0.445452 -0.755583
vn -0.494048 0.394602 -0.774730
vn -0.505100 0.343551 -0.791737
vn -0.513644 0.293521 -0.806235
vn -0.519914 0.243405 -0.818806
vn -0.524111 0.194496 -0.829143
vn -0.526945 0.146420 -0.837191
vn -0.528767 0.096697 -0.843241
vn -0.571014 0.096101 -0.815296
vn -0.612775 0.095851 -0.784423
vn -0.652381 0.096010 -0.751786
vn -0.690708 0.095819 -0.716758
vn -0.728042 0.095627 -0.678831
vn -0.764100 0.093889 -0.638229
vn -0.798995 0.090569 -0.594478
vn -0.831970 0.086709 -0.548004
vn -0.827774 0.138960 -0.543582
vn -0.822018 0.190072 -0.536805
vn -0.814781 0.238390 -0.528490
vn -0.806002 0.284320 -0.519155
vn -0.795307 0.329414 -0.508894
vn -0.782594 0.373041 -0.498385
vn -0.767789 0.414512 -0.488548
vn -0.738818 0.423814 -0.523956
vn -0.708939 0.430426 -0.558694
vn -0.677356 0.435204 -0.593116
vn -0.643952 0.438104 -0.627209
vn -0.607897 0.439842 -0.661060
vn -0.568440 0.441238 -0.694395
vn -0.525723 0.443234 -0.726057
vn -0.539252 0.393074 -0.744782
vn -0.549843 0.342682 -0.761735
vn -0.557346 0.293485 -0.776680
vn -0.562879 0.243967 -0.789714
vn -0.566859 0.195084 -0.800383
vn -0.569443 0.146786 -0.808819
vn -0.610994 0.146974 -0.777872
vn -0.650337 0.146590 -0.745368
vn -0.688591 0.147024 -0.710088
vn -0.725591 0.147525 -0.672126
vn -0.760848 0.146147 -0.632259
vn -0.795078 0.143116 -0.589379
vn -0.789997 0.193886 -0.581647
vn -0.783485 0.243218 -0.571836
vn -0.775197 0.290939 -0.560736
vn -0.765393 0.336073 -0.548843
vn -0.753261 0.380805 -0.536270
vn -0.723090 0.385558 -0.573138
vn -0.691015 0.388838 -0.609346
vn -0.657158 0.390859 -0.644494
vn -0.620859 0.391817 -0.678980
vn -0.581276 0.392355 -0.712865
vn -0.591287 0.343041 -0.729865
vn -0.598742 0.293871 -0.745082
vn -0.604186 0.245136 -0.758200
vn -0.608230 0.195896 -0.769209
vn -0.647625 0.196403 -0.736212
vn -0.685611 0.196926 -0.700827
vn -0.722012 0.197158 -0.663195
vn -0.756619 0.196306 -0.623692
vn -0.750879 0.246187 -0.612840
vn -0.743473 0.294399 -0.600480
vn -0.734451 0.340284 -0.587187
vn -0.701859 0.342397 -0.624626
vn -0.667615 0.343449 -0.660555
vn -0.630829 0.343504 -0.695745
vn -0.638391 0.294968 -0.710950
vn -0.643807 0.246290 -0.724468
vn -0.681175 0.247335 -0.689076
vn -0.716850 0.247260 -0.651911
vn -0.710179 0.296049 -0.638749
vn -0.675345 0.296233 -0.675393
vn -0.298466 0.652491 -0.696544
vn -0.273153 0.708124 -0.651113
vn -0.246153 0.754638 -0.608219
vn -0.217642 0.798861 -0.560761
vn -0.187568 0.840429 -0.508427
vn -0.156251 0.878639 -0.451198
vn -0.123285 0.912773 -0.389419
vn -0.088836 0.942129 -0.323267
vn -0.053163 0.965934 -0.253270
vn -0.016378 0.983454 -0.180419
vn 0.021004 0.994200 -0.105475
vn 0.079276 0.987763 -0.134313
vn 0.137013 0.977149 -0.162506
vn 0.194115 0.962380 -0.190115
vn 0.250371 0.943561 -0.216812
vn 0.305506 0.920870 -0.242208
vn 0.359923 0.894196 -0.266213
vn 0.413087 0.863857 -0.288288
vn 0.464563 0.830314 -0.307832
vn 0.515024 0.792936 -0.325580
vn 0.568019 0.745363 -0.348982
vn 0.536023 0.736343 -0.412890
vn 0.500270 0.725079 -0.473277
vn 0.461170 0.712063 -0.529423
vn 0.419308 0.697432 -0.581179
vn 0.375619 0.680674 -0.628961
vn 0.330643 0.662285 -0.672349
vn 0.285186 0.642097 -0.711605
vn 0.240444 0.619235 -0.747485
vn 0.196678 0.594247 -0.779864
vn 0.160462 0.568941 -0.806572
vn 0.119368 0.583955 -0.802962
vn 0.070866 0.596558 -0.799435
vn 0.022192 0.606839 -0.794515
vn -0.025948 0.615409 -0.787781
vn -0.073366 0.622457 -0.779207
vn -0.120504 0.628808 -0.768167
vn -0.166737 0.634166 -0.755005
vn -0.211751 0.639846 -0.738755
vn -0.255739 0.645896 -0.719316
vn -0.223061 0.705760 -0.672419
vn -0.194352 0.750965 -0.631093
vn -0.164269 0.794615 -0.584467
vn -0.132966 0.835383 -0.533343
vn -0.100731 0.872906 -0.477376
vn -0.067009 0.906897 -0.415990
vn -0.031764 0.936010 -0.350538
vn 0.004633 0.959552 -0.281495
vn 0.041656 0.976991 -0.209175
vn 0.099044 0.966435 -0.237051
vn 0.155804 0.951809 -0.264167
vn 0.211799 0.933152 -0.290462
vn 0.266712 0.910786 -0.315172
vn 0.320697 0.884712 -0.338287
vn 0.373524 0.855297 -0.359092
vn 0.425163 0.822726 -0.377304
vn 0.475931 0.786685 -0.393214
vn 0.435532 0.775153 -0.457657
vn 0.394857 0.758716 -0.518111
vn 0.354145 0.738785 -0.573393
vn 0.313875 0.716210 -0.623318
vn 0.274250 0.691577 -0.668213
vn 0.234747 0.665552 -0.708474
vn 0.195419 0.638086 -0.744753
vn 0.155175 0.610023 -0.777041
vn 0.108423 0.626381 -0.771940
vn 0.062087 0.641976 -0.764207
vn 0.016620 0.656463 -0.754175
vn -0.029257 0.669978 -0.741804
vn -0.076311 0.681779 -0.727567
vn -0.124577 0.692107 -0.710963
vn -0.173564 0.700347 -0.692380
vn -0.143026 0.744230 -0.652431
vn -0.111283 0.786845 -0.607035
vn -0.078851 0.826748 -0.557019
vn -0.045611 0.863381 -0.502486
vn -0.010943 0.896759 -0.442385
vn 0.024783 0.925586 -0.377726
vn 0.061561 0.949037 -0.309094
vn 0.117700 0.934553 -0.335793
vn 0.173030 0.916261 -0.361284
vn 0.227349 0.894377 -0.385231
vn 0.280694 0.869184 -0.407100
vn 0.333132 0.840892 -0.426524
vn 0.384645 0.809556 -0.443472
vn 0.343745 0.791300 -0.505652
vn 0.303617 0.768959 -0.562600
vn 0.263951 0.743723 -0.614171
vn 0.224800 0.716609 -0.660255
vn 0.186154 0.687817 -0.701609
vn 0.147354 0.657668 -0.738755
vn 0.100209 0.675820 -0.730223
vn 0.053340 0.692535 -0.719409
vn 0.005929 0.708397 -0.705790
vn -0.042340 0.722812 -0.689746
vn -0.092139 0.734836 -0.671957
vn -0.059082 0.775907 -0.628075
vn -0.025692 0.814546 -0.579529
vn 0.008554 0.850413 -0.526046
vn 0.044048 0.882938 -0.467419
vn 0.080421 0.911239 -0.403950
vn 0.134934 0.893468 -0.428379
vn 0.188479 0.872299 -0.451187
vn 0.240903 0.848125 -0.471858
vn 0.292521 0.821128 -0.490081
vn 0.252925 0.797010 -0.548456
vn 0.214006 0.769639 -0.601546
vn 0.175660 0.739915 -0.649361
vn 0.137973 0.708465 -0.692128
vn 0.089874 0.727959 -0.679704
vn 0.041277 0.746074 -0.664582
vn -0.008241 0.762072 -0.647440
vn 0.026145 0.799281 -0.600389
vn 0.061378 0.834265 -0.547937
vn 0.097732 0.865786 -0.490778
vn 0.150516 0.845408 -0.512474
vn 0.202160 0.822470 -0.531671
vn 0.163958 0.793331 -0.586297
vn 0.126528 0.761824 -0.635307
vn 0.077019 0.781497 -0.619137
vn 0.113248 0.814936 -0.568379
vn 0.093708 0.994404 0.048789
vn 0.128921 0.983701 0.125344
vn 0.163142 0.966038 0.200388
vn 0.195897 0.942009 0.272477
vn 0.226822 0.912299 0.340972
vn 0.255770 0.877642 0.405372
vn 0.282535 0.838758 0.465467
vn 0.306615 0.796746 0.520752
vn 0.327912 0.752191 0.571561
vn 0.346288 0.705438 0.618418
vn 0.360984 0.658361 0.660494
vn 0.408020 0.656972 0.633961
vn 0.453965 0.652532 0.606726
vn 0.497860 0.645504 0.579190
vn 0.538697 0.637010 0.551383
vn 0.576556 0.627713 0.523030
vn 0.611734 0.617712 0.494179
vn 0.644658 0.607348 0.464268
vn 0.675941 0.596839 0.432305
vn 0.705930 0.586708 0.396784
vn 0.735463 0.575345 0.357871
vn 0.737561 0.594905 0.319519
vn 0.736185 0.616961 0.278191
vn 0.731713 0.640474 0.233215
vn 0.723810 0.665638 0.181728
vn 0.713488 0.689760 0.123150
vn 0.700664 0.711185 0.057322
vn 0.684291 0.729069 -0.014306
vn 0.664799 0.741660 -0.089352
vn 0.642178 0.748877 -0.163676
vn 0.616671 0.751871 -0.233254
vn 0.572781 0.794429 -0.202001
vn 0.526986 0.832261 -0.172126
vn 0.478295 0.866467 -0.143069
vn 0.427209 0.896824 -0.114887
vn 0.374501 0.923092 -0.087469
vn 0.320101 0.945452 -0.060469
vn 0.264451 0.963813 -0.033630
vn 0.208012 0.978104 -0.006623
vn 0.151045 0.988308 0.020796
vn 0.186292 0.977653 0.097415
vn 0.220410 0.960065 0.172321
vn 0.253101 0.935996 0.244645
vn 0.283856 0.906147 0.313566
vn 0.312064 0.871631 0.377989
vn 0.337743 0.832981 0.438260
vn 0.360421 0.791208 0.494051
vn 0.380121 0.747293 0.545034
vn 0.396315 0.701854 0.591892
vn 0.444535 0.695472 0.564542
vn 0.490613 0.686229 0.537018
vn 0.533798 0.674726 0.509710
vn 0.573917 0.662100 0.481916
vn 0.611116 0.649105 0.452990
vn 0.645482 0.635997 0.422918
vn 0.678023 0.622617 0.390682
vn 0.709311 0.608965 0.355020
vn 0.709485 0.633219 0.309296
vn 0.705964 0.658578 0.260556
vn 0.698893 0.684527 0.207295
vn 0.687976 0.710209 0.149308
vn 0.672153 0.735416 0.085875
vn 0.652321 0.757743 0.017402
vn 0.628615 0.775759 -0.055153
vn 0.601775 0.788127 -0.129316
vn 0.557220 0.824632 -0.097406
vn 0.510134 0.857451 -0.067386
vn 0.460123 0.887009 -0.038761
vn 0.408002 0.912915 -0.010965
vn 0.354623 0.934869 0.016184
vn 0.299586 0.953101 0.042975
vn 0.243399 0.967399 0.069965
vn 0.277129 0.949814 0.145096
vn 0.309524 0.925657 0.217612
vn 0.339857 0.895750 0.286584
vn 0.367450 0.861196 0.351174
vn 0.392115 0.822889 0.411218
vn 0.413371 0.781787 0.466834
vn 0.430853 0.739099 0.517782
vn 0.479073 0.728121 0.490233
vn 0.524405 0.714556 0.463044
vn 0.566800 0.699304 0.435559
vn 0.606396 0.683150 0.406928
vn 0.642704 0.666862 0.377131
vn 0.676850 0.650254 0.345026
vn 0.671810 0.679029 0.295959
vn 0.663167 0.708092 0.242518
vn 0.650001 0.737316 0.184021
vn 0.632504 0.765205 0.120000
vn 0.610815 0.790118 0.051175
vn 0.585492 0.810375 -0.022174
vn 0.539963 0.841648 0.008343
vn 0.491590 0.870034 0.037154
vn 0.440515 0.895389 0.064995
vn 0.387769 0.917162 0.091919
vn 0.333189 0.935395 0.118415
vn 0.364909 0.911216 0.191121
vn 0.394593 0.881229 0.260254
vn 0.421115 0.846879 0.324743
vn 0.444391 0.809087 0.384573
vn 0.463870 0.768972 0.439894
vn 0.511234 0.753763 0.412893
vn 0.555565 0.736668 0.385574
vn 0.597116 0.718218 0.357232
vn 0.635747 0.698890 0.327685
vn 0.624815 0.731047 0.274184
vn 0.609811 0.762742 0.215305
vn 0.590514 0.792775 0.150997
vn 0.567159 0.819530 0.081858
vn 0.520397 0.846713 0.110745
vn 0.470654 0.871390 0.138431
vn 0.418887 0.892935 0.164928
vn 0.447452 0.863097 0.234201
vn 0.472382 0.829367 0.298338
vn 0.493648 0.792678 0.357733
vn 0.540100 0.773758 0.331046
vn 0.583960 0.752841 0.303679
vn 0.566621 0.786815 0.244669
vn 0.545374 0.818581 0.180255
vn 0.497511 0.842174 0.207907
vn 0.520709 0.809230 0.272046
vn 0.923548 0.032864 0.382071
vn 0.946810 0.038748 0.319451
vn 0.966360 0.044151 0.253377
vn 0.981801 0.048787 0.183537
vn 0.992506 0.052733 0.110230
vn 0.997815 0.056393 0.034421
vn 0.997221 0.059673 -0.044614
vn 0.990217 0.061968 -0.125024
vn 0.976440 0.063563 -0.206215
vn 0.955562 0.065131 -0.287506
vn 0.927635 0.065841 -0.367638
vn 0.922014 0.130683 -0.364434
vn 0.912753 0.194975 -0.358979
vn 0.899878 0.258226 -0.351481
vn 0.883346 0.320247 -0.342259
vn 0.863090 0.380644 -0.331943
vn 0.839057 0.439315 -0.320914
vn 0.811245 0.496168 -0.309353
vn 0.779682 0.550900 -0.297667
vn 0.744342 0.603371 -0.286181
vn 0.704769 0.653758 -0.275502
vn 0.733895 0.645804 -0.210562
vn 0.760204 0.634013 -0.141837
vn 0.781732 0.619499 -0.071524
vn 0.797007 0.603969 -0.001447
vn 0.806385 0.587820 0.064892
vn 0.810561 0.571800 0.126631
vn 0.810708 0.556024 0.183275
vn 0.808601 0.539604 0.234502
vn 0.805761 0.521227 0.281196
vn 0.802859 0.499567 0.325346
vn 0.822702 0.455827 0.339682
vn 0.840147 0.413589 0.350853
vn 0.855723 0.372002 0.359656
vn 0.870184 0.329651 0.366211
vn 0.883827 0.285098 0.370902
vn 0.896095 0.238297 0.374471
vn 0.906536 0.189875 0.377014
vn 0.914890 0.139359 0.378888
vn 0.920722 0.086363 0.380543
vn 0.943265 0.095226 0.318094
vn 0.962051 0.103076 0.252652
vn 0.976816 0.109794 0.183781
vn 0.987133 0.114790 0.111323
vn 0.992286 0.118730 0.035673
vn 0.991478 0.123048 -0.042783
vn 0.984324 0.126576 -0.122821
vn 0.970502 0.128485 -0.204001
vn 0.949723 0.129948 -0.284849
vn 0.940199 0.194108 -0.279908
vn 0.927052 0.257067 -0.272931
vn 0.910292 0.318570 -0.264352
vn 0.889960 0.378095 -0.254980
vn 0.866063 0.435691 -0.245169
vn 0.838357 0.491824 -0.235089
vn 0.807080 0.545697 -0.225469
vn 0.772142 0.597325 -0.216793
vn 0.794805 0.589338 -0.144793
vn 0.812295 0.578725 -0.072491
vn 0.824064 0.566495 -0.001589
vn 0.830675 0.552891 0.065504
vn 0.833537 0.537323 0.128454
vn 0.833401 0.520027 0.187121
vn 0.831261 0.500903 0.241042
vn 0.827659 0.479907 0.290980
vn 0.847996 0.436827 0.300141
vn 0.866303 0.394269 0.306711
vn 0.883746 0.349621 0.311061
vn 0.899563 0.303808 0.313828
vn 0.913909 0.255247 0.315625
vn 0.926307 0.204267 0.316592
vn 0.936314 0.150794 0.317139
vn 0.954113 0.160290 0.252934
vn 0.968153 0.168459 0.185205
vn 0.977912 0.175191 0.114004
vn 0.982838 0.180356 0.038737
vn 0.981942 0.185130 -0.038955
vn 0.974737 0.189325 -0.118506
vn 0.960867 0.192151 -0.199529
vn 0.947587 0.254570 -0.193063
vn 0.930758 0.315365 -0.185025
vn 0.910739 0.373478 -0.176264
vn 0.887113 0.430106 -0.167452
vn 0.859674 0.485511 -0.158874
vn 0.829085 0.538289 -0.151204
vn 0.845188 0.528895 -0.076984
vn 0.855544 0.517717 -0.003716
vn 0.860573 0.505085 0.065599
vn 0.861243 0.491004 0.131055
vn 0.858799 0.475005 0.191924
vn 0.854188 0.456992 0.248036
vn 0.875280 0.412555 0.252355
vn 0.894764 0.366833 0.254620
vn 0.912614 0.319238 0.255387
vn 0.928845 0.268744 0.254997
vn 0.942858 0.215645 0.254002
vn 0.955969 0.225725 0.187542
vn 0.965155 0.233725 0.117676
vn 0.969601 0.240814 0.043389
vn 0.968545 0.246555 -0.033634
vn 0.961428 0.250963 -0.112581
vn 0.944532 0.310997 -0.105543
vn 0.924743 0.367835 -0.097710
vn 0.901350 0.423665 -0.089874
vn 0.874604 0.477715 -0.082799
vn 0.883823 0.467757 -0.007771
vn 0.887537 0.456333 0.063552
vn 0.886674 0.443440 0.131036
vn 0.882257 0.428901 0.194081
vn 0.903692 0.381581 0.194260
vn 0.923417 0.331827 0.192849
vn 0.940932 0.280082 0.190267
vn 0.949260 0.290034 0.121595
vn 0.953231 0.298233 0.049058
vn 0.951782 0.305570 -0.027165
vn 0.932274 0.361194 -0.020095
vn 0.909601 0.415270 -0.013314
vn 0.912015 0.405796 0.059655
vn 0.909691 0.394743 0.129000
vn 0.930693 0.343582 0.125549
vn 0.933982 0.353120 0.054629
vn -0.607839 0.753847 0.249494
vn -0.567416 0.793910 0.218509
vn -0.523452 0.831151 0.187577
vn -0.476795 0.864888 0.156953
vn -0.427764 0.894953 0.126796
vn -0.376230 0.921426 0.097082
vn -0.322890 0.944024 0.067538
vn -0.267994 0.962654 0.038424
vn -0.211712 0.977286 0.009491
vn -0.154342 0.987826 -0.019436
vn -0.096163 0.994199 -0.048181
vn -0.132599 0.983426 -0.123660
vn -0.167767 0.965859 -0.197409
vn -0.201096 0.942124 -0.268258
vn -0.232258 0.912922 -0.335603
vn -0.260970 0.878714 -0.399696
vn -0.286531 0.840624 -0.459620
vn -0.308993 0.799157 -0.515628
vn -0.328389 0.754766 -0.567881
vn -0.344707 0.708580 -0.615704
vn -0.357803 0.661053 -0.659535
vn -0.405247 0.660860 -0.631695
vn -0.451704 0.657221 -0.603343
vn -0.495965 0.650812 -0.574858
vn -0.537426 0.642139 -0.546655
vn -0.575320 0.632540 -0.518555
vn -0.610970 0.621738 -0.490059
vn -0.644050 0.610698 -0.460704
vn -0.675080 0.599704 -0.429677
vn -0.705123 0.588573 -0.395454
vn -0.735155 0.576388 -0.356825
vn -0.739370 0.599576 -0.306334
vn -0.740279 0.621638 -0.256033
vn -0.737786 0.643236 -0.204742
vn -0.731645 0.664581 -0.151750
vn -0.721246 0.686112 -0.095155
vn -0.707193 0.706181 -0.034459
vn -0.688686 0.724388 0.031202
vn -0.665689 0.739290 0.101527
vn -0.638745 0.749263 0.174957
vn -0.598939 0.788041 0.142350
vn -0.555675 0.824042 0.110357
vn -0.509733 0.856658 0.079426
vn -0.461543 0.885749 0.049274
vn -0.411084 0.911381 0.019847
vn -0.358175 0.933612 -0.008957
vn -0.303482 0.952088 -0.037772
vn -0.247505 0.966621 -0.066215
vn -0.190407 0.977120 -0.094773
vn -0.225216 0.959624 -0.168520
vn -0.258033 0.936016 -0.239361
vn -0.288482 0.906996 -0.306817
vn -0.316224 0.873173 -0.370905
vn -0.340411 0.836013 -0.430351
vn -0.361735 0.795500 -0.486136
vn -0.379786 0.752118 -0.538592
vn -0.394264 0.707027 -0.587084
vn -0.442651 0.701751 -0.558216
vn -0.488751 0.693361 -0.529502
vn -0.532127 0.682661 -0.500815
vn -0.572390 0.670509 -0.472003
vn -0.609717 0.657381 -0.442826
vn -0.644654 0.643397 -0.412869
vn -0.677181 0.629506 -0.380984
vn -0.708256 0.615165 -0.346331
vn -0.708153 0.640934 -0.296181
vn -0.704764 0.665830 -0.244903
vn -0.697181 0.691085 -0.190631
vn -0.686079 0.715248 -0.133100
vn -0.670920 0.738107 -0.071165
vn -0.650860 0.759187 -0.004220
vn -0.627020 0.776074 0.067495
vn -0.584882 0.810375 0.034706
vn -0.540288 0.841473 0.003420
vn -0.492935 0.869662 -0.026518
vn -0.443619 0.894501 -0.055415
vn -0.391936 0.916166 -0.083826
vn -0.337559 0.934618 -0.111994
vn -0.281956 0.949159 -0.139991
vn -0.314229 0.925632 -0.210869
vn -0.343856 0.896828 -0.278322
vn -0.370572 0.863582 -0.341910
vn -0.393733 0.826931 -0.401446
vn -0.413372 0.787446 -0.457222
vn -0.429710 0.745617 -0.509318
vn -0.477792 0.735633 -0.480165
vn -0.523398 0.722616 -0.451531
vn -0.565729 0.707964 -0.422774
vn -0.604863 0.692331 -0.393470
vn -0.641346 0.675776 -0.363321
vn -0.675835 0.658339 -0.331417
vn -0.670599 0.687045 -0.279760
vn -0.661898 0.714928 -0.225322
vn -0.648929 0.742249 -0.167206
vn -0.631598 0.768158 -0.104959
vn -0.610470 0.791143 -0.037680
vn -0.567239 0.820658 -0.068988
vn -0.520773 0.847994 -0.098501
vn -0.472643 0.872084 -0.126801
vn -0.422199 0.893157 -0.154981
vn -0.368919 0.911296 -0.182861
vn -0.397470 0.882879 -0.250085
vn -0.423269 0.849996 -0.313608
vn -0.445425 0.813991 -0.372847
vn -0.463357 0.775934 -0.428050
vn -0.510342 0.761683 -0.399237
vn -0.554762 0.744829 -0.370769
vn -0.596110 0.726477 -0.341884
vn -0.634563 0.707149 -0.311880
vn -0.623962 0.737863 -0.257353
vn -0.608916 0.767933 -0.198749
vn -0.590223 0.795632 -0.136405
vn -0.545856 0.821281 -0.165948
vn -0.498721 0.844689 -0.194367
vn -0.449248 0.865341 -0.222176
vn -0.473524 0.833129 -0.285781
vn -0.493912 0.798353 -0.344504
vn -0.539857 0.780169 -0.316056
vn -0.583301 0.759808 -0.287145
vn -0.566842 0.791401 -0.228856
vn -0.521484 0.813426 -0.257667
vn -0.851388 0.062842 0.520758
vn -0.804023 0.060542 0.591508
vn -0.751463 0.058064 0.657216
vn -0.694588 0.055340 0.717276
vn -0.634527 0.052596 0.771109
vn -0.572102 0.049554 0.818684
vn -0.508288 0.045984 0.859959
vn -0.443835 0.042038 0.895122
vn -0.379669 0.037414 0.924366
vn -0.316045 0.031610 0.948217
vn -0.259009 0.023221 0.965596
vn -0.258720 0.077770 0.962817
vn -0.255497 0.131287 0.957854
vn -0.250164 0.183639 0.950629
vn -0.243241 0.233619 0.941412
vn -0.235531 0.281269 0.930276
vn -0.227680 0.326896 0.917225
vn -0.220058 0.370682 0.902313
vn -0.213249 0.413917 0.884984
vn -0.207678 0.456910 0.864929
vn -0.203942 0.501325 0.840881
vn -0.245395 0.524317 0.815397
vn -0.288067 0.542223 0.789311
vn -0.333249 0.559898 0.758590
vn -0.380673 0.577766 0.721994
vn -0.429600 0.594898 0.679368
vn -0.478534 0.612409 0.629254
vn -0.525825 0.628456 0.573194
vn -0.569818 0.642151 0.512786
vn -0.609526 0.652515 0.450225
vn -0.644908 0.658187 0.388437
vn -0.680626 0.603076 0.415990
vn -0.711051 0.548802 0.439571
vn -0.739221 0.492181 0.459685
vn -0.764660 0.433850 0.476517
vn -0.787155 0.374267 0.490216
vn -0.806636 0.313487 0.501064
vn -0.823030 0.251757 0.509156
vn -0.835993 0.189333 0.515043
vn -0.845460 0.126349 0.518877
vn -0.797879 0.124006 0.589925
vn -0.744916 0.121279 0.656042
vn -0.687652 0.118255 0.716345
vn -0.627261 0.114889 0.770288
vn -0.564667 0.111033 0.817816
vn -0.500959 0.106475 0.858896
vn -0.437063 0.101102 0.893731
vn -0.373554 0.094552 0.922777
vn -0.310840 0.086839 0.946487
vn -0.304440 0.141536 0.941957
vn -0.297066 0.194537 0.934830
vn -0.289168 0.245800 0.925183
vn -0.280937 0.295751 0.913020
vn -0.272845 0.343536 0.898632
vn -0.265229 0.389852 0.881855
vn -0.258186 0.435126 0.862558
vn -0.251852 0.480472 0.840070
vn -0.296284 0.500457 0.813486
vn -0.343291 0.519055 0.782773
vn -0.392486 0.536010 0.747428
vn -0.443438 0.551423 0.706608
vn -0.495241 0.565762 0.659279
vn -0.546506 0.578427 0.605602
vn -0.595738 0.588749 0.546325
vn -0.640853 0.597280 0.482249
vn -0.668714 0.543065 0.507841
vn -0.694598 0.487043 0.529456
vn -0.718372 0.429631 0.547136
vn -0.739982 0.370621 0.561308
vn -0.759030 0.310289 0.572359
vn -0.775198 0.249093 0.580536
vn -0.788197 0.186893 0.586358
vn -0.734916 0.183939 0.652736
vn -0.677376 0.180447 0.713163
vn -0.616783 0.176283 0.767140
vn -0.554411 0.171671 0.814345
vn -0.491294 0.166030 0.855023
vn -0.428154 0.159146 0.889582
vn -0.365674 0.151267 0.918369
vn -0.356398 0.206395 0.911253
vn -0.346388 0.259029 0.901621
vn -0.335785 0.310194 0.889398
vn -0.325053 0.359596 0.874660
vn -0.314913 0.407101 0.857379
vn -0.305193 0.454054 0.837074
vn -0.354742 0.471169 0.807563
vn -0.406271 0.487219 0.773021
vn -0.459892 0.501153 0.733038
vn -0.514404 0.514209 0.686278
vn -0.568514 0.525666 0.632825
vn -0.620549 0.535275 0.573061
vn -0.644263 0.480170 0.595283
vn -0.666572 0.423601 0.613387
vn -0.687184 0.365401 0.627902
vn -0.705715 0.306078 0.638970
vn -0.721791 0.245618 0.647062
vn -0.664133 0.241367 0.707580
vn -0.603536 0.236465 0.761465
vn -0.541725 0.230849 0.808235
vn -0.479370 0.223891 0.848573
vn -0.417225 0.215932 0.882778
vn -0.405228 0.270490 0.873284
vn -0.392607 0.322849 0.861178
vn -0.379512 0.373799 0.846312
vn -0.366780 0.423037 0.828560
vn -0.420790 0.437693 0.794582
vn -0.476849 0.450161 0.754964
vn -0.533673 0.461511 0.708662
vn -0.590052 0.471641 0.655281
vn -0.610799 0.416245 0.673547
vn -0.630403 0.359266 0.688128
vn -0.648323 0.300957 0.699358
vn -0.588212 0.295229 0.752892
vn -0.526859 0.288306 0.799562
vn -0.465610 0.280088 0.839499
vn -0.450902 0.334231 0.827634
vn -0.435903 0.386743 0.812662
vn -0.493840 0.398014 0.773115
vn -0.552544 0.407986 0.726803
vn -0.570917 0.352482 0.741492
vn -0.510655 0.344214 0.787876
vn -0.254778 0.581991 0.772253
vn -0.204102 0.611132 0.764762
vn -0.137678 0.626698 0.767003
vn -0.065199 0.631211 0.772866
vn 0.004589 0.627964 0.778229
vn 0.066325 0.622239 0.780012
vn 0.118757 0.616392 0.778433
vn 0.161816 0.614732 0.771959
vn 0.197373 0.618271 0.760779
vn 0.227940 0.626797 0.745096
vn 0.255510 0.640913 0.723841
vn 0.230822 0.708752 0.666627
vn 0.206065 0.756672 0.620471
vn 0.180253 0.800436 0.571675
vn 0.154782 0.841919 0.516928
vn 0.128567 0.880095 0.457059
vn 0.101498 0.913925 0.392987
vn 0.073130 0.942935 0.324847
vn 0.043061 0.966441 0.253255
vn 0.011039 0.983797 0.178943
vn -0.023294 0.994385 0.103226
vn -0.081768 0.988289 0.128836
vn -0.140878 0.978144 0.152931
vn -0.200161 0.963875 0.175727
vn -0.259083 0.945497 0.197261
vn -0.317156 0.922906 0.218303
vn -0.374197 0.895910 0.239418
vn -0.429262 0.864730 0.260723
vn -0.481509 0.829681 0.282450
vn -0.530798 0.790628 0.305222
vn -0.576560 0.748055 0.328622
vn -0.541766 0.739966 0.398674
vn -0.504637 0.727733 0.464484
vn -0.466279 0.711887 0.525167
vn -0.427336 0.693949 0.579499
vn -0.388511 0.674624 0.627648
vn -0.349564 0.654448 0.670449
vn -0.310003 0.634604 0.707938
vn -0.275968 0.614215 0.739312
vn -0.239065 0.591213 0.770270
vn -0.190184 0.614463 0.765680
vn -0.143030 0.636110 0.758226
vn -0.095935 0.656053 0.748593
vn -0.048467 0.673057 0.738001
vn -0.000323 0.686386 0.727237
vn 0.048377 0.696275 0.716143
vn 0.096468 0.702620 0.704996
vn 0.143018 0.706155 0.693463
vn 0.187869 0.707937 0.680831
vn 0.161111 0.754854 0.635798
vn 0.134337 0.795051 0.591479
vn 0.106985 0.835499 0.538976
vn 0.079233 0.872987 0.481266
vn 0.050637 0.906833 0.418438
vn 0.020522 0.936064 0.351231
vn -0.011551 0.959879 0.280178
vn -0.045671 0.977602 0.205448
vn -0.102937 0.967657 0.230312
vn -0.160658 0.953784 0.253939
vn -0.218593 0.935861 0.276373
vn -0.276058 0.913881 0.297679
vn -0.332920 0.887531 0.318516
vn -0.388579 0.856829 0.338897
vn -0.442530 0.821710 0.359109
vn -0.494034 0.782358 0.379271
vn -0.454531 0.769572 0.448510
vn -0.414147 0.752278 0.512406
vn -0.373712 0.731935 0.569746
vn -0.333566 0.709878 0.620328
vn -0.293749 0.686575 0.665076
vn -0.254018 0.662758 0.704434
vn -0.224408 0.641518 0.733550
vn -0.174738 0.666182 0.725030
vn -0.126221 0.688339 0.714324
vn -0.077901 0.707162 0.702747
vn -0.029511 0.723041 0.690175
vn 0.018943 0.735597 0.677154
vn 0.067362 0.744570 0.664137
vn 0.114895 0.750741 0.650529
vn 0.088221 0.787045 0.610555
vn 0.059297 0.826208 0.560237
vn 0.029875 0.863089 0.504168
vn -0.000491 0.896638 0.442763
vn -0.032588 0.925881 0.376407
vn -0.066703 0.949889 0.305388
vn -0.122617 0.936252 0.329236
vn -0.178814 0.918854 0.351757
vn -0.235253 0.897353 0.373381
vn -0.291554 0.871653 0.393976
vn -0.347267 0.841853 0.413145
vn -0.401829 0.807718 0.431421
vn -0.360221 0.789042 0.497648
vn -0.319386 0.766225 0.557577
vn -0.279057 0.741583 0.610067
vn -0.239380 0.715300 0.656539
vn -0.200204 0.688108 0.697442
vn -0.149086 0.709969 0.688271
vn -0.099605 0.729724 0.676447
vn -0.051601 0.747629 0.662109
vn -0.004719 0.763103 0.646260
vn 0.041868 0.776339 0.628924
vn 0.011337 0.814239 0.580419
vn -0.020019 0.850142 0.526173
vn -0.052346 0.883105 0.466247
vn -0.086467 0.912319 0.400248
vn -0.140783 0.895264 0.422709
vn -0.195705 0.874387 0.444013
vn -0.250807 0.849808 0.463597
vn -0.305675 0.821476 0.481393
vn -0.265026 0.796832 0.542973
vn -0.225508 0.769391 0.597649
vn -0.186986 0.740153 0.645918
vn -0.135818 0.762606 0.632445
vn -0.085870 0.782440 0.616777
vn -0.036942 0.799614 0.599378
vn -0.070286 0.834345 0.546744
vn -0.104820 0.866422 0.488187
vn -0.157674 0.846675 0.508213
vn -0.211167 0.823396 0.526714
vn -0.172964 0.793940 0.582875
vn -0.121170 0.815602 0.565783
vn 0.397291 0.560973 0.726271
vn 0.414691 0.504364 0.757396
vn 0.430073 0.453871 0.780409
vn 0.443297 0.403059 0.800644
vn 0.454417 0.351590 0.818468
vn 0.463491 0.300752 0.833502
vn 0.470756 0.250630 0.845916
vn 0.476281 0.200466 0.856137
vn 0.480324 0.150431 0.864095
vn 0.483370 0.099927 0.869695
vn 0.485297 0.050241 0.872905
vn 0.528677 0.050085 0.847344
vn 0.570965 0.050239 0.819436
vn 0.613006 0.050252 0.788479
vn 0.653066 0.050327 0.755627
vn 0.691805 0.050250 0.720333
vn 0.729712 0.049147 0.681986
vn 0.766181 0.047283 0.640883
vn 0.801037 0.044850 0.596932
vn 0.834345 0.040782 0.549732
vn 0.869297 0.038059 0.492822
vn 0.868693 0.085769 0.487870
vn 0.865189 0.133797 0.483266
vn 0.859063 0.180539 0.478975
vn 0.850305 0.226829 0.474901
vn 0.839340 0.271851 0.470749
vn 0.826317 0.316493 0.465868
vn 0.811284 0.360050 0.460633
vn 0.794322 0.403511 0.454127
vn 0.775737 0.446829 0.445619
vn 0.757578 0.486866 0.434784
vn 0.729475 0.498673 0.468180
vn 0.697649 0.511805 0.501339
vn 0.665030 0.523701 0.532422
vn 0.630863 0.534570 0.562359
vn 0.594854 0.544762 0.591087
vn 0.557717 0.552605 0.619338
vn 0.519248 0.558462 0.646917
vn 0.479516 0.561527 0.674353
vn 0.438618 0.562581 0.700797
vn 0.459505 0.502382 0.732439
vn 0.475393 0.451867 0.754863
vn 0.488925 0.401199 0.774592
vn 0.499774 0.351069 0.791818
vn 0.508325 0.301346 0.806719
vn 0.515140 0.251075 0.819508
vn 0.520508 0.200453 0.829994
vn 0.524549 0.150504 0.837972
vn 0.527226 0.099869 0.843836
vn 0.569722 0.100931 0.815617
vn 0.611353 0.101070 0.784877
vn 0.651586 0.100324 0.751911
vn 0.690190 0.100256 0.716650
vn 0.727482 0.099604 0.678859
vn 0.763778 0.097999 0.637996
vn 0.798254 0.095064 0.594771
vn 0.831216 0.090790 0.548487
vn 0.826754 0.141292 0.544532
vn 0.821081 0.189843 0.538318
vn 0.813634 0.238036 0.530414
vn 0.804626 0.283524 0.521719
vn 0.793846 0.328090 0.512021
vn 0.781238 0.371833 0.501405
vn 0.766247 0.415091 0.490474
vn 0.748423 0.458465 0.479243
vn 0.717719 0.469501 0.514246
vn 0.686326 0.477984 0.548168
vn 0.653922 0.484556 0.581027
vn 0.619740 0.489499 0.613444
vn 0.583207 0.493587 0.645168
vn 0.544392 0.497201 0.675595
vn 0.502812 0.500243 0.704937
vn 0.518929 0.450215 0.726649
vn 0.532274 0.400111 0.746053
vn 0.542936 0.350757 0.763013
vn 0.551489 0.301406 0.777827
vn 0.558267 0.251412 0.790652
vn 0.563573 0.200522 0.801359
vn 0.567402 0.150296 0.809608
vn 0.608732 0.150920 0.778889
vn 0.648973 0.150972 0.745682
vn 0.687457 0.150480 0.710463
vn 0.724178 0.150221 0.673053
vn 0.759942 0.149151 0.632647
vn 0.794030 0.145956 0.590097
vn 0.788465 0.195366 0.583228
vn 0.781562 0.243694 0.574260
vn 0.773157 0.290159 0.563947
vn 0.762893 0.334977 0.552978
vn 0.750347 0.380381 0.540639
vn 0.735516 0.425098 0.527548
vn 0.703718 0.432703 0.563516
vn 0.671039 0.438174 0.598089
vn 0.636441 0.442420 0.631828
vn 0.599686 0.445559 0.664721
vn 0.560711 0.448111 0.696276
vn 0.573856 0.399351 0.714989
vn 0.584522 0.350088 0.731965
vn 0.592987 0.300851 0.746897
vn 0.599745 0.251408 0.759671
vn 0.605015 0.201347 0.770335
vn 0.645059 0.201815 0.737001
vn 0.683193 0.201557 0.701871
vn 0.719657 0.200822 0.664654
vn 0.754873 0.199116 0.624916
vn 0.748460 0.247174 0.615397
vn 0.740430 0.294798 0.604034
vn 0.730602 0.341426 0.591312
vn 0.718543 0.386909 0.577925
vn 0.685200 0.392322 0.613664
vn 0.649963 0.396066 0.648598
vn 0.612915 0.398032 0.682573
vn 0.624040 0.349226 0.699010
vn 0.632905 0.300583 0.713499
vn 0.639790 0.251320 0.726297
vn 0.677777 0.251077 0.691070
vn 0.713802 0.249824 0.654275
vn 0.706244 0.297992 0.642200
vn 0.696829 0.345794 0.628376
vn 0.661458 0.348052 0.664329
vn 0.670744 0.299620 0.678477
vn 0.483122 -0.049814 0.874135
vn 0.480336 -0.100597 0.871297
vn 0.476459 -0.150772 0.866172
vn 0.471614 -0.201289 0.858524
vn 0.465533 -0.251709 0.848482
vn 0.457833 -0.302457 0.836008
vn 0.448656 -0.352715 0.821158
vn 0.437768 -0.403334 0.803543
vn 0.425046 -0.454850 0.782590
vn 0.410618 -0.505914 0.758580
vn 0.394432 -0.558469 0.729750
vn 0.437609 -0.559030 0.704261
vn 0.479426 -0.558067 0.677283
vn 0.519080 -0.555942 0.649218
vn 0.557244 -0.551834 0.620450
vn 0.593517 -0.545800 0.591472
vn 0.627246 -0.538663 0.562499
vn 0.659486 -0.529835 0.533248
vn 0.690261 -0.519865 0.503270
vn 0.717330 -0.511000 0.473621
vn 0.740532 -0.504532 0.443915
vn 0.758645 -0.464595 0.456737
vn 0.779066 -0.419538 0.465880
vn 0.798226 -0.374804 0.471547
vn 0.816650 -0.328563 0.474478
vn 0.833355 -0.281493 0.475690
vn 0.847437 -0.234911 0.476096
vn 0.858840 -0.188054 0.476477
vn 0.866788 -0.141107 0.478296
vn 0.870673 -0.095176 0.482565
vn 0.870542 -0.049503 0.489597
vn 0.834548 -0.045153 0.549081
vn 0.796714 -0.047620 0.602478
vn 0.760800 -0.050891 0.646988
vn 0.723820 -0.052461 0.687992
vn 0.685753 -0.052680 0.725925
vn 0.647005 -0.053541 0.760603
vn 0.607652 -0.053151 0.792423
vn 0.567073 -0.051850 0.822034
vn 0.525628 -0.050767 0.849198
vn 0.523416 -0.101328 0.846031
vn 0.520152 -0.151314 0.840563
vn 0.515542 -0.202417 0.832613
vn 0.509788 -0.252407 0.822439
vn 0.502684 -0.302436 0.809840
vn 0.493995 -0.353091 0.794541
vn 0.483488 -0.403631 0.776738
vn 0.470677 -0.454880 0.756008
vn 0.455707 -0.505694 0.732534
vn 0.498960 -0.504775 0.704444
vn 0.539764 -0.503215 0.674855
vn 0.578168 -0.500938 0.644036
vn 0.614202 -0.497724 0.612395
vn 0.647644 -0.493260 0.580734
vn 0.679264 -0.486811 0.549196
vn 0.709521 -0.478943 0.516908
vn 0.734197 -0.472072 0.487957
vn 0.750524 -0.429305 0.502405
vn 0.765306 -0.385761 0.515262
vn 0.779221 -0.340390 0.526260
vn 0.792288 -0.293564 0.534883
vn 0.804448 -0.245774 0.540794
vn 0.815521 -0.195920 0.544556
vn 0.824751 -0.144974 0.546598
vn 0.831312 -0.094638 0.547690
vn 0.792572 -0.100390 0.601458
vn 0.757187 -0.103393 0.644964
vn 0.720734 -0.104783 0.685247
vn 0.683101 -0.105094 0.722723
vn 0.644735 -0.104018 0.757296
vn 0.605453 -0.102724 0.789224
vn 0.564867 -0.101975 0.818857
vn 0.561690 -0.152861 0.813104
vn 0.557514 -0.203655 0.804800
vn 0.552216 -0.253175 0.794330
vn 0.545515 -0.303312 0.781291
vn 0.537299 -0.353570 0.765701
vn 0.527069 -0.404184 0.747552
vn 0.514233 -0.455010 0.727001
vn 0.555611 -0.453419 0.696928
vn 0.594464 -0.451592 0.665340
vn 0.630594 -0.450061 0.632294
vn 0.664614 -0.447099 0.598657
vn 0.696504 -0.442201 0.565103
vn 0.727001 -0.435250 0.531062
vn 0.741960 -0.390878 0.544711
vn 0.754752 -0.345131 0.557883
vn 0.765068 -0.299841 0.569882
vn 0.773864 -0.252457 0.580861
vn 0.781342 -0.202854 0.590216
vn 0.787537 -0.151788 0.597282
vn 0.752758 -0.154695 0.639863
vn 0.716669 -0.156429 0.679644
vn 0.679754 -0.157101 0.716417
vn 0.641885 -0.155351 0.750900
vn 0.602276 -0.153740 0.783344
vn 0.598207 -0.205409 0.774568
vn 0.593306 -0.254832 0.763576
vn 0.586946 -0.304404 0.750222
vn 0.578624 -0.354551 0.734498
vn 0.568285 -0.404242 0.716687
vn 0.607248 -0.403663 0.684329
vn 0.643963 -0.402363 0.650704
vn 0.678568 -0.400102 0.616007
vn 0.711084 -0.396615 0.580565
vn 0.723233 -0.349881 0.595414
vn 0.732830 -0.303746 0.608850
vn 0.740754 -0.256131 0.621032
vn 0.747343 -0.205866 0.631742
vn 0.711895 -0.206771 0.671157
vn 0.675470 -0.206886 0.707770
vn 0.637842 -0.206871 0.741864
vn 0.632706 -0.256359 0.730728
vn 0.626002 -0.305917 0.717312
vn 0.617471 -0.355648 0.701602
vn 0.654587 -0.355088 0.667404
vn 0.689965 -0.352894 0.631993
vn 0.698951 -0.305933 0.646431
vn 0.706133 -0.257130 0.659742
vn 0.669860 -0.256981 0.696598
vn 0.662993 -0.306828 0.682860
vn -0.136056 0.023457 0.990424
vn -0.075263 0.024856 0.996854
vn -0.016034 0.027239 0.999500
vn 0.041179 0.030245 0.998694
vn 0.096832 0.033641 0.994732
vn 0.150805 0.037769 0.987842
vn 0.202551 0.041888 0.978375
vn 0.252953 0.045709 0.966398
vn 0.301532 0.048936 0.952199
vn 0.348645 0.050636 0.935886
vn 0.394981 0.050952 0.917275
vn 0.391637 0.101769 0.914474
vn 0.386080 0.152876 0.909709
vn 0.377981 0.204328 0.902984
vn 0.367894 0.255342 0.894122
vn 0.356722 0.305033 0.883009
vn 0.344697 0.355146 0.868939
vn 0.332159 0.405302 0.851705
vn 0.319423 0.454794 0.831343
vn 0.306505 0.505454 0.806580
vn 0.278485 0.573936 0.770093
vn 0.244270 0.582430 0.775311
vn 0.211614 0.582938 0.784476
vn 0.179294 0.575104 0.798191
vn 0.144932 0.559903 0.815784
vn 0.106899 0.536959 0.836808
vn 0.063668 0.507808 0.859115
vn 0.013956 0.477476 0.878534
vn -0.041794 0.448828 0.892640
vn -0.102184 0.429790 0.897128
vn -0.163805 0.424081 0.890687
vn -0.143350 0.427116 0.892761
vn -0.144945 0.391543 0.908672
vn -0.147633 0.351672 0.924409
vn -0.148910 0.311465 0.938518
vn -0.148743 0.269135 0.951547
vn -0.147429 0.223927 0.963391
vn -0.145361 0.176577 0.973494
vn -0.142731 0.126777 0.981609
vn -0.139627 0.075100 0.987352
vn -0.077957 0.078458 0.993865
vn -0.017922 0.081986 0.996472
vn 0.040033 0.085743 0.995513
vn 0.095716 0.089899 0.991341
vn 0.149554 0.093413 0.984331
vn 0.201531 0.097017 0.974666
vn 0.251607 0.099975 0.962652
vn 0.299554 0.101538 0.948661
vn 0.346009 0.102167 0.932652
vn 0.341124 0.153974 0.927322
vn 0.333827 0.205760 0.919904
vn 0.324680 0.256537 0.910369
vn 0.314213 0.306927 0.898369
vn 0.303113 0.356142 0.883904
vn 0.291887 0.404483 0.866715
vn 0.280341 0.453484 0.846027
vn 0.270092 0.501510 0.821911
vn 0.233032 0.495727 0.836631
vn 0.194154 0.488781 0.850528
vn 0.153418 0.481400 0.862970
vn 0.110182 0.473527 0.873860
vn 0.064550 0.465056 0.882925
vn 0.017169 0.457220 0.889188
vn -0.033301 0.449043 0.892889
vn -0.086540 0.439430 0.894099
vn -0.086018 0.406176 0.909737
vn -0.087680 0.365389 0.926716
vn -0.088059 0.323240 0.942211
vn -0.086953 0.278718 0.956428
vn -0.085212 0.232346 0.968893
vn -0.082993 0.183502 0.979510
vn -0.080467 0.131717 0.988016
vn -0.020294 0.136562 0.990424
vn 0.037580 0.140912 0.989309
vn 0.093217 0.145019 0.985028
vn 0.146520 0.148525 0.977994
vn 0.198292 0.151438 0.968373
vn 0.247751 0.153265 0.956624
vn 0.294981 0.154116 0.942992
vn 0.288512 0.206056 0.935041
vn 0.280339 0.257192 0.924804
vn 0.270756 0.307849 0.912097
vn 0.260723 0.355921 0.897409
vn 0.250586 0.403502 0.879996
vn 0.240697 0.451409 0.859241
vn 0.199839 0.448429 0.871192
vn 0.157448 0.445115 0.881523
vn 0.113574 0.440887 0.890348
vn 0.067438 0.435200 0.897805
vn 0.019386 0.427563 0.903777
vn -0.031525 0.418094 0.907856
vn -0.031745 0.376190 0.925999
vn -0.030489 0.332588 0.942579
vn -0.028325 0.287380 0.957398
vn -0.025727 0.239687 0.970509
vn -0.022877 0.189091 0.981693
vn 0.034452 0.194008 0.980395
vn 0.089385 0.198504 0.976016
vn 0.142232 0.201884 0.969027
vn 0.193166 0.204276 0.959666
vn 0.241804 0.205533 0.948307
vn 0.234111 0.257407 0.937515
vn 0.225707 0.307253 0.924474
vn 0.216997 0.355145 0.909277
vn 0.208088 0.402176 0.891602
vn 0.164025 0.399736 0.901835
vn 0.118704 0.396015 0.910539
vn 0.071104 0.391164 0.917570
vn 0.020988 0.384571 0.922857
vn 0.023863 0.340484 0.939948
vn 0.027151 0.294511 0.955262
vn 0.030894 0.245317 0.968951
vn 0.084721 0.250001 0.964532
vn 0.136834 0.253604 0.957581
vn 0.186582 0.256117 0.948468
vn 0.179178 0.305770 0.935093
vn 0.171467 0.353630 0.919535
vn 0.124366 0.350618 0.928224
vn 0.075242 0.346412 0.935060
vn 0.079851 0.299578 0.950724
vn 0.130571 0.303362 0.943887
vn -0.114158 -0.479505 0.870082
vn -0.077969 -0.489892 0.868290
vn -0.038860 -0.497891 0.866368
vn 0.002861 -0.505036 0.863094
vn 0.047170 -0.511846 0.857781
vn 0.094271 -0.519067 0.849519
vn 0.142740 -0.527008 0.837787
vn 0.191512 -0.535545 0.822505
vn 0.239605 -0.543559 0.804446
vn 0.286080 -0.550478 0.784304
vn 0.329590 -0.555215 0.763614
vn 0.339482 -0.499599 0.796965
vn 0.346968 -0.447473 0.824245
vn 0.354546 -0.396471 0.846823
vn 0.362125 -0.345910 0.865570
vn 0.369357 -0.294964 0.881233
vn 0.376001 -0.244978 0.893649
vn 0.381946 -0.195486 0.903273
vn 0.387044 -0.146454 0.910356
vn 0.391219 -0.097436 0.915125
vn 0.394163 -0.048438 0.917763
vn 0.347882 -0.046868 0.936366
vn 0.300343 -0.045172 0.952761
vn 0.251076 -0.043323 0.966997
vn 0.200796 -0.041408 0.978758
vn 0.148992 -0.039832 0.988036
vn 0.095428 -0.037933 0.994713
vn 0.040658 -0.035612 0.998538
vn -0.015961 -0.033603 0.999308
vn -0.074077 -0.032045 0.996738
vn -0.132991 -0.029554 0.990677
vn -0.133496 -0.081515 0.987691
vn -0.134132 -0.132547 0.982059
vn -0.135059 -0.182484 0.973889
vn -0.135540 -0.230579 0.963568
vn -0.135297 -0.275202 0.951819
vn -0.134189 -0.318203 0.938478
vn -0.131511 -0.359758 0.923731
vn -0.127037 -0.400205 0.907578
vn -0.120787 -0.440159 0.889759
vn -0.081534 -0.452797 0.887878
vn -0.040009 -0.463087 0.885409
vn 0.003234 -0.470965 0.882146
vn 0.048856 -0.477001 0.877544
vn 0.096232 -0.481581 0.871103
vn 0.144924 -0.485145 0.862341
vn 0.195024 -0.488407 0.850544
vn 0.244736 -0.491673 0.835680
vn 0.293500 -0.495148 0.817733
vn 0.300636 -0.444004 0.844084
vn 0.307913 -0.393924 0.866033
vn 0.315428 -0.344059 0.884380
vn 0.322850 -0.293947 0.899646
vn 0.329694 -0.244232 0.911950
vn 0.335813 -0.195008 0.921521
vn 0.341177 -0.146177 0.928564
vn 0.345343 -0.096578 0.933494
vn 0.297893 -0.095277 0.949833
vn 0.248706 -0.093941 0.964013
vn 0.198088 -0.092945 0.975767
vn 0.146161 -0.091939 0.984979
vn 0.092865 -0.090469 0.991560
vn 0.038352 -0.089110 0.995283
vn -0.018087 -0.087693 0.995983
vn -0.076070 -0.085263 0.993450
vn -0.078663 -0.137705 0.987345
vn -0.081407 -0.187999 0.978790
vn -0.084419 -0.237200 0.967786
vn -0.086823 -0.283444 0.955051
vn -0.087988 -0.327482 0.940752
vn -0.087669 -0.370165 0.924820
vn -0.085563 -0.411802 0.907247
vn -0.041305 -0.421081 0.906082
vn 0.004246 -0.427592 0.903962
vn 0.051576 -0.432120 0.900340
vn 0.100281 -0.435394 0.894637
vn 0.150123 -0.437588 0.886555
vn 0.200925 -0.439531 0.875467
vn 0.251599 -0.441512 0.861258
vn 0.258850 -0.391900 0.882843
vn 0.266423 -0.342750 0.900856
vn 0.274156 -0.293388 0.915840
vn 0.281373 -0.244071 0.928041
vn 0.288076 -0.194790 0.937587
vn 0.293808 -0.145316 0.944754
vn 0.244387 -0.144961 0.958781
vn 0.193524 -0.144758 0.970358
vn 0.141771 -0.144117 0.979353
vn 0.088424 -0.143544 0.985686
vn 0.034162 -0.142921 0.989144
vn -0.021579 -0.141242 0.989740
vn -0.025693 -0.192117 0.981036
vn -0.030323 -0.241590 0.969905
vn -0.034927 -0.289174 0.956639
vn -0.038392 -0.334461 0.941627
vn -0.040569 -0.378287 0.924799
vn 0.007106 -0.383688 0.923435
vn 0.055998 -0.386921 0.920411
vn 0.106183 -0.388879 0.915149
vn 0.156869 -0.390167 0.907283
vn 0.207970 -0.390765 0.896689
vn 0.215648 -0.342497 0.914435
vn 0.223709 -0.293298 0.929479
vn 0.231556 -0.243813 0.941773
vn 0.238433 -0.195030 0.951374
vn 0.187585 -0.195075 0.962683
vn 0.135813 -0.195481 0.971258
vn 0.082511 -0.195631 0.977200
vn 0.028905 -0.194612 0.980454
vn 0.023043 -0.244066 0.969485
vn 0.016856 -0.292189 0.956212
vn 0.011365 -0.338684 0.940832
vn 0.061935 -0.340868 0.938069
vn 0.113252 -0.342207 0.932774
vn 0.164377 -0.342799 0.924916
vn 0.172347 -0.293919 0.940164
vn 0.180408 -0.244334 0.952761
vn 0.128513 -0.245228 0.960910
vn 0.075815 -0.245181 0.966508
vn 0.068795 -0.293478 0.953487
vn 0.120811 -0.294107 0.948106
s 1
g group84 book_table pasted__pasted__pasted__pasted__pasted__pasted__pasted__pasted__pasted__pasted__pCube3
usemtl lambert3SG
f 276/369/1057 275/468/1058 540/719/1059 539/430/1060
f 275/468/1058 274/467/1061 541/720/1062 540/719/1059
f 274/467/1061 273/466/1063 542/721/1064 541/720/1062
f 273/466/1063 272/465/1065 543/722/1066 542/721/1064
f 272/465/1065 271/464/1067 544/723/1068 543/722/1066
f 271/464/1067 270/462/1069 545/725/1070 544/723/1068
f 270/463/1069 269/461/1071 546/726/1072 545/724/1070
f 269/461/1071 268/460/1073 547/727/1074 546/726/1072
f 268/460/1073 267/459/1075 548/728/1076 547/727/1074
f 267/459/1075 266/458/1077 549/729/1078 548/728/1076
f 266/458/1077 265/457/1079 550/730/1080 549/729/1078
f 265/457/1079 312/453/1081 551/380/1082 550/730/1080
f 288/370/1083 287/479/1084 480/663/1085 479/374/1086
f 287/479/1084 286/478/1087 481/664/1088 480/663/1085
f 286/478/1087 285/477/1089 482/665/1090 481/664/1088
f 285/477/1089 284/476/1091 483/666/1092 482/665/1090
f 284/476/1091 283/475/1093 484/667/1094 483/666/1092
f 283/475/1093 282/474/1095 485/668/1096 484/667/1094
f 282/474/1095 281/473/1097 486/669/1098 485/668/1096
f 281/473/1097 280/472/1099 487/670/1100 486/669/1098
f 280/472/1099 279/471/1101 488/671/1102 487/670/1100
f 279/471/1101 278/470/1103 489/672/1104 488/671/1102
f 278/470/1103 277/469/1105 490/673/1106 489/672/1104
f 277/469/1105 276/369/1057 491/379/1107 490/673/1106
f 300/371/1108 299/491/1109 337/526/1110 336/428/1111
f 299/491/1109 298/490/1112 338/527/1113 337/526/1110
f 298/490/1112 297/489/1114 339/528/1115 338/527/1113
f 297/489/1114 296/488/1116 340/529/1117 339/528/1115
f 296/488/1116 295/487/1118 341/530/1119 340/529/1117
f 295/487/1118 294/485/1120 342/532/1121 341/530/1119
f 294/486/1120 293/484/1122 343/533/1123 342/531/1121
f 293/484/1122 292/483/1124 344/534/1125 343/533/1123
f 292/483/1124 291/482/1126 345/535/1127 344/534/1125
f 291/482/1126 290/481/1128 346/536/1129 345/535/1127
f 290/481/1128 289/480/1130 347/537/1131 346/536/1129
f 289/480/1130 288/370/1083 348/373/1132 347/537/1131
f 312/453/1081 311/502/1133 421/607/1134 420/452/1135
f 311/502/1133 310/501/1136 422/608/1137 421/607/1134
f 310/501/1136 309/500/1138 423/609/1139 422/608/1137
f 309/500/1138 308/499/1140 424/610/1141 423/609/1139
f 308/499/1140 307/498/1142 425/611/1143 424/610/1141
f 307/498/1142 306/497/1144 426/612/1145 425/611/1143
f 306/497/1144 305/496/1146 427/613/1147 426/612/1145
f 305/496/1146 304/495/1148 428/614/1149 427/613/1147
f 304/495/1148 303/494/1150 429/615/1151 428/614/1149
f 303/494/1150 302/493/1152 430/616/1153 429/615/1151
f 302/493/1152 301/492/1154 431/617/1155 430/616/1153
f 301/492/1154 300/371/1108 432/377/1156 431/617/1155
f 324/372/1157 323/513/1158 659/831/1159 658/456/1160
f 323/513/1158 322/512/1161 660/832/1162 659/831/1159
f 322/512/1161 321/511/1163 661/833/1164 660/832/1162
f 321/511/1163 320/510/1165 662/834/1166 661/833/1164
f 320/510/1165 319/509/1167 663/835/1168 662/834/1166
f 319/509/1167 318/508/1169 664/836/1170 663/835/1168
f 318/508/1169 317/507/1171 665/837/1172 664/836/1170
f 317/507/1171 316/506/1173 666/838/1174 665/837/1172
f 316/506/1173 315/505/1175 667/839/1176 666/838/1174
f 315/505/1175 314/504/1177 668/840/1178 667/839/1176
f 314/504/1177 313/503/1179 669/841/1180 668/840/1178
f 313/503/1179 360/431/1181 670/388/1182 669/841/1180
f 336/428/1111 335/525/1183 397/584/1184 396/429/1185
f 335/525/1183 334/524/1186 398/585/1187 397/584/1184
f 334/524/1186 333/523/1188 399/586/1189 398/585/1187
f 333/523/1188 332/522/1190 400/587/1191 399/586/1189
f 332/522/1190 331/521/1192 401/588/1193 400/587/1191
f 331/521/1192 330/519/1194 402/590/1195 401/588/1193
f 330/520/1194 329/518/1196 403/591/1197 402/589/1195
f 329/518/1196 328/517/1198 404/592/1199 403/591/1197
f 328/517/1198 327/516/1200 405/593/1201 404/592/1199
f 327/516/1200 326/515/1202 406/594/1203 405/593/1201
f 326/515/1202 325/514/1204 407/595/1205 406/594/1203
f 325/514/1204 324/372/1157 408/375/1206 407/595/1205
f 360/431/1181 359/548/1207 468/652/1208 467/432/1209
f 359/548/1207 358/547/1210 469/653/1211 468/652/1208
f 358/547/1210 357/546/1212 470/654/1213 469/653/1211
f 357/546/1212 356/545/1214 471/655/1215 470/654/1213
f 356/545/1214 355/544/1216 472/656/1217 471/655/1215
f 355/544/1216 354/543/1218 473/657/1219 472/656/1217
f 354/543/1218 353/542/1220 474/658/1221 473/657/1219
f 353/542/1220 352/541/1222 475/659/1223 474/658/1221
f 352/541/1222 351/540/1224 476/660/1225 475/659/1223
f 351/540/1224 350/539/1226 477/661/1227 476/660/1225
f 350/539/1226 349/538/1228 478/662/1229 477/661/1227
f 349/538/1228 348/373/1132 479/374/1086 478/662/1229
f 372/376/1230 371/560/1231 1029/1182/1232 1076/443/1233
f 371/560/1231 370/559/1234 1030/1183/1235 1029/1182/1232
f 370/559/1234 369/558/1236 1031/1184/1237 1030/1183/1235
f 369/558/1236 368/557/1238 1032/1185/1239 1031/1184/1237
f 368/557/1238 367/556/1240 1033/1186/1241 1032/1185/1239
f 367/556/1240 366/554/1242 1034/1188/1243 1033/1186/1241
f 366/555/1242 365/553/1244 1035/1189/1245 1034/1187/1243
f 365/553/1244 364/552/1246 1036/1190/1247 1035/1189/1245
f 364/552/1246 363/551/1248 1037/1191/1249 1036/1190/1247
f 363/551/1248 362/550/1250 1038/1192/1251 1037/1191/1249
f 362/550/1250 361/549/1252 1039/1193/1253 1038/1192/1251
f 361/549/1252 408/375/1206 1040/390/1254 1039/1193/1253
f 384/378/1255 383/571/1256 1290/1432/1257
f 383/571/1256 382/570/1258 1291/1433/1259 1290/1432/1257
f 382/570/1258 381/569/1260 1292/1434/1261 1291/1433/1259
f 381/569/1260 380/568/1262 1293/1435/1263 1292/1434/1261
f 380/568/1262 379/567/1264 1294/1436/1265 1293/1435/1263
f 379/567/1264 378/566/1266 1295/1437/1267 1294/1436/1265
f 378/566/1266 377/565/1268 1296/1438/1269 1295/1437/1267
f 377/565/1268 376/564/1270 1297/1439/1271 1296/1438/1269
f 376/564/1270 375/563/1272 1298/1440/1273 1297/1439/1271
f 375/563/1272 374/562/1274 1299/1441/1275 1298/1440/1273
f 374/562/1274 373/561/1276 1300/1442/1277 1299/1441/1275
f 373/561/1276 372/376/1230 1301/421/1278 1300/1442/1277
f 396/429/1185 395/583/1279 433/618/1280 432/377/1156
f 395/583/1279 394/582/1281 434/619/1282 433/618/1280
f 394/582/1281 393/581/1283 435/620/1284 434/619/1282
f 393/581/1283 392/580/1285 436/621/1286 435/620/1284
f 392/580/1285 391/579/1287 437/622/1288 436/621/1286
f 391/579/1287 390/577/1289 438/624/1290 437/622/1288
f 390/578/1289 389/576/1291 439/625/1292 438/623/1290
f 389/576/1291 388/575/1293 440/626/1294 439/625/1292
f 388/575/1293 387/574/1295 441/627/1296 440/626/1294
f 387/574/1295 386/573/1297 442/628/1298 441/627/1296
f 386/573/1297 385/572/1299 443/629/1300 442/628/1298
f 385/572/1299 384/378/1255 443/629/1300
f 420/452/1135 419/606/1301 742/911/1302 789/381/1303
f 419/606/1301 418/605/1304 743/912/1305 742/911/1302
f 418/605/1304 417/604/1306 744/913/1307 743/912/1305
f 417/604/1306 416/603/1308 745/914/1309 744/913/1307
f 416/603/1308 415/602/1310 746/915/1311 745/914/1309
f 415/602/1310 414/601/1312 747/916/1313 746/915/1311
f 414/601/1312 413/600/1314 748/917/1315 747/916/1313
f 413/600/1314 412/599/1316 749/918/1317 748/917/1315
f 412/599/1316 411/598/1318 750/919/1319 749/918/1317
f 411/598/1318 410/597/1320 751/920/1321 750/919/1319
f 410/597/1320 409/596/1322 752/921/1323 751/920/1321
f 409/596/1322 455/446/1324 753/394/1325 752/921/1323
f 455/446/1324 454/640/1326 1279/1421/1327 1278/447/1328
f 454/640/1326 453/639/1329 1280/1422/1330 1279/1421/1327
f 453/639/1329 452/638/1331 1281/1423/1332 1280/1422/1330
f 452/638/1331 451/637/1333 1282/1424/1334 1281/1423/1332
f 451/637/1333 450/636/1335 1283/1425/1336 1282/1424/1334
f 450/636/1335 449/635/1337 1284/1426/1338 1283/1425/1336
f 449/635/1337 448/634/1339 1285/1427/1340 1284/1426/1338
f 448/634/1339 447/633/1341 1286/1428/1342 1285/1427/1340
f 447/633/1341 446/632/1343 1287/1429/1344 1286/1428/1342
f 446/632/1343 445/631/1345 1288/1430/1346 1287/1429/1344
f 445/631/1345 444/630/1347 1289/1431/1348 1288/1430/1346
f 444/630/1347 384/378/1255 1289/1431/1348
f 467/432/1209 466/651/1349 635/808/1350 634/433/1351
f 466/651/1349 465/650/1352 636/809/1353 635/808/1350
f 465/650/1352 464/649/1354 637/810/1355 636/809/1353
f 464/649/1354 463/648/1356 638/811/1357 637/810/1355
f 463/648/1356 462/647/1358 639/812/1359 638/811/1357
f 462/647/1358 461/646/1360 640/813/1361 639/812/1359
f 461/646/1360 460/645/1362 641/814/1363 640/813/1361
f 460/645/1362 459/644/1364 642/815/1365 641/814/1363
f 459/644/1364 458/643/1366 643/816/1367 642/815/1365
f 458/643/1366 457/642/1368 644/817/1369 643/816/1367
f 457/642/1368 456/641/1370 645/818/1371 644/817/1369
f 456/641/1370 503/448/1372 646/385/1373 645/818/1371
f 503/448/1372 502/684/1374 564/742/1375 563/449/1376
f 502/684/1374 501/683/1377 565/743/1378 564/742/1375
f 501/683/1377 500/682/1379 566/744/1380 565/743/1378
f 500/682/1379 499/681/1381 567/745/1382 566/744/1380
f 499/681/1381 498/680/1383 568/746/1384 567/745/1382
f 498/680/1383 497/679/1385 569/747/1386 568/746/1384
f 497/679/1385 496/678/1387 570/748/1388 569/747/1386
f 496/678/1387 495/677/1389 571/749/1390 570/748/1388
f 495/677/1389 494/676/1391 572/750/1392 571/749/1390
f 494/676/1391 493/675/1393 573/751/1394 572/750/1392
f 493/675/1393 492/674/1395 574/752/1396 573/751/1394
f 492/674/1395 491/379/1107 575/383/1397 574/752/1396
f 515/382/1398 514/695/1399 778/945/1400 777/434/1401
f 514/695/1399 513/694/1402 779/946/1403 778/945/1400
f 513/694/1402 512/693/1404 780/947/1405 779/946/1403
f 512/693/1404 511/692/1406 781/948/1407 780/947/1405
f 511/692/1406 510/691/1408 782/949/1409 781/948/1407
f 510/691/1408 509/690/1410 783/950/1411 782/949/1409
f 509/690/1410 508/689/1412 784/951/1413 783/950/1411
f 508/689/1412 507/688/1414 785/952/1415 784/951/1413
f 507/688/1414 506/687/1416 786/953/1417 785/952/1415
f 506/687/1416 505/686/1418 787/954/1419 786/953/1417
f 505/686/1418 504/685/1420 788/955/1421 787/954/1419
f 504/685/1420 551/380/1082 789/381/1303 788/955/1421
f 527/384/1422 526/707/1423 718/887/1424
f 526/707/1423 525/706/1425 719/888/1426 718/887/1424
f 525/706/1425 524/705/1427 720/889/1428 719/888/1426
f 524/705/1427 523/704/1429 721/890/1430 720/889/1428
f 523/704/1429 522/703/1431 722/891/1432 721/890/1430
f 522/703/1431 521/701/1433 723/893/1434 722/891/1432
f 521/702/1433 520/700/1435 724/894/1436 723/892/1434
f 520/700/1435 519/699/1437 725/895/1438 724/894/1436
f 519/699/1437 518/698/1439 726/896/1440 725/895/1438
f 518/698/1439 517/697/1441 727/897/1442 726/896/1440
f 517/697/1441 516/696/1443 728/898/1444 727/897/1442
f 516/696/1443 515/382/1398 729/393/1445 728/898/1444
f 539/430/1060 538/718/1446 576/753/1447 575/383/1397
f 538/718/1446 537/717/1448 577/754/1449 576/753/1447
f 537/717/1448 536/716/1450 578/755/1451 577/754/1449
f 536/716/1450 535/715/1452 579/756/1453 578/755/1451
f 535/715/1452 534/714/1454 580/757/1455 579/756/1453
f 534/714/1454 533/713/1456 581/758/1457 580/757/1455
f 533/713/1456 532/712/1458 582/759/1459 581/758/1457
f 532/712/1458 531/711/1460 583/760/1461 582/759/1459
f 531/711/1460 530/710/1462 584/761/1463 583/760/1461
f 530/710/1462 529/709/1464 585/762/1465 584/761/1463
f 529/709/1464 528/708/1466 586/763/1467 585/762/1465
f 528/708/1466 527/384/1422 586/763/1467
f 563/449/1376 562/741/1468 910/1071/1469 909/386/1470
f 562/741/1468 561/740/1471 911/1072/1472 910/1071/1469
f 561/740/1471 560/739/1473 912/1073/1474 911/1072/1472
f 560/739/1473 559/738/1475 913/1074/1476 912/1073/1474
f 559/738/1475 558/737/1477 914/1075/1478 913/1074/1476
f 558/737/1477 557/736/1479 915/1076/1480 914/1075/1478
f 557/736/1479 556/735/1481 916/1077/1482 915/1076/1480
f 556/735/1481 555/734/1483 917/1078/1484 916/1077/1482
f 555/734/1483 554/733/1485 918/1079/1486 917/1078/1484
f 554/733/1485 553/732/1487 919/1080/1488 918/1079/1486
f 553/732/1487 552/731/1489 920/1081/1490 919/1080/1488
f 552/731/1489 598/435/1491 921/403/1492 920/1081/1490
f 598/435/1491 597/774/1493 707/876/1494 706/436/1495
f 597/774/1493 596/773/1496 708/877/1497 707/876/1494
f 596/773/1496 595/772/1498 709/878/1499 708/877/1497
f 595/772/1498 594/771/1500 710/879/1501 709/878/1499
f 594/771/1500 593/770/1502 711/880/1503 710/879/1501
f 593/770/1502 592/769/1504 712/881/1505 711/880/1503
f 592/769/1504 591/768/1506 713/882/1507 712/881/1505
f 591/768/1506 590/767/1508 714/883/1509 713/882/1507
f 590/767/1508 589/766/1510 715/884/1511 714/883/1509
f 589/766/1510 588/765/1512 716/885/1513 715/884/1511
f 588/765/1512 587/764/1514 717/886/1515 716/885/1513
f 587/764/1514 527/384/1422 717/886/1515
f 610/387/1516 609/785/1517 898/1060/1518 897/441/1519
f 609/785/1517 608/784/1520 899/1061/1521 898/1060/1518
f 608/784/1520 607/783/1522 900/1062/1523 899/1061/1521
f 607/783/1522 606/782/1524 901/1063/1525 900/1062/1523
f 606/782/1524 605/781/1526 902/1064/1527 901/1063/1525
f 605/781/1526 604/780/1528 903/1065/1529 902/1064/1527
f 604/780/1528 603/779/1530 904/1066/1531 903/1065/1529
f 603/779/1530 602/778/1532 905/1067/1533 904/1066/1531
f 602/778/1532 601/777/1534 906/1068/1535 905/1067/1533
f 601/777/1534 600/776/1536 907/1069/1537 906/1068/1535
f 600/776/1536 599/775/1538 908/1070/1539 907/1069/1537
f 599/775/1538 646/385/1373 909/386/1470 908/1070/1539
f 622/389/1540 621/796/1541 969/1127/1542 968/392/1543
f 621/796/1541 620/795/1544 970/1128/1545 969/1127/1542
f 620/795/1544 619/794/1546 971/1129/1547 970/1128/1545
f 619/794/1546 618/793/1548 972/1130/1549 971/1129/1547
f 618/793/1548 617/792/1550 973/1131/1551 972/1130/1549
f 617/792/1550 616/791/1552 974/1132/1553 973/1131/1551
f 616/791/1552 615/790/1554 975/1133/1555 974/1132/1553
f 615/790/1554 614/789/1556 976/1134/1557 975/1133/1555
f 614/789/1556 613/788/1558 977/1135/1559 976/1134/1557
f 613/788/1558 612/787/1560 978/1136/1561 977/1135/1559
f 612/787/1560 611/786/1562 979/1137/1563 978/1136/1561
f 611/786/1562 610/387/1516 980/405/1564 979/1137/1563
f 634/433/1351 633/807/1565 671/842/1566 670/388/1182
f 633/807/1565 632/806/1567 672/843/1568 671/842/1566
f 632/806/1567 631/805/1569 673/844/1570 672/843/1568
f 631/805/1569 630/804/1571 674/845/1572 673/844/1570
f 630/804/1571 629/803/1573 675/846/1574 674/845/1572
f 629/803/1573 628/802/1575 676/847/1576 675/846/1574
f 628/802/1575 627/801/1577 677/848/1578 676/847/1576
f 627/801/1577 626/800/1579 678/849/1580 677/848/1578
f 626/800/1579 625/799/1581 679/850/1582 678/849/1580
f 625/799/1581 624/798/1583 680/851/1584 679/850/1582
f 624/798/1583 623/797/1585 681/852/1586 680/851/1584
f 623/797/1585 622/389/1540 682/391/1587 681/852/1586
f 658/456/1160 657/830/1588 1041/1194/1589 1040/390/1254
f 657/830/1588 656/829/1590 1042/1195/1591 1041/1194/1589
f 656/829/1590 655/828/1592 1043/1196/1593 1042/1195/1591
f 655/828/1592 654/827/1594 1044/1197/1595 1043/1196/1593
f 654/827/1594 653/826/1596 1045/1198/1597 1044/1197/1595
f 653/826/1596 652/824/1598 1046/1200/1599 1045/1198/1597
f 652/825/1598 651/823/1600 1047/1201/1601 1046/1199/1599
f 651/823/1600 650/822/1602 1048/1202/1603 1047/1201/1601
f 650/822/1602 649/821/1604 1049/1203/1605 1048/1202/1603
f 649/821/1604 648/820/1606 1050/1204/1607 1049/1203/1605
f 648/820/1606 647/819/1608 1051/1205/1609 1050/1204/1607
f 647/819/1608 694/438/1610 1052/410/1611 1051/1205/1609
f 694/438/1610 693/864/1612 957/1115/1613 956/439/1614
f 693/864/1612 692/863/1615 958/1116/1616 957/1115/1613
f 692/863/1615 691/862/1617 959/1117/1618 958/1116/1616
f 691/862/1617 690/861/1619 960/1118/1620 959/1117/1618
f 690/861/1619 689/860/1621 961/1119/1622 960/1118/1620
f 689/860/1621 688/858/1623 962/1121/1624 961/1119/1622
f 688/859/1623 687/857/1625 963/1122/1626 962/1120/1624
f 687/857/1625 686/856/1627 964/1123/1628 963/1122/1626
f 686/856/1627 685/855/1629 965/1124/1630 964/1123/1628
f 685/855/1629 684/854/1631 966/1125/1632 965/1124/1630
f 684/854/1631 683/853/1633 967/1126/1634 966/1125/1632
f 683/853/1633 682/391/1587 968/392/1543 967/1126/1634
f 706/436/1495 705/875/1635 874/1038/1636 873/437/1637
f 705/875/1635 704/874/1638 875/1039/1639 874/1038/1636
f 704/874/1638 703/873/1640 876/1040/1641 875/1039/1639
f 703/873/1640 702/872/1642 877/1041/1643 876/1040/1641
f 702/872/1642 701/871/1644 878/1042/1645 877/1041/1643
f 701/871/1644 700/870/1646 879/1043/1647 878/1042/1645
f 700/870/1646 699/869/1648 880/1044/1649 879/1043/1647
f 699/869/1648 698/868/1650 881/1045/1651 880/1044/1649
f 698/868/1650 697/867/1652 882/1046/1653 881/1045/1651
f 697/867/1652 696/866/1654 883/1047/1655 882/1046/1653
f 696/866/1654 695/865/1656 884/1048/1657 883/1047/1655
f 695/865/1656 741/454/1658 885/400/1659 884/1048/1657
f 741/454/1658 740/910/1660 814/979/1661 813/455/1662
f 740/910/1660 739/909/1663 815/980/1664 814/979/1661
f 739/909/1663 738/908/1665 816/981/1666 815/980/1664
f 738/908/1665 737/907/1667 817/982/1668 816/981/1666
f 737/907/1667 736/906/1669 818/983/1670 817/982/1668
f 736/906/1669 735/904/1671 819/985/1672 818/983/1670
f 735/905/1671 734/903/1673 820/986/1674 819/984/1672
f 734/903/1673 733/902/1675 821/987/1676 820/986/1674
f 733/902/1675 732/901/1677 822/988/1678 821/987/1676
f 732/901/1677 731/900/1679 823/989/1680 822/988/1678
f 731/900/1679 730/899/1681 824/990/1682 823/989/1680
f 730/899/1681 729/393/1445 825/395/1683 824/990/1682
f 765/396/1684 764/932/1685 1361/1499/1686 1408/398/1687
f 764/932/1685 763/931/1688 1362/1500/1689 1361/1499/1686
f 763/931/1688 762/930/1690 1363/1501/1691 1362/1500/1689
f 762/930/1690 761/929/1692 1364/1502/1693 1363/1501/1691
f 761/929/1692 760/928/1694 1365/1503/1695 1364/1502/1693
f 760/928/1694 759/927/1696 1366/1504/1697 1365/1503/1695
f 759/927/1696 758/926/1698 1367/1505/1699 1366/1504/1697
f 758/926/1698 757/925/1700 1368/1506/1701 1367/1505/1699
f 757/925/1700 756/924/1702 1369/1507/1703 1368/1506/1701
f 756/924/1702 755/923/1704 1370/1508/1705 1369/1507/1703
f 755/923/1704 754/922/1706 1371/1509/1707 1370/1508/1705
f 754/922/1706 753/394/1325 1372/423/1708 1371/1509/1707
f 777/434/1401 776/944/1709 826/991/1710 825/395/1683
f 776/944/1709 775/943/1711 827/992/1712 826/991/1710
f 775/943/1711 774/942/1713 828/993/1714 827/992/1712
f 774/942/1713 773/941/1715 829/994/1716 828/993/1714
f 773/941/1715 772/940/1717 830/995/1718 829/994/1716
f 772/940/1717 771/938/1719 831/997/1720 830/995/1718
f 771/939/1719 770/937/1721 832/998/1722 831/996/1720
f 770/937/1721 769/936/1723 833/999/1724 832/998/1722
f 769/936/1723 768/935/1725 834/1000/1726 833/999/1724
f 768/935/1725 767/934/1727 835/1001/1728 834/1000/1726
f 767/934/1727 766/933/1729 836/1002/1730 835/1001/1728
f 766/933/1729 765/396/1684 837/397/1731 836/1002/1730
f 801/399/1732 800/966/1733 1397/1532/1734 1396/427/1735
f 800/966/1733 799/965/1736 1398/1533/1737 1397/1532/1734
f 799/965/1736 798/964/1738 1399/1534/1739 1398/1533/1737
f 798/964/1738 797/963/1740 1400/1535/1741 1399/1534/1739
f 797/963/1740 796/962/1742 1401/1536/1743 1400/1535/1741
f 796/962/1742 795/961/1744 1402/1537/1745 1401/1536/1743
f 795/961/1744 794/960/1746 1403/1538/1747 1402/1537/1745
f 794/960/1746 793/959/1748 1404/1539/1749 1403/1538/1747
f 793/959/1748 792/958/1750 1405/1540/1751 1404/1539/1749
f 792/958/1750 791/957/1752 1406/1541/1753 1405/1540/1751
f 791/957/1752 790/956/1754 1407/1542/1755 1406/1541/1753
f 790/956/1754 837/397/1731 1408/398/1687 1407/1542/1755
f 813/455/1662 812/978/1756 1124/1274/1757 1171/401/1758
f 812/978/1756 811/977/1759 1125/1275/1760 1124/1274/1757
f 811/977/1759 810/976/1761 1126/1276/1762 1125/1275/1760
f 810/976/1761 809/975/1763 1127/1277/1764 1126/1276/1762
f 809/975/1763 808/974/1765 1128/1278/1766 1127/1277/1764
f 808/974/1765 807/972/1767 1129/1280/1768 1128/1278/1766
f 807/973/1767 806/971/1769 1130/1281/1770 1129/1279/1768
f 806/971/1769 805/970/1771 1131/1282/1772 1130/1281/1770
f 805/970/1771 804/969/1773 1132/1283/1774 1131/1282/1772
f 804/969/1773 803/968/1775 1133/1284/1776 1132/1283/1774
f 803/968/1775 802/967/1777 1134/1285/1778 1133/1284/1776
f 802/967/1777 801/399/1732 1135/416/1779 1134/1285/1778
f 849/402/1780 848/1014/1781 1160/1309/1782 1159/442/1783
f 848/1014/1781 847/1013/1784 1161/1310/1785 1160/1309/1782
f 847/1013/1784 846/1012/1786 1162/1311/1787 1161/1310/1785
f 846/1012/1786 845/1011/1788 1163/1312/1789 1162/1311/1787
f 845/1011/1788 844/1010/1790 1164/1313/1791 1163/1312/1789
f 844/1010/1790 843/1008/1792 1165/1315/1793 1164/1313/1791
f 843/1009/1792 842/1007/1794 1166/1316/1795 1165/1314/1793
f 842/1007/1794 841/1006/1796 1167/1317/1797 1166/1316/1795
f 841/1006/1796 840/1005/1798 1168/1318/1799 1167/1317/1797
f 840/1005/1798 839/1004/1800 1169/1319/1801 1168/1318/1799
f 839/1004/1800 838/1003/1802 1170/1320/1803 1169/1319/1801
f 838/1003/1802 885/400/1659 1171/401/1758 1170/1320/1803
f 861/404/1804 860/1026/1805 1112/1262/1806
f 860/1026/1805 859/1025/1807 1113/1263/1808 1112/1262/1806
f 859/1025/1807 858/1024/1809 1114/1264/1810 1113/1263/1808
f 858/1024/1809 857/1023/1811 1115/1265/1812 1114/1264/1810
f 857/1023/1811 856/1022/1813 1116/1266/1814 1115/1265/1812
f 856/1022/1813 855/1020/1815 1117/1268/1816 1116/1266/1814
f 855/1021/1815 854/1019/1817 1118/1269/1818 1117/1267/1816
f 854/1019/1817 853/1018/1819 1119/1270/1820 1118/1269/1818
f 853/1018/1819 852/1017/1821 1120/1271/1822 1119/1270/1820
f 852/1017/1821 851/1016/1823 1121/1272/1824 1120/1271/1822
f 851/1016/1823 850/1015/1825 1122/1273/1826 1121/1272/1824
f 850/1015/1825 849/402/1780 1123/415/1827 1122/1273/1826
f 873/437/1637 872/1037/1828 922/1082/1829 921/403/1492
f 872/1037/1828 871/1036/1830 923/1083/1831 922/1082/1829
f 871/1036/1830 870/1035/1832 924/1084/1833 923/1083/1831
f 870/1035/1832 869/1034/1834 925/1085/1835 924/1084/1833
f 869/1034/1834 868/1033/1836 926/1086/1837 925/1085/1835
f 868/1033/1836 867/1032/1838 927/1087/1839 926/1086/1837
f 867/1032/1838 866/1031/1840 928/1088/1841 927/1087/1839
f 866/1031/1840 865/1030/1842 929/1089/1843 928/1088/1841
f 865/1030/1842 864/1029/1844 930/1090/1845 929/1089/1843
f 864/1029/1844 863/1028/1846 931/1091/1847 930/1090/1845
f 863/1028/1846 862/1027/1848 932/1092/1849 931/1091/1847
f 862/1027/1848 861/404/1804 932/1092/1849
f 897/441/1519 896/1059/1850 1101/1251/1851 1100/406/1852
f 896/1059/1850 895/1058/1853 1102/1252/1854 1101/1251/1851
f 895/1058/1853 894/1057/1855 1103/1253/1856 1102/1252/1854
f 894/1057/1855 893/1056/1857 1104/1254/1858 1103/1253/1856
f 893/1056/1857 892/1055/1859 1105/1255/1860 1104/1254/1858
f 892/1055/1859 891/1054/1861 1106/1256/1862 1105/1255/1860
f 891/1054/1861 890/1053/1863 1107/1257/1864 1106/1256/1862
f 890/1053/1863 889/1052/1865 1108/1258/1866 1107/1257/1864
f 889/1052/1865 888/1051/1867 1109/1259/1868 1108/1258/1866
f 888/1051/1867 887/1050/1869 1110/1260/1870 1109/1259/1868
f 887/1050/1869 886/1049/1871 1111/1261/1872 1110/1260/1870
f 886/1049/1871 861/404/1804 1111/1261/1872
f 944/407/1873 943/1103/1874 1089/1240/1875 1088/450/1876
f 943/1103/1874 942/1102/1877 1090/1241/1878 1089/1240/1875
f 942/1102/1877 941/1101/1879 1091/1242/1880 1090/1241/1878
f 941/1101/1879 940/1100/1881 1092/1243/1882 1091/1242/1880
f 940/1100/1881 939/1099/1883 1093/1244/1884 1092/1243/1882
f 939/1099/1883 938/1098/1885 1094/1245/1886 1093/1244/1884
f 938/1098/1885 937/1097/1887 1095/1246/1888 1094/1245/1886
f 937/1097/1887 936/1096/1889 1096/1247/1890 1095/1246/1888
f 936/1096/1889 935/1095/1891 1097/1248/1892 1096/1247/1890
f 935/1095/1891 934/1094/1893 1098/1249/1894 1097/1248/1892
f 934/1094/1893 933/1093/1895 1099/1250/1896 1098/1249/1894
f 933/1093/1895 980/405/1564 1100/406/1852 1099/1250/1896
f 956/439/1614 955/1114/1897 1017/1171/1898 1016/440/1899
f 955/1114/1897 954/1113/1900 1018/1172/1901 1017/1171/1898
f 954/1113/1900 953/1112/1902 1019/1173/1903 1018/1172/1901
f 953/1112/1902 952/1111/1904 1020/1174/1905 1019/1173/1903
f 952/1111/1904 951/1110/1906 1021/1175/1907 1020/1174/1905
f 951/1110/1906 950/1109/1908 1022/1176/1909 1021/1175/1907
f 950/1109/1908 949/1108/1910 1023/1177/1911 1022/1176/1909
f 949/1108/1910 948/1107/1912 1024/1178/1913 1023/1177/1911
f 948/1107/1912 947/1106/1914 1025/1179/1915 1024/1178/1913
f 947/1106/1914 946/1105/1916 1026/1180/1917 1025/1179/1915
f 946/1105/1916 945/1104/1918 1027/1181/1919 1026/1180/1917
f 945/1104/1918 944/407/1873 1028/408/1920 1027/1181/1919
f 992/409/1921 991/1148/1922 1184/1332/1923 1183/445/1924
f 991/1148/1922 990/1147/1925 1185/1333/1926 1184/1332/1923
f 990/1147/1925 989/1146/1927 1186/1334/1928 1185/1333/1926
f 989/1146/1927 988/1145/1929 1187/1335/1930 1186/1334/1928
f 988/1145/1929 987/1144/1931 1188/1336/1932 1187/1335/1930
f 987/1144/1931 986/1143/1933 1189/1337/1934 1188/1336/1932
f 986/1143/1933 985/1142/1935 1190/1338/1936 1189/1337/1934
f 985/1142/1935 984/1141/1937 1191/1339/1938 1190/1338/1936
f 984/1141/1937 983/1140/1939 1192/1340/1940 1191/1339/1938
f 983/1140/1939 982/1139/1941 1193/1341/1942 1192/1340/1940
f 982/1139/1941 981/1138/1943 1194/1342/1944 1193/1341/1942
f 981/1138/1943 1028/408/1920 1195/414/1945 1194/1342/1944
f 1004/411/1946 1003/1159/1947 1255/1399/1948 1254/413/1949
f 1003/1159/1947 1002/1158/1950 1256/1400/1951 1255/1399/1948
f 1002/1158/1950 1001/1157/1952 1257/1401/1953 1256/1400/1951
f 1001/1157/1952 1000/1156/1954 1258/1402/1955 1257/1401/1953
f 1000/1156/1954 999/1155/1956 1259/1403/1957 1258/1402/1955
f 999/1155/1956 998/1154/1958 1260/1404/1959 1259/1403/1957
f 998/1154/1958 997/1153/1960 1261/1405/1961 1260/1404/1959
f 997/1153/1960 996/1152/1962 1262/1406/1963 1261/1405/1961
f 996/1152/1962 995/1151/1964 1263/1407/1965 1262/1406/1963
f 995/1151/1964 994/1150/1966 1264/1408/1967 1263/1407/1965
f 994/1150/1966 993/1149/1968 1265/1409/1969 1264/1408/1967
f 993/1149/1968 992/409/1921 1266/419/1970 1265/1409/1969
f 1016/440/1899 1015/1170/1971 1053/1206/1972 1052/410/1611
f 1015/1170/1971 1014/1169/1973 1054/1207/1974 1053/1206/1972
f 1014/1169/1973 1013/1168/1975 1055/1208/1976 1054/1207/1974
f 1013/1168/1975 1012/1167/1977 1056/1209/1978 1055/1208/1976
f 1012/1167/1977 1011/1166/1979 1057/1210/1980 1056/1209/1978
f 1011/1166/1979 1010/1165/1981 1058/1211/1982 1057/1210/1980
f 1010/1165/1981 1009/1164/1983 1059/1212/1984 1058/1211/1982
f 1009/1164/1983 1008/1163/1985 1060/1213/1986 1059/1212/1984
f 1008/1163/1985 1007/1162/1987 1061/1214/1988 1060/1213/1986
f 1007/1162/1987 1006/1161/1989 1062/1215/1990 1061/1214/1988
f 1006/1161/1989 1005/1160/1991 1063/1216/1992 1062/1215/1990
f 1005/1160/1991 1004/411/1946 1064/412/1993 1063/1216/1992
f 1076/443/1233 1075/1228/1994 1243/1387/1995 1242/444/1996
f 1075/1228/1994 1074/1227/1997 1244/1388/1998 1243/1387/1995
f 1074/1227/1997 1073/1226/1999 1245/1389/2000 1244/1388/1998
f 1073/1226/1999 1072/1225/2001 1246/1390/2002 1245/1389/2000
f 1072/1225/2001 1071/1224/2003 1247/1391/2004 1246/1390/2002
f 1071/1224/2003 1070/1222/2005 1248/1393/2006 1247/1391/2004
f 1070/1223/2005 1069/1221/2007 1249/1394/2008 1248/1392/2006
f 1069/1221/2007 1068/1220/2009 1250/1395/2010 1249/1394/2008
f 1068/1220/2009 1067/1219/2011 1251/1396/2012 1250/1395/2010
f 1067/1219/2011 1066/1218/2013 1252/1397/2014 1251/1396/2012
f 1066/1218/2013 1065/1217/2015 1253/1398/2016 1252/1397/2014
f 1065/1217/2015 1064/412/1993 1254/413/1949 1253/1398/2016
f 1088/450/1876 1087/1239/2017 1196/1343/2018 1195/414/1945
f 1087/1239/2017 1086/1238/2019 1197/1344/2020 1196/1343/2018
f 1086/1238/2019 1085/1237/2021 1198/1345/2022 1197/1344/2020
f 1085/1237/2021 1084/1236/2023 1199/1346/2024 1198/1345/2022
f 1084/1236/2023 1083/1235/2025 1200/1347/2026 1199/1346/2024
f 1083/1235/2025 1082/1234/2027 1201/1348/2028 1200/1347/2026
f 1082/1234/2027 1081/1233/2029 1202/1349/2030 1201/1348/2028
f 1081/1233/2029 1080/1232/2031 1203/1350/2032 1202/1349/2030
f 1080/1232/2031 1079/1231/2033 1204/1351/2034 1203/1350/2032
f 1079/1231/2033 1078/1230/2035 1205/1352/2036 1204/1351/2034
f 1078/1230/2035 1077/1229/2037 1206/1353/2038 1205/1352/2036
f 1077/1229/2037 1123/415/1827 1207/417/2039 1206/1353/2038
f 1147/418/2040 1146/1297/2041 1349/1487/2042
f 1146/1297/2041 1145/1296/2043 1350/1488/2044 1349/1487/2042
f 1145/1296/2043 1144/1295/2045 1351/1489/2046 1350/1488/2044
f 1144/1295/2045 1143/1294/2047 1352/1490/2048 1351/1489/2046
f 1143/1294/2047 1142/1293/2049 1353/1491/2050 1352/1490/2048
f 1142/1293/2049 1141/1291/2051 1354/1493/2052 1353/1491/2050
f 1141/1292/2051 1140/1290/2053 1355/1494/2054 1354/1492/2052
f 1140/1290/2053 1139/1289/2055 1356/1495/2056 1355/1494/2054
f 1139/1289/2055 1138/1288/2057 1357/1496/2058 1356/1495/2056
f 1138/1288/2057 1137/1287/2059 1358/1497/2060 1357/1496/2058
f 1137/1287/2059 1136/1286/2061 1359/1498/2062 1358/1497/2060
f 1136/1286/2061 1135/416/1779 1360/426/2063 1359/1498/2062
f 1159/442/1783 1158/1308/2064 1208/1354/2065 1207/417/2039
f 1158/1308/2064 1157/1307/2066 1209/1355/2067 1208/1354/2065
f 1157/1307/2066 1156/1306/2068 1210/1356/2069 1209/1355/2067
f 1156/1306/2068 1155/1305/2070 1211/1357/2071 1210/1356/2069
f 1155/1305/2070 1154/1304/2072 1212/1358/2073 1211/1357/2071
f 1154/1304/2072 1153/1303/2074 1213/1359/2075 1212/1358/2073
f 1153/1303/2074 1152/1302/2076 1214/1360/2077 1213/1359/2075
f 1152/1302/2076 1151/1301/2078 1215/1361/2079 1214/1360/2077
f 1151/1301/2078 1150/1300/2080 1216/1362/2081 1215/1361/2079
f 1150/1300/2080 1149/1299/2082 1217/1363/2083 1216/1362/2081
f 1149/1299/2082 1148/1298/2084 1218/1364/2085 1217/1363/2083
f 1148/1298/2084 1147/418/2040 1218/1364/2085
f 1183/445/1924 1182/1331/2086 1338/1476/2087 1337/420/2088
f 1182/1331/2086 1181/1330/2089 1339/1477/2090 1338/1476/2087
f 1181/1330/2089 1180/1329/2091 1340/1478/2092 1339/1477/2090
f 1180/1329/2091 1179/1328/2093 1341/1479/2094 1340/1478/2092
f 1179/1328/2093 1178/1327/2095 1342/1480/2096 1341/1479/2094
f 1178/1327/2095 1177/1326/2097 1343/1481/2098 1342/1480/2096
f 1177/1326/2097 1176/1325/2099 1344/1482/2100 1343/1481/2098
f 1176/1325/2099 1175/1324/2101 1345/1483/2102 1344/1482/2100
f 1175/1324/2101 1174/1323/2103 1346/1484/2104 1345/1483/2102
f 1174/1323/2103 1173/1322/2105 1347/1485/2106 1346/1484/2104
f 1173/1322/2105 1172/1321/2107 1348/1486/2108 1347/1485/2106
f 1172/1321/2107 1147/418/2040 1348/1486/2108
f 1230/422/2109 1229/1375/2110 1326/1465/2111 1325/451/2112
f 1229/1375/2110 1228/1374/2113 1327/1466/2114 1326/1465/2111
f 1228/1374/2113 1227/1373/2115 1328/1467/2116 1327/1466/2114
f 1227/1373/2115 1226/1372/2117 1329/1468/2118 1328/1467/2116
f 1226/1372/2117 1225/1371/2119 1330/1469/2120 1329/1468/2118
f 1225/1371/2119 1224/1370/2121 1331/1470/2122 1330/1469/2120
f 1224/1370/2121 1223/1369/2123 1332/1471/2124 1331/1470/2122
f 1223/1369/2123 1222/1368/2125 1333/1472/2126 1332/1471/2124
f 1222/1368/2125 1221/1367/2127 1334/1473/2128 1333/1472/2126
f 1221/1367/2127 1220/1366/2129 1335/1474/2130 1334/1473/2128
f 1220/1366/2129 1219/1365/2131 1336/1475/2132 1335/1474/2130
f 1219/1365/2131 1266/419/1970 1337/420/2088 1336/1475/2132
f 1242/444/1996 1241/1386/2133 1302/1443/2134 1301/421/1278
f 1241/1386/2133 1240/1385/2135 1303/1444/2136 1302/1443/2134
f 1240/1385/2135 1239/1384/2137 1304/1445/2138 1303/1444/2136
f 1239/1384/2137 1238/1383/2139 1305/1446/2140 1304/1445/2138
f 1238/1383/2139 1237/1382/2141 1306/1447/2142 1305/1446/2140
f 1237/1382/2141 1236/1381/2143 1307/1448/2144 1306/1447/2142
f 1236/1381/2143 1235/1380/2145 1308/1449/2146 1307/1448/2144
f 1235/1380/2145 1234/1379/2147 1309/1450/2148 1308/1449/2146
f 1234/1379/2147 1233/1378/2149 1310/1451/2150 1309/1450/2148
f 1233/1378/2149 1232/1377/2151 1311/1452/2152 1310/1451/2150
f 1232/1377/2151 1231/1376/2153 1312/1453/2154 1311/1452/2152
f 1231/1376/2153 1230/422/2109 1313/424/2155 1312/1453/2154
f 1278/447/1328 1277/1420/2156 1373/1510/2157 1372/423/1708
f 1277/1420/2156 1276/1419/2158 1374/1511/2159 1373/1510/2157
f 1276/1419/2158 1275/1418/2160 1375/1512/2161 1374/1511/2159
f 1275/1418/2160 1274/1417/2162 1376/1513/2163 1375/1512/2161
f 1274/1417/2162 1273/1416/2164 1377/1514/2165 1376/1513/2163
f 1273/1416/2164 1272/1415/2166 1378/1515/2167 1377/1514/2165
f 1272/1415/2166 1271/1414/2168 1379/1516/2169 1378/1515/2167
f 1271/1414/2168 1270/1413/2170 1380/1517/2171 1379/1516/2169
f 1270/1413/2170 1269/1412/2172 1381/1518/2173 1380/1517/2171
f 1269/1412/2172 1268/1411/2174 1382/1519/2175 1381/1518/2173
f 1268/1411/2174 1267/1410/2176 1383/1520/2177 1382/1519/2175
f 1267/1410/2176 1313/424/2155 1384/425/2178 1383/1520/2177
f 1325/451/2112 1324/1464/2179 1385/1521/2180 1384/425/2178
f 1324/1464/2179 1323/1463/2181 1386/1522/2182 1385/1521/2180
f 1323/1463/2181 1322/1462/2183 1387/1523/2184 1386/1522/2182
f 1322/1462/2183 1321/1461/2185 1388/1524/2186 1387/1523/2184
f 1321/1461/2185 1320/1460/2187 1389/1525/2188 1388/1524/2186
f 1320/1460/2187 1319/1459/2189 1390/1526/2190 1389/1525/2188
f 1319/1459/2189 1318/1458/2191 1391/1527/2192 1390/1526/2190
f 1318/1458/2191 1317/1457/2193 1392/1528/2194 1391/1527/2192
f 1317/1457/2193 1316/1456/2195 1393/1529/2196 1392/1528/2194
f 1316/1456/2195 1315/1455/2197 1394/1530/2198 1393/1529/2196
f 1315/1455/2197 1314/1454/2199 1395/1531/2200 1394/1530/2198
f 1314/1454/2199 1360/426/2063 1396/427/1735 1395/1531/2200
f 300/371/1108 336/428/1111 396/429/1185 432/377/1156
f 491/379/1107 276/369/1057 539/430/1060 575/383/1397
f 360/431/1181 467/432/1209 634/433/1351 670/388/1182
f 729/393/1445 515/382/1398 777/434/1401 825/395/1683
f 598/435/1491 706/436/1495 873/437/1637 921/403/1492
f 694/438/1610 956/439/1614 1016/440/1899 1052/410/1611
f 980/405/1564 610/387/1516 897/441/1519 1100/406/1852
f 1123/415/1827 849/402/1780 1159/442/1783 1207/417/2039
f 1076/443/1233 1242/444/1996 1301/421/1278 372/376/1230
f 1266/419/1970 992/409/1921 1183/445/1924 1337/420/2088
f 1360/426/2063 1135/416/1779 801/399/1732 1396/427/1735
f 455/446/1324 1278/447/1328 1372/423/1708 753/394/1325
f 503/448/1372 563/449/1376 909/386/1470 646/385/1373
f 944/407/1873 1088/450/1876 1195/414/1945 1028/408/1920
f 1230/422/2109 1325/451/2112 1384/425/2178 1313/424/2155
f 420/452/1135 789/381/1303 551/380/1082 312/453/1081
f 741/454/1658 813/455/1662 1171/401/1758 885/400/1659
f 408/375/1206 324/372/1157 658/456/1160 1040/390/1254
f 288/370/1083 479/374/1086 348/373/1132
f 682/391/1587 622/389/1540 968/392/1543
f 1064/412/1993 1004/411/1946 1254/413/1949
f 765/396/1684 1408/398/1687 837/397/1731
f 311/502/1133 312/453/1081 265/457/1079 1409/1543/2201
f 1409/1543/2201 265/457/1079 266/458/1077 1410/1544/2202
f 1410/1544/2202 266/458/1077 267/459/1075 1411/1545/2203
f 1411/1545/2203 267/459/1075 268/460/1073 1412/1546/2204
f 1412/1546/2204 268/460/1073 269/461/1071 1413/1547/2205
f 1413/1547/2205 269/461/1071 270/463/1069 1414/1549/2206
f 1414/1548/2206 270/462/1069 271/464/1067 1415/1550/2207
f 1415/1550/2207 271/464/1067 272/465/1065 1416/1551/2208
f 1416/1551/2208 272/465/1065 273/466/1063 1417/1552/2209
f 1417/1552/2209 273/466/1063 274/467/1061 1418/1553/2210
f 1418/1553/2210 274/467/1061 275/468/1058 1419/1554/2211
f 275/468/1058 276/369/1057 277/469/1105 1419/1554/2211
f 1419/1554/2211 277/469/1105 278/470/1103 1420/1555/2212
f 1420/1555/2212 278/470/1103 279/471/1101 1421/1556/2213
f 1421/1556/2213 279/471/1101 280/472/1099 1422/1557/2214
f 1422/1557/2214 280/472/1099 281/473/1097 1423/1558/2215
f 1423/1558/2215 281/473/1097 282/474/1095 1424/1559/2216
f 1424/1559/2216 282/474/1095 283/475/1093 1425/1560/2217
f 1425/1560/2217 283/475/1093 284/476/1091 1426/1561/2218
f 1426/1561/2218 284/476/1091 285/477/1089 1427/1562/2219
f 1427/1562/2219 285/477/1089 286/478/1087 1428/1563/2220
f 1428/1563/2220 286/478/1087 287/479/1084 1429/1564/2221
f 287/479/1084 288/370/1083 289/480/1130 1429/1564/2221
f 1429/1564/2221 289/480/1130 290/481/1128 1430/1565/2222
f 1430/1565/2222 290/481/1128 291/482/1126 1431/1566/2223
f 1431/1566/2223 291/482/1126 292/483/1124 1432/1567/2224
f 1432/1567/2224 292/483/1124 293/484/1122 1433/1568/2225
f 1433/1568/2225 293/484/1122 294/486/1120 1434/1570/2226
f 1434/1569/2226 294/485/1120 295/487/1118 1435/1571/2227
f 1435/1571/2227 295/487/1118 296/488/1116 1436/1572/2228
f 1436/1572/2228 296/488/1116 297/489/1114 1437/1573/2229
f 1437/1573/2229 297/489/1114 298/490/1112 1438/1574/2230
f 1438/1574/2230 298/490/1112 299/491/1109 1439/1575/2231
f 299/491/1109 300/371/1108 301/492/1154 1439/1575/2231
f 1439/1575/2231 301/492/1154 302/493/1152 1440/1576/2232
f 1440/1576/2232 302/493/1152 303/494/1150 1441/1577/2233
f 1441/1577/2233 303/494/1150 304/495/1148 1442/1578/2234
f 1442/1578/2234 304/495/1148 305/496/1146 1443/1579/2235
f 1443/1579/2235 305/496/1146 306/497/1144 1444/1580/2236
f 1444/1580/2236 306/497/1144 307/498/1142 1445/1581/2237
f 1445/1581/2237 307/498/1142 308/499/1140 1446/1582/2238
f 1446/1582/2238 308/499/1140 309/500/1138 1447/1583/2239
f 1447/1583/2239 309/500/1138 310/501/1136 1448/1584/2240
f 1448/1584/2240 310/501/1136 311/502/1133 1409/1543/2201
f 1448/1584/2240 1409/1543/2201 1410/1544/2202 1449/1585/2241
f 1449/1585/2241 1410/1544/2202 1411/1545/2203 1450/1586/2242
f 1450/1586/2242 1411/1545/2203 1412/1546/2204 1451/1587/2243
f 1451/1587/2243 1412/1546/2204 1413/1547/2205 1452/1588/2244
f 1452/1588/2244 1413/1547/2205 1414/1549/2206 1453/1590/2245
f 1453/1589/2245 1414/1548/2206 1415/1550/2207 1454/1591/2246
f 1454/1591/2246 1415/1550/2207 1416/1551/2208 1455/1592/2247
f 1455/1592/2247 1416/1551/2208 1417/1552/2209 1456/1593/2248
f 1456/1593/2248 1417/1552/2209 1418/1553/2210 1457/1594/2249
f 1418/1553/2210 1419/1554/2211 1420/1555/2212 1457/1594/2249
f 1457/1594/2249 1420/1555/2212 1421/1556/2213 1458/1595/2250
f 1458/1595/2250 1421/1556/2213 1422/1557/2214 1459/1596/2251
f 1459/1596/2251 1422/1557/2214 1423/1558/2215 1460/1597/2252
f 1460/1597/2252 1423/1558/2215 1424/1559/2216 1461/1598/2253
f 1461/1598/2253 1424/1559/2216 1425/1560/2217 1462/1599/2254
f 1462/1599/2254 1425/1560/2217 1426/1561/2218 1463/1600/2255
f 1463/1600/2255 1426/1561/2218 1427/1562/2219 1464/1601/2256
f 1464/1601/2256 1427/1562/2219 1428/1563/2220 1465/1602/2257
f 1428/1563/2220 1429/1564/2221 1430/1565/2222 1465/1602/2257
f 1465/1602/2257 1430/1565/2222 1431/1566/2223 1466/1603/2258
f 1466/1603/2258 1431/1566/2223 1432/1567/2224 1467/1604/2259
f 1467/1604/2259 1432/1567/2224 1433/1568/2225 1468/1605/2260
f 1468/1605/2260 1433/1568/2225 1434/1570/2226 1469/1607/2261
f 1469/1606/2261 1434/1569/2226 1435/1571/2227 1470/1608/2262
f 1470/1608/2262 1435/1571/2227 1436/1572/2228 1471/1609/2263
f 1471/1609/2263 1436/1572/2228 1437/1573/2229 1472/1610/2264
f 1472/1610/2264 1437/1573/2229 1438/1574/2230 1473/1611/2265
f 1438/1574/2230 1439/1575/2231 1440/1576/2232 1473/1611/2265
f 1473/1611/2265 1440/1576/2232 1441/1577/2233 1474/1612/2266
f 1474/1612/2266 1441/1577/2233 1442/1578/2234 1475/1613/2267
f 1475/1613/2267 1442/1578/2234 1443/1579/2235 1476/1614/2268
f 1476/1614/2268 1443/1579/2235 1444/1580/2236 1477/1615/2269
f 1477/1615/2269 1444/1580/2236 1445/1581/2237 1478/1616/2270
f 1478/1616/2270 1445/1581/2237 1446/1582/2238 1479/1617/2271
f 1479/1617/2271 1446/1582/2238 1447/1583/2239 1480/1618/2272
f 1480/1618/2272 1447/1583/2239 1448/1584/2240 1449/1585/2241
f 1480/1618/2272 1449/1585/2241 1450/1586/2242 1481/1619/2273
f 1481/1619/2273 1450/1586/2242 1451/1587/2243 1482/1620/2274
f 1482/1620/2274 1451/1587/2243 1452/1588/2244 1483/1621/2275
f 1483/1621/2275 1452/1588/2244 1453/1590/2245 1484/1623/2276
f 1484/1622/2276 1453/1589/2245 1454/1591/2246 1485/1624/2277
f 1485/1624/2277 1454/1591/2246 1455/1592/2247 1486/1625/2278
f 1486/1625/2278 1455/1592/2247 1456/1593/2248 1487/1626/2279
f 1456/1593/2248 1457/1594/2249 1458/1595/2250 1487/1626/2279
f 1487/1626/2279 1458/1595/2250 1459/1596/2251 1488/1627/2280
f 1488/1627/2280 1459/1596/2251 1460/1597/2252 1489/1628/2281
f 1489/1628/2281 1460/1597/2252 1461/1598/2253 1490/1629/2282
f 1490/1629/2282 1461/1598/2253 1462/1599/2254 1491/1630/2283
f 1491/1630/2283 1462/1599/2254 1463/1600/2255 1492/1631/2284
f 1492/1631/2284 1463/1600/2255 1464/1601/2256 1493/1632/2285
f 1464/1601/2256 1465/1602/2257 1466/1603/2258 1493/1632/2285
f 1493/1632/2285 1466/1603/2258 1467/1604/2259 1494/1633/2286
f 1494/1633/2286 1467/1604/2259 1468/1605/2260 1495/1634/2287
f 1495/1634/2287 1468/1605/2260 1469/1607/2261 1496/1636/2288
f 1496/1635/2288 1469/1606/2261 1470/1608/2262 1497/1637/2289
f 1497/1637/2289 1470/1608/2262 1471/1609/2263 1498/1638/2290
f 1498/1638/2290 1471/1609/2263 1472/1610/2264 1499/1639/2291
f 1472/1610/2264 1473/1611/2265 1474/1612/2266 1499/1639/2291
f 1499/1639/2291 1474/1612/2266 1475/1613/2267 1500/1640/2292
f 1500/1640/2292 1475/1613/2267 1476/1614/2268 1501/1641/2293
f 1501/1641/2293 1476/1614/2268 1477/1615/2269 1502/1642/2294
f 1502/1642/2294 1477/1615/2269 1478/1616/2270 1503/1643/2295
f 1503/1643/2295 1478/1616/2270 1479/1617/2271 1504/1644/2296
f 1504/1644/2296 1479/1617/2271 1480/1618/2272 1481/1619/2273
f 1504/1644/2296 1481/1619/2273 1482/1620/2274 1505/1645/2297
f 1505/1645/2297 1482/1620/2274 1483/1621/2275 1506/1646/2298
f 1506/1646/2298 1483/1621/2275 1484/1623/2276 1507/1648/2299
f 1507/1647/2299 1484/1622/2276 1485/1624/2277 1508/1649/2300
f 1508/1649/2300 1485/1624/2277 1486/1625/2278 1509/1650/2301
f 1486/1625/2278 1487/1626/2279 1488/1627/2280 1509/1650/2301
f 1509/1650/2301 1488/1627/2280 1489/1628/2281 1510/1651/2302
f 1510/1651/2302 1489/1628/2281 1490/1629/2282 1511/1652/2303
f 1511/1652/2303 1490/1629/2282 1491/1630/2283 1512/1653/2304
f 1512/1653/2304 1491/1630/2283 1492/1631/2284 1513/1654/2305
f 1492/1631/2284 1493/1632/2285 1494/1633/2286 1513/1654/2305
f 1513/1654/2305 1494/1633/2286 1495/1634/2287 1514/1655/2306
f 1514/1655/2306 1495/1634/2287 1496/1636/2288 1515/1657/2307
f 1515/1656/2307 1496/1635/2288 1497/1637/2289 1516/1658/2308
f 1516/1658/2308 1497/1637/2289 1498/1638/2290 1517/1659/2309
f 1498/1638/2290 1499/1639/2291 1500/1640/2292 1517/1659/2309
f 1517/1659/2309 1500/1640/2292 1501/1641/2293 1518/1660/2310
f 1518/1660/2310 1501/1641/2293 1502/1642/2294 1519/1661/2311
f 1519/1661/2311 1502/1642/2294 1503/1643/2295 1520/1662/2312
f 1520/1662/2312 1503/1643/2295 1504/1644/2296 1505/1645/2297
f 1520/1662/2312 1505/1645/2297 1506/1646/2298 1521/1663/2313
f 1521/1663/2313 1506/1646/2298 1507/1648/2299 1522/1665/2314
f 1522/1664/2314 1507/1647/2299 1508/1649/2300 1523/1666/2315
f 1508/1649/2300 1509/1650/2301 1510/1651/2302 1523/1666/2315
f 1523/1666/2315 1510/1651/2302 1511/1652/2303 1524/1667/2316
f 1524/1667/2316 1511/1652/2303 1512/1653/2304 1525/1668/2317
f 1512/1653/2304 1513/1654/2305 1514/1655/2306 1525/1668/2317
f 1525/1668/2317 1514/1655/2306 1515/1657/2307 1526/1670/2318
f 1526/1669/2318 1515/1656/2307 1516/1658/2308 1527/1671/2319
f 1516/1658/2308 1517/1659/2309 1518/1660/2310 1527/1671/2319
f 1527/1671/2319 1518/1660/2310 1519/1661/2311 1528/1672/2320
f 1528/1672/2320 1519/1661/2311 1520/1662/2312 1521/1663/2313
f 1528/1672/2320 1521/1663/2313 1522/1665/2314 1529/1674/2321
f 1522/1664/2314 1523/1666/2315 1524/1667/2316 1529/1673/2321
f 1524/1667/2316 1525/1668/2317 1526/1670/2318 1529/1673/2321
f 1526/1669/2318 1527/1671/2319 1528/1672/2320 1529/1674/2321
f 359/548/1207 360/431/1181 313/503/1179 1530/1675/2322
f 1530/1675/2322 313/503/1179 314/504/1177 1531/1676/2323
f 1531/1676/2323 314/504/1177 315/505/1175 1532/1677/2324
f 1532/1677/2324 315/505/1175 316/506/1173 1533/1678/2325
f 1533/1678/2325 316/506/1173 317/507/1171 1534/1679/2326
f 1534/1679/2326 317/507/1171 318/508/1169 1535/1680/2327
f 1535/1680/2327 318/508/1169 319/509/1167 1536/1681/2328
f 1536/1681/2328 319/509/1167 320/510/1165 1537/1682/2329
f 1537/1682/2329 320/510/1165 321/511/1163 1538/1683/2330
f 1538/1683/2330 321/511/1163 322/512/1161 1539/1684/2331
f 1539/1684/2331 322/512/1161 323/513/1158 1540/1685/2332
f 323/513/1158 324/372/1157 325/514/1204 1540/1685/2332
f 1540/1685/2332 325/514/1204 326/515/1202 1541/1686/2333
f 1541/1686/2333 326/515/1202 327/516/1200 1542/1687/2334
f 1542/1687/2334 327/516/1200 328/517/1198 1543/1688/2335
f 1543/1688/2335 328/517/1198 329/518/1196 1544/1689/2336
f 1544/1689/2336 329/518/1196 330/520/1194 1545/1691/2337
f 1545/1690/2337 330/519/1194 331/521/1192 1546/1692/2338
f 1546/1692/2338 331/521/1192 332/522/1190 1547/1693/2339
f 1547/1693/2339 332/522/1190 333/523/1188 1548/1694/2340
f 1548/1694/2340 333/523/1188 334/524/1186 1549/1695/2341
f 1549/1695/2341 334/524/1186 335/525/1183 1550/1696/2342
f 335/525/1183 336/428/1111 337/526/1110 1550/1696/2342
f 1550/1696/2342 337/526/1110 338/527/1113 1551/1697/2343
f 1551/1697/2343 338/527/1113 339/528/1115 1552/1698/2344
f 1552/1698/2344 339/528/1115 340/529/1117 1553/1699/2345
f 1553/1699/2345 340/529/1117 341/530/1119 1554/1700/2346
f 1554/1700/2346 341/530/1119 342/532/1121 1555/1702/2347
f 1555/1701/2347 342/531/1121 343/533/1123 1556/1703/2348
f 1556/1703/2348 343/533/1123 344/534/1125 1557/1704/2349
f 1557/1704/2349 344/534/1125 345/535/1127 1558/1705/2350
f 1558/1705/2350 345/535/1127 346/536/1129 1559/1706/2351
f 1559/1706/2351 346/536/1129 347/537/1131 1560/1707/2352
f 347/537/1131 348/373/1132 349/538/1228 1560/1707/2352
f 1560/1707/2352 349/538/1228 350/539/1226 1561/1708/2353
f 1561/1708/2353 350/539/1226 351/540/1224 1562/1709/2354
f 1562/1709/2354 351/540/1224 352/541/1222 1563/1710/2355
f 1563/1710/2355 352/541/1222 353/542/1220 1564/1711/2356
f 1564/1711/2356 353/542/1220 354/543/1218 1565/1712/2357
f 1565/1712/2357 354/543/1218 355/544/1216 1566/1713/2358
f 1566/1713/2358 355/544/1216 356/545/1214 1567/1714/2359
f 1567/1714/2359 356/545/1214 357/546/1212 1568/1715/2360
f 1568/1715/2360 357/546/1212 358/547/1210 1569/1716/2361
f 1569/1716/2361 358/547/1210 359/548/1207 1530/1675/2322
f 1569/1716/2361 1530/1675/2322 1531/1676/2323 1570/1717/2362
f 1570/1717/2362 1531/1676/2323 1532/1677/2324 1571/1718/2363
f 1571/1718/2363 1532/1677/2324 1533/1678/2325 1572/1719/2364
f 1572/1719/2364 1533/1678/2325 1534/1679/2326 1573/1720/2365
f 1573/1720/2365 1534/1679/2326 1535/1680/2327 1574/1721/2366
f 1574/1721/2366 1535/1680/2327 1536/1681/2328 1575/1722/2367
f 1575/1722/2367 1536/1681/2328 1537/1682/2329 1576/1723/2368
f 1576/1723/2368 1537/1682/2329 1538/1683/2330 1577/1724/2369
f 1577/1724/2369 1538/1683/2330 1539/1684/2331 1578/1725/2370
f 1539/1684/2331 1540/1685/2332 1541/1686/2333 1578/1725/2370
f 1578/1725/2370 1541/1686/2333 1542/1687/2334 1579/1726/2371
f 1579/1726/2371 1542/1687/2334 1543/1688/2335 1580/1727/2372
f 1580/1727/2372 1543/1688/2335 1544/1689/2336 1581/1728/2373
f 1581/1728/2373 1544/1689/2336 1545/1691/2337 1582/1730/2374
f 1582/1729/2374 1545/1690/2337 1546/1692/2338 1583/1731/2375
f 1583/1731/2375 1546/1692/2338 1547/1693/2339 1584/1732/2376
f 1584/1732/2376 1547/1693/2339 1548/1694/2340 1585/1733/2377
f 1585/1733/2377 1548/1694/2340 1549/1695/2341 1586/1734/2378
f 1549/1695/2341 1550/1696/2342 1551/1697/2343 1586/1734/2378
f 1586/1734/2378 1551/1697/2343 1552/1698/2344 1587/1735/2379
f 1587/1735/2379 1552/1698/2344 1553/1699/2345 1588/1736/2380
f 1588/1736/2380 1553/1699/2345 1554/1700/2346 1589/1737/2381
f 1589/1737/2381 1554/1700/2346 1555/1702/2347 1590/1739/2382
f 1590/1738/2382 1555/1701/2347 1556/1703/2348 1591/1740/2383
f 1591/1740/2383 1556/1703/2348 1557/1704/2349 1592/1741/2384
f 1592/1741/2384 1557/1704/2349 1558/1705/2350 1593/1742/2385
f 1593/1742/2385 1558/1705/2350 1559/1706/2351 1594/1743/2386
f 1559/1706/2351 1560/1707/2352 1561/1708/2353 1594/1743/2386
f 1594/1743/2386 1561/1708/2353 1562/1709/2354 1595/1744/2387
f 1595/1744/2387 1562/1709/2354 1563/1710/2355 1596/1745/2388
f 1596/1745/2388 1563/1710/2355 1564/1711/2356 1597/1746/2389
f 1597/1746/2389 1564/1711/2356 1565/1712/2357 1598/1747/2390
f 1598/1747/2390 1565/1712/2357 1566/1713/2358 1599/1748/2391
f 1599/1748/2391 1566/1713/2358 1567/1714/2359 1600/1749/2392
f 1600/1749/2392 1567/1714/2359 1568/1715/2360 1601/1750/2393
f 1601/1750/2393 1568/1715/2360 1569/1716/2361 1570/1717/2362
f 1601/1750/2393 1570/1717/2362 1571/1718/2363 1602/1751/2394
f 1602/1751/2394 1571/1718/2363 1572/1719/2364 1603/1752/2395
f 1603/1752/2395 1572/1719/2364 1573/1720/2365 1604/1753/2396
f 1604/1753/2396 1573/1720/2365 1574/1721/2366 1605/1754/2397
f 1605/1754/2397 1574/1721/2366 1575/1722/2367 1606/1755/2398
f 1606/1755/2398 1575/1722/2367 1576/1723/2368 1607/1756/2399
f 1607/1756/2399 1576/1723/2368 1577/1724/2369 1608/1757/2400
f 1577/1724/2369 1578/1725/2370 1579/1726/2371 1608/1757/2400
f 1608/1757/2400 1579/1726/2371 1580/1727/2372 1609/1758/2401
f 1609/1758/2401 1580/1727/2372 1581/1728/2373 1610/1759/2402
f 1610/1759/2402 1581/1728/2373 1582/1730/2374 1611/1761/2403
f 1611/1760/2403 1582/1729/2374 1583/1731/2375 1612/1762/2404
f 1612/1762/2404 1583/1731/2375 1584/1732/2376 1613/1763/2405
f 1613/1763/2405 1584/1732/2376 1585/1733/2377 1614/1764/2406
f 1585/1733/2377 1586/1734/2378 1587/1735/2379 1614/1764/2406
f 1614/1764/2406 1587/1735/2379 1588/1736/2380 1615/1765/2407
f 1615/1765/2407 1588/1736/2380 1589/1737/2381 1616/1766/2408
f 1616/1766/2408 1589/1737/2381 1590/1739/2382 1617/1768/2409
f 1617/1767/2409 1590/1738/2382 1591/1740/2383 1618/1769/2410
f 1618/1769/2410 1591/1740/2383 1592/1741/2384 1619/1770/2411
f 1619/1770/2411 1592/1741/2384 1593/1742/2385 1620/1771/2412
f 1593/1742/2385 1594/1743/2386 1595/1744/2387 1620/1771/2412
f 1620/1771/2412 1595/1744/2387 1596/1745/2388 1621/1772/2413
f 1621/1772/2413 1596/1745/2388 1597/1746/2389 1622/1773/2414
f 1622/1773/2414 1597/1746/2389 1598/1747/2390 1623/1774/2415
f 1623/1774/2415 1598/1747/2390 1599/1748/2391 1624/1775/2416
f 1624/1775/2416 1599/1748/2391 1600/1749/2392 1625/1776/2417
f 1625/1776/2417 1600/1749/2392 1601/1750/2393 1602/1751/2394
f 1625/1776/2417 1602/1751/2394 1603/1752/2395 1626/1777/2418
f 1626/1777/2418 1603/1752/2395 1604/1753/2396 1627/1778/2419
f 1627/1778/2419 1604/1753/2396 1605/1754/2397 1628/1779/2420
f 1628/1779/2420 1605/1754/2397 1606/1755/2398 1629/1780/2421
f 1629/1780/2421 1606/1755/2398 1607/1756/2399 1630/1781/2422
f 1607/1756/2399 1608/1757/2400 1609/1758/2401 1630/1781/2422
f 1630/1781/2422 1609/1758/2401 1610/1759/2402 1631/1782/2423
f 1631/1782/2423 1610/1759/2402 1611/1761/2403 1632/1784/2424
f 1632/1783/2424 1611/1760/2403 1612/1762/2404 1633/1785/2425
f 1633/1785/2425 1612/1762/2404 1613/1763/2405 1634/1786/2426
f 1613/1763/2405 1614/1764/2406 1615/1765/2407 1634/1786/2426
f 1634/1786/2426 1615/1765/2407 1616/1766/2408 1635/1787/2427
f 1635/1787/2427 1616/1766/2408 1617/1768/2409 1636/1789/2428
f 1636/1788/2428 1617/1767/2409 1618/1769/2410 1637/1790/2429
f 1637/1790/2429 1618/1769/2410 1619/1770/2411 1638/1791/2430
f 1619/1770/2411 1620/1771/2412 1621/1772/2413 1638/1791/2430
f 1638/1791/2430 1621/1772/2413 1622/1773/2414 1639/1792/2431
f 1639/1792/2431 1622/1773/2414 1623/1774/2415 1640/1793/2432
f 1640/1793/2432 1623/1774/2415 1624/1775/2416 1641/1794/2433
f 1641/1794/2433 1624/1775/2416 1625/1776/2417 1626/1777/2418
f 1641/1794/2433 1626/1777/2418 1627/1778/2419 1642/1795/2434
f 1642/1795/2434 1627/1778/2419 1628/1779/2420 1643/1796/2435
f 1643/1796/2435 1628/1779/2420 1629/1780/2421 1644/1797/2436
f 1629/1780/2421 1630/1781/2422 1631/1782/2423 1644/1797/2436
f 1644/1797/2436 1631/1782/2423 1632/1784/2424 1645/1799/2437
f 1645/1798/2437 1632/1783/2424 1633/1785/2425 1646/1800/2438
f 1633/1785/2425 1634/1786/2426 1635/1787/2427 1646/1800/2438
f 1646/1800/2438 1635/1787/2427 1636/1789/2428 1647/1802/2439
f 1647/1801/2439 1636/1788/2428 1637/1790/2429 1648/1803/2440
f 1637/1790/2429 1638/1791/2430 1639/1792/2431 1648/1803/2440
f 1648/1803/2440 1639/1792/2431 1640/1793/2432 1649/1804/2441
f 1649/1804/2441 1640/1793/2432 1641/1794/2433 1642/1795/2434
f 1649/1804/2441 1642/1795/2434 1643/1796/2435 1650/1806/2442
f 1643/1796/2435 1644/1797/2436 1645/1799/2437 1650/1806/2442
f 1645/1798/2437 1646/1800/2438 1647/1802/2439 1650/1805/2442
f 1647/1801/2439 1648/1803/2440 1649/1804/2441 1650/1806/2442
f 407/595/1205 408/375/1206 361/549/1252 1651/1807/2443
f 1651/1807/2443 361/549/1252 362/550/1250 1652/1808/2444
f 1652/1808/2444 362/550/1250 363/551/1248 1653/1809/2445
f 1653/1809/2445 363/551/1248 364/552/1246 1654/1810/2446
f 1654/1810/2446 364/552/1246 365/553/1244 1655/1811/2447
f 1655/1811/2447 365/553/1244 366/555/1242 1656/1813/2448
f 1656/1812/2448 366/554/1242 367/556/1240 1657/1814/2449
f 1657/1814/2449 367/556/1240 368/557/1238 1658/1815/2450
f 1658/1815/2450 368/557/1238 369/558/1236 1659/1816/2451
f 1659/1816/2451 369/558/1236 370/559/1234 1660/1817/2452
f 1660/1817/2452 370/559/1234 371/560/1231 1661/1818/2453
f 371/560/1231 372/376/1230 373/561/1276 1661/1818/2453
f 1661/1818/2453 373/561/1276 374/562/1274 1662/1819/2454
f 1662/1819/2454 374/562/1274 375/563/1272 1663/1820/2455
f 1663/1820/2455 375/563/1272 376/564/1270 1664/1821/2456
f 1664/1821/2456 376/564/1270 377/565/1268 1665/1822/2457
f 1665/1822/2457 377/565/1268 378/566/1266 1666/1823/2458
f 1666/1823/2458 378/566/1266 379/567/1264 1667/1824/2459
f 1667/1824/2459 379/567/1264 380/568/1262 1668/1825/2460
f 1668/1825/2460 380/568/1262 381/569/1260 1669/1826/2461
f 1669/1826/2461 381/569/1260 382/570/1258 1670/1827/2462
f 1670/1827/2462 382/570/1258 383/571/1256 1671/1828/2463
f 383/571/1256 384/378/1255 385/572/1299 1671/1828/2463
f 1671/1828/2463 385/572/1299 386/573/1297 1672/1829/2464
f 1672/1829/2464 386/573/1297 387/574/1295 1673/1830/2465
f 1673/1830/2465 387/574/1295 388/575/1293 1674/1831/2466
f 1674/1831/2466 388/575/1293 389/576/1291 1675/1832/2467
f 1675/1832/2467 389/576/1291 390/578/1289 1676/1834/2468
f 1676/1833/2468 390/577/1289 391/579/1287 1677/1835/2469
f 1677/1835/2469 391/579/1287 392/580/1285 1678/1836/2470
f 1678/1836/2470 392/580/1285 393/581/1283 1679/1837/2471
f 1679/1837/2471 393/581/1283 394/582/1281 1680/1838/2472
f 1680/1838/2472 394/582/1281 395/583/1279 1681/1839/2473
f 395/583/1279 396/429/1185 397/584/1184 1681/1839/2473
f 1681/1839/2473 397/584/1184 398/585/1187 1682/1840/2474
f 1682/1840/2474 398/585/1187 399/586/1189 1683/1841/2475
f 1683/1841/2475 399/586/1189 400/587/1191 1684/1842/2476
f 1684/1842/2476 400/587/1191 401/588/1193 1685/1843/2477
f 1685/1843/2477 401/588/1193 402/590/1195 1686/1845/2478
f 1686/1844/2478 402/589/1195 403/591/1197 1687/1846/2479
f 1687/1846/2479 403/591/1197 404/592/1199 1688/1847/2480
f 1688/1847/2480 404/592/1199 405/593/1201 1689/1848/2481
f 1689/1848/2481 405/593/1201 406/594/1203 1690/1849/2482
f 1690/1849/2482 406/594/1203 407/595/1205 1651/1807/2443
f 1690/1849/2482 1651/1807/2443 1652/1808/2444 1691/1850/2483
f 1691/1850/2483 1652/1808/2444 1653/1809/2445 1692/1851/2484
f 1692/1851/2484 1653/1809/2445 1654/1810/2446 1693/1852/2485
f 1693/1852/2485 1654/1810/2446 1655/1811/2447 1694/1853/2486
f 1694/1853/2486 1655/1811/2447 1656/1813/2448 1695/1855/2487
f 1695/1854/2487 1656/1812/2448 1657/1814/2449 1696/1856/2488
f 1696/1856/2488 1657/1814/2449 1658/1815/2450 1697/1857/2489
f 1697/1857/2489 1658/1815/2450 1659/1816/2451 1698/1858/2490
f 1698/1858/2490 1659/1816/2451 1660/1817/2452 1699/1859/2491
f 1660/1817/2452 1661/1818/2453 1662/1819/2454 1699/1859/2491
f 1699/1859/2491 1662/1819/2454 1663/1820/2455 1700/1860/2492
f 1700/1860/2492 1663/1820/2455 1664/1821/2456 1701/1861/2493
f 1701/1861/2493 1664/1821/2456 1665/1822/2457 1702/1862/2494
f 1702/1862/2494 1665/1822/2457 1666/1823/2458 1703/1863/2495
f 1703/1863/2495 1666/1823/2458 1667/1824/2459 1704/1864/2496
f 1704/1864/2496 1667/1824/2459 1668/1825/2460 1705/1865/2497
f 1705/1865/2497 1668/1825/2460 1669/1826/2461 1706/1866/2498
f 1706/1866/2498 1669/1826/2461 1670/1827/2462 1707/1867/2499
f 1670/1827/2462 1671/1828/2463 1672/1829/2464 1707/1867/2499
f 1707/1867/2499 1672/1829/2464 1673/1830/2465 1708/1868/2500
f 1708/1868/2500 1673/1830/2465 1674/1831/2466 1709/1869/2501
f 1709/1869/2501 1674/1831/2466 1675/1832/2467 1710/1870/2502
f 1710/1870/2502 1675/1832/2467 1676/1834/2468 1711/1872/2503
f 1711/1871/2503 1676/1833/2468 1677/1835/2469 1712/1873/2504
f 1712/1873/2504 1677/1835/2469 1678/1836/2470 1713/1874/2505
f 1713/1874/2505 1678/1836/2470 1679/1837/2471 1714/1875/2506
f 1714/1875/2506 1679/1837/2471 1680/1838/2472 1715/1876/2507
f 1680/1838/2472 1681/1839/2473 1682/1840/2474 1715/1876/2507
f 1715/1876/2507 1682/1840/2474 1683/1841/2475 1716/1877/2508
f 1716/1877/2508 1683/1841/2475 1684/1842/2476 1717/1878/2509
f 1717/1878/2509 1684/1842/2476 1685/1843/2477 1718/1879/2510
f 1718/1879/2510 1685/1843/2477 1686/1845/2478 1719/1881/2511
f 1719/1880/2511 1686/1844/2478 1687/1846/2479 1720/1882/2512
f 1720/1882/2512 1687/1846/2479 1688/1847/2480 1721/1883/2513
f 1721/1883/2513 1688/1847/2480 1689/1848/2481 1722/1884/2514
f 1722/1884/2514 1689/1848/2481 1690/1849/2482 1691/1850/2483
f 1722/1884/2514 1691/1850/2483 1692/1851/2484 1723/1885/2515
f 1723/1885/2515 1692/1851/2484 1693/1852/2485 1724/1886/2516
f 1724/1886/2516 1693/1852/2485 1694/1853/2486 1725/1887/2517
f 1725/1887/2517 1694/1853/2486 1695/1855/2487 1726/1889/2518
f 1726/1888/2518 1695/1854/2487 1696/1856/2488 1727/1890/2519
f 1727/1890/2519 1696/1856/2488 1697/1857/2489 1728/1891/2520
f 1728/1891/2520 1697/1857/2489 1698/1858/2490 1729/1892/2521
f 1698/1858/2490 1699/1859/2491 1700/1860/2492 1729/1892/2521
f 1729/1892/2521 1700/1860/2492 1701/1861/2493 1730/1893/2522
f 1730/1893/2522 1701/1861/2493 1702/1862/2494 1731/1894/2523
f 1731/1894/2523 1702/1862/2494 1703/1863/2495 1732/1895/2524
f 1732/1895/2524 1703/1863/2495 1704/1864/2496 1733/1896/2525
f 1733/1896/2525 1704/1864/2496 1705/1865/2497 1734/1897/2526
f 1734/1897/2526 1705/1865/2497 1706/1866/2498 1735/1898/2527
f 1706/1866/2498 1707/1867/2499 1708/1868/2500 1735/1898/2527
f 1735/1898/2527 1708/1868/2500 1709/1869/2501 1736/1899/2528
f 1736/1899/2528 1709/1869/2501 1710/1870/2502 1737/1900/2529
f 1737/1900/2529 1710/1870/2502 1711/1872/2503 1738/1902/2530
f 1738/1901/2530 1711/1871/2503 1712/1873/2504 1739/1903/2531
f 1739/1903/2531 1712/1873/2504 1713/1874/2505 1740/1904/2532
f 1740/1904/2532 1713/1874/2505 1714/1875/2506 1741/1905/2533
f 1714/1875/2506 1715/1876/2507 1716/1877/2508 1741/1905/2533
f 1741/1905/2533 1716/1877/2508 1717/1878/2509 1742/1906/2534
f 1742/1906/2534 1717/1878/2509 1718/1879/2510 1743/1907/2535
f 1743/1907/2535 1718/1879/2510 1719/1881/2511 1744/1909/2536
f 1744/1908/2536 1719/1880/2511 1720/1882/2512 1745/1910/2537
f 1745/1910/2537 1720/1882/2512 1721/1883/2513 1746/1911/2538
f 1746/1911/2538 1721/1883/2513 1722/1884/2514 1723/1885/2515
f 1746/1911/2538 1723/1885/2515 1724/1886/2516 1747/1912/2539
f 1747/1912/2539 1724/1886/2516 1725/1887/2517 1748/1913/2540
f 1748/1913/2540 1725/1887/2517 1726/1889/2518 1749/1915/2541
f 1749/1914/2541 1726/1888/2518 1727/1890/2519 1750/1916/2542
f 1750/1916/2542 1727/1890/2519 1728/1891/2520 1751/1917/2543
f 1728/1891/2520 1729/1892/2521 1730/1893/2522 1751/1917/2543
f 1751/1917/2543 1730/1893/2522 1731/1894/2523 1752/1918/2544
f 1752/1918/2544 1731/1894/2523 1732/1895/2524 1753/1919/2545
f 1753/1919/2545 1732/1895/2524 1733/1896/2525 1754/1920/2546
f 1754/1920/2546 1733/1896/2525 1734/1897/2526 1755/1921/2547
f 1734/1897/2526 1735/1898/2527 1736/1899/2528 1755/1921/2547
f 1755/1921/2547 1736/1899/2528 1737/1900/2529 1756/1922/2548
f 1756/1922/2548 1737/1900/2529 1738/1902/2530 1757/1924/2549
f 1757/1923/2549 1738/1901/2530 1739/1903/2531 1758/1925/2550
f 1758/1925/2550 1739/1903/2531 1740/1904/2532 1759/1926/2551
f 1740/1904/2532 1741/1905/2533 1742/1906/2534 1759/1926/2551
f 1759/1926/2551 1742/1906/2534 1743/1907/2535 1760/1927/2552
f 1760/1927/2552 1743/1907/2535 1744/1909/2536 1761/1929/2553
f 1761/1928/2553 1744/1908/2536 1745/1910/2537 1762/1930/2554
f 1762/1930/2554 1745/1910/2537 1746/1911/2538 1747/1912/2539
f 1762/1930/2554 1747/1912/2539 1748/1913/2540 1763/1931/2555
f 1763/1931/2555 1748/1913/2540 1749/1915/2541 1764/1933/2556
f 1764/1932/2556 1749/1914/2541 1750/1916/2542 1765/1934/2557
f 1750/1916/2542 1751/1917/2543 1752/1918/2544 1765/1934/2557
f 1765/1934/2557 1752/1918/2544 1753/1919/2545 1766/1935/2558
f 1766/1935/2558 1753/1919/2545 1754/1920/2546 1767/1936/2559
f 1754/1920/2546 1755/1921/2547 1756/1922/2548 1767/1936/2559
f 1767/1936/2559 1756/1922/2548 1757/1924/2549 1768/1938/2560
f 1768/1937/2560 1757/1923/2549 1758/1925/2550 1769/1939/2561
f 1758/1925/2550 1759/1926/2551 1760/1927/2552 1769/1939/2561
f 1769/1939/2561 1760/1927/2552 1761/1929/2553 1770/1941/2562
f 1770/1940/2562 1761/1928/2553 1762/1930/2554 1763/1931/2555
f 1770/1940/2562 1763/1931/2555 1764/1933/2556 1771/1944/2563
f 1764/1932/2556 1765/1934/2557 1766/1935/2558 1771/1942/2563
f 1766/1935/2558 1767/1936/2559 1768/1938/2560 1771/1942/2563
f 1768/1937/2560 1769/1939/2561 1770/1941/2562 1771/1943/2563
f 454/640/1326 455/446/1324 409/596/1322 1772/1945/2564
f 1772/1945/2564 409/596/1322 410/597/1320 1773/1946/2565
f 1773/1946/2565 410/597/1320 411/598/1318 1774/1947/2566
f 1774/1947/2566 411/598/1318 412/599/1316 1775/1948/2567
f 1775/1948/2567 412/599/1316 413/600/1314 1776/1949/2568
f 1776/1949/2568 413/600/1314 414/601/1312 1777/1950/2569
f 1777/1950/2569 414/601/1312 415/602/1310 1778/1951/2570
f 1778/1951/2570 415/602/1310 416/603/1308 1779/1952/2571
f 1779/1952/2571 416/603/1308 417/604/1306 1780/1953/2572
f 1780/1953/2572 417/604/1306 418/605/1304 1781/1954/2573
f 1781/1954/2573 418/605/1304 419/606/1301 1782/1955/2574
f 419/606/1301 420/452/1135 421/607/1134 1782/1955/2574
f 1782/1955/2574 421/607/1134 422/608/1137 1783/1956/2575
f 1783/1956/2575 422/608/1137 423/609/1139 1784/1957/2576
f 1784/1957/2576 423/609/1139 424/610/1141 1785/1958/2577
f 1785/1958/2577 424/610/1141 425/611/1143 1786/1959/2578
f 1786/1959/2578 425/611/1143 426/612/1145 1787/1960/2579
f 1787/1960/2579 426/612/1145 427/613/1147 1788/1961/2580
f 1788/1961/2580 427/613/1147 428/614/1149 1789/1962/2581
f 1789/1962/2581 428/614/1149 429/615/1151 1790/1963/2582
f 1790/1963/2582 429/615/1151 430/616/1153 1791/1964/2583
f 1791/1964/2583 430/616/1153 431/617/1155 1792/1965/2584
f 431/617/1155 432/377/1156 433/618/1280 1792/1965/2584
f 1792/1965/2584 433/618/1280 434/619/1282 1793/1966/2585
f 1793/1966/2585 434/619/1282 435/620/1284 1794/1967/2586
f 1794/1967/2586 435/620/1284 436/621/1286 1795/1968/2587
f 1795/1968/2587 436/621/1286 437/622/1288 1796/1969/2588
f 1796/1969/2588 437/622/1288 438/624/1290 1797/1971/2589
f 1797/1970/2589 438/623/1290 439/625/1292 1798/1972/2590
f 1798/1972/2590 439/625/1292 440/626/1294 1799/1973/2591
f 1799/1973/2591 440/626/1294 441/627/1296 1800/1974/2592
f 1800/1974/2592 441/627/1296 442/628/1298 1801/1975/2593
f 1801/1975/2593 442/628/1298 443/629/1300 1802/1976/2594
f 443/629/1300 384/378/1255 444/630/1347 1802/1976/2594
f 1802/1976/2594 444/630/1347 445/631/1345 1803/1977/2595
f 1803/1977/2595 445/631/1345 446/632/1343 1804/1978/2596
f 1804/1978/2596 446/632/1343 447/633/1341 1805/1979/2597
f 1805/1979/2597 447/633/1341 448/634/1339 1806/1980/2598
f 1806/1980/2598 448/634/1339 449/635/1337 1807/1981/2599
f 1807/1981/2599 449/635/1337 450/636/1335 1808/1982/2600
f 1808/1982/2600 450/636/1335 451/637/1333 1809/1983/2601
f 1809/1983/2601 451/637/1333 452/638/1331 1810/1984/2602
f 1810/1984/2602 452/638/1331 453/639/1329 1811/1985/2603
f 1811/1985/2603 453/639/1329 454/640/1326 1772/1945/2564
f 1811/1985/2603 1772/1945/2564 1773/1946/2565 1812/1986/2604
f 1812/1986/2604 1773/1946/2565 1774/1947/2566 1813/1987/2605
f 1813/1987/2605 1774/1947/2566 1775/1948/2567 1814/1988/2606
f 1814/1988/2606 1775/1948/2567 1776/1949/2568 1815/1989/2607
f 1815/1989/2607 1776/1949/2568 1777/1950/2569 1816/1990/2608
f 1816/1990/2608 1777/1950/2569 1778/1951/2570 1817/1991/2609
f 1817/1991/2609 1778/1951/2570 1779/1952/2571 1818/1992/2610
f 1818/1992/2610 1779/1952/2571 1780/1953/2572 1819/1993/2611
f 1819/1993/2611 1780/1953/2572 1781/1954/2573 1820/1994/2612
f 1781/1954/2573 1782/1955/2574 1783/1956/2575 1820/1994/2612
f 1820/1994/2612 1783/1956/2575 1784/1957/2576 1821/1995/2613
f 1821/1995/2613 1784/1957/2576 1785/1958/2577 1822/1996/2614
f 1822/1996/2614 1785/1958/2577 1786/1959/2578 1823/1997/2615
f 1823/1997/2615 1786/1959/2578 1787/1960/2579 1824/1998/2616
f 1824/1998/2616 1787/1960/2579 1788/1961/2580 1825/1999/2617
f 1825/1999/2617 1788/1961/2580 1789/1962/2581 1826/2000/2618
f 1826/2000/2618 1789/1962/2581 1790/1963/2582 1827/2001/2619
f 1827/2001/2619 1790/1963/2582 1791/1964/2583 1828/2002/2620
f 1791/1964/2583 1792/1965/2584 1793/1966/2585 1828/2002/2620
f 1828/2002/2620 1793/1966/2585 1794/1967/2586 1829/2003/2621
f 1829/2003/2621 1794/1967/2586 1795/1968/2587 1830/2004/2622
f 1830/2004/2622 1795/1968/2587 1796/1969/2588 1831/2005/2623
f 1831/2005/2623 1796/1969/2588 1797/1971/2589 1832/2007/2624
f 1832/2006/2624 1797/1970/2589 1798/1972/2590 1833/2008/2625
f 1833/2008/2625 1798/1972/2590 1799/1973/2591 1834/2009/2626
f 1834/2009/2626 1799/1973/2591 1800/1974/2592 1835/2010/2627
f 1835/2010/2627 1800/1974/2592 1801/1975/2593 1836/2011/2628
f 1801/1975/2593 1802/1976/2594 1803/1977/2595 1836/2011/2628
f 1836/2011/2628 1803/1977/2595 1804/1978/2596 1837/2012/2629
f 1837/2012/2629 1804/1978/2596 1805/1979/2597 1838/2013/2630
f 1838/2013/2630 1805/1979/2597 1806/1980/2598 1839/2014/2631
f 1839/2014/2631 1806/1980/2598 1807/1981/2599 1840/2015/2632
f 1840/2015/2632 1807/1981/2599 1808/1982/2600 1841/2016/2633
f 1841/2016/2633 1808/1982/2600 1809/1983/2601 1842/2017/2634
f 1842/2017/2634 1809/1983/2601 1810/1984/2602 1843/2018/2635
f 1843/2018/2635 1810/1984/2602 1811/1985/2603 1812/1986/2604
f 1843/2018/2635 1812/1986/2604 1813/1987/2605 1844/2019/2636
f 1844/2019/2636 1813/1987/2605 1814/1988/2606 1845/2020/2637
f 1845/2020/2637 1814/1988/2606 1815/1989/2607 1846/2021/2638
f 1846/2021/2638 1815/1989/2607 1816/1990/2608 1847/2022/2639
f 1847/2022/2639 1816/1990/2608 1817/1991/2609 1848/2023/2640
f 1848/2023/2640 1817/1991/2609 1818/1992/2610 1849/2024/2641
f 1849/2024/2641 1818/1992/2610 1819/1993/2611 1850/2025/2642
f 1819/1993/2611 1820/1994/2612 1821/1995/2613 1850/2025/2642
f 1850/2025/2642 1821/1995/2613 1822/1996/2614 1851/2026/2643
f 1851/2026/2643 1822/1996/2614 1823/1997/2615 1852/2027/2644
f 1852/2027/2644 1823/1997/2615 1824/1998/2616 1853/2028/2645
f 1853/2028/2645 1824/1998/2616 1825/1999/2617 1854/2029/2646
f 1854/2029/2646 1825/1999/2617 1826/2000/2618 1855/2030/2647
f 1855/2030/2647 1826/2000/2618 1827/2001/2619 1856/2031/2648
f 1827/2001/2619 1828/2002/2620 1829/2003/2621 1856/2031/2648
f 1856/2031/2648 1829/2003/2621 1830/2004/2622 1857/2032/2649
f 1857/2032/2649 1830/2004/2622 1831/2005/2623 1858/2033/2650
f 1858/2033/2650 1831/2005/2623 1832/2007/2624 1859/2035/2651
f 1859/2034/2651 1832/2006/2624 1833/2008/2625 1860/2036/2652
f 1860/2036/2652 1833/2008/2625 1834/2009/2626 1861/2037/2653
f 1861/2037/2653 1834/2009/2626 1835/2010/2627 1862/2038/2654
f 1835/2010/2627 1836/2011/2628 1837/2012/2629 1862/2038/2654
f 1862/2038/2654 1837/2012/2629 1838/2013/2630 1863/2039/2655
f 1863/2039/2655 1838/2013/2630 1839/2014/2631 1864/2040/2656
f 1864/2040/2656 1839/2014/2631 1840/2015/2632 1865/2041/2657
f 1865/2041/2657 1840/2015/2632 1841/2016/2633 1866/2042/2658
f 1866/2042/2658 1841/2016/2633 1842/2017/2634 1867/2043/2659
f 1867/2043/2659 1842/2017/2634 1843/2018/2635 1844/2019/2636
f 1867/2043/2659 1844/2019/2636 1845/2020/2637 1868/2044/2660
f 1868/2044/2660 1845/2020/2637 1846/2021/2638 1869/2045/2661
f 1869/2045/2661 1846/2021/2638 1847/2022/2639 1870/2046/2662
f 1870/2046/2662 1847/2022/2639 1848/2023/2640 1871/2047/2663
f 1871/2047/2663 1848/2023/2640 1849/2024/2641 1872/2048/2664
f 1849/2024/2641 1850/2025/2642 1851/2026/2643 1872/2048/2664
f 1872/2048/2664 1851/2026/2643 1852/2027/2644 1873/2049/2665
f 1873/2049/2665 1852/2027/2644 1853/2028/2645 1874/2050/2666
f 1874/2050/2666 1853/2028/2645 1854/2029/2646 1875/2051/2667
f 1875/2051/2667 1854/2029/2646 1855/2030/2647 1876/2052/2668
f 1855/2030/2647 1856/2031/2648 1857/2032/2649 1876/2052/2668
f 1876/2052/2668 1857/2032/2649 1858/2033/2650 1877/2053/2669
f 1877/2053/2669 1858/2033/2650 1859/2035/2651 1878/2055/2670
f 1878/2054/2670 1859/2034/2651 1860/2036/2652 1879/2056/2671
f 1879/2056/2671 1860/2036/2652 1861/2037/2653 1880/2057/2672
f 1861/2037/2653 1862/2038/2654 1863/2039/2655 1880/2057/2672
f 1880/2057/2672 1863/2039/2655 1864/2040/2656 1881/2058/2673
f 1881/2058/2673 1864/2040/2656 1865/2041/2657 1882/2059/2674
f 1882/2059/2674 1865/2041/2657 1866/2042/2658 1883/2060/2675
f 1883/2060/2675 1866/2042/2658 1867/2043/2659 1868/2044/2660
f 1883/2060/2675 1868/2044/2660 1869/2045/2661 1884/2061/2676
f 1884/2061/2676 1869/2045/2661 1870/2046/2662 1885/2062/2677
f 1885/2062/2677 1870/2046/2662 1871/2047/2663 1886/2063/2678
f 1871/2047/2663 1872/2048/2664 1873/2049/2665 1886/2063/2678
f 1886/2063/2678 1873/2049/2665 1874/2050/2666 1887/2064/2679
f 1887/2064/2679 1874/2050/2666 1875/2051/2667 1888/2065/2680
f 1875/2051/2667 1876/2052/2668 1877/2053/2669 1888/2065/2680
f 1888/2065/2680 1877/2053/2669 1878/2055/2670 1889/2067/2681
f 1889/2066/2681 1878/2054/2670 1879/2056/2671 1890/2068/2682
f 1879/2056/2671 1880/2057/2672 1881/2058/2673 1890/2068/2682
f 1890/2068/2682 1881/2058/2673 1882/2059/2674 1891/2069/2683
f 1891/2069/2683 1882/2059/2674 1883/2060/2675 1884/2061/2676
f 1891/2069/2683 1884/2061/2676 1885/2062/2677 1892/2070/2684
f 1885/2062/2677 1886/2063/2678 1887/2064/2679 1892/2070/2684
f 1887/2064/2679 1888/2065/2680 1889/2067/2681 1892/2070/2684
f 1889/2066/2681 1890/2068/2682 1891/2069/2683 1892/2070/2684
f 502/684/1374 503/448/1372 456/641/1370 1893/2071/2685
f 1893/2071/2685 456/641/1370 457/642/1368 1894/2072/2686
f 1894/2072/2686 457/642/1368 458/643/1366 1895/2073/2687
f 1895/2073/2687 458/643/1366 459/644/1364 1896/2074/2688
f 1896/2074/2688 459/644/1364 460/645/1362 1897/2075/2689
f 1897/2075/2689 460/645/1362 461/646/1360 1898/2076/2690
f 1898/2076/2690 461/646/1360 462/647/1358 1899/2077/2691
f 1899/2077/2691 462/647/1358 463/648/1356 1900/2078/2692
f 1900/2078/2692 463/648/1356 464/649/1354 1901/2079/2693
f 1901/2079/2693 464/649/1354 465/650/1352 1902/2080/2694
f 1902/2080/2694 465/650/1352 466/651/1349 1903/2081/2695
f 466/651/1349 467/432/1209 468/652/1208 1903/2081/2695
f 1903/2081/2695 468/652/1208 469/653/1211 1904/2082/2696
f 1904/2082/2696 469/653/1211 470/654/1213 1905/2083/2697
f 1905/2083/2697 470/654/1213 471/655/1215 1906/2084/2698
f 1906/2084/2698 471/655/1215 472/656/1217 1907/2085/2699
f 1907/2085/2699 472/656/1217 473/657/1219 1908/2086/2700
f 1908/2086/2700 473/657/1219 474/658/1221 1909/2087/2701
f 1909/2087/2701 474/658/1221 475/659/1223 1910/2088/2702
f 1910/2088/2702 475/659/1223 476/660/1225 1911/2089/2703
f 1911/2089/2703 476/660/1225 477/661/1227 1912/2090/2704
f 1912/2090/2704 477/661/1227 478/662/1229 1913/2091/2705
f 478/662/1229 479/374/1086 480/663/1085 1913/2091/2705
f 1913/2091/2705 480/663/1085 481/664/1088 1914/2092/2706
f 1914/2092/2706 481/664/1088 482/665/1090 1915/2093/2707
f 1915/2093/2707 482/665/1090 483/666/1092 1916/2094/2708
f 1916/2094/2708 483/666/1092 484/667/1094 1917/2095/2709
f 1917/2095/2709 484/667/1094 485/668/1096 1918/2096/2710
f 1918/2096/2710 485/668/1096 486/669/1098 1919/2097/2711
f 1919/2097/2711 486/669/1098 487/670/1100 1920/2098/2712
f 1920/2098/2712 487/670/1100 488/671/1102 1921/2099/2713
f 1921/2099/2713 488/671/1102 489/672/1104 1922/2100/2714
f 1922/2100/2714 489/672/1104 490/673/1106 1923/2101/2715
f 490/673/1106 491/379/1107 492/674/1395 1923/2101/2715
f 1923/2101/2715 492/674/1395 493/675/1393 1924/2102/2716
f 1924/2102/2716 493/675/1393 494/676/1391 1925/2103/2717
f 1925/2103/2717 494/676/1391 495/677/1389 1926/2104/2718
f 1926/2104/2718 495/677/1389 496/678/1387 1927/2105/2719
f 1927/2105/2719 496/678/1387 497/679/1385 1928/2106/2720
f 1928/2106/2720 497/679/1385 498/680/1383 1929/2107/2721
f 1929/2107/2721 498/680/1383 499/681/1381 1930/2108/2722
f 1930/2108/2722 499/681/1381 500/682/1379 1931/2109/2723
f 1931/2109/2723 500/682/1379 501/683/1377 1932/2110/2724
f 1932/2110/2724 501/683/1377 502/684/1374 1893/2071/2685
f 1932/2110/2724 1893/2071/2685 1894/2072/2686 1933/2111/2725
f 1933/2111/2725 1894/2072/2686 1895/2073/2687 1934/2112/2726
f 1934/2112/2726 1895/2073/2687 1896/2074/2688 1935/2113/2727
f 1935/2113/2727 1896/2074/2688 1897/2075/2689 1936/2114/2728
f 1936/2114/2728 1897/2075/2689 1898/2076/2690 1937/2115/2729
f 1937/2115/2729 1898/2076/2690 1899/2077/2691 1938/2116/2730
f 1938/2116/2730 1899/2077/2691 1900/2078/2692 1939/2117/2731
f 1939/2117/2731 1900/2078/2692 1901/2079/2693 1940/2118/2732
f 1940/2118/2732 1901/2079/2693 1902/2080/2694 1941/2119/2733
f 1902/2080/2694 1903/2081/2695 1904/2082/2696 1941/2119/2733
f 1941/2119/2733 1904/2082/2696 1905/2083/2697 1942/2120/2734
f 1942/2120/2734 1905/2083/2697 1906/2084/2698 1943/2121/2735
f 1943/2121/2735 1906/2084/2698 1907/2085/2699 1944/2122/2736
f 1944/2122/2736 1907/2085/2699 1908/2086/2700 1945/2123/2737
f 1945/2123/2737 1908/2086/2700 1909/2087/2701 1946/2124/2738
f 1946/2124/2738 1909/2087/2701 1910/2088/2702 1947/2125/2739
f 1947/2125/2739 1910/2088/2702 1911/2089/2703 1948/2126/2740
f 1948/2126/2740 1911/2089/2703 1912/2090/2704 1949/2127/2741
f 1912/2090/2704 1913/2091/2705 1914/2092/2706 1949/2127/2741
f 1949/2127/2741 1914/2092/2706 1915/2093/2707 1950/2128/2742
f 1950/2128/2742 1915/2093/2707 1916/2094/2708 1951/2129/2743
f 1951/2129/2743 1916/2094/2708 1917/2095/2709 1952/2130/2744
f 1952/2130/2744 1917/2095/2709 1918/2096/2710 1953/2131/2745
f 1953/2131/2745 1918/2096/2710 1919/2097/2711 1954/2132/2746
f 1954/2132/2746 1919/2097/2711 1920/2098/2712 1955/2133/2747
f 1955/2133/2747 1920/2098/2712 1921/2099/2713 1956/2134/2748
f 1956/2134/2748 1921/2099/2713 1922/2100/2714 1957/2135/2749
f 1922/2100/2714 1923/2101/2715 1924/2102/2716 1957/2135/2749
f 1957/2135/2749 1924/2102/2716 1925/2103/2717 1958/2136/2750
f 1958/2136/2750 1925/2103/2717 1926/2104/2718 1959/2137/2751
f 1959/2137/2751 1926/2104/2718 1927/2105/2719 1960/2138/2752
f 1960/2138/2752 1927/2105/2719 1928/2106/2720 1961/2139/2753
f 1961/2139/2753 1928/2106/2720 1929/2107/2721 1962/2140/2754
f 1962/2140/2754 1929/2107/2721 1930/2108/2722 1963/2141/2755
f 1963/2141/2755 1930/2108/2722 1931/2109/2723 1964/2142/2756
f 1964/2142/2756 1931/2109/2723 1932/2110/2724 1933/2111/2725
f 1964/2142/2756 1933/2111/2725 1934/2112/2726 1965/2143/2757
f 1965/2143/2757 1934/2112/2726 1935/2113/2727 1966/2144/2758
f 1966/2144/2758 1935/2113/2727 1936/2114/2728 1967/2145/2759
f 1967/2145/2759 1936/2114/2728 1937/2115/2729 1968/2146/2760
f 1968/2146/2760 1937/2115/2729 1938/2116/2730 1969/2147/2761
f 1969/2147/2761 1938/2116/2730 1939/2117/2731 1970/2148/2762
f 1970/2148/2762 1939/2117/2731 1940/2118/2732 1971/2149/2763
f 1940/2118/2732 1941/2119/2733 1942/2120/2734 1971/2149/2763
f 1971/2149/2763 1942/2120/2734 1943/2121/2735 1972/2150/2764
f 1972/2150/2764 1943/2121/2735 1944/2122/2736 1973/2151/2765
f 1973/2151/2765 1944/2122/2736 1945/2123/2737 1974/2152/2766
f 1974/2152/2766 1945/2123/2737 1946/2124/2738 1975/2153/2767
f 1975/2153/2767 1946/2124/2738 1947/2125/2739 1976/2154/2768
f 1976/2154/2768 1947/2125/2739 1948/2126/2740 1977/2155/2769
f 1948/2126/2740 1949/2127/2741 1950/2128/2742 1977/2155/2769
f 1977/2155/2769 1950/2128/2742 1951/2129/2743 1978/2156/2770
f 1978/2156/2770 1951/2129/2743 1952/2130/2744 1979/2157/2771
f 1979/2157/2771 1952/2130/2744 1953/2131/2745 1980/2158/2772
f 1980/2158/2772 1953/2131/2745 1954/2132/2746 1981/2159/2773
f 1981/2159/2773 1954/2132/2746 1955/2133/2747 1982/2160/2774
f 1982/2160/2774 1955/2133/2747 1956/2134/2748 1983/2161/2775
f 1956/2134/2748 1957/2135/2749 1958/2136/2750 1983/2161/2775
f 1983/2161/2775 1958/2136/2750 1959/2137/2751 1984/2162/2776
f 1984/2162/2776 1959/2137/2751 1960/2138/2752 1985/2163/2777
f 1985/2163/2777 1960/2138/2752 1961/2139/2753 1986/2164/2778
f 1986/2164/2778 1961/2139/2753 1962/2140/2754 1987/2165/2779
f 1987/2165/2779 1962/2140/2754 1963/2141/2755 1988/2166/2780
f 1988/2166/2780 1963/2141/2755 1964/2142/2756 1965/2143/2757
f 1988/2166/2780 1965/2143/2757 1966/2144/2758 1989/2167/2781
f 1989/2167/2781 1966/2144/2758 1967/2145/2759 1990/2168/2782
f 1990/2168/2782 1967/2145/2759 1968/2146/2760 1991/2169/2783
f 1991/2169/2783 1968/2146/2760 1969/2147/2761 1992/2170/2784
f 1992/2170/2784 1969/2147/2761 1970/2148/2762 1993/2171/2785
f 1970/2148/2762 1971/2149/2763 1972/2150/2764 1993/2171/2785
f 1993/2171/2785 1972/2150/2764 1973/2151/2765 1994/2172/2786
f 1994/2172/2786 1973/2151/2765 1974/2152/2766 1995/2173/2787
f 1995/2173/2787 1974/2152/2766 1975/2153/2767 1996/2174/2788
f 1996/2174/2788 1975/2153/2767 1976/2154/2768 1997/2175/2789
f 1976/2154/2768 1977/2155/2769 1978/2156/2770 1997/2175/2789
f 1997/2175/2789 1978/2156/2770 1979/2157/2771 1998/2176/2790
f 1998/2176/2790 1979/2157/2771 1980/2158/2772 1999/2177/2791
f 1999/2177/2791 1980/2158/2772 1981/2159/2773 2000/2178/2792
f 2000/2178/2792 1981/2159/2773 1982/2160/2774 2001/2179/2793
f 1982/2160/2774 1983/2161/2775 1984/2162/2776 2001/2179/2793
f 2001/2179/2793 1984/2162/2776 1985/2163/2777 2002/2180/2794
f 2002/2180/2794 1985/2163/2777 1986/2164/2778 2003/2181/2795
f 2003/2181/2795 1986/2164/2778 1987/2165/2779 2004/2182/2796
f 2004/2182/2796 1987/2165/2779 1988/2166/2780 1989/2167/2781
f 2004/2182/2796 1989/2167/2781 1990/2168/2782 2005/2183/2797
f 2005/2183/2797 1990/2168/2782 1991/2169/2783 2006/2184/2798
f 2006/2184/2798 1991/2169/2783 1992/2170/2784 2007/2185/2799
f 1992/2170/2784 1993/2171/2785 1994/2172/2786 2007/2185/2799
f 2007/2185/2799 1994/2172/2786 1995/2173/2787 2008/2186/2800
f 2008/2186/2800 1995/2173/2787 1996/2174/2788 2009/2187/2801
f 1996/2174/2788 1997/2175/2789 1998/2176/2790 2009/2187/2801
f 2009/2187/2801 1998/2176/2790 1999/2177/2791 2010/2188/2802
f 2010/2188/2802 1999/2177/2791 2000/2178/2792 2011/2189/2803
f 2000/2178/2792 2001/2179/2793 2002/2180/2794 2011/2189/2803
f 2011/2189/2803 2002/2180/2794 2003/2181/2795 2012/2190/2804
f 2012/2190/2804 2003/2181/2795 2004/2182/2796 2005/2183/2797
f 2012/2190/2804 2005/2183/2797 2006/2184/2798 2013/2191/2805
f 2006/2184/2798 2007/2185/2799 2008/2186/2800 2013/2191/2805
f 2008/2186/2800 2009/2187/2801 2010/2188/2802 2013/2191/2805
f 2010/2188/2802 2011/2189/2803 2012/2190/2804 2013/2191/2805
f 550/730/1080 551/380/1082 504/685/1420 2014/2192/2806
f 2014/2192/2806 504/685/1420 505/686/1418 2015/2193/2807
f 2015/2193/2807 505/686/1418 506/687/1416 2016/2194/2808
f 2016/2194/2808 506/687/1416 507/688/1414 2017/2195/2809
f 2017/2195/2809 507/688/1414 508/689/1412 2018/2196/2810
f 2018/2196/2810 508/689/1412 509/690/1410 2019/2197/2811
f 2019/2197/2811 509/690/1410 510/691/1408 2020/2198/2812
f 2020/2198/2812 510/691/1408 511/692/1406 2021/2199/2813
f 2021/2199/2813 511/692/1406 512/693/1404 2022/2200/2814
f 2022/2200/2814 512/693/1404 513/694/1402 2023/2201/2815
f 2023/2201/2815 513/694/1402 514/695/1399 2024/2202/2816
f 514/695/1399 515/382/1398 516/696/1443 2024/2202/2816
f 2024/2202/2816 516/696/1443 517/697/1441 2025/2203/2817
f 2025/2203/2817 517/697/1441 518/698/1439 2026/2204/2818
f 2026/2204/2818 518/698/1439 519/699/1437 2027/2205/2819
f 2027/2205/2819 519/699/1437 520/700/1435 2028/2206/2820
f 2028/2206/2820 520/700/1435 521/702/1433 2029/2208/2821
f 2029/2207/2821 521/701/1433 522/703/1431 2030/2209/2822
f 2030/2209/2822 522/703/1431 523/704/1429 2031/2210/2823
f 2031/2210/2823 523/704/1429 524/705/1427 2032/2211/2824
f 2032/2211/2824 524/705/1427 525/706/1425 2033/2212/2825
f 2033/2212/2825 525/706/1425 526/707/1423 2034/2213/2826
f 526/707/1423 527/384/1422 528/708/1466 2034/2213/2826
f 2034/2213/2826 528/708/1466 529/709/1464 2035/2214/2827
f 2035/2214/2827 529/709/1464 530/710/1462 2036/2215/2828
f 2036/2215/2828 530/710/1462 531/711/1460 2037/2216/2829
f 2037/2216/2829 531/711/1460 532/712/1458 2038/2217/2830
f 2038/2217/2830 532/712/1458 533/713/1456 2039/2218/2831
f 2039/2218/2831 533/713/1456 534/714/1454 2040/2219/2832
f 2040/2219/2832 534/714/1454 535/715/1452 2041/2220/2833
f 2041/2220/2833 535/715/1452 536/716/1450 2042/2221/2834
f 2042/2221/2834 536/716/1450 537/717/1448 2043/2222/2835
f 2043/2222/2835 537/717/1448 538/718/1446 2044/2223/2836
f 538/718/1446 539/430/1060 540/719/1059 2044/2223/2836
f 2044/2223/2836 540/719/1059 541/720/1062 2045/2224/2837
f 2045/2224/2837 541/720/1062 542/721/1064 2046/2225/2838
f 2046/2225/2838 542/721/1064 543/722/1066 2047/2226/2839
f 2047/2226/2839 543/722/1066 544/723/1068 2048/2227/2840
f 2048/2227/2840 544/723/1068 545/725/1070 2049/2229/2841
f 2049/2228/2841 545/724/1070 546/726/1072 2050/2230/2842
f 2050/2230/2842 546/726/1072 547/727/1074 2051/2231/2843
f 2051/2231/2843 547/727/1074 548/728/1076 2052/2232/2844
f 2052/2232/2844 548/728/1076 549/729/1078 2053/2233/2845
f 2053/2233/2845 549/729/1078 550/730/1080 2014/2192/2806
f 2053/2233/2845 2014/2192/2806 2015/2193/2807 2054/2234/2846
f 2054/2234/2846 2015/2193/2807 2016/2194/2808 2055/2235/2847
f 2055/2235/2847 2016/2194/2808 2017/2195/2809 2056/2236/2848
f 2056/2236/2848 2017/2195/2809 2018/2196/2810 2057/2237/2849
f 2057/2237/2849 2018/2196/2810 2019/2197/2811 2058/2238/2850
f 2058/2238/2850 2019/2197/2811 2020/2198/2812 2059/2239/2851
f 2059/2239/2851 2020/2198/2812 2021/2199/2813 2060/2240/2852
f 2060/2240/2852 2021/2199/2813 2022/2200/2814 2061/2241/2853
f 2061/2241/2853 2022/2200/2814 2023/2201/2815 2062/2242/2854
f 2023/2201/2815 2024/2202/2816 2025/2203/2817 2062/2242/2854
f 2062/2242/2854 2025/2203/2817 2026/2204/2818 2063/2243/2855
f 2063/2243/2855 2026/2204/2818 2027/2205/2819 2064/2244/2856
f 2064/2244/2856 2027/2205/2819 2028/2206/2820 2065/2245/2857
f 2065/2245/2857 2028/2206/2820 2029/2208/2821 2066/2247/2858
f 2066/2246/2858 2029/2207/2821 2030/2209/2822 2067/2248/2859
f 2067/2248/2859 2030/2209/2822 2031/2210/2823 2068/2249/2860
f 2068/2249/2860 2031/2210/2823 2032/2211/2824 2069/2250/2861
f 2069/2250/2861 2032/2211/2824 2033/2212/2825 2070/2251/2862
f 2033/2212/2825 2034/2213/2826 2035/2214/2827 2070/2251/2862
f 2070/2251/2862 2035/2214/2827 2036/2215/2828 2071/2252/2863
f 2071/2252/2863 2036/2215/2828 2037/2216/2829 2072/2253/2864
f 2072/2253/2864 2037/2216/2829 2038/2217/2830 2073/2254/2865
f 2073/2254/2865 2038/2217/2830 2039/2218/2831 2074/2255/2866
f 2074/2255/2866 2039/2218/2831 2040/2219/2832 2075/2256/2867
f 2075/2256/2867 2040/2219/2832 2041/2220/2833 2076/2257/2868
f 2076/2257/2868 2041/2220/2833 2042/2221/2834 2077/2258/2869
f 2077/2258/2869 2042/2221/2834 2043/2222/2835 2078/2259/2870
f 2043/2222/2835 2044/2223/2836 2045/2224/2837 2078/2259/2870
f 2078/2259/2870 2045/2224/2837 2046/2225/2838 2079/2260/2871
f 2079/2260/2871 2046/2225/2838 2047/2226/2839 2080/2261/2872
f 2080/2261/2872 2047/2226/2839 2048/2227/2840 2081/2262/2873
f 2081/2262/2873 2048/2227/2840 2049/2229/2841 2082/2264/2874
f 2082/2263/2874 2049/2228/2841 2050/2230/2842 2083/2265/2875
f 2083/2265/2875 2050/2230/2842 2051/2231/2843 2084/2266/2876
f 2084/2266/2876 2051/2231/2843 2052/2232/2844 2085/2267/2877
f 2085/2267/2877 2052/2232/2844 2053/2233/2845 2054/2234/2846
f 2085/2267/2877 2054/2234/2846 2055/2235/2847 2086/2268/2878
f 2086/2268/2878 2055/2235/2847 2056/2236/2848 2087/2269/2879
f 2087/2269/2879 2056/2236/2848 2057/2237/2849 2088/2270/2880
f 2088/2270/2880 2057/2237/2849 2058/2238/2850 2089/2271/2881
f 2089/2271/2881 2058/2238/2850 2059/2239/2851 2090/2272/2882
f 2090/2272/2882 2059/2239/2851 2060/2240/2852 2091/2273/2883
f 2091/2273/2883 2060/2240/2852 2061/2241/2853 2092/2274/2884
f 2061/2241/2853 2062/2242/2854 2063/2243/2855 2092/2274/2884
f 2092/2274/2884 2063/2243/2855 2064/2244/2856 2093/2275/2885
f 2093/2275/2885 2064/2244/2856 2065/2245/2857 2094/2276/2886
f 2094/2276/2886 2065/2245/2857 2066/2247/2858 2095/2278/2887
f 2095/2277/2887 2066/2246/2858 2067/2248/2859 2096/2279/2888
f 2096/2279/2888 2067/2248/2859 2068/2249/2860 2097/2280/2889
f 2097/2280/2889 2068/2249/2860 2069/2250/2861 2098/2281/2890
f 2069/2250/2861 2070/2251/2862 2071/2252/2863 2098/2281/2890
f 2098/2281/2890 2071/2252/2863 2072/2253/2864 2099/2282/2891
f 2099/2282/2891 2072/2253/2864 2073/2254/2865 2100/2283/2892
f 2100/2283/2892 2073/2254/2865 2074/2255/2866 2101/2284/2893
f 2101/2284/2893 2074/2255/2866 2075/2256/2867 2102/2285/2894
f 2102/2285/2894 2075/2256/2867 2076/2257/2868 2103/2286/2895
f 2103/2286/2895 2076/2257/2868 2077/2258/2869 2104/2287/2896
f 2077/2258/2869 2078/2259/2870 2079/2260/2871 2104/2287/2896
f 2104/2287/2896 2079/2260/2871 2080/2261/2872 2105/2288/2897
f 2105/2288/2897 2080/2261/2872 2081/2262/2873 2106/2289/2898
f 2106/2289/2898 2081/2262/2873 2082/2264/2874 2107/2291/2899
f 2107/2290/2899 2082/2263/2874 2083/2265/2875 2108/2292/2900
f 2108/2292/2900 2083/2265/2875 2084/2266/2876 2109/2293/2901
f 2109/2293/2901 2084/2266/2876 2085/2267/2877 2086/2268/2878
f 2109/2293/2901 2086/2268/2878 2087/2269/2879 2110/2294/2902
f 2110/2294/2902 2087/2269/2879 2088/2270/2880 2111/2295/2903
f 2111/2295/2903 2088/2270/2880 2089/2271/2881 2112/2296/2904
f 2112/2296/2904 2089/2271/2881 2090/2272/2882 2113/2297/2905
f 2113/2297/2905 2090/2272/2882 2091/2273/2883 2114/2298/2906
f 2091/2273/2883 2092/2274/2884 2093/2275/2885 2114/2298/2906
f 2114/2298/2906 2093/2275/2885 2094/2276/2886 2115/2299/2907
f 2115/2299/2907 2094/2276/2886 2095/2278/2887 2116/2301/2908
f 2116/2300/2908 2095/2277/2887 2096/2279/2888 2117/2302/2909
f 2117/2302/2909 2096/2279/2888 2097/2280/2889 2118/2303/2910
f 2097/2280/2889 2098/2281/2890 2099/2282/2891 2118/2303/2910
f 2118/2303/2910 2099/2282/2891 2100/2283/2892 2119/2304/2911
f 2119/2304/2911 2100/2283/2892 2101/2284/2893 2120/2305/2912
f 2120/2305/2912 2101/2284/2893 2102/2285/2894 2121/2306/2913
f 2121/2306/2913 2102/2285/2894 2103/2286/2895 2122/2307/2914
f 2103/2286/2895 2104/2287/2896 2105/2288/2897 2122/2307/2914
f 2122/2307/2914 2105/2288/2897 2106/2289/2898 2123/2308/2915
f 2123/2308/2915 2106/2289/2898 2107/2291/2899 2124/2310/2916
f 2124/2309/2916 2107/2290/2899 2108/2292/2900 2125/2311/2917
f 2125/2311/2917 2108/2292/2900 2109/2293/2901 2110/2294/2902
f 2125/2311/2917 2110/2294/2902 2111/2295/2903 2126/2312/2918
f 2126/2312/2918 2111/2295/2903 2112/2296/2904 2127/2313/2919
f 2127/2313/2919 2112/2296/2904 2113/2297/2905 2128/2314/2920
f 2113/2297/2905 2114/2298/2906 2115/2299/2907 2128/2314/2920
f 2128/2314/2920 2115/2299/2907 2116/2301/2908 2129/2316/2921
f 2129/2315/2921 2116/2300/2908 2117/2302/2909 2130/2317/2922
f 2117/2302/2909 2118/2303/2910 2119/2304/2911 2130/2317/2922
f 2130/2317/2922 2119/2304/2911 2120/2305/2912 2131/2318/2923
f 2131/2318/2923 2120/2305/2912 2121/2306/2913 2132/2319/2924
f 2121/2306/2913 2122/2307/2914 2123/2308/2915 2132/2319/2924
f 2132/2319/2924 2123/2308/2915 2124/2310/2916 2133/2321/2925
f 2133/2320/2925 2124/2309/2916 2125/2311/2917 2126/2312/2918
f 2133/2320/2925 2126/2312/2918 2127/2313/2919 2134/2323/2926
f 2127/2313/2919 2128/2314/2920 2129/2316/2921 2134/2323/2926
f 2129/2315/2921 2130/2317/2922 2131/2318/2923 2134/2322/2926
f 2131/2318/2923 2132/2319/2924 2133/2321/2925 2134/2322/2926
f 597/774/1493 598/435/1491 552/731/1489 2135/2324/2927
f 2135/2324/2927 552/731/1489 553/732/1487 2136/2325/2928
f 2136/2325/2928 553/732/1487 554/733/1485 2137/2326/2929
f 2137/2326/2929 554/733/1485 555/734/1483 2138/2327/2930
f 2138/2327/2930 555/734/1483 556/735/1481 2139/2328/2931
f 2139/2328/2931 556/735/1481 557/736/1479 2140/2329/2932
f 2140/2329/2932 557/736/1479 558/737/1477 2141/2330/2933
f 2141/2330/2933 558/737/1477 559/738/1475 2142/2331/2934
f 2142/2331/2934 559/738/1475 560/739/1473 2143/2332/2935
f 2143/2332/2935 560/739/1473 561/740/1471 2144/2333/2936
f 2144/2333/2936 561/740/1471 562/741/1468 2145/2334/2937
f 562/741/1468 563/449/1376 564/742/1375 2145/2334/2937
f 2145/2334/2937 564/742/1375 565/743/1378 2146/2335/2938
f 2146/2335/2938 565/743/1378 566/744/1380 2147/2336/2939
f 2147/2336/2939 566/744/1380 567/745/1382 2148/2337/2940
f 2148/2337/2940 567/745/1382 568/746/1384 2149/2338/2941
f 2149/2338/2941 568/746/1384 569/747/1386 2150/2339/2942
f 2150/2339/2942 569/747/1386 570/748/1388 2151/2340/2943
f 2151/2340/2943 570/748/1388 571/749/1390 2152/2341/2944
f 2152/2341/2944 571/749/1390 572/750/1392 2153/2342/2945
f 2153/2342/2945 572/750/1392 573/751/1394 2154/2343/2946
f 2154/2343/2946 573/751/1394 574/752/1396 2155/2344/2947
f 574/752/1396 575/383/1397 576/753/1447 2155/2344/2947
f 2155/2344/2947 576/753/1447 577/754/1449 2156/2345/2948
f 2156/2345/2948 577/754/1449 578/755/1451 2157/2346/2949
f 2157/2346/2949 578/755/1451 579/756/1453 2158/2347/2950
f 2158/2347/2950 579/756/1453 580/757/1455 2159/2348/2951
f 2159/2348/2951 580/757/1455 581/758/1457 2160/2349/2952
f 2160/2349/2952 581/758/1457 582/759/1459 2161/2350/2953
f 2161/2350/2953 582/759/1459 583/760/1461 2162/2351/2954
f 2162/2351/2954 583/760/1461 584/761/1463 2163/2352/2955
f 2163/2352/2955 584/761/1463 585/762/1465 2164/2353/2956
f 2164/2353/2956 585/762/1465 586/763/1467 2165/2354/2957
f 586/763/1467 527/384/1422 587/764/1514 2165/2354/2957
f 2165/2354/2957 587/764/1514 588/765/1512 2166/2355/2958
f 2166/2355/2958 588/765/1512 589/766/1510 2167/2356/2959
f 2167/2356/2959 589/766/1510 590/767/1508 2168/2357/2960
f 2168/2357/2960 590/767/1508 591/768/1506 2169/2358/2961
f 2169/2358/2961 591/768/1506 592/769/1504 2170/2359/2962
f 2170/2359/2962 592/769/1504 593/770/1502 2171/2360/2963
f 2171/2360/2963 593/770/1502 594/771/1500 2172/2361/2964
f 2172/2361/2964 594/771/1500 595/772/1498 2173/2362/2965
f 2173/2362/2965 595/772/1498 596/773/1496 2174/2363/2966
f 2174/2363/2966 596/773/1496 597/774/1493 2135/2324/2927
f 2174/2363/2966 2135/2324/2927 2136/2325/2928 2175/2364/2967
f 2175/2364/2967 2136/2325/2928 2137/2326/2929 2176/2365/2968
f 2176/2365/2968 2137/2326/2929 2138/2327/2930 2177/2366/2969
f 2177/2366/2969 2138/2327/2930 2139/2328/2931 2178/2367/2970
f 2178/2367/2970 2139/2328/2931 2140/2329/2932 2179/2368/2971
f 2179/2368/2971 2140/2329/2932 2141/2330/2933 2180/2369/2972
f 2180/2369/2972 2141/2330/2933 2142/2331/2934 2181/2370/2973
f 2181/2370/2973 2142/2331/2934 2143/2332/2935 2182/2371/2974
f 2182/2371/2974 2143/2332/2935 2144/2333/2936 2183/2372/2975
f 2144/2333/2936 2145/2334/2937 2146/2335/2938 2183/2372/2975
f 2183/2372/2975 2146/2335/2938 2147/2336/2939 2184/2373/2976
f 2184/2373/2976 2147/2336/2939 2148/2337/2940 2185/2374/2977
f 2185/2374/2977 2148/2337/2940 2149/2338/2941 2186/2375/2978
f 2186/2375/2978 2149/2338/2941 2150/2339/2942 2187/2376/2979
f 2187/2376/2979 2150/2339/2942 2151/2340/2943 2188/2377/2980
f 2188/2377/2980 2151/2340/2943 2152/2341/2944 2189/2378/2981
f 2189/2378/2981 2152/2341/2944 2153/2342/2945 2190/2379/2982
f 2190/2379/2982 2153/2342/2945 2154/2343/2946 2191/2380/2983
f 2154/2343/2946 2155/2344/2947 2156/2345/2948 2191/2380/2983
f 2191/2380/2983 2156/2345/2948 2157/2346/2949 2192/2381/2984
f 2192/2381/2984 2157/2346/2949 2158/2347/2950 2193/2382/2985
f 2193/2382/2985 2158/2347/2950 2159/2348/2951 2194/2383/2986
f 2194/2383/2986 2159/2348/2951 2160/2349/2952 2195/2384/2987
f 2195/2384/2987 2160/2349/2952 2161/2350/2953 2196/2385/2988
f 2196/2385/2988 2161/2350/2953 2162/2351/2954 2197/2386/2989
f 2197/2386/2989 2162/2351/2954 2163/2352/2955 2198/2387/2990
f 2198/2387/2990 2163/2352/2955 2164/2353/2956 2199/2388/2991
f 2164/2353/2956 2165/2354/2957 2166/2355/2958 2199/2388/2991
f 2199/2388/2991 2166/2355/2958 2167/2356/2959 2200/2389/2992
f 2200/2389/2992 2167/2356/2959 2168/2357/2960 2201/2390/2993
f 2201/2390/2993 2168/2357/2960 2169/2358/2961 2202/2391/2994
f 2202/2391/2994 2169/2358/2961 2170/2359/2962 2203/2392/2995
f 2203/2392/2995 2170/2359/2962 2171/2360/2963 2204/2393/2996
f 2204/2393/2996 2171/2360/2963 2172/2361/2964 2205/2394/2997
f 2205/2394/2997 2172/2361/2964 2173/2362/2965 2206/2395/2998
f 2206/2395/2998 2173/2362/2965 2174/2363/2966 2175/2364/2967
f 2206/2395/2998 2175/2364/2967 2176/2365/2968 2207/2396/2999
f 2207/2396/2999 2176/2365/2968 2177/2366/2969 2208/2397/3000
f 2208/2397/3000 2177/2366/2969 2178/2367/2970 2209/2398/3001
f 2209/2398/3001 2178/2367/2970 2179/2368/2971 2210/2399/3002
f 2210/2399/3002 2179/2368/2971 2180/2369/2972 2211/2400/3003
f 2211/2400/3003 2180/2369/2972 2181/2370/2973 2212/2401/3004
f 2212/2401/3004 2181/2370/2973 2182/2371/2974 2213/2402/3005
f 2182/2371/2974 2183/2372/2975 2184/2373/2976 2213/2402/3005
f 2213/2402/3005 2184/2373/2976 2185/2374/2977 2214/2403/3006
f 2214/2403/3006 2185/2374/2977 2186/2375/2978 2215/2404/3007
f 2215/2404/3007 2186/2375/2978 2187/2376/2979 2216/2405/3008
f 2216/2405/3008 2187/2376/2979 2188/2377/2980 2217/2406/3009
f 2217/2406/3009 2188/2377/2980 2189/2378/2981 2218/2407/3010
f 2218/2407/3010 2189/2378/2981 2190/2379/2982 2219/2408/3011
f 2190/2379/2982 2191/2380/2983 2192/2381/2984 2219/2408/3011
f 2219/2408/3011 2192/2381/2984 2193/2382/2985 2220/2409/3012
f 2220/2409/3012 2193/2382/2985 2194/2383/2986 2221/2410/3013
f 2221/2410/3013 2194/2383/2986 2195/2384/2987 2222/2411/3014
f 2222/2411/3014 2195/2384/2987 2196/2385/2988 2223/2412/3015
f 2223/2412/3015 2196/2385/2988 2197/2386/2989 2224/2413/3016
f 2224/2413/3016 2197/2386/2989 2198/2387/2990 2225/2414/3017
f 2198/2387/2990 2199/2388/2991 2200/2389/2992 2225/2414/3017
f 2225/2414/3017 2200/2389/2992 2201/2390/2993 2226/2415/3018
f 2226/2415/3018 2201/2390/2993 2202/2391/2994 2227/2416/3019
f 2227/2416/3019 2202/2391/2994 2203/2392/2995 2228/2417/3020
f 2228/2417/3020 2203/2392/2995 2204/2393/2996 2229/2418/3021
f 2229/2418/3021 2204/2393/2996 2205/2394/2997 2230/2419/3022
f 2230/2419/3022 2205/2394/2997 2206/2395/2998 2207/2396/2999
f 2230/2419/3022 2207/2396/2999 2208/2397/3000 2231/2420/3023
f 2231/2420/3023 2208/2397/3000 2209/2398/3001 2232/2421/3024
f 2232/2421/3024 2209/2398/3001 2210/2399/3002 2233/2422/3025
f 2233/2422/3025 2210/2399/3002 2211/2400/3003 2234/2423/3026
f 2234/2423/3026 2211/2400/3003 2212/2401/3004 2235/2424/3027
f 2212/2401/3004 2213/2402/3005 2214/2403/3006 2235/2424/3027
f 2235/2424/3027 2214/2403/3006 2215/2404/3007 2236/2425/3028
f 2236/2425/3028 2215/2404/3007 2216/2405/3008 2237/2426/3029
f 2237/2426/3029 2216/2405/3008 2217/2406/3009 2238/2427/3030
f 2238/2427/3030 2217/2406/3009 2218/2407/3010 2239/2428/3031
f 2218/2407/3010 2219/2408/3011 2220/2409/3012 2239/2428/3031
f 2239/2428/3031 2220/2409/3012 2221/2410/3013 2240/2429/3032
f 2240/2429/3032 2221/2410/3013 2222/2411/3014 2241/2430/3033
f 2241/2430/3033 2222/2411/3014 2223/2412/3015 2242/2431/3034
f 2242/2431/3034 2223/2412/3015 2224/2413/3016 2243/2432/3035
f 2224/2413/3016 2225/2414/3017 2226/2415/3018 2243/2432/3035
f 2243/2432/3035 2226/2415/3018 2227/2416/3019 2244/2433/3036
f 2244/2433/3036 2227/2416/3019 2228/2417/3020 2245/2434/3037
f 2245/2434/3037 2228/2417/3020 2229/2418/3021 2246/2435/3038
f 2246/2435/3038 2229/2418/3021 2230/2419/3022 2231/2420/3023
f 2246/2435/3038 2231/2420/3023 2232/2421/3024 2247/2436/3039
f 2247/2436/3039 2232/2421/3024 2233/2422/3025 2248/2437/3040
f 2248/2437/3040 2233/2422/3025 2234/2423/3026 2249/2438/3041
f 2234/2423/3026 2235/2424/3027 2236/2425/3028 2249/2438/3041
f 2249/2438/3041 2236/2425/3028 2237/2426/3029 2250/2439/3042
f 2250/2439/3042 2237/2426/3029 2238/2427/3030 2251/2440/3043
f 2238/2427/3030 2239/2428/3031 2240/2429/3032 2251/2440/3043
f 2251/2440/3043 2240/2429/3032 2241/2430/3033 2252/2441/3044
f 2252/2441/3044 2241/2430/3033 2242/2431/3034 2253/2442/3045
f 2242/2431/3034 2243/2432/3035 2244/2433/3036 2253/2442/3045
f 2253/2442/3045 2244/2433/3036 2245/2434/3037 2254/2443/3046
f 2254/2443/3046 2245/2434/3037 2246/2435/3038 2247/2436/3039
f 2254/2443/3046 2247/2436/3039 2248/2437/3040 2255/2444/3047
f 2248/2437/3040 2249/2438/3041 2250/2439/3042 2255/2444/3047
f 2250/2439/3042 2251/2440/3043 2252/2441/3044 2255/2444/3047
f 2252/2441/3044 2253/2442/3045 2254/2443/3046 2255/2444/3047
f 645/818/1371 646/385/1373 599/775/1538 2256/2445/3048
f 2256/2445/3048 599/775/1538 600/776/1536 2257/2446/3049
f 2257/2446/3049 600/776/1536 601/777/1534 2258/2447/3050
f 2258/2447/3050 601/777/1534 602/778/1532 2259/2448/3051
f 2259/2448/3051 602/778/1532 603/779/1530 2260/2449/3052
f 2260/2449/3052 603/779/1530 604/780/1528 2261/2450/3053
f 2261/2450/3053 604/780/1528 605/781/1526 2262/2451/3054
f 2262/2451/3054 605/781/1526 606/782/1524 2263/2452/3055
f 2263/2452/3055 606/782/1524 607/783/1522 2264/2453/3056
f 2264/2453/3056 607/783/1522 608/784/1520 2265/2454/3057
f 2265/2454/3057 608/784/1520 609/785/1517 2266/2455/3058
f 609/785/1517 610/387/1516 611/786/1562 2266/2455/3058
f 2266/2455/3058 611/786/1562 612/787/1560 2267/2456/3059
f 2267/2456/3059 612/787/1560 613/788/1558 2268/2457/3060
f 2268/2457/3060 613/788/1558 614/789/1556 2269/2458/3061
f 2269/2458/3061 614/789/1556 615/790/1554 2270/2459/3062
f 2270/2459/3062 615/790/1554 616/791/1552 2271/2460/3063
f 2271/2460/3063 616/791/1552 617/792/1550 2272/2461/3064
f 2272/2461/3064 617/792/1550 618/793/1548 2273/2462/3065
f 2273/2462/3065 618/793/1548 619/794/1546 2274/2463/3066
f 2274/2463/3066 619/794/1546 620/795/1544 2275/2464/3067
f 2275/2464/3067 620/795/1544 621/796/1541 2276/2465/3068
f 621/796/1541 622/389/1540 623/797/1585 2276/2465/3068
f 2276/2465/3068 623/797/1585 624/798/1583 2277/2466/3069
f 2277/2466/3069 624/798/1583 625/799/1581 2278/2467/3070
f 2278/2467/3070 625/799/1581 626/800/1579 2279/2468/3071
f 2279/2468/3071 626/800/1579 627/801/1577 2280/2469/3072
f 2280/2469/3072 627/801/1577 628/802/1575 2281/2470/3073
f 2281/2470/3073 628/802/1575 629/803/1573 2282/2471/3074
f 2282/2471/3074 629/803/1573 630/804/1571 2283/2472/3075
f 2283/2472/3075 630/804/1571 631/805/1569 2284/2473/3076
f 2284/2473/3076 631/805/1569 632/806/1567 2285/2474/3077
f 2285/2474/3077 632/806/1567 633/807/1565 2286/2475/3078
f 633/807/1565 634/433/1351 635/808/1350 2286/2475/3078
f 2286/2475/3078 635/808/1350 636/809/1353 2287/2476/3079
f 2287/2476/3079 636/809/1353 637/810/1355 2288/2477/3080
f 2288/2477/3080 637/810/1355 638/811/1357 2289/2478/3081
f 2289/2478/3081 638/811/1357 639/812/1359 2290/2479/3082
f 2290/2479/3082 639/812/1359 640/813/1361 2291/2480/3083
f 2291/2480/3083 640/813/1361 641/814/1363 2292/2481/3084
f 2292/2481/3084 641/814/1363 642/815/1365 2293/2482/3085
f 2293/2482/3085 642/815/1365 643/816/1367 2294/2483/3086
f 2294/2483/3086 643/816/1367 644/817/1369 2295/2484/3087
f 2295/2484/3087 644/817/1369 645/818/1371 2256/2445/3048
f 2295/2484/3087 2256/2445/3048 2257/2446/3049 2296/2485/3088
f 2296/2485/3088 2257/2446/3049 2258/2447/3050 2297/2486/3089
f 2297/2486/3089 2258/2447/3050 2259/2448/3051 2298/2487/3090
f 2298/2487/3090 2259/2448/3051 2260/2449/3052 2299/2488/3091
f 2299/2488/3091 2260/2449/3052 2261/2450/3053 2300/2489/3092
f 2300/2489/3092 2261/2450/3053 2262/2451/3054 2301/2490/3093
f 2301/2490/3093 2262/2451/3054 2263/2452/3055 2302/2491/3094
f 2302/2491/3094 2263/2452/3055 2264/2453/3056 2303/2492/3095
f 2303/2492/3095 2264/2453/3056 2265/2454/3057 2304/2493/3096
f 2265/2454/3057 2266/2455/3058 2267/2456/3059 2304/2493/3096
f 2304/2493/3096 2267/2456/3059 2268/2457/3060 2305/2494/3097
f 2305/2494/3097 2268/2457/3060 2269/2458/3061 2306/2495/3098
f 2306/2495/3098 2269/2458/3061 2270/2459/3062 2307/2496/3099
f 2307/2496/3099 2270/2459/3062 2271/2460/3063 2308/2497/3100
f 2308/2497/3100 2271/2460/3063 2272/2461/3064 2309/2498/3101
f 2309/2498/3101 2272/2461/3064 2273/2462/3065 2310/2499/3102
f 2310/2499/3102 2273/2462/3065 2274/2463/3066 2311/2500/3103
f 2311/2500/3103 2274/2463/3066 2275/2464/3067 2312/2501/3104
f 2275/2464/3067 2276/2465/3068 2277/2466/3069 2312/2501/3104
f 2312/2501/3104 2277/2466/3069 2278/2467/3070 2313/2502/3105
f 2313/2502/3105 2278/2467/3070 2279/2468/3071 2314/2503/3106
f 2314/2503/3106 2279/2468/3071 2280/2469/3072 2315/2504/3107
f 2315/2504/3107 2280/2469/3072 2281/2470/3073 2316/2505/3108
f 2316/2505/3108 2281/2470/3073 2282/2471/3074 2317/2506/3109
f 2317/2506/3109 2282/2471/3074 2283/2472/3075 2318/2507/3110
f 2318/2507/3110 2283/2472/3075 2284/2473/3076 2319/2508/3111
f 2319/2508/3111 2284/2473/3076 2285/2474/3077 2320/2509/3112
f 2285/2474/3077 2286/2475/3078 2287/2476/3079 2320/2509/3112
f 2320/2509/3112 2287/2476/3079 2288/2477/3080 2321/2510/3113
f 2321/2510/3113 2288/2477/3080 2289/2478/3081 2322/2511/3114
f 2322/2511/3114 2289/2478/3081 2290/2479/3082 2323/2512/3115
f 2323/2512/3115 2290/2479/3082 2291/2480/3083 2324/2513/3116
f 2324/2513/3116 2291/2480/3083 2292/2481/3084 2325/2514/3117
f 2325/2514/3117 2292/2481/3084 2293/2482/3085 2326/2515/3118
f 2326/2515/3118 2293/2482/3085 2294/2483/3086 2327/2516/3119
f 2327/2516/3119 2294/2483/3086 2295/2484/3087 2296/2485/3088
f 2327/2516/3119 2296/2485/3088 2297/2486/3089 2328/2517/3120
f 2328/2517/3120 2297/2486/3089 2298/2487/3090 2329/2518/3121
f 2329/2518/3121 2298/2487/3090 2299/2488/3091 2330/2519/3122
f 2330/2519/3122 2299/2488/3091 2300/2489/3092 2331/2520/3123
f 2331/2520/3123 2300/2489/3092 2301/2490/3093 2332/2521/3124
f 2332/2521/3124 2301/2490/3093 2302/2491/3094 2333/2522/3125
f 2333/2522/3125 2302/2491/3094 2303/2492/3095 2334/2523/3126
f 2303/2492/3095 2304/2493/3096 2305/2494/3097 2334/2523/3126
f 2334/2523/3126 2305/2494/3097 2306/2495/3098 2335/2524/3127
f 2335/2524/3127 2306/2495/3098 2307/2496/3099 2336/2525/3128
f 2336/2525/3128 2307/2496/3099 2308/2497/3100 2337/2526/3129
f 2337/2526/3129 2308/2497/3100 2309/2498/3101 2338/2527/3130
f 2338/2527/3130 2309/2498/3101 2310/2499/3102 2339/2528/3131
f 2339/2528/3131 2310/2499/3102 2311/2500/3103 2340/2529/3132
f 2311/2500/3103 2312/2501/3104 2313/2502/3105 2340/2529/3132
f 2340/2529/3132 2313/2502/3105 2314/2503/3106 2341/2530/3133
f 2341/2530/3133 2314/2503/3106 2315/2504/3107 2342/2531/3134
f 2342/2531/3134 2315/2504/3107 2316/2505/3108 2343/2532/3135
f 2343/2532/3135 2316/2505/3108 2317/2506/3109 2344/2533/3136
f 2344/2533/3136 2317/2506/3109 2318/2507/3110 2345/2534/3137
f 2345/2534/3137 2318/2507/3110 2319/2508/3111 2346/2535/3138
f 2319/2508/3111 2320/2509/3112 2321/2510/3113 2346/2535/3138
f 2346/2535/3138 2321/2510/3113 2322/2511/3114 2347/2536/3139
f 2347/2536/3139 2322/2511/3114 2323/2512/3115 2348/2537/3140
f 2348/2537/3140 2323/2512/3115 2324/2513/3116 2349/2538/3141
f 2349/2538/3141 2324/2513/3116 2325/2514/3117 2350/2539/3142
f 2350/2539/3142 2325/2514/3117 2326/2515/3118 2351/2540/3143
f 2351/2540/3143 2326/2515/3118 2327/2516/3119 2328/2517/3120
f 2351/2540/3143 2328/2517/3120 2329/2518/3121 2352/2541/3144
f 2352/2541/3144 2329/2518/3121 2330/2519/3122 2353/2542/3145
f 2353/2542/3145 2330/2519/3122 2331/2520/3123 2354/2543/3146
f 2354/2543/3146 2331/2520/3123 2332/2521/3124 2355/2544/3147
f 2355/2544/3147 2332/2521/3124 2333/2522/3125 2356/2545/3148
f 2333/2522/3125 2334/2523/3126 2335/2524/3127 2356/2545/3148
f 2356/2545/3148 2335/2524/3127 2336/2525/3128 2357/2546/3149
f 2357/2546/3149 2336/2525/3128 2337/2526/3129 2358/2547/3150
f 2358/2547/3150 2337/2526/3129 2338/2527/3130 2359/2548/3151
f 2359/2548/3151 2338/2527/3130 2339/2528/3131 2360/2549/3152
f 2339/2528/3131 2340/2529/3132 2341/2530/3133 2360/2549/3152
f 2360/2549/3152 2341/2530/3133 2342/2531/3134 2361/2550/3153
f 2361/2550/3153 2342/2531/3134 2343/2532/3135 2362/2551/3154
f 2362/2551/3154 2343/2532/3135 2344/2533/3136 2363/2552/3155
f 2363/2552/3155 2344/2533/3136 2345/2534/3137 2364/2553/3156
f 2345/2534/3137 2346/2535/3138 2347/2536/3139 2364/2553/3156
f 2364/2553/3156 2347/2536/3139 2348/2537/3140 2365/2554/3157
f 2365/2554/3157 2348/2537/3140 2349/2538/3141 2366/2555/3158
f 2366/2555/3158 2349/2538/3141 2350/2539/3142 2367/2556/3159
f 2367/2556/3159 2350/2539/3142 2351/2540/3143 2352/2541/3144
f 2367/2556/3159 2352/2541/3144 2353/2542/3145 2368/2557/3160
f 2368/2557/3160 2353/2542/3145 2354/2543/3146 2369/2558/3161
f 2369/2558/3161 2354/2543/3146 2355/2544/3147 2370/2559/3162
f 2355/2544/3147 2356/2545/3148 2357/2546/3149 2370/2559/3162
f 2370/2559/3162 2357/2546/3149 2358/2547/3150 2371/2560/3163
f 2371/2560/3163 2358/2547/3150 2359/2548/3151 2372/2561/3164
f 2359/2548/3151 2360/2549/3152 2361/2550/3153 2372/2561/3164
f 2372/2561/3164 2361/2550/3153 2362/2551/3154 2373/2562/3165
f 2373/2562/3165 2362/2551/3154 2363/2552/3155 2374/2563/3166
f 2363/2552/3155 2364/2553/3156 2365/2554/3157 2374/2563/3166
f 2374/2563/3166 2365/2554/3157 2366/2555/3158 2375/2564/3167
f 2375/2564/3167 2366/2555/3158 2367/2556/3159 2368/2557/3160
f 2375/2564/3167 2368/2557/3160 2369/2558/3161 2376/2565/3168
f 2369/2558/3161 2370/2559/3162 2371/2560/3163 2376/2565/3168
f 2371/2560/3163 2372/2561/3164 2373/2562/3165 2376/2565/3168
f 2373/2562/3165 2374/2563/3166 2375/2564/3167 2376/2565/3168
f 693/864/1612 694/438/1610 647/819/1608 2377/2566/3169
f 2377/2566/3169 647/819/1608 648/820/1606 2378/2567/3170
f 2378/2567/3170 648/820/1606 649/821/1604 2379/2568/3171
f 2379/2568/3171 649/821/1604 650/822/1602 2380/2569/3172
f 2380/2569/3172 650/822/1602 651/823/1600 2381/2570/3173
f 2381/2570/3173 651/823/1600 652/825/1598 2382/2572/3174
f 2382/2571/3174 652/824/1598 653/826/1596 2383/2573/3175
f 2383/2573/3175 653/826/1596 654/827/1594 2384/2574/3176
f 2384/2574/3176 654/827/1594 655/828/1592 2385/2575/3177
f 2385/2575/3177 655/828/1592 656/829/1590 2386/2576/3178
f 2386/2576/3178 656/829/1590 657/830/1588 2387/2577/3179
f 657/830/1588 658/456/1160 659/831/1159 2387/2577/3179
f 2387/2577/3179 659/831/1159 660/832/1162 2388/2578/3180
f 2388/2578/3180 660/832/1162 661/833/1164 2389/2579/3181
f 2389/2579/3181 661/833/1164 662/834/1166 2390/2580/3182
f 2390/2580/3182 662/834/1166 663/835/1168 2391/2581/3183
f 2391/2581/3183 663/835/1168 664/836/1170 2392/2582/3184
f 2392/2582/3184 664/836/1170 665/837/1172 2393/2583/3185
f 2393/2583/3185 665/837/1172 666/838/1174 2394/2584/3186
f 2394/2584/3186 666/838/1174 667/839/1176 2395/2585/3187
f 2395/2585/3187 667/839/1176 668/840/1178 2396/2586/3188
f 2396/2586/3188 668/840/1178 669/841/1180 2397/2587/3189
f 669/841/1180 670/388/1182 671/842/1566 2397/2587/3189
f 2397/2587/3189 671/842/1566 672/843/1568 2398/2588/3190
f 2398/2588/3190 672/843/1568 673/844/1570 2399/2589/3191
f 2399/2589/3191 673/844/1570 674/845/1572 2400/2590/3192
f 2400/2590/3192 674/845/1572 675/846/1574 2401/2591/3193
f 2401/2591/3193 675/846/1574 676/847/1576 2402/2592/3194
f 2402/2592/3194 676/847/1576 677/848/1578 2403/2593/3195
f 2403/2593/3195 677/848/1578 678/849/1580 2404/2594/3196
f 2404/2594/3196 678/849/1580 679/850/1582 2405/2595/3197
f 2405/2595/3197 679/850/1582 680/851/1584 2406/2596/3198
f 2406/2596/3198 680/851/1584 681/852/1586 2407/2597/3199
f 681/852/1586 682/391/1587 683/853/1633 2407/2597/3199
f 2407/2597/3199 683/853/1633 684/854/1631 2408/2598/3200
f 2408/2598/3200 684/854/1631 685/855/1629 2409/2599/3201
f 2409/2599/3201 685/855/1629 686/856/1627 2410/2600/3202
f 2410/2600/3202 686/856/1627 687/857/1625 2411/2601/3203
f 2411/2601/3203 687/857/1625 688/859/1623 2412/2603/3204
f 2412/2602/3204 688/858/1623 689/860/1621 2413/2604/3205
f 2413/2604/3205 689/860/1621 690/861/1619 2414/2605/3206
f 2414/2605/3206 690/861/1619 691/862/1617 2415/2606/3207
f 2415/2606/3207 691/862/1617 692/863/1615 2416/2607/3208
f 2416/2607/3208 692/863/1615 693/864/1612 2377/2566/3169
f 2416/2607/3208 2377/2566/3169 2378/2567/3170 2417/2608/3209
f 2417/2608/3209 2378/2567/3170 2379/2568/3171 2418/2609/3210
f 2418/2609/3210 2379/2568/3171 2380/2569/3172 2419/2610/3211
f 2419/2610/3211 2380/2569/3172 2381/2570/3173 2420/2611/3212
f 2420/2611/3212 2381/2570/3173 2382/2572/3174 2421/2613/3213
f 2421/2612/3213 2382/2571/3174 2383/2573/3175 2422/2614/3214
f 2422/2614/3214 2383/2573/3175 2384/2574/3176 2423/2615/3215
f 2423/2615/3215 2384/2574/3176 2385/2575/3177 2424/2616/3216
f 2424/2616/3216 2385/2575/3177 2386/2576/3178 2425/2617/3217
f 2386/2576/3178 2387/2577/3179 2388/2578/3180 2425/2617/3217
f 2425/2617/3217 2388/2578/3180 2389/2579/3181 2426/2618/3218
f 2426/2618/3218 2389/2579/3181 2390/2580/3182 2427/2619/3219
f 2427/2619/3219 2390/2580/3182 2391/2581/3183 2428/2620/3220
f 2428/2620/3220 2391/2581/3183 2392/2582/3184 2429/2621/3221
f 2429/2621/3221 2392/2582/3184 2393/2583/3185 2430/2622/3222
f 2430/2622/3222 2393/2583/3185 2394/2584/3186 2431/2623/3223
f 2431/2623/3223 2394/2584/3186 2395/2585/3187 2432/2624/3224
f 2432/2624/3224 2395/2585/3187 2396/2586/3188 2433/2625/3225
f 2396/2586/3188 2397/2587/3189 2398/2588/3190 2433/2625/3225
f 2433/2625/3225 2398/2588/3190 2399/2589/3191 2434/2626/3226
f 2434/2626/3226 2399/2589/3191 2400/2590/3192 2435/2627/3227
f 2435/2627/3227 2400/2590/3192 2401/2591/3193 2436/2628/3228
f 2436/2628/3228 2401/2591/3193 2402/2592/3194 2437/2629/3229
f 2437/2629/3229 2402/2592/3194 2403/2593/3195 2438/2630/3230
f 2438/2630/3230 2403/2593/3195 2404/2594/3196 2439/2631/3231
f 2439/2631/3231 2404/2594/3196 2405/2595/3197 2440/2632/3232
f 2440/2632/3232 2405/2595/3197 2406/2596/3198 2441/2633/3233
f 2406/2596/3198 2407/2597/3199 2408/2598/3200 2441/2633/3233
f 2441/2633/3233 2408/2598/3200 2409/2599/3201 2442/2634/3234
f 2442/2634/3234 2409/2599/3201 2410/2600/3202 2443/2635/3235
f 2443/2635/3235 2410/2600/3202 2411/2601/3203 2444/2636/3236
f 2444/2636/3236 2411/2601/3203 2412/2603/3204 2445/2638/3237
f 2445/2637/3237 2412/2602/3204 2413/2604/3205 2446/2639/3238
f 2446/2639/3238 2413/2604/3205 2414/2605/3206 2447/2640/3239
f 2447/2640/3239 2414/2605/3206 2415/2606/3207 2448/2641/3240
f 2448/2641/3240 2415/2606/3207 2416/2607/3208 2417/2608/3209
f 2448/2641/3240 2417/2608/3209 2418/2609/3210 2449/2642/3241
f 2449/2642/3241 2418/2609/3210 2419/2610/3211 2450/2643/3242
f 2450/2643/3242 2419/2610/3211 2420/2611/3212 2451/2644/3243
f 2451/2644/3243 2420/2611/3212 2421/2613/3213 2452/2646/3244
f 2452/2645/3244 2421/2612/3213 2422/2614/3214 2453/2647/3245
f 2453/2647/3245 2422/2614/3214 2423/2615/3215 2454/2648/3246
f 2454/2648/3246 2423/2615/3215 2424/2616/3216 2455/2649/3247
f 2424/2616/3216 2425/2617/3217 2426/2618/3218 2455/2649/3247
f 2455/2649/3247 2426/2618/3218 2427/2619/3219 2456/2650/3248
f 2456/2650/3248 2427/2619/3219 2428/2620/3220 2457/2651/3249
f 2457/2651/3249 2428/2620/3220 2429/2621/3221 2458/2652/3250
f 2458/2652/3250 2429/2621/3221 2430/2622/3222 2459/2653/3251
f 2459/2653/3251 2430/2622/3222 2431/2623/3223 2460/2654/3252
f 2460/2654/3252 2431/2623/3223 2432/2624/3224 2461/2655/3253
f 2432/2624/3224 2433/2625/3225 2434/2626/3226 2461/2655/3253
f 2461/2655/3253 2434/2626/3226 2435/2627/3227 2462/2656/3254
f 2462/2656/3254 2435/2627/3227 2436/2628/3228 2463/2657/3255
f 2463/2657/3255 2436/2628/3228 2437/2629/3229 2464/2658/3256
f 2464/2658/3256 2437/2629/3229 2438/2630/3230 2465/2659/3257
f 2465/2659/3257 2438/2630/3230 2439/2631/3231 2466/2660/3258
f 2466/2660/3258 2439/2631/3231 2440/2632/3232 2467/2661/3259
f 2440/2632/3232 2441/2633/3233 2442/2634/3234 2467/2661/3259
f 2467/2661/3259 2442/2634/3234 2443/2635/3235 2468/2662/3260
f 2468/2662/3260 2443/2635/3235 2444/2636/3236 2469/2663/3261
f 2469/2663/3261 2444/2636/3236 2445/2638/3237 2470/2665/3262
f 2470/2664/3262 2445/2637/3237 2446/2639/3238 2471/2666/3263
f 2471/2666/3263 2446/2639/3238 2447/2640/3239 2472/2667/3264
f 2472/2667/3264 2447/2640/3239 2448/2641/3240 2449/2642/3241
f 2472/2667/3264 2449/2642/3241 2450/2643/3242 2473/2668/3265
f 2473/2668/3265 2450/2643/3242 2451/2644/3243 2474/2669/3266
f 2474/2669/3266 2451/2644/3243 2452/2646/3244 2475/2671/3267
f 2475/2670/3267 2452/2645/3244 2453/2647/3245 2476/2672/3268
f 2476/2672/3268 2453/2647/3245 2454/2648/3246 2477/2673/3269
f 2454/2648/3246 2455/2649/3247 2456/2650/3248 2477/2673/3269
f 2477/2673/3269 2456/2650/3248 2457/2651/3249 2478/2674/3270
f 2478/2674/3270 2457/2651/3249 2458/2652/3250 2479/2675/3271
f 2479/2675/3271 2458/2652/3250 2459/2653/3251 2480/2676/3272
f 2480/2676/3272 2459/2653/3251 2460/2654/3252 2481/2677/3273
f 2460/2654/3252 2461/2655/3253 2462/2656/3254 2481/2677/3273
f 2481/2677/3273 2462/2656/3254 2463/2657/3255 2482/2678/3274
f 2482/2678/3274 2463/2657/3255 2464/2658/3256 2483/2679/3275
f 2483/2679/3275 2464/2658/3256 2465/2659/3257 2484/2680/3276
f 2484/2680/3276 2465/2659/3257 2466/2660/3258 2485/2681/3277
f 2466/2660/3258 2467/2661/3259 2468/2662/3260 2485/2681/3277
f 2485/2681/3277 2468/2662/3260 2469/2663/3261 2486/2682/3278
f 2486/2682/3278 2469/2663/3261 2470/2665/3262 2487/2684/3279
f 2487/2683/3279 2470/2664/3262 2471/2666/3263 2488/2685/3280
f 2488/2685/3280 2471/2666/3263 2472/2667/3264 2473/2668/3265
f 2488/2685/3280 2473/2668/3265 2474/2669/3266 2489/2686/3281
f 2489/2686/3281 2474/2669/3266 2475/2671/3267 2490/2688/3282
f 2490/2687/3282 2475/2670/3267 2476/2672/3268 2491/2689/3283
f 2476/2672/3268 2477/2673/3269 2478/2674/3270 2491/2689/3283
f 2491/2689/3283 2478/2674/3270 2479/2675/3271 2492/2690/3284
f 2492/2690/3284 2479/2675/3271 2480/2676/3272 2493/2691/3285
f 2480/2676/3272 2481/2677/3273 2482/2678/3274 2493/2691/3285
f 2493/2691/3285 2482/2678/3274 2483/2679/3275 2494/2692/3286
f 2494/2692/3286 2483/2679/3275 2484/2680/3276 2495/2693/3287
f 2484/2680/3276 2485/2681/3277 2486/2682/3278 2495/2693/3287
f 2495/2693/3287 2486/2682/3278 2487/2684/3279 2496/2695/3288
f 2496/2694/3288 2487/2683/3279 2488/2685/3280 2489/2686/3281
f 2496/2694/3288 2489/2686/3281 2490/2688/3282 2497/2697/3289
f 2490/2687/3282 2491/2689/3283 2492/2690/3284 2497/2696/3289
f 2492/2690/3284 2493/2691/3285 2494/2692/3286 2497/2696/3289
f 2494/2692/3286 2495/2693/3287 2496/2695/3288 2497/2696/3289
f 740/910/1660 741/454/1658 695/865/1656 2498/2698/3290
f 2498/2698/3290 695/865/1656 696/866/1654 2499/2699/3291
f 2499/2699/3291 696/866/1654 697/867/1652 2500/2700/3292
f 2500/2700/3292 697/867/1652 698/868/1650 2501/2701/3293
f 2501/2701/3293 698/868/1650 699/869/1648 2502/2702/3294
f 2502/2702/3294 699/869/1648 700/870/1646 2503/2703/3295
f 2503/2703/3295 700/870/1646 701/871/1644 2504/2704/3296
f 2504/2704/3296 701/871/1644 702/872/1642 2505/2705/3297
f 2505/2705/3297 702/872/1642 703/873/1640 2506/2706/3298
f 2506/2706/3298 703/873/1640 704/874/1638 2507/2707/3299
f 2507/2707/3299 704/874/1638 705/875/1635 2508/2708/3300
f 705/875/1635 706/436/1495 707/876/1494 2508/2708/3300
f 2508/2708/3300 707/876/1494 708/877/1497 2509/2709/3301
f 2509/2709/3301 708/877/1497 709/878/1499 2510/2710/3302
f 2510/2710/3302 709/878/1499 710/879/1501 2511/2711/3303
f 2511/2711/3303 710/879/1501 711/880/1503 2512/2712/3304
f 2512/2712/3304 711/880/1503 712/881/1505 2513/2713/3305
f 2513/2713/3305 712/881/1505 713/882/1507 2514/2714/3306
f 2514/2714/3306 713/882/1507 714/883/1509 2515/2715/3307
f 2515/2715/3307 714/883/1509 715/884/1511 2516/2716/3308
f 2516/2716/3308 715/884/1511 716/885/1513 2517/2717/3309
f 2517/2717/3309 716/885/1513 717/886/1515 2518/2718/3310
f 717/886/1515 527/384/1422 718/887/1424 2518/2718/3310
f 2518/2718/3310 718/887/1424 719/888/1426 2519/2719/3311
f 2519/2719/3311 719/888/1426 720/889/1428 2520/2720/3312
f 2520/2720/3312 720/889/1428 721/890/1430 2521/2721/3313
f 2521/2721/3313 721/890/1430 722/891/1432 2522/2722/3314
f 2522/2722/3314 722/891/1432 723/893/1434 2523/2724/3315
f 2523/2723/3315 723/892/1434 724/894/1436 2524/2725/3316
f 2524/2725/3316 724/894/1436 725/895/1438 2525/2726/3317
f 2525/2726/3317 725/895/1438 726/896/1440 2526/2727/3318
f 2526/2727/3318 726/896/1440 727/897/1442 2527/2728/3319
f 2527/2728/3319 727/897/1442 728/898/1444 2528/2729/3320
f 728/898/1444 729/393/1445 730/899/1681 2528/2729/3320
f 2528/2729/3320 730/899/1681 731/900/1679 2529/2730/3321
f 2529/2730/3321 731/900/1679 732/901/1677 2530/2731/3322
f 2530/2731/3322 732/901/1677 733/902/1675 2531/2732/3323
f 2531/2732/3323 733/902/1675 734/903/1673 2532/2733/3324
f 2532/2733/3324 734/903/1673 735/905/1671 2533/2735/3325
f 2533/2734/3325 735/904/1671 736/906/1669 2534/2736/3326
f 2534/2736/3326 736/906/1669 737/907/1667 2535/2737/3327
f 2535/2737/3327 737/907/1667 738/908/1665 2536/2738/3328
f 2536/2738/3328 738/908/1665 739/909/1663 2537/2739/3329
f 2537/2739/3329 739/909/1663 740/910/1660 2498/2698/3290
f 2537/2739/3329 2498/2698/3290 2499/2699/3291 2538/2740/3330
f 2538/2740/3330 2499/2699/3291 2500/2700/3292 2539/2741/3331
f 2539/2741/3331 2500/2700/3292 2501/2701/3293 2540/2742/3332
f 2540/2742/3332 2501/2701/3293 2502/2702/3294 2541/2743/3333
f 2541/2743/3333 2502/2702/3294 2503/2703/3295 2542/2744/3334
f 2542/2744/3334 2503/2703/3295 2504/2704/3296 2543/2745/3335
f 2543/2745/3335 2504/2704/3296 2505/2705/3297 2544/2746/3336
f 2544/2746/3336 2505/2705/3297 2506/2706/3298 2545/2747/3337
f 2545/2747/3337 2506/2706/3298 2507/2707/3299 2546/2748/3338
f 2507/2707/3299 2508/2708/3300 2509/2709/3301 2546/2748/3338
f 2546/2748/3338 2509/2709/3301 2510/2710/3302 2547/2749/3339
f 2547/2749/3339 2510/2710/3302 2511/2711/3303 2548/2750/3340
f 2548/2750/3340 2511/2711/3303 2512/2712/3304 2549/2751/3341
f 2549/2751/3341 2512/2712/3304 2513/2713/3305 2550/2752/3342
f 2550/2752/3342 2513/2713/3305 2514/2714/3306 2551/2753/3343
f 2551/2753/3343 2514/2714/3306 2515/2715/3307 2552/2754/3344
f 2552/2754/3344 2515/2715/3307 2516/2716/3308 2553/2755/3345
f 2553/2755/3345 2516/2716/3308 2517/2717/3309 2554/2756/3346
f 2517/2717/3309 2518/2718/3310 2519/2719/3311 2554/2756/3346
f 2554/2756/3346 2519/2719/3311 2520/2720/3312 2555/2757/3347
f 2555/2757/3347 2520/2720/3312 2521/2721/3313 2556/2758/3348
f 2556/2758/3348 2521/2721/3313 2522/2722/3314 2557/2759/3349
f 2557/2759/3349 2522/2722/3314 2523/2724/3315 2558/2761/3350
f 2558/2760/3350 2523/2723/3315 2524/2725/3316 2559/2762/3351
f 2559/2762/3351 2524/2725/3316 2525/2726/3317 2560/2763/3352
f 2560/2763/3352 2525/2726/3317 2526/2727/3318 2561/2764/3353
f 2561/2764/3353 2526/2727/3318 2527/2728/3319 2562/2765/3354
f 2527/2728/3319 2528/2729/3320 2529/2730/3321 2562/2765/3354
f 2562/2765/3354 2529/2730/3321 2530/2731/3322 2563/2766/3355
f 2563/2766/3355 2530/2731/3322 2531/2732/3323 2564/2767/3356
f 2564/2767/3356 2531/2732/3323 2532/2733/3324 2565/2768/3357
f 2565/2768/3357 2532/2733/3324 2533/2735/3325 2566/2770/3358
f 2566/2769/3358 2533/2734/3325 2534/2736/3326 2567/2771/3359
f 2567/2771/3359 2534/2736/3326 2535/2737/3327 2568/2772/3360
f 2568/2772/3360 2535/2737/3327 2536/2738/3328 2569/2773/3361
f 2569/2773/3361 2536/2738/3328 2537/2739/3329 2538/2740/3330
f 2569/2773/3361 2538/2740/3330 2539/2741/3331 2570/2774/3362
f 2570/2774/3362 2539/2741/3331 2540/2742/3332 2571/2775/3363
f 2571/2775/3363 2540/2742/3332 2541/2743/3333 2572/2776/3364
f 2572/2776/3364 2541/2743/3333 2542/2744/3334 2573/2777/3365
f 2573/2777/3365 2542/2744/3334 2543/2745/3335 2574/2778/3366
f 2574/2778/3366 2543/2745/3335 2544/2746/3336 2575/2779/3367
f 2575/2779/3367 2544/2746/3336 2545/2747/3337 2576/2780/3368
f 2545/2747/3337 2546/2748/3338 2547/2749/3339 2576/2780/3368
f 2576/2780/3368 2547/2749/3339 2548/2750/3340 2577/2781/3369
f 2577/2781/3369 2548/2750/3340 2549/2751/3341 2578/2782/3370
f 2578/2782/3370 2549/2751/3341 2550/2752/3342 2579/2783/3371
f 2579/2783/3371 2550/2752/3342 2551/2753/3343 2580/2784/3372
f 2580/2784/3372 2551/2753/3343 2552/2754/3344 2581/2785/3373
f 2581/2785/3373 2552/2754/3344 2553/2755/3345 2582/2786/3374
f 2553/2755/3345 2554/2756/3346 2555/2757/3347 2582/2786/3374
f 2582/2786/3374 2555/2757/3347 2556/2758/3348 2583/2787/3375
f 2583/2787/3375 2556/2758/3348 2557/2759/3349 2584/2788/3376
f 2584/2788/3376 2557/2759/3349 2558/2761/3350 2585/2790/3377
f 2585/2789/3377 2558/2760/3350 2559/2762/3351 2586/2791/3378
f 2586/2791/3378 2559/2762/3351 2560/2763/3352 2587/2792/3379
f 2587/2792/3379 2560/2763/3352 2561/2764/3353 2588/2793/3380
f 2561/2764/3353 2562/2765/3354 2563/2766/3355 2588/2793/3380
f 2588/2793/3380 2563/2766/3355 2564/2767/3356 2589/2794/3381
f 2589/2794/3381 2564/2767/3356 2565/2768/3357 2590/2795/3382
f 2590/2795/3382 2565/2768/3357 2566/2770/3358 2591/2797/3383
f 2591/2796/3383 2566/2769/3358 2567/2771/3359 2592/2798/3384
f 2592/2798/3384 2567/2771/3359 2568/2772/3360 2593/2799/3385
f 2593/2799/3385 2568/2772/3360 2569/2773/3361 2570/2774/3362
f 2593/2799/3385 2570/2774/3362 2571/2775/3363 2594/2800/3386
f 2594/2800/3386 2571/2775/3363 2572/2776/3364 2595/2801/3387
f 2595/2801/3387 2572/2776/3364 2573/2777/3365 2596/2802/3388
f 2596/2802/3388 2573/2777/3365 2574/2778/3366 2597/2803/3389
f 2597/2803/3389 2574/2778/3366 2575/2779/3367 2598/2804/3390
f 2575/2779/3367 2576/2780/3368 2577/2781/3369 2598/2804/3390
f 2598/2804/3390 2577/2781/3369 2578/2782/3370 2599/2805/3391
f 2599/2805/3391 2578/2782/3370 2579/2783/3371 2600/2806/3392
f 2600/2806/3392 2579/2783/3371 2580/2784/3372 2601/2807/3393
f 2601/2807/3393 2580/2784/3372 2581/2785/3373 2602/2808/3394
f 2581/2785/3373 2582/2786/3374 2583/2787/3375 2602/2808/3394
f 2602/2808/3394 2583/2787/3375 2584/2788/3376 2603/2809/3395
f 2603/2809/3395 2584/2788/3376 2585/2790/3377 2604/2811/3396
f 2604/2810/3396 2585/2789/3377 2586/2791/3378 2605/2812/3397
f 2605/2812/3397 2586/2791/3378 2587/2792/3379 2606/2813/3398
f 2587/2792/3379 2588/2793/3380 2589/2794/3381 2606/2813/3398
f 2606/2813/3398 2589/2794/3381 2590/2795/3382 2607/2814/3399
f 2607/2814/3399 2590/2795/3382 2591/2797/3383 2608/2816/3400
f 2608/2815/3400 2591/2796/3383 2592/2798/3384 2609/2817/3401
f 2609/2817/3401 2592/2798/3384 2593/2799/3385 2594/2800/3386
f 2609/2817/3401 2594/2800/3386 2595/2801/3387 2610/2818/3402
f 2610/2818/3402 2595/2801/3387 2596/2802/3388 2611/2819/3403
f 2611/2819/3403 2596/2802/3388 2597/2803/3389 2612/2820/3404
f 2597/2803/3389 2598/2804/3390 2599/2805/3391 2612/2820/3404
f 2612/2820/3404 2599/2805/3391 2600/2806/3392 2613/2821/3405
f 2613/2821/3405 2600/2806/3392 2601/2807/3393 2614/2822/3406
f 2601/2807/3393 2602/2808/3394 2603/2809/3395 2614/2822/3406
f 2614/2822/3406 2603/2809/3395 2604/2811/3396 2615/2824/3407
f 2615/2823/3407 2604/2810/3396 2605/2812/3397 2616/2825/3408
f 2605/2812/3397 2606/2813/3398 2607/2814/3399 2616/2825/3408
f 2616/2825/3408 2607/2814/3399 2608/2816/3400 2617/2827/3409
f 2617/2826/3409 2608/2815/3400 2609/2817/3401 2610/2818/3402
f 2617/2826/3409 2610/2818/3402 2611/2819/3403 2618/2828/3410
f 2611/2819/3403 2612/2820/3404 2613/2821/3405 2618/2828/3410
f 2613/2821/3405 2614/2822/3406 2615/2824/3407 2618/2828/3410
f 2615/2823/3407 2616/2825/3408 2617/2827/3409 2618/2829/3410
f 788/955/1421 789/381/1303 742/911/1302 2619/2830/3411
f 2619/2830/3411 742/911/1302 743/912/1305 2620/2831/3412
f 2620/2831/3412 743/912/1305 744/913/1307 2621/2832/3413
f 2621/2832/3413 744/913/1307 745/914/1309 2622/2833/3414
f 2622/2833/3414 745/914/1309 746/915/1311 2623/2834/3415
f 2623/2834/3415 746/915/1311 747/916/1313 2624/2835/3416
f 2624/2835/3416 747/916/1313 748/917/1315 2625/2836/3417
f 2625/2836/3417 748/917/1315 749/918/1317 2626/2837/3418
f 2626/2837/3418 749/918/1317 750/919/1319 2627/2838/3419
f 2627/2838/3419 750/919/1319 751/920/1321 2628/2839/3420
f 2628/2839/3420 751/920/1321 752/921/1323 2629/2840/3421
f 752/921/1323 753/394/1325 754/922/1706 2629/2840/3421
f 2629/2840/3421 754/922/1706 755/923/1704 2630/2841/3422
f 2630/2841/3422 755/923/1704 756/924/1702 2631/2842/3423
f 2631/2842/3423 756/924/1702 757/925/1700 2632/2843/3424
f 2632/2843/3424 757/925/1700 758/926/1698 2633/2844/3425
f 2633/2844/3425 758/926/1698 759/927/1696 2634/2845/3426
f 2634/2845/3426 759/927/1696 760/928/1694 2635/2846/3427
f 2635/2846/3427 760/928/1694 761/929/1692 2636/2847/3428
f 2636/2847/3428 761/929/1692 762/930/1690 2637/2848/3429
f 2637/2848/3429 762/930/1690 763/931/1688 2638/2849/3430
f 2638/2849/3430 763/931/1688 764/932/1685 2639/2850/3431
f 764/932/1685 765/396/1684 766/933/1729 2639/2850/3431
f 2639/2850/3431 766/933/1729 767/934/1727 2640/2851/3432
f 2640/2851/3432 767/934/1727 768/935/1725 2641/2852/3433
f 2641/2852/3433 768/935/1725 769/936/1723 2642/2853/3434
f 2642/2853/3434 769/936/1723 770/937/1721 2643/2854/3435
f 2643/2854/3435 770/937/1721 771/939/1719 2644/2856/3436
f 2644/2855/3436 771/938/1719 772/940/1717 2645/2857/3437
f 2645/2857/3437 772/940/1717 773/941/1715 2646/2858/3438
f 2646/2858/3438 773/941/1715 774/942/1713 2647/2859/3439
f 2647/2859/3439 774/942/1713 775/943/1711 2648/2860/3440
f 2648/2860/3440 775/943/1711 776/944/1709 2649/2861/3441
f 776/944/1709 777/434/1401 778/945/1400 2649/2861/3441
f 2649/2861/3441 778/945/1400 779/946/1403 2650/2862/3442
f 2650/2862/3442 779/946/1403 780/947/1405 2651/2863/3443
f 2651/2863/3443 780/947/1405 781/948/1407 2652/2864/3444
f 2652/2864/3444 781/948/1407 782/949/1409 2653/2865/3445
f 2653/2865/3445 782/949/1409 783/950/1411 2654/2866/3446
f 2654/2866/3446 783/950/1411 784/951/1413 2655/2867/3447
f 2655/2867/3447 784/951/1413 785/952/1415 2656/2868/3448
f 2656/2868/3448 785/952/1415 786/953/1417 2657/2869/3449
f 2657/2869/3449 786/953/1417 787/954/1419 2658/2870/3450
f 2658/2870/3450 787/954/1419 788/955/1421 2619/2830/3411
f 2658/2870/3450 2619/2830/3411 2620/2831/3412 2659/2871/3451
f 2659/2871/3451 2620/2831/3412 2621/2832/3413 2660/2872/3452
f 2660/2872/3452 2621/2832/3413 2622/2833/3414 2661/2873/3453
f 2661/2873/3453 2622/2833/3414 2623/2834/3415 2662/2874/3454
f 2662/2874/3454 2623/2834/3415 2624/2835/3416 2663/2875/3455
f 2663/2875/3455 2624/2835/3416 2625/2836/3417 2664/2876/3456
f 2664/2876/3456 2625/2836/3417 2626/2837/3418 2665/2877/3457
f 2665/2877/3457 2626/2837/3418 2627/2838/3419 2666/2878/3458
f 2666/2878/3458 2627/2838/3419 2628/2839/3420 2667/2879/3459
f 2628/2839/3420 2629/2840/3421 2630/2841/3422 2667/2879/3459
f 2667/2879/3459 2630/2841/3422 2631/2842/3423 2668/2880/3460
f 2668/2880/3460 2631/2842/3423 2632/2843/3424 2669/2881/3461
f 2669/2881/3461 2632/2843/3424 2633/2844/3425 2670/2882/3462
f 2670/2882/3462 2633/2844/3425 2634/2845/3426 2671/2883/3463
f 2671/2883/3463 2634/2845/3426 2635/2846/3427 2672/2884/3464
f 2672/2884/3464 2635/2846/3427 2636/2847/3428 2673/2885/3465
f 2673/2885/3465 2636/2847/3428 2637/2848/3429 2674/2886/3466
f 2674/2886/3466 2637/2848/3429 2638/2849/3430 2675/2887/3467
f 2638/2849/3430 2639/2850/3431 2640/2851/3432 2675/2887/3467
f 2675/2887/3467 2640/2851/3432 2641/2852/3433 2676/2888/3468
f 2676/2888/3468 2641/2852/3433 2642/2853/3434 2677/2889/3469
f 2677/2889/3469 2642/2853/3434 2643/2854/3435 2678/2890/3470
f 2678/2890/3470 2643/2854/3435 2644/2856/3436 2679/2892/3471
f 2679/2891/3471 2644/2855/3436 2645/2857/3437 2680/2893/3472
f 2680/2893/3472 2645/2857/3437 2646/2858/3438 2681/2894/3473
f 2681/2894/3473 2646/2858/3438 2647/2859/3439 2682/2895/3474
f 2682/2895/3474 2647/2859/3439 2648/2860/3440 2683/2896/3475
f 2648/2860/3440 2649/2861/3441 2650/2862/3442 2683/2896/3475
f 2683/2896/3475 2650/2862/3442 2651/2863/3443 2684/2897/3476
f 2684/2897/3476 2651/2863/3443 2652/2864/3444 2685/2898/3477
f 2685/2898/3477 2652/2864/3444 2653/2865/3445 2686/2899/3478
f 2686/2899/3478 2653/2865/3445 2654/2866/3446 2687/2900/3479
f 2687/2900/3479 2654/2866/3446 2655/2867/3447 2688/2901/3480
f 2688/2901/3480 2655/2867/3447 2656/2868/3448 2689/2902/3481
f 2689/2902/3481 2656/2868/3448 2657/2869/3449 2690/2903/3482
f 2690/2903/3482 2657/2869/3449 2658/2870/3450 2659/2871/3451
f 2690/2903/3482 2659/2871/3451 2660/2872/3452 2691/2904/3483
f 2691/2904/3483 2660/2872/3452 2661/2873/3453 2692/2905/3484
f 2692/2905/3484 2661/2873/3453 2662/2874/3454 2693/2906/3485
f 2693/2906/3485 2662/2874/3454 2663/2875/3455 2694/2907/3486
f 2694/2907/3486 2663/2875/3455 2664/2876/3456 2695/2908/3487
f 2695/2908/3487 2664/2876/3456 2665/2877/3457 2696/2909/3488
f 2696/2909/3488 2665/2877/3457 2666/2878/3458 2697/2910/3489
f 2666/2878/3458 2667/2879/3459 2668/2880/3460 2697/2910/3489
f 2697/2910/3489 2668/2880/3460 2669/2881/3461 2698/2911/3490
f 2698/2911/3490 2669/2881/3461 2670/2882/3462 2699/2912/3491
f 2699/2912/3491 2670/2882/3462 2671/2883/3463 2700/2913/3492
f 2700/2913/3492 2671/2883/3463 2672/2884/3464 2701/2914/3493
f 2701/2914/3493 2672/2884/3464 2673/2885/3465 2702/2915/3494
f 2702/2915/3494 2673/2885/3465 2674/2886/3466 2703/2916/3495
f 2674/2886/3466 2675/2887/3467 2676/2888/3468 2703/2916/3495
f 2703/2916/3495 2676/2888/3468 2677/2889/3469 2704/2917/3496
f 2704/2917/3496 2677/2889/3469 2678/2890/3470 2705/2918/3497
f 2705/2918/3497 2678/2890/3470 2679/2892/3471 2706/2920/3498
f 2706/2919/3498 2679/2891/3471 2680/2893/3472 2707/2921/3499
f 2707/2921/3499 2680/2893/3472 2681/2894/3473 2708/2922/3500
f 2708/2922/3500 2681/2894/3473 2682/2895/3474 2709/2923/3501
f 2682/2895/3474 2683/2896/3475 2684/2897/3476 2709/2923/3501
f 2709/2923/3501 2684/2897/3476 2685/2898/3477 2710/2924/3502
f 2710/2924/3502 2685/2898/3477 2686/2899/3478 2711/2925/3503
f 2711/2925/3503 2686/2899/3478 2687/2900/3479 2712/2926/3504
f 2712/2926/3504 2687/2900/3479 2688/2901/3480 2713/2927/3505
f 2713/2927/3505 2688/2901/3480 2689/2902/3481 2714/2928/3506
f 2714/2928/3506 2689/2902/3481 2690/2903/3482 2691/2904/3483
f 2714/2928/3506 2691/2904/3483 2692/2905/3484 2715/2929/3507
f 2715/2929/3507 2692/2905/3484 2693/2906/3485 2716/2930/3508
f 2716/2930/3508 2693/2906/3485 2694/2907/3486 2717/2931/3509
f 2717/2931/3509 2694/2907/3486 2695/2908/3487 2718/2932/3510
f 2718/2932/3510 2695/2908/3487 2696/2909/3488 2719/2933/3511
f 2696/2909/3488 2697/2910/3489 2698/2911/3490 2719/2933/3511
f 2719/2933/3511 2698/2911/3490 2699/2912/3491 2720/2934/3512
f 2720/2934/3512 2699/2912/3491 2700/2913/3492 2721/2935/3513
f 2721/2935/3513 2700/2913/3492 2701/2914/3493 2722/2936/3514
f 2722/2936/3514 2701/2914/3493 2702/2915/3494 2723/2937/3515
f 2702/2915/3494 2703/2916/3495 2704/2917/3496 2723/2937/3515
f 2723/2937/3515 2704/2917/3496 2705/2918/3497 2724/2938/3516
f 2724/2938/3516 2705/2918/3497 2706/2920/3498 2725/2940/3517
f 2725/2939/3517 2706/2919/3498 2707/2921/3499 2726/2941/3518
f 2726/2941/3518 2707/2921/3499 2708/2922/3500 2727/2942/3519
f 2708/2922/3500 2709/2923/3501 2710/2924/3502 2727/2942/3519
f 2727/2942/3519 2710/2924/3502 2711/2925/3503 2728/2943/3520
f 2728/2943/3520 2711/2925/3503 2712/2926/3504 2729/2944/3521
f 2729/2944/3521 2712/2926/3504 2713/2927/3505 2730/2945/3522
f 2730/2945/3522 2713/2927/3505 2714/2928/3506 2715/2929/3507
f 2730/2945/3522 2715/2929/3507 2716/2930/3508 2731/2946/3523
f 2731/2946/3523 2716/2930/3508 2717/2931/3509 2732/2947/3524
f 2732/2947/3524 2717/2931/3509 2718/2932/3510 2733/2948/3525
f 2718/2932/3510 2719/2933/3511 2720/2934/3512 2733/2948/3525
f 2733/2948/3525 2720/2934/3512 2721/2935/3513 2734/2949/3526
f 2734/2949/3526 2721/2935/3513 2722/2936/3514 2735/2950/3527
f 2722/2936/3514 2723/2937/3515 2724/2938/3516 2735/2950/3527
f 2735/2950/3527 2724/2938/3516 2725/2940/3517 2736/2952/3528
f 2736/2951/3528 2725/2939/3517 2726/2941/3518 2737/2953/3529
f 2726/2941/3518 2727/2942/3519 2728/2943/3520 2737/2953/3529
f 2737/2953/3529 2728/2943/3520 2729/2944/3521 2738/2954/3530
f 2738/2954/3530 2729/2944/3521 2730/2945/3522 2731/2946/3523
f 2738/2954/3530 2731/2946/3523 2732/2947/3524 2739/2955/3531
f 2732/2947/3524 2733/2948/3525 2734/2949/3526 2739/2955/3531
f 2734/2949/3526 2735/2950/3527 2736/2952/3528 2739/2955/3531
f 2736/2951/3528 2737/2953/3529 2738/2954/3530 2739/2955/3531
f 836/1002/1730 837/397/1731 790/956/1754 2740/2956/3532
f 2740/2956/3532 790/956/1754 791/957/1752 2741/2957/3533
f 2741/2957/3533 791/957/1752 792/958/1750 2742/2958/3534
f 2742/2958/3534 792/958/1750 793/959/1748 2743/2959/3535
f 2743/2959/3535 793/959/1748 794/960/1746 2744/2960/3536
f 2744/2960/3536 794/960/1746 795/961/1744 2745/2961/3537
f 2745/2961/3537 795/961/1744 796/962/1742 2746/2962/3538
f 2746/2962/3538 796/962/1742 797/963/1740 2747/2963/3539
f 2747/2963/3539 797/963/1740 798/964/1738 2748/2964/3540
f 2748/2964/3540 798/964/1738 799/965/1736 2749/2965/3541
f 2749/2965/3541 799/965/1736 800/966/1733 2750/2966/3542
f 800/966/1733 801/399/1732 802/967/1777 2750/2966/3542
f 2750/2966/3542 802/967/1777 803/968/1775 2751/2967/3543
f 2751/2967/3543 803/968/1775 804/969/1773 2752/2968/3544
f 2752/2968/3544 804/969/1773 805/970/1771 2753/2969/3545
f 2753/2969/3545 805/970/1771 806/971/1769 2754/2970/3546
f 2754/2970/3546 806/971/1769 807/973/1767 2755/2972/3547
f 2755/2971/3547 807/972/1767 808/974/1765 2756/2973/3548
f 2756/2973/3548 808/974/1765 809/975/1763 2757/2974/3549
f 2757/2974/3549 809/975/1763 810/976/1761 2758/2975/3550
f 2758/2975/3550 810/976/1761 811/977/1759 2759/2976/3551
f 2759/2976/3551 811/977/1759 812/978/1756 2760/2977/3552
f 812/978/1756 813/455/1662 814/979/1661 2760/2977/3552
f 2760/2977/3552 814/979/1661 815/980/1664 2761/2978/3553
f 2761/2978/3553 815/980/1664 816/981/1666 2762/2979/3554
f 2762/2979/3554 816/981/1666 817/982/1668 2763/2980/3555
f 2763/2980/3555 817/982/1668 818/983/1670 2764/2981/3556
f 2764/2981/3556 818/983/1670 819/985/1672 2765/2983/3557
f 2765/2982/3557 819/984/1672 820/986/1674 2766/2984/3558
f 2766/2984/3558 820/986/1674 821/987/1676 2767/2985/3559
f 2767/2985/3559 821/987/1676 822/988/1678 2768/2986/3560
f 2768/2986/3560 822/988/1678 823/989/1680 2769/2987/3561
f 2769/2987/3561 823/989/1680 824/990/1682 2770/2988/3562
f 824/990/1682 825/395/1683 826/991/1710 2770/2988/3562
f 2770/2988/3562 826/991/1710 827/992/1712 2771/2989/3563
f 2771/2989/3563 827/992/1712 828/993/1714 2772/2990/3564
f 2772/2990/3564 828/993/1714 829/994/1716 2773/2991/3565
f 2773/2991/3565 829/994/1716 830/995/1718 2774/2992/3566
f 2774/2992/3566 830/995/1718 831/997/1720 2775/2994/3567
f 2775/2993/3567 831/996/1720 832/998/1722 2776/2995/3568
f 2776/2995/3568 832/998/1722 833/999/1724 2777/2996/3569
f 2777/2996/3569 833/999/1724 834/1000/1726 2778/2997/3570
f 2778/2997/3570 834/1000/1726 835/1001/1728 2779/2998/3571
f 2779/2998/3571 835/1001/1728 836/1002/1730 2740/2956/3532
f 2779/2998/3571 2740/2956/3532 2741/2957/3533 2780/2999/3572
f 2780/2999/3572 2741/2957/3533 2742/2958/3534 2781/3000/3573
f 2781/3000/3573 2742/2958/3534 2743/2959/3535 2782/3001/3574
f 2782/3001/3574 2743/2959/3535 2744/2960/3536 2783/3002/3575
f 2783/3002/3575 2744/2960/3536 2745/2961/3537 2784/3003/3576
f 2784/3003/3576 2745/2961/3537 2746/2962/3538 2785/3004/3577
f 2785/3004/3577 2746/2962/3538 2747/2963/3539 2786/3005/3578
f 2786/3005/3578 2747/2963/3539 2748/2964/3540 2787/3006/3579
f 2787/3006/3579 2748/2964/3540 2749/2965/3541 2788/3007/3580
f 2749/2965/3541 2750/2966/3542 2751/2967/3543 2788/3007/3580
f 2788/3007/3580 2751/2967/3543 2752/2968/3544 2789/3008/3581
f 2789/3008/3581 2752/2968/3544 2753/2969/3545 2790/3009/3582
f 2790/3009/3582 2753/2969/3545 2754/2970/3546 2791/3010/3583
f 2791/3010/3583 2754/2970/3546 2755/2972/3547 2792/3012/3584
f 2792/3011/3584 2755/2971/3547 2756/2973/3548 2793/3013/3585
f 2793/3013/3585 2756/2973/3548 2757/2974/3549 2794/3014/3586
f 2794/3014/3586 2757/2974/3549 2758/2975/3550 2795/3015/3587
f 2795/3015/3587 2758/2975/3550 2759/2976/3551 2796/3016/3588
f 2759/2976/3551 2760/2977/3552 2761/2978/3553 2796/3016/3588
f 2796/3016/3588 2761/2978/3553 2762/2979/3554 2797/3017/3589
f 2797/3017/3589 2762/2979/3554 2763/2980/3555 2798/3018/3590
f 2798/3018/3590 2763/2980/3555 2764/2981/3556 2799/3019/3591
f 2799/3019/3591 2764/2981/3556 2765/2983/3557 2800/3021/3592
f 2800/3020/3592 2765/2982/3557 2766/2984/3558 2801/3022/3593
f 2801/3022/3593 2766/2984/3558 2767/2985/3559 2802/3023/3594
f 2802/3023/3594 2767/2985/3559 2768/2986/3560 2803/3024/3595
f 2803/3024/3595 2768/2986/3560 2769/2987/3561 2804/3025/3596
f 2769/2987/3561 2770/2988/3562 2771/2989/3563 2804/3025/3596
f 2804/3025/3596 2771/2989/3563 2772/2990/3564 2805/3026/3597
f 2805/3026/3597 2772/2990/3564 2773/2991/3565 2806/3027/3598
f 2806/3027/3598 2773/2991/3565 2774/2992/3566 2807/3028/3599
f 2807/3028/3599 2774/2992/3566 2775/2994/3567 2808/3030/3600
f 2808/3029/3600 2775/2993/3567 2776/2995/3568 2809/3031/3601
f 2809/3031/3601 2776/2995/3568 2777/2996/3569 2810/3032/3602
f 2810/3032/3602 2777/2996/3569 2778/2997/3570 2811/3033/3603
f 2811/3033/3603 2778/2997/3570 2779/2998/3571 2780/2999/3572
f 2811/3033/3603 2780/2999/3572 2781/3000/3573 2812/3034/3604
f 2812/3034/3604 2781/3000/3573 2782/3001/3574 2813/3035/3605
f 2813/3035/3605 2782/3001/3574 2783/3002/3575 2814/3036/3606
f 2814/3036/3606 2783/3002/3575 2784/3003/3576 2815/3037/3607
f 2815/3037/3607 2784/3003/3576 2785/3004/3577 2816/3038/3608
f 2816/3038/3608 2785/3004/3577 2786/3005/3578 2817/3039/3609
f 2817/3039/3609 2786/3005/3578 2787/3006/3579 2818/3040/3610
f 2787/3006/3579 2788/3007/3580 2789/3008/3581 2818/3040/3610
f 2818/3040/3610 2789/3008/3581 2790/3009/3582 2819/3041/3611
f 2819/3041/3611 2790/3009/3582 2791/3010/3583 2820/3042/3612
f 2820/3042/3612 2791/3010/3583 2792/3012/3584 2821/3044/3613
f 2821/3043/3613 2792/3011/3584 2793/3013/3585 2822/3045/3614
f 2822/3045/3614 2793/3013/3585 2794/3014/3586 2823/3046/3615
f 2823/3046/3615 2794/3014/3586 2795/3015/3587 2824/3047/3616
f 2795/3015/3587 2796/3016/3588 2797/3017/3589 2824/3047/3616
f 2824/3047/3616 2797/3017/3589 2798/3018/3590 2825/3048/3617
f 2825/3048/3617 2798/3018/3590 2799/3019/3591 2826/3049/3618
f 2826/3049/3618 2799/3019/3591 2800/3021/3592 2827/3051/3619
f 2827/3050/3619 2800/3020/3592 2801/3022/3593 2828/3052/3620
f 2828/3052/3620 2801/3022/3593 2802/3023/3594 2829/3053/3621
f 2829/3053/3621 2802/3023/3594 2803/3024/3595 2830/3054/3622
f 2803/3024/3595 2804/3025/3596 2805/3026/3597 2830/3054/3622
f 2830/3054/3622 2805/3026/3597 2806/3027/3598 2831/3055/3623
f 2831/3055/3623 2806/3027/3598 2807/3028/3599 2832/3056/3624
f 2832/3056/3624 2807/3028/3599 2808/3030/3600 2833/3058/3625
f 2833/3057/3625 2808/3029/3600 2809/3031/3601 2834/3059/3626
f 2834/3059/3626 2809/3031/3601 2810/3032/3602 2835/3060/3627
f 2835/3060/3627 2810/3032/3602 2811/3033/3603 2812/3034/3604
f 2835/3060/3627 2812/3034/3604 2813/3035/3605 2836/3061/3628
f 2836/3061/3628 2813/3035/3605 2814/3036/3606 2837/3062/3629
f 2837/3062/3629 2814/3036/3606 2815/3037/3607 2838/3063/3630
f 2838/3063/3630 2815/3037/3607 2816/3038/3608 2839/3064/3631
f 2839/3064/3631 2816/3038/3608 2817/3039/3609 2840/3065/3632
f 2817/3039/3609 2818/3040/3610 2819/3041/3611 2840/3065/3632
f 2840/3065/3632 2819/3041/3611 2820/3042/3612 2841/3066/3633
f 2841/3066/3633 2820/3042/3612 2821/3044/3613 2842/3068/3634
f 2842/3067/3634 2821/3043/3613 2822/3045/3614 2843/3069/3635
f 2843/3069/3635 2822/3045/3614 2823/3046/3615 2844/3070/3636
f 2823/3046/3615 2824/3047/3616 2825/3048/3617 2844/3070/3636
f 2844/3070/3636 2825/3048/3617 2826/3049/3618 2845/3071/3637
f 2845/3071/3637 2826/3049/3618 2827/3051/3619 2846/3073/3638
f 2846/3072/3638 2827/3050/3619 2828/3052/3620 2847/3074/3639
f 2847/3074/3639 2828/3052/3620 2829/3053/3621 2848/3075/3640
f 2829/3053/3621 2830/3054/3622 2831/3055/3623 2848/3075/3640
f 2848/3075/3640 2831/3055/3623 2832/3056/3624 2849/3076/3641
f 2849/3076/3641 2832/3056/3624 2833/3058/3625 2850/3078/3642
f 2850/3077/3642 2833/3057/3625 2834/3059/3626 2851/3079/3643
f 2851/3079/3643 2834/3059/3626 2835/3060/3627 2836/3061/3628
f 2851/3079/3643 2836/3061/3628 2837/3062/3629 2852/3080/3644
f 2852/3080/3644 2837/3062/3629 2838/3063/3630 2853/3081/3645
f 2853/3081/3645 2838/3063/3630 2839/3064/3631 2854/3082/3646
f 2839/3064/3631 2840/3065/3632 2841/3066/3633 2854/3082/3646
f 2854/3082/3646 2841/3066/3633 2842/3068/3634 2855/3084/3647
f 2855/3083/3647 2842/3067/3634 2843/3069/3635 2856/3085/3648
f 2843/3069/3635 2844/3070/3636 2845/3071/3637 2856/3085/3648
f 2856/3085/3648 2845/3071/3637 2846/3073/3638 2857/3087/3649
f 2857/3086/3649 2846/3072/3638 2847/3074/3639 2858/3088/3650
f 2847/3074/3639 2848/3075/3640 2849/3076/3641 2858/3088/3650
f 2858/3088/3650 2849/3076/3641 2850/3078/3642 2859/3090/3651
f 2859/3089/3651 2850/3077/3642 2851/3079/3643 2852/3080/3644
f 2859/3089/3651 2852/3080/3644 2853/3081/3645 2860/3093/3652
f 2853/3081/3645 2854/3082/3646 2855/3084/3647 2860/3093/3652
f 2855/3083/3647 2856/3085/3648 2857/3087/3649 2860/3091/3652
f 2857/3086/3649 2858/3088/3650 2859/3090/3651 2860/3092/3652
f 884/1048/1657 885/400/1659 838/1003/1802 2861/3094/3653
f 2861/3094/3653 838/1003/1802 839/1004/1800 2862/3095/3654
f 2862/3095/3654 839/1004/1800 840/1005/1798 2863/3096/3655
f 2863/3096/3655 840/1005/1798 841/1006/1796 2864/3097/3656
f 2864/3097/3656 841/1006/1796 842/1007/1794 2865/3098/3657
f 2865/3098/3657 842/1007/1794 843/1009/1792 2866/3100/3658
f 2866/3099/3658 843/1008/1792 844/1010/1790 2867/3101/3659
f 2867/3101/3659 844/1010/1790 845/1011/1788 2868/3102/3660
f 2868/3102/3660 845/1011/1788 846/1012/1786 2869/3103/3661
f 2869/3103/3661 846/1012/1786 847/1013/1784 2870/3104/3662
f 2870/3104/3662 847/1013/1784 848/1014/1781 2871/3105/3663
f 848/1014/1781 849/402/1780 850/1015/1825 2871/3105/3663
f 2871/3105/3663 850/1015/1825 851/1016/1823 2872/3106/3664
f 2872/3106/3664 851/1016/1823 852/1017/1821 2873/3107/3665
f 2873/3107/3665 852/1017/1821 853/1018/1819 2874/3108/3666
f 2874/3108/3666 853/1018/1819 854/1019/1817 2875/3109/3667
f 2875/3109/3667 854/1019/1817 855/1021/1815 2876/3111/3668
f 2876/3110/3668 855/1020/1815 856/1022/1813 2877/3112/3669
f 2877/3112/3669 856/1022/1813 857/1023/1811 2878/3113/3670
f 2878/3113/3670 857/1023/1811 858/1024/1809 2879/3114/3671
f 2879/3114/3671 858/1024/1809 859/1025/1807 2880/3115/3672
f 2880/3115/3672 859/1025/1807 860/1026/1805 2881/3116/3673
f 860/1026/1805 861/404/1804 862/1027/1848 2881/3116/3673
f 2881/3116/3673 862/1027/1848 863/1028/1846 2882/3117/3674
f 2882/3117/3674 863/1028/1846 864/1029/1844 2883/3118/3675
f 2883/3118/3675 864/1029/1844 865/1030/1842 2884/3119/3676
f 2884/3119/3676 865/1030/1842 866/1031/1840 2885/3120/3677
f 2885/3120/3677 866/1031/1840 867/1032/1838 2886/3121/3678
f 2886/3121/3678 867/1032/1838 868/1033/1836 2887/3122/3679
f 2887/3122/3679 868/1033/1836 869/1034/1834 2888/3123/3680
f 2888/3123/3680 869/1034/1834 870/1035/1832 2889/3124/3681
f 2889/3124/3681 870/1035/1832 871/1036/1830 2890/3125/3682
f 2890/3125/3682 871/1036/1830 872/1037/1828 2891/3126/3683
f 872/1037/1828 873/437/1637 874/1038/1636 2891/3126/3683
f 2891/3126/3683 874/1038/1636 875/1039/1639 2892/3127/3684
f 2892/3127/3684 875/1039/1639 876/1040/1641 2893/3128/3685
f 2893/3128/3685 876/1040/1641 877/1041/1643 2894/3129/3686
f 2894/3129/3686 877/1041/1643 878/1042/1645 2895/3130/3687
f 2895/3130/3687 878/1042/1645 879/1043/1647 2896/3131/3688
f 2896/3131/3688 879/1043/1647 880/1044/1649 2897/3132/3689
f 2897/3132/3689 880/1044/1649 881/1045/1651 2898/3133/3690
f 2898/3133/3690 881/1045/1651 882/1046/1653 2899/3134/3691
f 2899/3134/3691 882/1046/1653 883/1047/1655 2900/3135/3692
f 2900/3135/3692 883/1047/1655 884/1048/1657 2861/3094/3653
f 2900/3135/3692 2861/3094/3653 2862/3095/3654 2901/3136/3693
f 2901/3136/3693 2862/3095/3654 2863/3096/3655 2902/3137/3694
f 2902/3137/3694 2863/3096/3655 2864/3097/3656 2903/3138/3695
f 2903/3138/3695 2864/3097/3656 2865/3098/3657 2904/3139/3696
f 2904/3139/3696 2865/3098/3657 2866/3100/3658 2905/3141/3697
f 2905/3140/3697 2866/3099/3658 2867/3101/3659 2906/3142/3698
f 2906/3142/3698 2867/3101/3659 2868/3102/3660 2907/3143/3699
f 2907/3143/3699 2868/3102/3660 2869/3103/3661 2908/3144/3700
f 2908/3144/3700 2869/3103/3661 2870/3104/3662 2909/3145/3701
f 2870/3104/3662 2871/3105/3663 2872/3106/3664 2909/3145/3701
f 2909/3145/3701 2872/3106/3664 2873/3107/3665 2910/3146/3702
f 2910/3146/3702 2873/3107/3665 2874/3108/3666 2911/3147/3703
f 2911/3147/3703 2874/3108/3666 2875/3109/3667 2912/3148/3704
f 2912/3148/3704 2875/3109/3667 2876/3111/3668 2913/3150/3705
f 2913/3149/3705 2876/3110/3668 2877/3112/3669 2914/3151/3706
f 2914/3151/3706 2877/3112/3669 2878/3113/3670 2915/3152/3707
f 2915/3152/3707 2878/3113/3670 2879/3114/3671 2916/3153/3708
f 2916/3153/3708 2879/3114/3671 2880/3115/3672 2917/3154/3709
f 2880/3115/3672 2881/3116/3673 2882/3117/3674 2917/3154/3709
f 2917/3154/3709 2882/3117/3674 2883/3118/3675 2918/3155/3710
f 2918/3155/3710 2883/3118/3675 2884/3119/3676 2919/3156/3711
f 2919/3156/3711 2884/3119/3676 2885/3120/3677 2920/3157/3712
f 2920/3157/3712 2885/3120/3677 2886/3121/3678 2921/3158/3713
f 2921/3158/3713 2886/3121/3678 2887/3122/3679 2922/3159/3714
f 2922/3159/3714 2887/3122/3679 2888/3123/3680 2923/3160/3715
f 2923/3160/3715 2888/3123/3680 2889/3124/3681 2924/3161/3716
f 2924/3161/3716 2889/3124/3681 2890/3125/3682 2925/3162/3717
f 2890/3125/3682 2891/3126/3683 2892/3127/3684 2925/3162/3717
f 2925/3162/3717 2892/3127/3684 2893/3128/3685 2926/3163/3718
f 2926/3163/3718 2893/3128/3685 2894/3129/3686 2927/3164/3719
f 2927/3164/3719 2894/3129/3686 2895/3130/3687 2928/3165/3720
f 2928/3165/3720 2895/3130/3687 2896/3131/3688 2929/3166/3721
f 2929/3166/3721 2896/3131/3688 2897/3132/3689 2930/3167/3722
f 2930/3167/3722 2897/3132/3689 2898/3133/3690 2931/3168/3723
f 2931/3168/3723 2898/3133/3690 2899/3134/3691 2932/3169/3724
f 2932/3169/3724 2899/3134/3691 2900/3135/3692 2901/3136/3693
f 2932/3169/3724 2901/3136/3693 2902/3137/3694 2933/3170/3725
f 2933/3170/3725 2902/3137/3694 2903/3138/3695 2934/3171/3726
f 2934/3171/3726 2903/3138/3695 2904/3139/3696 2935/3172/3727
f 2935/3172/3727 2904/3139/3696 2905/3141/3697 2936/3174/3728
f 2936/3173/3728 2905/3140/3697 2906/3142/3698 2937/3175/3729
f 2937/3175/3729 2906/3142/3698 2907/3143/3699 2938/3176/3730
f 2938/3176/3730 2907/3143/3699 2908/3144/3700 2939/3177/3731
f 2908/3144/3700 2909/3145/3701 2910/3146/3702 2939/3177/3731
f 2939/3177/3731 2910/3146/3702 2911/3147/3703 2940/3178/3732
f 2940/3178/3732 2911/3147/3703 2912/3148/3704 2941/3179/3733
f 2941/3179/3733 2912/3148/3704 2913/3150/3705 2942/3181/3734
f 2942/3180/3734 2913/3149/3705 2914/3151/3706 2943/3182/3735
f 2943/3182/3735 2914/3151/3706 2915/3152/3707 2944/3183/3736
f 2944/3183/3736 2915/3152/3707 2916/3153/3708 2945/3184/3737
f 2916/3153/3708 2917/3154/3709 2918/3155/3710 2945/3184/3737
f 2945/3184/3737 2918/3155/3710 2919/3156/3711 2946/3185/3738
f 2946/3185/3738 2919/3156/3711 2920/3157/3712 2947/3186/3739
f 2947/3186/3739 2920/3157/3712 2921/3158/3713 2948/3187/3740
f 2948/3187/3740 2921/3158/3713 2922/3159/3714 2949/3188/3741
f 2949/3188/3741 2922/3159/3714 2923/3160/3715 2950/3189/3742
f 2950/3189/3742 2923/3160/3715 2924/3161/3716 2951/3190/3743
f 2924/3161/3716 2925/3162/3717 2926/3163/3718 2951/3190/3743
f 2951/3190/3743 2926/3163/3718 2927/3164/3719 2952/3191/3744
f 2952/3191/3744 2927/3164/3719 2928/3165/3720 2953/3192/3745
f 2953/3192/3745 2928/3165/3720 2929/3166/3721 2954/3193/3746
f 2954/3193/3746 2929/3166/3721 2930/3167/3722 2955/3194/3747
f 2955/3194/3747 2930/3167/3722 2931/3168/3723 2956/3195/3748
f 2956/3195/3748 2931/3168/3723 2932/3169/3724 2933/3170/3725
f 2956/3195/3748 2933/3170/3725 2934/3171/3726 2957/3196/3749
f 2957/3196/3749 2934/3171/3726 2935/3172/3727 2958/3197/3750
f 2958/3197/3750 2935/3172/3727 2936/3174/3728 2959/3199/3751
f 2959/3198/3751 2936/3173/3728 2937/3175/3729 2960/3200/3752
f 2960/3200/3752 2937/3175/3729 2938/3176/3730 2961/3201/3753
f 2938/3176/3730 2939/3177/3731 2940/3178/3732 2961/3201/3753
f 2961/3201/3753 2940/3178/3732 2941/3179/3733 2962/3202/3754
f 2962/3202/3754 2941/3179/3733 2942/3181/3734 2963/3204/3755
f 2963/3203/3755 2942/3180/3734 2943/3182/3735 2964/3205/3756
f 2964/3205/3756 2943/3182/3735 2944/3183/3736 2965/3206/3757
f 2944/3183/3736 2945/3184/3737 2946/3185/3738 2965/3206/3757
f 2965/3206/3757 2946/3185/3738 2947/3186/3739 2966/3207/3758
f 2966/3207/3758 2947/3186/3739 2948/3187/3740 2967/3208/3759
f 2967/3208/3759 2948/3187/3740 2949/3188/3741 2968/3209/3760
f 2968/3209/3760 2949/3188/3741 2950/3189/3742 2969/3210/3761
f 2950/3189/3742 2951/3190/3743 2952/3191/3744 2969/3210/3761
f 2969/3210/3761 2952/3191/3744 2953/3192/3745 2970/3211/3762
f 2970/3211/3762 2953/3192/3745 2954/3193/3746 2971/3212/3763
f 2971/3212/3763 2954/3193/3746 2955/3194/3747 2972/3213/3764
f 2972/3213/3764 2955/3194/3747 2956/3195/3748 2957/3196/3749
f 2972/3213/3764 2957/3196/3749 2958/3197/3750 2973/3214/3765
f 2973/3214/3765 2958/3197/3750 2959/3199/3751 2974/3216/3766
f 2974/3215/3766 2959/3198/3751 2960/3200/3752 2975/3217/3767
f 2960/3200/3752 2961/3201/3753 2962/3202/3754 2975/3217/3767
f 2975/3217/3767 2962/3202/3754 2963/3204/3755 2976/3219/3768
f 2976/3218/3768 2963/3203/3755 2964/3205/3756 2977/3220/3769
f 2964/3205/3756 2965/3206/3757 2966/3207/3758 2977/3220/3769
f 2977/3220/3769 2966/3207/3758 2967/3208/3759 2978/3221/3770
f 2978/3221/3770 2967/3208/3759 2968/3209/3760 2979/3222/3771
f 2968/3209/3760 2969/3210/3761 2970/3211/3762 2979/3222/3771
f 2979/3222/3771 2970/3211/3762 2971/3212/3763 2980/3223/3772
f 2980/3223/3772 2971/3212/3763 2972/3213/3764 2973/3214/3765
f 2980/3223/3772 2973/3214/3765 2974/3216/3766 2981/3224/3773
f 2974/3215/3766 2975/3217/3767 2976/3219/3768 2981/3225/3773
f 2976/3218/3768 2977/3220/3769 2978/3221/3770 2981/3224/3773
f 2978/3221/3770 2979/3222/3771 2980/3223/3772 2981/3224/3773
f 932/1092/1849 861/404/1804 886/1049/1871 2982/3226/3774
f 2982/3226/3774 886/1049/1871 887/1050/1869 2983/3227/3775
f 2983/3227/3775 887/1050/1869 888/1051/1867 2984/3228/3776
f 2984/3228/3776 888/1051/1867 889/1052/1865 2985/3229/3777
f 2985/3229/3777 889/1052/1865 890/1053/1863 2986/3230/3778
f 2986/3230/3778 890/1053/1863 891/1054/1861 2987/3231/3779
f 2987/3231/3779 891/1054/1861 892/1055/1859 2988/3232/3780
f 2988/3232/3780 892/1055/1859 893/1056/1857 2989/3233/3781
f 2989/3233/3781 893/1056/1857 894/1057/1855 2990/3234/3782
f 2990/3234/3782 894/1057/1855 895/1058/1853 2991/3235/3783
f 2991/3235/3783 895/1058/1853 896/1059/1850 2992/3236/3784
f 896/1059/1850 897/441/1519 898/1060/1518 2992/3236/3784
f 2992/3236/3784 898/1060/1518 899/1061/1521 2993/3237/3785
f 2993/3237/3785 899/1061/1521 900/1062/1523 2994/3238/3786
f 2994/3238/3786 900/1062/1523 901/1063/1525 2995/3239/3787
f 2995/3239/3787 901/1063/1525 902/1064/1527 2996/3240/3788
f 2996/3240/3788 902/1064/1527 903/1065/1529 2997/3241/3789
f 2997/3241/3789 903/1065/1529 904/1066/1531 2998/3242/3790
f 2998/3242/3790 904/1066/1531 905/1067/1533 2999/3243/3791
f 2999/3243/3791 905/1067/1533 906/1068/1535 3000/3244/3792
f 3000/3244/3792 906/1068/1535 907/1069/1537 3001/3245/3793
f 3001/3245/3793 907/1069/1537 908/1070/1539 3002/3246/3794
f 908/1070/1539 909/386/1470 910/1071/1469 3002/3246/3794
f 3002/3246/3794 910/1071/1469 911/1072/1472 3003/3247/3795
f 3003/3247/3795 911/1072/1472 912/1073/1474 3004/3248/3796
f 3004/3248/3796 912/1073/1474 913/1074/1476 3005/3249/3797
f 3005/3249/3797 913/1074/1476 914/1075/1478 3006/3250/3798
f 3006/3250/3798 914/1075/1478 915/1076/1480 3007/3251/3799
f 3007/3251/3799 915/1076/1480 916/1077/1482 3008/3252/3800
f 3008/3252/3800 916/1077/1482 917/1078/1484 3009/3253/3801
f 3009/3253/3801 917/1078/1484 918/1079/1486 3010/3254/3802
f 3010/3254/3802 918/1079/1486 919/1080/1488 3011/3255/3803
f 3011/3255/3803 919/1080/1488 920/1081/1490 3012/3256/3804
f 920/1081/1490 921/403/1492 922/1082/1829 3012/3256/3804
f 3012/3256/3804 922/1082/1829 923/1083/1831 3013/3257/3805
f 3013/3257/3805 923/1083/1831 924/1084/1833 3014/3258/3806
f 3014/3258/3806 924/1084/1833 925/1085/1835 3015/3259/3807
f 3015/3259/3807 925/1085/1835 926/1086/1837 3016/3260/3808
f 3016/3260/3808 926/1086/1837 927/1087/1839 3017/3261/3809
f 3017/3261/3809 927/1087/1839 928/1088/1841 3018/3262/3810
f 3018/3262/3810 928/1088/1841 929/1089/1843 3019/3263/3811
f 3019/3263/3811 929/1089/1843 930/1090/1845 3020/3264/3812
f 3020/3264/3812 930/1090/1845 931/1091/1847 3021/3265/3813
f 3021/3265/3813 931/1091/1847 932/1092/1849 2982/3226/3774
f 3021/3265/3813 2982/3226/3774 2983/3227/3775 3022/3266/3814
f 3022/3266/3814 2983/3227/3775 2984/3228/3776 3023/3267/3815
f 3023/3267/3815 2984/3228/3776 2985/3229/3777 3024/3268/3816
f 3024/3268/3816 2985/3229/3777 2986/3230/3778 3025/3269/3817
f 3025/3269/3817 2986/3230/3778 2987/3231/3779 3026/3270/3818
f 3026/3270/3818 2987/3231/3779 2988/3232/3780 3027/3271/3819
f 3027/3271/3819 2988/3232/3780 2989/3233/3781 3028/3272/3820
f 3028/3272/3820 2989/3233/3781 2990/3234/3782 3029/3273/3821
f 3029/3273/3821 2990/3234/3782 2991/3235/3783 3030/3274/3822
f 2991/3235/3783 2992/3236/3784 2993/3237/3785 3030/3274/3822
f 3030/3274/3822 2993/3237/3785 2994/3238/3786 3031/3275/3823
f 3031/3275/3823 2994/3238/3786 2995/3239/3787 3032/3276/3824
f 3032/3276/3824 2995/3239/3787 2996/3240/3788 3033/3277/3825
f 3033/3277/3825 2996/3240/3788 2997/3241/3789 3034/3278/3826
f 3034/3278/3826 2997/3241/3789 2998/3242/3790 3035/3279/3827
f 3035/3279/3827 2998/3242/3790 2999/3243/3791 3036/3280/3828
f 3036/3280/3828 2999/3243/3791 3000/3244/3792 3037/3281/3829
f 3037/3281/3829 3000/3244/3792 3001/3245/3793 3038/3282/3830
f 3001/3245/3793 3002/3246/3794 3003/3247/3795 3038/3282/3830
f 3038/3282/3830 3003/3247/3795 3004/3248/3796 3039/3283/3831
f 3039/3283/3831 3004/3248/3796 3005/3249/3797 3040/3284/3832
f 3040/3284/3832 3005/3249/3797 3006/3250/3798 3041/3285/3833
f 3041/3285/3833 3006/3250/3798 3007/3251/3799 3042/3286/3834
f 3042/3286/3834 3007/3251/3799 3008/3252/3800 3043/3287/3835
f 3043/3287/3835 3008/3252/3800 3009/3253/3801 3044/3288/3836
f 3044/3288/3836 3009/3253/3801 3010/3254/3802 3045/3289/3837
f 3045/3289/3837 3010/3254/3802 3011/3255/3803 3046/3290/3838
f 3011/3255/3803 3012/3256/3804 3013/3257/3805 3046/3290/3838
f 3046/3290/3838 3013/3257/3805 3014/3258/3806 3047/3291/3839
f 3047/3291/3839 3014/3258/3806 3015/3259/3807 3048/3292/3840
f 3048/3292/3840 3015/3259/3807 3016/3260/3808 3049/3293/3841
f 3049/3293/3841 3016/3260/3808 3017/3261/3809 3050/3294/3842
f 3050/3294/3842 3017/3261/3809 3018/3262/3810 3051/3295/3843
f 3051/3295/3843 3018/3262/3810 3019/3263/3811 3052/3296/3844
f 3052/3296/3844 3019/3263/3811 3020/3264/3812 3053/3297/3845
f 3053/3297/3845 3020/3264/3812 3021/3265/3813 3022/3266/3814
f 3053/3297/3845 3022/3266/3814 3023/3267/3815 3054/3298/3846
f 3054/3298/3846 3023/3267/3815 3024/3268/3816 3055/3299/3847
f 3055/3299/3847 3024/3268/3816 3025/3269/3817 3056/3300/3848
f 3056/3300/3848 3025/3269/3817 3026/3270/3818 3057/3301/3849
f 3057/3301/3849 3026/3270/3818 3027/3271/3819 3058/3302/3850
f 3058/3302/3850 3027/3271/3819 3028/3272/3820 3059/3303/3851
f 3059/3303/3851 3028/3272/3820 3029/3273/3821 3060/3304/3852
f 3029/3273/3821 3030/3274/3822 3031/3275/3823 3060/3304/3852
f 3060/3304/3852 3031/3275/3823 3032/3276/3824 3061/3305/3853
f 3061/3305/3853 3032/3276/3824 3033/3277/3825 3062/3306/3854
f 3062/3306/3854 3033/3277/3825 3034/3278/3826 3063/3307/3855
f 3063/3307/3855 3034/3278/3826 3035/3279/3827 3064/3308/3856
f 3064/3308/3856 3035/3279/3827 3036/3280/3828 3065/3309/3857
f 3065/3309/3857 3036/3280/3828 3037/3281/3829 3066/3310/3858
f 3037/3281/3829 3038/3282/3830 3039/3283/3831 3066/3310/3858
f 3066/3310/3858 3039/3283/3831 3040/3284/3832 3067/3311/3859
f 3067/3311/3859 3040/3284/3832 3041/3285/3833 3068/3312/3860
f 3068/3312/3860 3041/3285/3833 3042/3286/3834 3069/3313/3861
f 3069/3313/3861 3042/3286/3834 3043/3287/3835 3070/3314/3862
f 3070/3314/3862 3043/3287/3835 3044/3288/3836 3071/3315/3863
f 3071/3315/3863 3044/3288/3836 3045/3289/3837 3072/3316/3864
f 3045/3289/3837 3046/3290/3838 3047/3291/3839 3072/3316/3864
f 3072/3316/3864 3047/3291/3839 3048/3292/3840 3073/3317/3865
f 3073/3317/3865 3048/3292/3840 3049/3293/3841 3074/3318/3866
f 3074/3318/3866 3049/3293/3841 3050/3294/3842 3075/3319/3867
f 3075/3319/3867 3050/3294/3842 3051/3295/3843 3076/3320/3868
f 3076/3320/3868 3051/3295/3843 3052/3296/3844 3077/3321/3869
f 3077/3321/3869 3052/3296/3844 3053/3297/3845 3054/3298/3846
f 3077/3321/3869 3054/3298/3846 3055/3299/3847 3078/3322/3870
f 3078/3322/3870 3055/3299/3847 3056/3300/3848 3079/3323/3871
f 3079/3323/3871 3056/3300/3848 3057/3301/3849 3080/3324/3872
f 3080/3324/3872 3057/3301/3849 3058/3302/3850 3081/3325/3873
f 3081/3325/3873 3058/3302/3850 3059/3303/3851 3082/3326/3874
f 3059/3303/3851 3060/3304/3852 3061/3305/3853 3082/3326/3874
f 3082/3326/3874 3061/3305/3853 3062/3306/3854 3083/3327/3875
f 3083/3327/3875 3062/3306/3854 3063/3307/3855 3084/3328/3876
f 3084/3328/3876 3063/3307/3855 3064/3308/3856 3085/3329/3877
f 3085/3329/3877 3064/3308/3856 3065/3309/3857 3086/3330/3878
f 3065/3309/3857 3066/3310/3858 3067/3311/3859 3086/3330/3878
f 3086/3330/3878 3067/3311/3859 3068/3312/3860 3087/3331/3879
f 3087/3331/3879 3068/3312/3860 3069/3313/3861 3088/3332/3880
f 3088/3332/3880 3069/3313/3861 3070/3314/3862 3089/3333/3881
f 3089/3333/3881 3070/3314/3862 3071/3315/3863 3090/3334/3882
f 3071/3315/3863 3072/3316/3864 3073/3317/3865 3090/3334/3882
f 3090/3334/3882 3073/3317/3865 3074/3318/3866 3091/3335/3883
f 3091/3335/3883 3074/3318/3866 3075/3319/3867 3092/3336/3884
f 3092/3336/3884 3075/3319/3867 3076/3320/3868 3093/3337/3885
f 3093/3337/3885 3076/3320/3868 3077/3321/3869 3078/3322/3870
f 3093/3337/3885 3078/3322/3870 3079/3323/3871 3094/3338/3886
f 3094/3338/3886 3079/3323/3871 3080/3324/3872 3095/3339/3887
f 3095/3339/3887 3080/3324/3872 3081/3325/3873 3096/3340/3888
f 3081/3325/3873 3082/3326/3874 3083/3327/3875 3096/3340/3888
f 3096/3340/3888 3083/3327/3875 3084/3328/3876 3097/3341/3889
f 3097/3341/3889 3084/3328/3876 3085/3329/3877 3098/3342/3890
f 3085/3329/3877 3086/3330/3878 3087/3331/3879 3098/3342/3890
f 3098/3342/3890 3087/3331/3879 3088/3332/3880 3099/3343/3891
f 3099/3343/3891 3088/3332/3880 3089/3333/3881 3100/3344/3892
f 3089/3333/3881 3090/3334/3882 3091/3335/3883 3100/3344/3892
f 3100/3344/3892 3091/3335/3883 3092/3336/3884 3101/3345/3893
f 3101/3345/3893 3092/3336/3884 3093/3337/3885 3094/3338/3886
f 3101/3345/3893 3094/3338/3886 3095/3339/3887 3102/3346/3894
f 3095/3339/3887 3096/3340/3888 3097/3341/3889 3102/3346/3894
f 3097/3341/3889 3098/3342/3890 3099/3343/3891 3102/3346/3894
f 3099/3343/3891 3100/3344/3892 3101/3345/3893 3102/3346/3894
f 979/1137/1563 980/405/1564 933/1093/1895 3103/3347/3895
f 3103/3347/3895 933/1093/1895 934/1094/1893 3104/3348/3896
f 3104/3348/3896 934/1094/1893 935/1095/1891 3105/3349/3897
f 3105/3349/3897 935/1095/1891 936/1096/1889 3106/3350/3898
f 3106/3350/3898 936/1096/1889 937/1097/1887 3107/3351/3899
f 3107/3351/3899 937/1097/1887 938/1098/1885 3108/3352/3900
f 3108/3352/3900 938/1098/1885 939/1099/1883 3109/3353/3901
f 3109/3353/3901 939/1099/1883 940/1100/1881 3110/3354/3902
f 3110/3354/3902 940/1100/1881 941/1101/1879 3111/3355/3903
f 3111/3355/3903 941/1101/1879 942/1102/1877 3112/3356/3904
f 3112/3356/3904 942/1102/1877 943/1103/1874 3113/3357/3905
f 943/1103/1874 944/407/1873 945/1104/1918 3113/3357/3905
f 3113/3357/3905 945/1104/1918 946/1105/1916 3114/3358/3906
f 3114/3358/3906 946/1105/1916 947/1106/1914 3115/3359/3907
f 3115/3359/3907 947/1106/1914 948/1107/1912 3116/3360/3908
f 3116/3360/3908 948/1107/1912 949/1108/1910 3117/3361/3909
f 3117/3361/3909 949/1108/1910 950/1109/1908 3118/3362/3910
f 3118/3362/3910 950/1109/1908 951/1110/1906 3119/3363/3911
f 3119/3363/3911 951/1110/1906 952/1111/1904 3120/3364/3912
f 3120/3364/3912 952/1111/1904 953/1112/1902 3121/3365/3913
f 3121/3365/3913 953/1112/1902 954/1113/1900 3122/3366/3914
f 3122/3366/3914 954/1113/1900 955/1114/1897 3123/3367/3915
f 955/1114/1897 956/439/1614 957/1115/1613 3123/3367/3915
f 3123/3367/3915 957/1115/1613 958/1116/1616 3124/3368/3916
f 3124/3368/3916 958/1116/1616 959/1117/1618 3125/3369/3917
f 3125/3369/3917 959/1117/1618 960/1118/1620 3126/3370/3918
f 3126/3370/3918 960/1118/1620 961/1119/1622 3127/3371/3919
f 3127/3371/3919 961/1119/1622 962/1121/1624 3128/3373/3920
f 3128/3372/3920 962/1120/1624 963/1122/1626 3129/3374/3921
f 3129/3374/3921 963/1122/1626 964/1123/1628 3130/3375/3922
f 3130/3375/3922 964/1123/1628 965/1124/1630 3131/3376/3923
f 3131/3376/3923 965/1124/1630 966/1125/1632 3132/3377/3924
f 3132/3377/3924 966/1125/1632 967/1126/1634 3133/3378/3925
f 967/1126/1634 968/392/1543 969/1127/1542 3133/3378/3925
f 3133/3378/3925 969/1127/1542 970/1128/1545 3134/3379/3926
f 3134/3379/3926 970/1128/1545 971/1129/1547 3135/3380/3927
f 3135/3380/3927 971/1129/1547 972/1130/1549 3136/3381/3928
f 3136/3381/3928 972/1130/1549 973/1131/1551 3137/3382/3929
f 3137/3382/3929 973/1131/1551 974/1132/1553 3138/3383/3930
f 3138/3383/3930 974/1132/1553 975/1133/1555 3139/3384/3931
f 3139/3384/3931 975/1133/1555 976/1134/1557 3140/3385/3932
f 3140/3385/3932 976/1134/1557 977/1135/1559 3141/3386/3933
f 3141/3386/3933 977/1135/1559 978/1136/1561 3142/3387/3934
f 3142/3387/3934 978/1136/1561 979/1137/1563 3103/3347/3895
f 3142/3387/3934 3103/3347/3895 3104/3348/3896 3143/3388/3935
f 3143/3388/3935 3104/3348/3896 3105/3349/3897 3144/3389/3936
f 3144/3389/3936 3105/3349/3897 3106/3350/3898 3145/3390/3937
f 3145/3390/3937 3106/3350/3898 3107/3351/3899 3146/3391/3938
f 3146/3391/3938 3107/3351/3899 3108/3352/3900 3147/3392/3939
f 3147/3392/3939 3108/3352/3900 3109/3353/3901 3148/3393/3940
f 3148/3393/3940 3109/3353/3901 3110/3354/3902 3149/3394/3941
f 3149/3394/3941 3110/3354/3902 3111/3355/3903 3150/3395/3942
f 3150/3395/3942 3111/3355/3903 3112/3356/3904 3151/3396/3943
f 3112/3356/3904 3113/3357/3905 3114/3358/3906 3151/3396/3943
f 3151/3396/3943 3114/3358/3906 3115/3359/3907 3152/3397/3944
f 3152/3397/3944 3115/3359/3907 3116/3360/3908 3153/3398/3945
f 3153/3398/3945 3116/3360/3908 3117/3361/3909 3154/3399/3946
f 3154/3399/3946 3117/3361/3909 3118/3362/3910 3155/3400/3947
f 3155/3400/3947 3118/3362/3910 3119/3363/3911 3156/3401/3948
f 3156/3401/3948 3119/3363/3911 3120/3364/3912 3157/3402/3949
f 3157/3402/3949 3120/3364/3912 3121/3365/3913 3158/3403/3950
f 3158/3403/3950 3121/3365/3913 3122/3366/3914 3159/3404/3951
f 3122/3366/3914 3123/3367/3915 3124/3368/3916 3159/3404/3951
f 3159/3404/3951 3124/3368/3916 3125/3369/3917 3160/3405/3952
f 3160/3405/3952 3125/3369/3917 3126/3370/3918 3161/3406/3953
f 3161/3406/3953 3126/3370/3918 3127/3371/3919 3162/3407/3954
f 3162/3407/3954 3127/3371/3919 3128/3373/3920 3163/3409/3955
f 3163/3408/3955 3128/3372/3920 3129/3374/3921 3164/3410/3956
f 3164/3410/3956 3129/3374/3921 3130/3375/3922 3165/3411/3957
f 3165/3411/3957 3130/3375/3922 3131/3376/3923 3166/3412/3958
f 3166/3412/3958 3131/3376/3923 3132/3377/3924 3167/3413/3959
f 3132/3377/3924 3133/3378/3925 3134/3379/3926 3167/3413/3959
f 3167/3413/3959 3134/3379/3926 3135/3380/3927 3168/3414/3960
f 3168/3414/3960 3135/3380/3927 3136/3381/3928 3169/3415/3961
f 3169/3415/3961 3136/3381/3928 3137/3382/3929 3170/3416/3962
f 3170/3416/3962 3137/3382/3929 3138/3383/3930 3171/3417/3963
f 3171/3417/3963 3138/3383/3930 3139/3384/3931 3172/3418/3964
f 3172/3418/3964 3139/3384/3931 3140/3385/3932 3173/3419/3965
f 3173/3419/3965 3140/3385/3932 3141/3386/3933 3174/3420/3966
f 3174/3420/3966 3141/3386/3933 3142/3387/3934 3143/3388/3935
f 3174/3420/3966 3143/3388/3935 3144/3389/3936 3175/3421/3967
f 3175/3421/3967 3144/3389/3936 3145/3390/3937 3176/3422/3968
f 3176/3422/3968 3145/3390/3937 3146/3391/3938 3177/3423/3969
f 3177/3423/3969 3146/3391/3938 3147/3392/3939 3178/3424/3970
f 3178/3424/3970 3147/3392/3939 3148/3393/3940 3179/3425/3971
f 3179/3425/3971 3148/3393/3940 3149/3394/3941 3180/3426/3972
f 3180/3426/3972 3149/3394/3941 3150/3395/3942 3181/3427/3973
f 3150/3395/3942 3151/3396/3943 3152/3397/3944 3181/3427/3973
f 3181/3427/3973 3152/3397/3944 3153/3398/3945 3182/3428/3974
f 3182/3428/3974 3153/3398/3945 3154/3399/3946 3183/3429/3975
f 3183/3429/3975 3154/3399/3946 3155/3400/3947 3184/3430/3976
f 3184/3430/3976 3155/3400/3947 3156/3401/3948 3185/3431/3977
f 3185/3431/3977 3156/3401/3948 3157/3402/3949 3186/3432/3978
f 3186/3432/3978 3157/3402/3949 3158/3403/3950 3187/3433/3979
f 3158/3403/3950 3159/3404/3951 3160/3405/3952 3187/3433/3979
f 3187/3433/3979 3160/3405/3952 3161/3406/3953 3188/3434/3980
f 3188/3434/3980 3161/3406/3953 3162/3407/3954 3189/3435/3981
f 3189/3435/3981 3162/3407/3954 3163/3409/3955 3190/3437/3982
f 3190/3436/3982 3163/3408/3955 3164/3410/3956 3191/3438/3983
f 3191/3438/3983 3164/3410/3956 3165/3411/3957 3192/3439/3984
f 3192/3439/3984 3165/3411/3957 3166/3412/3958 3193/3440/3985
f 3166/3412/3958 3167/3413/3959 3168/3414/3960 3193/3440/3985
f 3193/3440/3985 3168/3414/3960 3169/3415/3961 3194/3441/3986
f 3194/3441/3986 3169/3415/3961 3170/3416/3962 3195/3442/3987
f 3195/3442/3987 3170/3416/3962 3171/3417/3963 3196/3443/3988
f 3196/3443/3988 3171/3417/3963 3172/3418/3964 3197/3444/3989
f 3197/3444/3989 3172/3418/3964 3173/3419/3965 3198/3445/3990
f 3198/3445/3990 3173/3419/3965 3174/3420/3966 3175/3421/3967
f 3198/3445/3990 3175/3421/3967 3176/3422/3968 3199/3446/3991
f 3199/3446/3991 3176/3422/3968 3177/3423/3969 3200/3447/3992
f 3200/3447/3992 3177/3423/3969 3178/3424/3970 3201/3448/3993
f 3201/3448/3993 3178/3424/3970 3179/3425/3971 3202/3449/3994
f 3202/3449/3994 3179/3425/3971 3180/3426/3972 3203/3450/3995
f 3180/3426/3972 3181/3427/3973 3182/3428/3974 3203/3450/3995
f 3203/3450/3995 3182/3428/3974 3183/3429/3975 3204/3451/3996
f 3204/3451/3996 3183/3429/3975 3184/3430/3976 3205/3452/3997
f 3205/3452/3997 3184/3430/3976 3185/3431/3977 3206/3453/3998
f 3206/3453/3998 3185/3431/3977 3186/3432/3978 3207/3454/3999
f 3186/3432/3978 3187/3433/3979 3188/3434/3980 3207/3454/3999
f 3207/3454/3999 3188/3434/3980 3189/3435/3981 3208/3455/4000
f 3208/3455/4000 3189/3435/3981 3190/3437/3982 3209/3457/4001
f 3209/3456/4001 3190/3436/3982 3191/3438/3983 3210/3458/4002
f 3210/3458/4002 3191/3438/3983 3192/3439/3984 3211/3459/4003
f 3192/3439/3984 3193/3440/3985 3194/3441/3986 3211/3459/4003
f 3211/3459/4003 3194/3441/3986 3195/3442/3987 3212/3460/4004
f 3212/3460/4004 3195/3442/3987 3196/3443/3988 3213/3461/4005
f 3213/3461/4005 3196/3443/3988 3197/3444/3989 3214/3462/4006
f 3214/3462/4006 3197/3444/3989 3198/3445/3990 3199/3446/3991
f 3214/3462/4006 3199/3446/3991 3200/3447/3992 3215/3463/4007
f 3215/3463/4007 3200/3447/3992 3201/3448/3993 3216/3464/4008
f 3216/3464/4008 3201/3448/3993 3202/3449/3994 3217/3465/4009
f 3202/3449/3994 3203/3450/3995 3204/3451/3996 3217/3465/4009
f 3217/3465/4009 3204/3451/3996 3205/3452/3997 3218/3466/4010
f 3218/3466/4010 3205/3452/3997 3206/3453/3998 3219/3467/4011
f 3206/3453/3998 3207/3454/3999 3208/3455/4000 3219/3467/4011
f 3219/3467/4011 3208/3455/4000 3209/3457/4001 3220/3469/4012
f 3220/3468/4012 3209/3456/4001 3210/3458/4002 3221/3470/4013
f 3210/3458/4002 3211/3459/4003 3212/3460/4004 3221/3470/4013
f 3221/3470/4013 3212/3460/4004 3213/3461/4005 3222/3471/4014
f 3222/3471/4014 3213/3461/4005 3214/3462/4006 3215/3463/4007
f 3222/3471/4014 3215/3463/4007 3216/3464/4008 3223/3472/4015
f 3216/3464/4008 3217/3465/4009 3218/3466/4010 3223/3472/4015
f 3218/3466/4010 3219/3467/4011 3220/3469/4012 3223/3472/4015
f 3220/3468/4012 3221/3470/4013 3222/3471/4014 3223/3472/4015
f 1027/1181/1919 1028/408/1920 981/1138/1943 3224/3473/4016
f 3224/3473/4016 981/1138/1943 982/1139/1941 3225/3474/4017
f 3225/3474/4017 982/1139/1941 983/1140/1939 3226/3475/4018
f 3226/3475/4018 983/1140/1939 984/1141/1937 3227/3476/4019
f 3227/3476/4019 984/1141/1937 985/1142/1935 3228/3477/4020
f 3228/3477/4020 985/1142/1935 986/1143/1933 3229/3478/4021
f 3229/3478/4021 986/1143/1933 987/1144/1931 3230/3479/4022
f 3230/3479/4022 987/1144/1931 988/1145/1929 3231/3480/4023
f 3231/3480/4023 988/1145/1929 989/1146/1927 3232/3481/4024
f 3232/3481/4024 989/1146/1927 990/1147/1925 3233/3482/4025
f 3233/3482/4025 990/1147/1925 991/1148/1922 3234/3483/4026
f 991/1148/1922 992/409/1921 993/1149/1968 3234/3483/4026
f 3234/3483/4026 993/1149/1968 994/1150/1966 3235/3484/4027
f 3235/3484/4027 994/1150/1966 995/1151/1964 3236/3485/4028
f 3236/3485/4028 995/1151/1964 996/1152/1962 3237/3486/4029
f 3237/3486/4029 996/1152/1962 997/1153/1960 3238/3487/4030
f 3238/3487/4030 997/1153/1960 998/1154/1958 3239/3488/4031
f 3239/3488/4031 998/1154/1958 999/1155/1956 3240/3489/4032
f 3240/3489/4032 999/1155/1956 1000/1156/1954 3241/3490/4033
f 3241/3490/4033 1000/1156/1954 1001/1157/1952 3242/3491/4034
f 3242/3491/4034 1001/1157/1952 1002/1158/1950 3243/3492/4035
f 3243/3492/4035 1002/1158/1950 1003/1159/1947 3244/3493/4036
f 1003/1159/1947 1004/411/1946 1005/1160/1991 3244/3493/4036
f 3244/3493/4036 1005/1160/1991 1006/1161/1989 3245/3494/4037
f 3245/3494/4037 1006/1161/1989 1007/1162/1987 3246/3495/4038
f 3246/3495/4038 1007/1162/1987 1008/1163/1985 3247/3496/4039
f 3247/3496/4039 1008/1163/1985 1009/1164/1983 3248/3497/4040
f 3248/3497/4040 1009/1164/1983 1010/1165/1981 3249/3498/4041
f 3249/3498/4041 1010/1165/1981 1011/1166/1979 3250/3499/4042
f 3250/3499/4042 1011/1166/1979 1012/1167/1977 3251/3500/4043
f 3251/3500/4043 1012/1167/1977 1013/1168/1975 3252/3501/4044
f 3252/3501/4044 1013/1168/1975 1014/1169/1973 3253/3502/4045
f 3253/3502/4045 1014/1169/1973 1015/1170/1971 3254/3503/4046
f 1015/1170/1971 1016/440/1899 1017/1171/1898 3254/3503/4046
f 3254/3503/4046 1017/1171/1898 1018/1172/1901 3255/3504/4047
f 3255/3504/4047 1018/1172/1901 1019/1173/1903 3256/3505/4048
f 3256/3505/4048 1019/1173/1903 1020/1174/1905 3257/3506/4049
f 3257/3506/4049 1020/1174/1905 1021/1175/1907 3258/3507/4050
f 3258/3507/4050 1021/1175/1907 1022/1176/1909 3259/3508/4051
f 3259/3508/4051 1022/1176/1909 1023/1177/1911 3260/3509/4052
f 3260/3509/4052 1023/1177/1911 1024/1178/1913 3261/3510/4053
f 3261/3510/4053 1024/1178/1913 1025/1179/1915 3262/3511/4054
f 3262/3511/4054 1025/1179/1915 1026/1180/1917 3263/3512/4055
f 3263/3512/4055 1026/1180/1917 1027/1181/1919 3224/3473/4016
f 3263/3512/4055 3224/3473/4016 3225/3474/4017 3264/3513/4056
f 3264/3513/4056 3225/3474/4017 3226/3475/4018 3265/3514/4057
f 3265/3514/4057 3226/3475/4018 3227/3476/4019 3266/3515/4058
f 3266/3515/4058 3227/3476/4019 3228/3477/4020 3267/3516/4059
f 3267/3516/4059 3228/3477/4020 3229/3478/4021 3268/3517/4060
f 3268/3517/4060 3229/3478/4021 3230/3479/4022 3269/3518/4061
f 3269/3518/4061 3230/3479/4022 3231/3480/4023 3270/3519/4062
f 3270/3519/4062 3231/3480/4023 3232/3481/4024 3271/3520/4063
f 3271/3520/4063 3232/3481/4024 3233/3482/4025 3272/3521/4064
f 3233/3482/4025 3234/3483/4026 3235/3484/4027 3272/3521/4064
f 3272/3521/4064 3235/3484/4027 3236/3485/4028 3273/3522/4065
f 3273/3522/4065 3236/3485/4028 3237/3486/4029 3274/3523/4066
f 3274/3523/4066 3237/3486/4029 3238/3487/4030 3275/3524/4067
f 3275/3524/4067 3238/3487/4030 3239/3488/4031 3276/3525/4068
f 3276/3525/4068 3239/3488/4031 3240/3489/4032 3277/3526/4069
f 3277/3526/4069 3240/3489/4032 3241/3490/4033 3278/3527/4070
f 3278/3527/4070 3241/3490/4033 3242/3491/4034 3279/3528/4071
f 3279/3528/4071 3242/3491/4034 3243/3492/4035 3280/3529/4072
f 3243/3492/4035 3244/3493/4036 3245/3494/4037 3280/3529/4072
f 3280/3529/4072 3245/3494/4037 3246/3495/4038 3281/3530/4073
f 3281/3530/4073 3246/3495/4038 3247/3496/4039 3282/3531/4074
f 3282/3531/4074 3247/3496/4039 3248/3497/4040 3283/3532/4075
f 3283/3532/4075 3248/3497/4040 3249/3498/4041 3284/3533/4076
f 3284/3533/4076 3249/3498/4041 3250/3499/4042 3285/3534/4077
f 3285/3534/4077 3250/3499/4042 3251/3500/4043 3286/3535/4078
f 3286/3535/4078 3251/3500/4043 3252/3501/4044 3287/3536/4079
f 3287/3536/4079 3252/3501/4044 3253/3502/4045 3288/3537/4080
f 3253/3502/4045 3254/3503/4046 3255/3504/4047 3288/3537/4080
f 3288/3537/4080 3255/3504/4047 3256/3505/4048 3289/3538/4081
f 3289/3538/4081 3256/3505/4048 3257/3506/4049 3290/3539/4082
f 3290/3539/4082 3257/3506/4049 3258/3507/4050 3291/3540/4083
f 3291/3540/4083 3258/3507/4050 3259/3508/4051 3292/3541/4084
f 3292/3541/4084 3259/3508/4051 3260/3509/4052 3293/3542/4085
f 3293/3542/4085 3260/3509/4052 3261/3510/4053 3294/3543/4086
f 3294/3543/4086 3261/3510/4053 3262/3511/4054 3295/3544/4087
f 3295/3544/4087 3262/3511/4054 3263/3512/4055 3264/3513/4056
f 3295/3544/4087 3264/3513/4056 3265/3514/4057 3296/3545/4088
f 3296/3545/4088 3265/3514/4057 3266/3515/4058 3297/3546/4089
f 3297/3546/4089 3266/3515/4058 3267/3516/4059 3298/3547/4090
f 3298/3547/4090 3267/3516/4059 3268/3517/4060 3299/3548/4091
f 3299/3548/4091 3268/3517/4060 3269/3518/4061 3300/3549/4092
f 3300/3549/4092 3269/3518/4061 3270/3519/4062 3301/3550/4093
f 3301/3550/4093 3270/3519/4062 3271/3520/4063 3302/3551/4094
f 3271/3520/4063 3272/3521/4064 3273/3522/4065 3302/3551/4094
f 3302/3551/4094 3273/3522/4065 3274/3523/4066 3303/3552/4095
f 3303/3552/4095 3274/3523/4066 3275/3524/4067 3304/3553/4096
f 3304/3553/4096 3275/3524/4067 3276/3525/4068 3305/3554/4097
f 3305/3554/4097 3276/3525/4068 3277/3526/4069 3306/3555/4098
f 3306/3555/4098 3277/3526/4069 3278/3527/4070 3307/3556/4099
f 3307/3556/4099 3278/3527/4070 3279/3528/4071 3308/3557/4100
f 3279/3528/4071 3280/3529/4072 3281/3530/4073 3308/3557/4100
f 3308/3557/4100 3281/3530/4073 3282/3531/4074 3309/3558/4101
f 3309/3558/4101 3282/3531/4074 3283/3532/4075 3310/3559/4102
f 3310/3559/4102 3283/3532/4075 3284/3533/4076 3311/3560/4103
f 3311/3560/4103 3284/3533/4076 3285/3534/4077 3312/3561/4104
f 3312/3561/4104 3285/3534/4077 3286/3535/4078 3313/3562/4105
f 3313/3562/4105 3286/3535/4078 3287/3536/4079 3314/3563/4106
f 3287/3536/4079 3288/3537/4080 3289/3538/4081 3314/3563/4106
f 3314/3563/4106 3289/3538/4081 3290/3539/4082 3315/3564/4107
f 3315/3564/4107 3290/3539/4082 3291/3540/4083 3316/3565/4108
f 3316/3565/4108 3291/3540/4083 3292/3541/4084 3317/3566/4109
f 3317/3566/4109 3292/3541/4084 3293/3542/4085 3318/3567/4110
f 3318/3567/4110 3293/3542/4085 3294/3543/4086 3319/3568/4111
f 3319/3568/4111 3294/3543/4086 3295/3544/4087 3296/3545/4088
f 3319/3568/4111 3296/3545/4088 3297/3546/4089 3320/3569/4112
f 3320/3569/4112 3297/3546/4089 3298/3547/4090 3321/3570/4113
f 3321/3570/4113 3298/3547/4090 3299/3548/4091 3322/3571/4114
f 3322/3571/4114 3299/3548/4091 3300/3549/4092 3323/3572/4115
f 3323/3572/4115 3300/3549/4092 3301/3550/4093 3324/3573/4116
f 3301/3550/4093 3302/3551/4094 3303/3552/4095 3324/3573/4116
f 3324/3573/4116 3303/3552/4095 3304/3553/4096 3325/3574/4117
f 3325/3574/4117 3304/3553/4096 3305/3554/4097 3326/3575/4118
f 3326/3575/4118 3305/3554/4097 3306/3555/4098 3327/3576/4119
f 3327/3576/4119 3306/3555/4098 3307/3556/4099 3328/3577/4120
f 3307/3556/4099 3308/3557/4100 3309/3558/4101 3328/3577/4120
f 3328/3577/4120 3309/3558/4101 3310/3559/4102 3329/3578/4121
f 3329/3578/4121 3310/3559/4102 3311/3560/4103 3330/3579/4122
f 3330/3579/4122 3311/3560/4103 3312/3561/4104 3331/3580/4123
f 3331/3580/4123 3312/3561/4104 3313/3562/4105 3332/3581/4124
f 3313/3562/4105 3314/3563/4106 3315/3564/4107 3332/3581/4124
f 3332/3581/4124 3315/3564/4107 3316/3565/4108 3333/3582/4125
f 3333/3582/4125 3316/3565/4108 3317/3566/4109 3334/3583/4126
f 3334/3583/4126 3317/3566/4109 3318/3567/4110 3335/3584/4127
f 3335/3584/4127 3318/3567/4110 3319/3568/4111 3320/3569/4112
f 3335/3584/4127 3320/3569/4112 3321/3570/4113 3336/3585/4128
f 3336/3585/4128 3321/3570/4113 3322/3571/4114 3337/3586/4129
f 3337/3586/4129 3322/3571/4114 3323/3572/4115 3338/3587/4130
f 3323/3572/4115 3324/3573/4116 3325/3574/4117 3338/3587/4130
f 3338/3587/4130 3325/3574/4117 3326/3575/4118 3339/3588/4131
f 3339/3588/4131 3326/3575/4118 3327/3576/4119 3340/3589/4132
f 3327/3576/4119 3328/3577/4120 3329/3578/4121 3340/3589/4132
f 3340/3589/4132 3329/3578/4121 3330/3579/4122 3341/3590/4133
f 3341/3590/4133 3330/3579/4122 3331/3580/4123 3342/3591/4134
f 3331/3580/4123 3332/3581/4124 3333/3582/4125 3342/3591/4134
f 3342/3591/4134 3333/3582/4125 3334/3583/4126 3343/3592/4135
f 3343/3592/4135 3334/3583/4126 3335/3584/4127 3336/3585/4128
f 3343/3592/4135 3336/3585/4128 3337/3586/4129 3344/3593/4136
f 3337/3586/4129 3338/3587/4130 3339/3588/4131 3344/3593/4136
f 3339/3588/4131 3340/3589/4132 3341/3590/4133 3344/3593/4136
f 3341/3590/4133 3342/3591/4134 3343/3592/4135 3344/3593/4136
f 1075/1228/1994 1076/443/1233 1029/1182/1232 3345/3594/4137
f 3345/3594/4137 1029/1182/1232 1030/1183/1235 3346/3595/4138
f 3346/3595/4138 1030/1183/1235 1031/1184/1237 3347/3596/4139
f 3347/3596/4139 1031/1184/1237 1032/1185/1239 3348/3597/4140
f 3348/3597/4140 1032/1185/1239 1033/1186/1241 3349/3598/4141
f 3349/3598/4141 1033/1186/1241 1034/1188/1243 3350/3600/4142
f 3350/3599/4142 1034/1187/1243 1035/1189/1245 3351/3601/4143
f 3351/3601/4143 1035/1189/1245 1036/1190/1247 3352/3602/4144
f 3352/3602/4144 1036/1190/1247 1037/1191/1249 3353/3603/4145
f 3353/3603/4145 1037/1191/1249 1038/1192/1251 3354/3604/4146
f 3354/3604/4146 1038/1192/1251 1039/1193/1253 3355/3605/4147
f 1039/1193/1253 1040/390/1254 1041/1194/1589 3355/3605/4147
f 3355/3605/4147 1041/1194/1589 1042/1195/1591 3356/3606/4148
f 3356/3606/4148 1042/1195/1591 1043/1196/1593 3357/3607/4149
f 3357/3607/4149 1043/1196/1593 1044/1197/1595 3358/3608/4150
f 3358/3608/4150 1044/1197/1595 1045/1198/1597 3359/3609/4151
f 3359/3609/4151 1045/1198/1597 1046/1200/1599 3360/3611/4152
f 3360/3610/4152 1046/1199/1599 1047/1201/1601 3361/3612/4153
f 3361/3612/4153 1047/1201/1601 1048/1202/1603 3362/3613/4154
f 3362/3613/4154 1048/1202/1603 1049/1203/1605 3363/3614/4155
f 3363/3614/4155 1049/1203/1605 1050/1204/1607 3364/3615/4156
f 3364/3615/4156 1050/1204/1607 1051/1205/1609 3365/3616/4157
f 1051/1205/1609 1052/410/1611 1053/1206/1972 3365/3616/4157
f 3365/3616/4157 1053/1206/1972 1054/1207/1974 3366/3617/4158
f 3366/3617/4158 1054/1207/1974 1055/1208/1976 3367/3618/4159
f 3367/3618/4159 1055/1208/1976 1056/1209/1978 3368/3619/4160
f 3368/3619/4160 1056/1209/1978 1057/1210/1980 3369/3620/4161
f 3369/3620/4161 1057/1210/1980 1058/1211/1982 3370/3621/4162
f 3370/3621/4162 1058/1211/1982 1059/1212/1984 3371/3622/4163
f 3371/3622/4163 1059/1212/1984 1060/1213/1986 3372/3623/4164
f 3372/3623/4164 1060/1213/1986 1061/1214/1988 3373/3624/4165
f 3373/3624/4165 1061/1214/1988 1062/1215/1990 3374/3625/4166
f 3374/3625/4166 1062/1215/1990 1063/1216/1992 3375/3626/4167
f 1063/1216/1992 1064/412/1993 1065/1217/2015 3375/3626/4167
f 3375/3626/4167 1065/1217/2015 1066/1218/2013 3376/3627/4168
f 3376/3627/4168 1066/1218/2013 1067/1219/2011 3377/3628/4169
f 3377/3628/4169 1067/1219/2011 1068/1220/2009 3378/3629/4170
f 3378/3629/4170 1068/1220/2009 1069/1221/2007 3379/3630/4171
f 3379/3630/4171 1069/1221/2007 1070/1223/2005 3380/3632/4172
f 3380/3631/4172 1070/1222/2005 1071/1224/2003 3381/3633/4173
f 3381/3633/4173 1071/1224/2003 1072/1225/2001 3382/3634/4174
f 3382/3634/4174 1072/1225/2001 1073/1226/1999 3383/3635/4175
f 3383/3635/4175 1073/1226/1999 1074/1227/1997 3384/3636/4176
f 3384/3636/4176 1074/1227/1997 1075/1228/1994 3345/3594/4137
f 3384/3636/4176 3345/3594/4137 3346/3595/4138 3385/3637/4177
f 3385/3637/4177 3346/3595/4138 3347/3596/4139 3386/3638/4178
f 3386/3638/4178 3347/3596/4139 3348/3597/4140 3387/3639/4179
f 3387/3639/4179 3348/3597/4140 3349/3598/4141 3388/3640/4180
f 3388/3640/4180 3349/3598/4141 3350/3600/4142 3389/3642/4181
f 3389/3641/4181 3350/3599/4142 3351/3601/4143 3390/3643/4182
f 3390/3643/4182 3351/3601/4143 3352/3602/4144 3391/3644/4183
f 3391/3644/4183 3352/3602/4144 3353/3603/4145 3392/3645/4184
f 3392/3645/4184 3353/3603/4145 3354/3604/4146 3393/3646/4185
f 3354/3604/4146 3355/3605/4147 3356/3606/4148 3393/3646/4185
f 3393/3646/4185 3356/3606/4148 3357/3607/4149 3394/3647/4186
f 3394/3647/4186 3357/3607/4149 3358/3608/4150 3395/3648/4187
f 3395/3648/4187 3358/3608/4150 3359/3609/4151 3396/3649/4188
f 3396/3649/4188 3359/3609/4151 3360/3611/4152 3397/3651/4189
f 3397/3650/4189 3360/3610/4152 3361/3612/4153 3398/3652/4190
f 3398/3652/4190 3361/3612/4153 3362/3613/4154 3399/3653/4191
f 3399/3653/4191 3362/3613/4154 3363/3614/4155 3400/3654/4192
f 3400/3654/4192 3363/3614/4155 3364/3615/4156 3401/3655/4193
f 3364/3615/4156 3365/3616/4157 3366/3617/4158 3401/3655/4193
f 3401/3655/4193 3366/3617/4158 3367/3618/4159 3402/3656/4194
f 3402/3656/4194 3367/3618/4159 3368/3619/4160 3403/3657/4195
f 3403/3657/4195 3368/3619/4160 3369/3620/4161 3404/3658/4196
f 3404/3658/4196 3369/3620/4161 3370/3621/4162 3405/3659/4197
f 3405/3659/4197 3370/3621/4162 3371/3622/4163 3406/3660/4198
f 3406/3660/4198 3371/3622/4163 3372/3623/4164 3407/3661/4199
f 3407/3661/4199 3372/3623/4164 3373/3624/4165 3408/3662/4200
f 3408/3662/4200 3373/3624/4165 3374/3625/4166 3409/3663/4201
f 3374/3625/4166 3375/3626/4167 3376/3627/4168 3409/3663/4201
f 3409/3663/4201 3376/3627/4168 3377/3628/4169 3410/3664/4202
f 3410/3664/4202 3377/3628/4169 3378/3629/4170 3411/3665/4203
f 3411/3665/4203 3378/3629/4170 3379/3630/4171 3412/3666/4204
f 3412/3666/4204 3379/3630/4171 3380/3632/4172 3413/3668/4205
f 3413/3667/4205 3380/3631/4172 3381/3633/4173 3414/3669/4206
f 3414/3669/4206 3381/3633/4173 3382/3634/4174 3415/3670/4207
f 3415/3670/4207 3382/3634/4174 3383/3635/4175 3416/3671/4208
f 3416/3671/4208 3383/3635/4175 3384/3636/4176 3385/3637/4177
f 3416/3671/4208 3385/3637/4177 3386/3638/4178 3417/3672/4209
f 3417/3672/4209 3386/3638/4178 3387/3639/4179 3418/3673/4210
f 3418/3673/4210 3387/3639/4179 3388/3640/4180 3419/3674/4211
f 3419/3674/4211 3388/3640/4180 3389/3642/4181 3420/3676/4212
f 3420/3675/4212 3389/3641/4181 3390/3643/4182 3421/3677/4213
f 3421/3677/4213 3390/3643/4182 3391/3644/4183 3422/3678/4214
f 3422/3678/4214 3391/3644/4183 3392/3645/4184 3423/3679/4215
f 3392/3645/4184 3393/3646/4185 3394/3647/4186 3423/3679/4215
f 3423/3679/4215 3394/3647/4186 3395/3648/4187 3424/3680/4216
f 3424/3680/4216 3395/3648/4187 3396/3649/4188 3425/3681/4217
f 3425/3681/4217 3396/3649/4188 3397/3651/4189 3426/3683/4218
f 3426/3682/4218 3397/3650/4189 3398/3652/4190 3427/3684/4219
f 3427/3684/4219 3398/3652/4190 3399/3653/4191 3428/3685/4220
f 3428/3685/4220 3399/3653/4191 3400/3654/4192 3429/3686/4221
f 3400/3654/4192 3401/3655/4193 3402/3656/4194 3429/3686/4221
f 3429/3686/4221 3402/3656/4194 3403/3657/4195 3430/3687/4222
f 3430/3687/4222 3403/3657/4195 3404/3658/4196 3431/3688/4223
f 3431/3688/4223 3404/3658/4196 3405/3659/4197 3432/3689/4224
f 3432/3689/4224 3405/3659/4197 3406/3660/4198 3433/3690/4225
f 3433/3690/4225 3406/3660/4198 3407/3661/4199 3434/3691/4226
f 3434/3691/4226 3407/3661/4199 3408/3662/4200 3435/3692/4227
f 3408/3662/4200 3409/3663/4201 3410/3664/4202 3435/3692/4227
f 3435/3692/4227 3410/3664/4202 3411/3665/4203 3436/3693/4228
f 3436/3693/4228 3411/3665/4203 3412/3666/4204 3437/3694/4229
f 3437/3694/4229 3412/3666/4204 3413/3668/4205 3438/3696/4230
f 3438/3695/4230 3413/3667/4205 3414/3669/4206 3439/3697/4231
f 3439/3697/4231 3414/3669/4206 3415/3670/4207 3440/3698/4232
f 3440/3698/4232 3415/3670/4207 3416/3671/4208 3417/3672/4209
f 3440/3698/4232 3417/3672/4209 3418/3673/4210 3441/3699/4233
f 3441/3699/4233 3418/3673/4210 3419/3674/4211 3442/3700/4234
f 3442/3700/4234 3419/3674/4211 3420/3676/4212 3443/3702/4235
f 3443/3701/4235 3420/3675/4212 3421/3677/4213 3444/3703/4236
f 3444/3703/4236 3421/3677/4213 3422/3678/4214 3445/3704/4237
f 3422/3678/4214 3423/3679/4215 3424/3680/4216 3445/3704/4237
f 3445/3704/4237 3424/3680/4216 3425/3681/4217 3446/3705/4238
f 3446/3705/4238 3425/3681/4217 3426/3683/4218 3447/3707/4239
f 3447/3706/4239 3426/3682/4218 3427/3684/4219 3448/3708/4240
f 3448/3708/4240 3427/3684/4219 3428/3685/4220 3449/3709/4241
f 3428/3685/4220 3429/3686/4221 3430/3687/4222 3449/3709/4241
f 3449/3709/4241 3430/3687/4222 3431/3688/4223 3450/3710/4242
f 3450/3710/4242 3431/3688/4223 3432/3689/4224 3451/3711/4243
f 3451/3711/4243 3432/3689/4224 3433/3690/4225 3452/3712/4244
f 3452/3712/4244 3433/3690/4225 3434/3691/4226 3453/3713/4245
f 3434/3691/4226 3435/3692/4227 3436/3693/4228 3453/3713/4245
f 3453/3713/4245 3436/3693/4228 3437/3694/4229 3454/3714/4246
f 3454/3714/4246 3437/3694/4229 3438/3696/4230 3455/3716/4247
f 3455/3715/4247 3438/3695/4230 3439/3697/4231 3456/3717/4248
f 3456/3717/4248 3439/3697/4231 3440/3698/4232 3441/3699/4233
f 3456/3717/4248 3441/3699/4233 3442/3700/4234 3457/3718/4249
f 3457/3718/4249 3442/3700/4234 3443/3702/4235 3458/3720/4250
f 3458/3719/4250 3443/3701/4235 3444/3703/4236 3459/3721/4251
f 3444/3703/4236 3445/3704/4237 3446/3705/4238 3459/3721/4251
f 3459/3721/4251 3446/3705/4238 3447/3707/4239 3460/3723/4252
f 3460/3722/4252 3447/3706/4239 3448/3708/4240 3461/3724/4253
f 3448/3708/4240 3449/3709/4241 3450/3710/4242 3461/3724/4253
f 3461/3724/4253 3450/3710/4242 3451/3711/4243 3462/3725/4254
f 3462/3725/4254 3451/3711/4243 3452/3712/4244 3463/3726/4255
f 3452/3712/4244 3453/3713/4245 3454/3714/4246 3463/3726/4255
f 3463/3726/4255 3454/3714/4246 3455/3716/4247 3464/3728/4256
f 3464/3727/4256 3455/3715/4247 3456/3717/4248 3457/3718/4249
f 3464/3727/4256 3457/3718/4249 3458/3720/4250 3465/3730/4257
f 3458/3719/4250 3459/3721/4251 3460/3723/4252 3465/3731/4257
f 3460/3722/4252 3461/3724/4253 3462/3725/4254 3465/3729/4257
f 3462/3725/4254 3463/3726/4255 3464/3728/4256 3465/3729/4257
f 1122/1273/1826 1123/415/1827 1077/1229/2037 3466/3732/4258
f 3466/3732/4258 1077/1229/2037 1078/1230/2035 3467/3733/4259
f 3467/3733/4259 1078/1230/2035 1079/1231/2033 3468/3734/4260
f 3468/3734/4260 1079/1231/2033 1080/1232/2031 3469/3735/4261
f 3469/3735/4261 1080/1232/2031 1081/1233/2029 3470/3736/4262
f 3470/3736/4262 1081/1233/2029 1082/1234/2027 3471/3737/4263
f 3471/3737/4263 1082/1234/2027 1083/1235/2025 3472/3738/4264
f 3472/3738/4264 1083/1235/2025 1084/1236/2023 3473/3739/4265
f 3473/3739/4265 1084/1236/2023 1085/1237/2021 3474/3740/4266
f 3474/3740/4266 1085/1237/2021 1086/1238/2019 3475/3741/4267
f 3475/3741/4267 1086/1238/2019 1087/1239/2017 3476/3742/4268
f 1087/1239/2017 1088/450/1876 1089/1240/1875 3476/3742/4268
f 3476/3742/4268 1089/1240/1875 1090/1241/1878 3477/3743/4269
f 3477/3743/4269 1090/1241/1878 1091/1242/1880 3478/3744/4270
f 3478/3744/4270 1091/1242/1880 1092/1243/1882 3479/3745/4271
f 3479/3745/4271 1092/1243/1882 1093/1244/1884 3480/3746/4272
f 3480/3746/4272 1093/1244/1884 1094/1245/1886 3481/3747/4273
f 3481/3747/4273 1094/1245/1886 1095/1246/1888 3482/3748/4274
f 3482/3748/4274 1095/1246/1888 1096/1247/1890 3483/3749/4275
f 3483/3749/4275 1096/1247/1890 1097/1248/1892 3484/3750/4276
f 3484/3750/4276 1097/1248/1892 1098/1249/1894 3485/3751/4277
f 3485/3751/4277 1098/1249/1894 1099/1250/1896 3486/3752/4278
f 1099/1250/1896 1100/406/1852 1101/1251/1851 3486/3752/4278
f 3486/3752/4278 1101/1251/1851 1102/1252/1854 3487/3753/4279
f 3487/3753/4279 1102/1252/1854 1103/1253/1856 3488/3754/4280
f 3488/3754/4280 1103/1253/1856 1104/1254/1858 3489/3755/4281
f 3489/3755/4281 1104/1254/1858 1105/1255/1860 3490/3756/4282
f 3490/3756/4282 1105/1255/1860 1106/1256/1862 3491/3757/4283
f 3491/3757/4283 1106/1256/1862 1107/1257/1864 3492/3758/4284
f 3492/3758/4284 1107/1257/1864 1108/1258/1866 3493/3759/4285
f 3493/3759/4285 1108/1258/1866 1109/1259/1868 3494/3760/4286
f 3494/3760/4286 1109/1259/1868 1110/1260/1870 3495/3761/4287
f 3495/3761/4287 1110/1260/1870 1111/1261/1872 3496/3762/4288
f 1111/1261/1872 861/404/1804 1112/1262/1806 3496/3762/4288
f 3496/3762/4288 1112/1262/1806 1113/1263/1808 3497/3763/4289
f 3497/3763/4289 1113/1263/1808 1114/1264/1810 3498/3764/4290
f 3498/3764/4290 1114/1264/1810 1115/1265/1812 3499/3765/4291
f 3499/3765/4291 1115/1265/1812 1116/1266/1814 3500/3766/4292
f 3500/3766/4292 1116/1266/1814 1117/1268/1816 3501/3768/4293
f 3501/3767/4293 1117/1267/1816 1118/1269/1818 3502/3769/4294
f 3502/3769/4294 1118/1269/1818 1119/1270/1820 3503/3770/4295
f 3503/3770/4295 1119/1270/1820 1120/1271/1822 3504/3771/4296
f 3504/3771/4296 1120/1271/1822 1121/1272/1824 3505/3772/4297
f 3505/3772/4297 1121/1272/1824 1122/1273/1826 3466/3732/4258
f 3505/3772/4297 3466/3732/4258 3467/3733/4259 3506/3773/4298
f 3506/3773/4298 3467/3733/4259 3468/3734/4260 3507/3774/4299
f 3507/3774/4299 3468/3734/4260 3469/3735/4261 3508/3775/4300
f 3508/3775/4300 3469/3735/4261 3470/3736/4262 3509/3776/4301
f 3509/3776/4301 3470/3736/4262 3471/3737/4263 3510/3777/4302
f 3510/3777/4302 3471/3737/4263 3472/3738/4264 3511/3778/4303
f 3511/3778/4303 3472/3738/4264 3473/3739/4265 3512/3779/4304
f 3512/3779/4304 3473/3739/4265 3474/3740/4266 3513/3780/4305
f 3513/3780/4305 3474/3740/4266 3475/3741/4267 3514/3781/4306
f 3475/3741/4267 3476/3742/4268 3477/3743/4269 3514/3781/4306
f 3514/3781/4306 3477/3743/4269 3478/3744/4270 3515/3782/4307
f 3515/3782/4307 3478/3744/4270 3479/3745/4271 3516/3783/4308
f 3516/3783/4308 3479/3745/4271 3480/3746/4272 3517/3784/4309
f 3517/3784/4309 3480/3746/4272 3481/3747/4273 3518/3785/4310
f 3518/3785/4310 3481/3747/4273 3482/3748/4274 3519/3786/4311
f 3519/3786/4311 3482/3748/4274 3483/3749/4275 3520/3787/4312
f 3520/3787/4312 3483/3749/4275 3484/3750/4276 3521/3788/4313
f 3521/3788/4313 3484/3750/4276 3485/3751/4277 3522/3789/4314
f 3485/3751/4277 3486/3752/4278 3487/3753/4279 3522/3789/4314
f 3522/3789/4314 3487/3753/4279 3488/3754/4280 3523/3790/4315
f 3523/3790/4315 3488/3754/4280 3489/3755/4281 3524/3791/4316
f 3524/3791/4316 3489/3755/4281 3490/3756/4282 3525/3792/4317
f 3525/3792/4317 3490/3756/4282 3491/3757/4283 3526/3793/4318
f 3526/3793/4318 3491/3757/4283 3492/3758/4284 3527/3794/4319
f 3527/3794/4319 3492/3758/4284 3493/3759/4285 3528/3795/4320
f 3528/3795/4320 3493/3759/4285 3494/3760/4286 3529/3796/4321
f 3529/3796/4321 3494/3760/4286 3495/3761/4287 3530/3797/4322
f 3495/3761/4287 3496/3762/4288 3497/3763/4289 3530/3797/4322
f 3530/3797/4322 3497/3763/4289 3498/3764/4290 3531/3798/4323
f 3531/3798/4323 3498/3764/4290 3499/3765/4291 3532/3799/4324
f 3532/3799/4324 3499/3765/4291 3500/3766/4292 3533/3800/4325
f 3533/3800/4325 3500/3766/4292 3501/3768/4293 3534/3802/4326
f 3534/3801/4326 3501/3767/4293 3502/3769/4294 3535/3803/4327
f 3535/3803/4327 3502/3769/4294 3503/3770/4295 3536/3804/4328
f 3536/3804/4328 3503/3770/4295 3504/3771/4296 3537/3805/4329
f 3537/3805/4329 3504/3771/4296 3505/3772/4297 3506/3773/4298
f 3537/3805/4329 3506/3773/4298 3507/3774/4299 3538/3806/4330
f 3538/3806/4330 3507/3774/4299 3508/3775/4300 3539/3807/4331
f 3539/3807/4331 3508/3775/4300 3509/3776/4301 3540/3808/4332
f 3540/3808/4332 3509/3776/4301 3510/3777/4302 3541/3809/4333
f 3541/3809/4333 3510/3777/4302 3511/3778/4303 3542/3810/4334
f 3542/3810/4334 3511/3778/4303 3512/3779/4304 3543/3811/4335
f 3543/3811/4335 3512/3779/4304 3513/3780/4305 3544/3812/4336
f 3513/3780/4305 3514/3781/4306 3515/3782/4307 3544/3812/4336
f 3544/3812/4336 3515/3782/4307 3516/3783/4308 3545/3813/4337
f 3545/3813/4337 3516/3783/4308 3517/3784/4309 3546/3814/4338
f 3546/3814/4338 3517/3784/4309 3518/3785/4310 3547/3815/4339
f 3547/3815/4339 3518/3785/4310 3519/3786/4311 3548/3816/4340
f 3548/3816/4340 3519/3786/4311 3520/3787/4312 3549/3817/4341
f 3549/3817/4341 3520/3787/4312 3521/3788/4313 3550/3818/4342
f 3521/3788/4313 3522/3789/4314 3523/3790/4315 3550/3818/4342
f 3550/3818/4342 3523/3790/4315 3524/3791/4316 3551/3819/4343
f 3551/3819/4343 3524/3791/4316 3525/3792/4317 3552/3820/4344
f 3552/3820/4344 3525/3792/4317 3526/3793/4318 3553/3821/4345
f 3553/3821/4345 3526/3793/4318 3527/3794/4319 3554/3822/4346
f 3554/3822/4346 3527/3794/4319 3528/3795/4320 3555/3823/4347
f 3555/3823/4347 3528/3795/4320 3529/3796/4321 3556/3824/4348
f 3529/3796/4321 3530/3797/4322 3531/3798/4323 3556/3824/4348
f 3556/3824/4348 3531/3798/4323 3532/3799/4324 3557/3825/4349
f 3557/3825/4349 3532/3799/4324 3533/3800/4325 3558/3826/4350
f 3558/3826/4350 3533/3800/4325 3534/3802/4326 3559/3828/4351
f 3559/3827/4351 3534/3801/4326 3535/3803/4327 3560/3829/4352
f 3560/3829/4352 3535/3803/4327 3536/3804/4328 3561/3830/4353
f 3561/3830/4353 3536/3804/4328 3537/3805/4329 3538/3806/4330
f 3561/3830/4353 3538/3806/4330 3539/3807/4331 3562/3831/4354
f 3562/3831/4354 3539/3807/4331 3540/3808/4332 3563/3832/4355
f 3563/3832/4355 3540/3808/4332 3541/3809/4333 3564/3833/4356
f 3564/3833/4356 3541/3809/4333 3542/3810/4334 3565/3834/4357
f 3565/3834/4357 3542/3810/4334 3543/3811/4335 3566/3835/4358
f 3543/3811/4335 3544/3812/4336 3545/3813/4337 3566/3835/4358
f 3566/3835/4358 3545/3813/4337 3546/3814/4338 3567/3836/4359
f 3567/3836/4359 3546/3814/4338 3547/3815/4339 3568/3837/4360
f 3568/3837/4360 3547/3815/4339 3548/3816/4340 3569/3838/4361
f 3569/3838/4361 3548/3816/4340 3549/3817/4341 3570/3839/4362
f 3549/3817/4341 3550/3818/4342 3551/3819/4343 3570/3839/4362
f 3570/3839/4362 3551/3819/4343 3552/3820/4344 3571/3840/4363
f 3571/3840/4363 3552/3820/4344 3553/3821/4345 3572/3841/4364
f 3572/3841/4364 3553/3821/4345 3554/3822/4346 3573/3842/4365
f 3573/3842/4365 3554/3822/4346 3555/3823/4347 3574/3843/4366
f 3555/3823/4347 3556/3824/4348 3557/3825/4349 3574/3843/4366
f 3574/3843/4366 3557/3825/4349 3558/3826/4350 3575/3844/4367
f 3575/3844/4367 3558/3826/4350 3559/3828/4351 3576/3846/4368
f 3576/3845/4368 3559/3827/4351 3560/3829/4352 3577/3847/4369
f 3577/3847/4369 3560/3829/4352 3561/3830/4353 3562/3831/4354
f 3577/3847/4369 3562/3831/4354 3563/3832/4355 3578/3848/4370
f 3578/3848/4370 3563/3832/4355 3564/3833/4356 3579/3849/4371
f 3579/3849/4371 3564/3833/4356 3565/3834/4357 3580/3850/4372
f 3565/3834/4357 3566/3835/4358 3567/3836/4359 3580/3850/4372
f 3580/3850/4372 3567/3836/4359 3568/3837/4360 3581/3851/4373
f 3581/3851/4373 3568/3837/4360 3569/3838/4361 3582/3852/4374
f 3569/3838/4361 3570/3839/4362 3571/3840/4363 3582/3852/4374
f 3582/3852/4374 3571/3840/4363 3572/3841/4364 3583/3853/4375
f 3583/3853/4375 3572/3841/4364 3573/3842/4365 3584/3854/4376
f 3573/3842/4365 3574/3843/4366 3575/3844/4367 3584/3854/4376
f 3584/3854/4376 3575/3844/4367 3576/3846/4368 3585/3856/4377
f 3585/3855/4377 3576/3845/4368 3577/3847/4369 3578/3848/4370
f 3585/3855/4377 3578/3848/4370 3579/3849/4371 3586/3857/4378
f 3579/3849/4371 3580/3850/4372 3581/3851/4373 3586/3857/4378
f 3581/3851/4373 3582/3852/4374 3583/3853/4375 3586/3857/4378
f 3583/3853/4375 3584/3854/4376 3585/3856/4377 3586/3857/4378
f 1170/1320/1803 1171/401/1758 1124/1274/1757 3587/3858/4379
f 3587/3858/4379 1124/1274/1757 1125/1275/1760 3588/3859/4380
f 3588/3859/4380 1125/1275/1760 1126/1276/1762 3589/3860/4381
f 3589/3860/4381 1126/1276/1762 1127/1277/1764 3590/3861/4382
f 3590/3861/4382 1127/1277/1764 1128/1278/1766 3591/3862/4383
f 3591/3862/4383 1128/1278/1766 1129/1280/1768 3592/3864/4384
f 3592/3863/4384 1129/1279/1768 1130/1281/1770 3593/3865/4385
f 3593/3865/4385 1130/1281/1770 1131/1282/1772 3594/3866/4386
f 3594/3866/4386 1131/1282/1772 1132/1283/1774 3595/3867/4387
f 3595/3867/4387 1132/1283/1774 1133/1284/1776 3596/3868/4388
f 3596/3868/4388 1133/1284/1776 1134/1285/1778 3597/3869/4389
f 1134/1285/1778 1135/416/1779 1136/1286/2061 3597/3869/4389
f 3597/3869/4389 1136/1286/2061 1137/1287/2059 3598/3870/4390
f 3598/3870/4390 1137/1287/2059 1138/1288/2057 3599/3871/4391
f 3599/3871/4391 1138/1288/2057 1139/1289/2055 3600/3872/4392
f 3600/3872/4392 1139/1289/2055 1140/1290/2053 3601/3873/4393
f 3601/3873/4393 1140/1290/2053 1141/1292/2051 3602/3875/4394
f 3602/3874/4394 1141/1291/2051 1142/1293/2049 3603/3876/4395
f 3603/3876/4395 1142/1293/2049 1143/1294/2047 3604/3877/4396
f 3604/3877/4396 1143/1294/2047 1144/1295/2045 3605/3878/4397
f 3605/3878/4397 1144/1295/2045 1145/1296/2043 3606/3879/4398
f 3606/3879/4398 1145/1296/2043 1146/1297/2041 3607/3880/4399
f 1146/1297/2041 1147/418/2040 1148/1298/2084 3607/3880/4399
f 3607/3880/4399 1148/1298/2084 1149/1299/2082 3608/3881/4400
f 3608/3881/4400 1149/1299/2082 1150/1300/2080 3609/3882/4401
f 3609/3882/4401 1150/1300/2080 1151/1301/2078 3610/3883/4402
f 3610/3883/4402 1151/1301/2078 1152/1302/2076 3611/3884/4403
f 3611/3884/4403 1152/1302/2076 1153/1303/2074 3612/3885/4404
f 3612/3885/4404 1153/1303/2074 1154/1304/2072 3613/3886/4405
f 3613/3886/4405 1154/1304/2072 1155/1305/2070 3614/3887/4406
f 3614/3887/4406 1155/1305/2070 1156/1306/2068 3615/3888/4407
f 3615/3888/4407 1156/1306/2068 1157/1307/2066 3616/3889/4408
f 3616/3889/4408 1157/1307/2066 1158/1308/2064 3617/3890/4409
f 1158/1308/2064 1159/442/1783 1160/1309/1782 3617/3890/4409
f 3617/3890/4409 1160/1309/1782 1161/1310/1785 3618/3891/4410
f 3618/3891/4410 1161/1310/1785 1162/1311/1787 3619/3892/4411
f 3619/3892/4411 1162/1311/1787 1163/1312/1789 3620/3893/4412
f 3620/3893/4412 1163/1312/1789 1164/1313/1791 3621/3894/4413
f 3621/3894/4413 1164/1313/1791 1165/1315/1793 3622/3896/4414
f 3622/3895/4414 1165/1314/1793 1166/1316/1795 3623/3897/4415
f 3623/3897/4415 1166/1316/1795 1167/1317/1797 3624/3898/4416
f 3624/3898/4416 1167/1317/1797 1168/1318/1799 3625/3899/4417
f 3625/3899/4417 1168/1318/1799 1169/1319/1801 3626/3900/4418
f 3626/3900/4418 1169/1319/1801 1170/1320/1803 3587/3858/4379
f 3626/3900/4418 3587/3858/4379 3588/3859/4380 3627/3901/4419
f 3627/3901/4419 3588/3859/4380 3589/3860/4381 3628/3902/4420
f 3628/3902/4420 3589/3860/4381 3590/3861/4382 3629/3903/4421
f 3629/3903/4421 3590/3861/4382 3591/3862/4383 3630/3904/4422
f 3630/3904/4422 3591/3862/4383 3592/3864/4384 3631/3906/4423
f 3631/3905/4423 3592/3863/4384 3593/3865/4385 3632/3907/4424
f 3632/3907/4424 3593/3865/4385 3594/3866/4386 3633/3908/4425
f 3633/3908/4425 3594/3866/4386 3595/3867/4387 3634/3909/4426
f 3634/3909/4426 3595/3867/4387 3596/3868/4388 3635/3910/4427
f 3596/3868/4388 3597/3869/4389 3598/3870/4390 3635/3910/4427
f 3635/3910/4427 3598/3870/4390 3599/3871/4391 3636/3911/4428
f 3636/3911/4428 3599/3871/4391 3600/3872/4392 3637/3912/4429
f 3637/3912/4429 3600/3872/4392 3601/3873/4393 3638/3913/4430
f 3638/3913/4430 3601/3873/4393 3602/3875/4394 3639/3915/4431
f 3639/3914/4431 3602/3874/4394 3603/3876/4395 3640/3916/4432
f 3640/3916/4432 3603/3876/4395 3604/3877/4396 3641/3917/4433
f 3641/3917/4433 3604/3877/4396 3605/3878/4397 3642/3918/4434
f 3642/3918/4434 3605/3878/4397 3606/3879/4398 3643/3919/4435
f 3606/3879/4398 3607/3880/4399 3608/3881/4400 3643/3919/4435
f 3643/3919/4435 3608/3881/4400 3609/3882/4401 3644/3920/4436
f 3644/3920/4436 3609/3882/4401 3610/3883/4402 3645/3921/4437
f 3645/3921/4437 3610/3883/4402 3611/3884/4403 3646/3922/4438
f 3646/3922/4438 3611/3884/4403 3612/3885/4404 3647/3923/4439
f 3647/3923/4439 3612/3885/4404 3613/3886/4405 3648/3924/4440
f 3648/3924/4440 3613/3886/4405 3614/3887/4406 3649/3925/4441
f 3649/3925/4441 3614/3887/4406 3615/3888/4407 3650/3926/4442
f 3650/3926/4442 3615/3888/4407 3616/3889/4408 3651/3927/4443
f 3616/3889/4408 3617/3890/4409 3618/3891/4410 3651/3927/4443
f 3651/3927/4443 3618/3891/4410 3619/3892/4411 3652/3928/4444
f 3652/3928/4444 3619/3892/4411 3620/3893/4412 3653/3929/4445
f 3653/3929/4445 3620/3893/4412 3621/3894/4413 3654/3930/4446
f 3654/3930/4446 3621/3894/4413 3622/3896/4414 3655/3932/4447
f 3655/3931/4447 3622/3895/4414 3623/3897/4415 3656/3933/4448
f 3656/3933/4448 3623/3897/4415 3624/3898/4416 3657/3934/4449
f 3657/3934/4449 3624/3898/4416 3625/3899/4417 3658/3935/4450
f 3658/3935/4450 3625/3899/4417 3626/3900/4418 3627/3901/4419
f 3658/3935/4450 3627/3901/4419 3628/3902/4420 3659/3936/4451
f 3659/3936/4451 3628/3902/4420 3629/3903/4421 3660/3937/4452
f 3660/3937/4452 3629/3903/4421 3630/3904/4422 3661/3938/4453
f 3661/3938/4453 3630/3904/4422 3631/3906/4423 3662/3940/4454
f 3662/3939/4454 3631/3905/4423 3632/3907/4424 3663/3941/4455
f 3663/3941/4455 3632/3907/4424 3633/3908/4425 3664/3942/4456
f 3664/3942/4456 3633/3908/4425 3634/3909/4426 3665/3943/4457
f 3634/3909/4426 3635/3910/4427 3636/3911/4428 3665/3943/4457
f 3665/3943/4457 3636/3911/4428 3637/3912/4429 3666/3944/4458
f 3666/3944/4458 3637/3912/4429 3638/3913/4430 3667/3945/4459
f 3667/3945/4459 3638/3913/4430 3639/3915/4431 3668/3947/4460
f 3668/3946/4460 3639/3914/4431 3640/3916/4432 3669/3948/4461
f 3669/3948/4461 3640/3916/4432 3641/3917/4433 3670/3949/4462
f 3670/3949/4462 3641/3917/4433 3642/3918/4434 3671/3950/4463
f 3642/3918/4434 3643/3919/4435 3644/3920/4436 3671/3950/4463
f 3671/3950/4463 3644/3920/4436 3645/3921/4437 3672/3951/4464
f 3672/3951/4464 3645/3921/4437 3646/3922/4438 3673/3952/4465
f 3673/3952/4465 3646/3922/4438 3647/3923/4439 3674/3953/4466
f 3674/3953/4466 3647/3923/4439 3648/3924/4440 3675/3954/4467
f 3675/3954/4467 3648/3924/4440 3649/3925/4441 3676/3955/4468
f 3676/3955/4468 3649/3925/4441 3650/3926/4442 3677/3956/4469
f 3650/3926/4442 3651/3927/4443 3652/3928/4444 3677/3956/4469
f 3677/3956/4469 3652/3928/4444 3653/3929/4445 3678/3957/4470
f 3678/3957/4470 3653/3929/4445 3654/3930/4446 3679/3958/4471
f 3679/3958/4471 3654/3930/4446 3655/3932/4447 3680/3960/4472
f 3680/3959/4472 3655/3931/4447 3656/3933/4448 3681/3961/4473
f 3681/3961/4473 3656/3933/4448 3657/3934/4449 3682/3962/4474
f 3682/3962/4474 3657/3934/4449 3658/3935/4450 3659/3936/4451
f 3682/3962/4474 3659/3936/4451 3660/3937/4452 3683/3963/4475
f 3683/3963/4475 3660/3937/4452 3661/3938/4453 3684/3964/4476
f 3684/3964/4476 3661/3938/4453 3662/3940/4454 3685/3966/4477
f 3685/3965/4477 3662/3939/4454 3663/3941/4455 3686/3967/4478
f 3686/3967/4478 3663/3941/4455 3664/3942/4456 3687/3968/4479
f 3664/3942/4456 3665/3943/4457 3666/3944/4458 3687/3968/4479
f 3687/3968/4479 3666/3944/4458 3667/3945/4459 3688/3969/4480
f 3688/3969/4480 3667/3945/4459 3668/3947/4460 3689/3971/4481
f 3689/3970/4481 3668/3946/4460 3669/3948/4461 3690/3972/4482
f 3690/3972/4482 3669/3948/4461 3670/3949/4462 3691/3973/4483
f 3670/3949/4462 3671/3950/4463 3672/3951/4464 3691/3973/4483
f 3691/3973/4483 3672/3951/4464 3673/3952/4465 3692/3974/4484
f 3692/3974/4484 3673/3952/4465 3674/3953/4466 3693/3975/4485
f 3693/3975/4485 3674/3953/4466 3675/3954/4467 3694/3976/4486
f 3694/3976/4486 3675/3954/4467 3676/3955/4468 3695/3977/4487
f 3676/3955/4468 3677/3956/4469 3678/3957/4470 3695/3977/4487
f 3695/3977/4487 3678/3957/4470 3679/3958/4471 3696/3978/4488
f 3696/3978/4488 3679/3958/4471 3680/3960/4472 3697/3980/4489
f 3697/3979/4489 3680/3959/4472 3681/3961/4473 3698/3981/4490
f 3698/3981/4490 3681/3961/4473 3682/3962/4474 3683/3963/4475
f 3698/3981/4490 3683/3963/4475 3684/3964/4476 3699/3982/4491
f 3699/3982/4491 3684/3964/4476 3685/3966/4477 3700/3984/4492
f 3700/3983/4492 3685/3965/4477 3686/3967/4478 3701/3985/4493
f 3686/3967/4478 3687/3968/4479 3688/3969/4480 3701/3985/4493
f 3701/3985/4493 3688/3969/4480 3689/3971/4481 3702/3987/4494
f 3702/3986/4494 3689/3970/4481 3690/3972/4482 3703/3988/4495
f 3690/3972/4482 3691/3973/4483 3692/3974/4484 3703/3988/4495
f 3703/3988/4495 3692/3974/4484 3693/3975/4485 3704/3989/4496
f 3704/3989/4496 3693/3975/4485 3694/3976/4486 3705/3990/4497
f 3694/3976/4486 3695/3977/4487 3696/3978/4488 3705/3990/4497
f 3705/3990/4497 3696/3978/4488 3697/3980/4489 3706/3992/4498
f 3706/3991/4498 3697/3979/4489 3698/3981/4490 3699/3982/4491
f 3706/3991/4498 3699/3982/4491 3700/3984/4492 3707/3994/4499
f 3700/3983/4492 3701/3985/4493 3702/3987/4494 3707/3995/4499
f 3702/3986/4494 3703/3988/4495 3704/3989/4496 3707/3993/4499
f 3704/3989/4496 3705/3990/4497 3706/3992/4498 3707/3993/4499
f 1218/1364/2085 1147/418/2040 1172/1321/2107 3708/3996/4500
f 3708/3996/4500 1172/1321/2107 1173/1322/2105 3709/3997/4501
f 3709/3997/4501 1173/1322/2105 1174/1323/2103 3710/3998/4502
f 3710/3998/4502 1174/1323/2103 1175/1324/2101 3711/3999/4503
f 3711/3999/4503 1175/1324/2101 1176/1325/2099 3712/4000/4504
f 3712/4000/4504 1176/1325/2099 1177/1326/2097 3713/4001/4505
f 3713/4001/4505 1177/1326/2097 1178/1327/2095 3714/4002/4506
f 3714/4002/4506 1178/1327/2095 1179/1328/2093 3715/4003/4507
f 3715/4003/4507 1179/1328/2093 1180/1329/2091 3716/4004/4508
f 3716/4004/4508 1180/1329/2091 1181/1330/2089 3717/4005/4509
f 3717/4005/4509 1181/1330/2089 1182/1331/2086 3718/4006/4510
f 1182/1331/2086 1183/445/1924 1184/1332/1923 3718/4006/4510
f 3718/4006/4510 1184/1332/1923 1185/1333/1926 3719/4007/4511
f 3719/4007/4511 1185/1333/1926 1186/1334/1928 3720/4008/4512
f 3720/4008/4512 1186/1334/1928 1187/1335/1930 3721/4009/4513
f 3721/4009/4513 1187/1335/1930 1188/1336/1932 3722/4010/4514
f 3722/4010/4514 1188/1336/1932 1189/1337/1934 3723/4011/4515
f 3723/4011/4515 1189/1337/1934 1190/1338/1936 3724/4012/4516
f 3724/4012/4516 1190/1338/1936 1191/1339/1938 3725/4013/4517
f 3725/4013/4517 1191/1339/1938 1192/1340/1940 3726/4014/4518
f 3726/4014/4518 1192/1340/1940 1193/1341/1942 3727/4015/4519
f 3727/4015/4519 1193/1341/1942 1194/1342/1944 3728/4016/4520
f 1194/1342/1944 1195/414/1945 1196/1343/2018 3728/4016/4520
f 3728/4016/4520 1196/1343/2018 1197/1344/2020 3729/4017/4521
f 3729/4017/4521 1197/1344/2020 1198/1345/2022 3730/4018/4522
f 3730/4018/4522 1198/1345/2022 1199/1346/2024 3731/4019/4523
f 3731/4019/4523 1199/1346/2024 1200/1347/2026 3732/4020/4524
f 3732/4020/4524 1200/1347/2026 1201/1348/2028 3733/4021/4525
f 3733/4021/4525 1201/1348/2028 1202/1349/2030 3734/4022/4526
f 3734/4022/4526 1202/1349/2030 1203/1350/2032 3735/4023/4527
f 3735/4023/4527 1203/1350/2032 1204/1351/2034 3736/4024/4528
f 3736/4024/4528 1204/1351/2034 1205/1352/2036 3737/4025/4529
f 3737/4025/4529 1205/1352/2036 1206/1353/2038 3738/4026/4530
f 1206/1353/2038 1207/417/2039 1208/1354/2065 3738/4026/4530
f 3738/4026/4530 1208/1354/2065 1209/1355/2067 3739/4027/4531
f 3739/4027/4531 1209/1355/2067 1210/1356/2069 3740/4028/4532
f 3740/4028/4532 1210/1356/2069 1211/1357/2071 3741/4029/4533
f 3741/4029/4533 1211/1357/2071 1212/1358/2073 3742/4030/4534
f 3742/4030/4534 1212/1358/2073 1213/1359/2075 3743/4031/4535
f 3743/4031/4535 1213/1359/2075 1214/1360/2077 3744/4032/4536
f 3744/4032/4536 1214/1360/2077 1215/1361/2079 3745/4033/4537
f 3745/4033/4537 1215/1361/2079 1216/1362/2081 3746/4034/4538
f 3746/4034/4538 1216/1362/2081 1217/1363/2083 3747/4035/4539
f 3747/4035/4539 1217/1363/2083 1218/1364/2085 3708/3996/4500
f 3747/4035/4539 3708/3996/4500 3709/3997/4501 3748/4036/4540
f 3748/4036/4540 3709/3997/4501 3710/3998/4502 3749/4037/4541
f 3749/4037/4541 3710/3998/4502 3711/3999/4503 3750/4038/4542
f 3750/4038/4542 3711/3999/4503 3712/4000/4504 3751/4039/4543
f 3751/4039/4543 3712/4000/4504 3713/4001/4505 3752/4040/4544
f 3752/4040/4544 3713/4001/4505 3714/4002/4506 3753/4041/4545
f 3753/4041/4545 3714/4002/4506 3715/4003/4507 3754/4042/4546
f 3754/4042/4546 3715/4003/4507 3716/4004/4508 3755/4043/4547
f 3755/4043/4547 3716/4004/4508 3717/4005/4509 3756/4044/4548
f 3717/4005/4509 3718/4006/4510 3719/4007/4511 3756/4044/4548
f 3756/4044/4548 3719/4007/4511 3720/4008/4512 3757/4045/4549
f 3757/4045/4549 3720/4008/4512 3721/4009/4513 3758/4046/4550
f 3758/4046/4550 3721/4009/4513 3722/4010/4514 3759/4047/4551
f 3759/4047/4551 3722/4010/4514 3723/4011/4515 3760/4048/4552
f 3760/4048/4552 3723/4011/4515 3724/4012/4516 3761/4049/4553
f 3761/4049/4553 3724/4012/4516 3725/4013/4517 3762/4050/4554
f 3762/4050/4554 3725/4013/4517 3726/4014/4518 3763/4051/4555
f 3763/4051/4555 3726/4014/4518 3727/4015/4519 3764/4052/4556
f 3727/4015/4519 3728/4016/4520 3729/4017/4521 3764/4052/4556
f 3764/4052/4556 3729/4017/4521 3730/4018/4522 3765/4053/4557
f 3765/4053/4557 3730/4018/4522 3731/4019/4523 3766/4054/4558
f 3766/4054/4558 3731/4019/4523 3732/4020/4524 3767/4055/4559
f 3767/4055/4559 3732/4020/4524 3733/4021/4525 3768/4056/4560
f 3768/4056/4560 3733/4021/4525 3734/4022/4526 3769/4057/4561
f 3769/4057/4561 3734/4022/4526 3735/4023/4527 3770/4058/4562
f 3770/4058/4562 3735/4023/4527 3736/4024/4528 3771/4059/4563
f 3771/4059/4563 3736/4024/4528 3737/4025/4529 3772/4060/4564
f 3737/4025/4529 3738/4026/4530 3739/4027/4531 3772/4060/4564
f 3772/4060/4564 3739/4027/4531 3740/4028/4532 3773/4061/4565
f 3773/4061/4565 3740/4028/4532 3741/4029/4533 3774/4062/4566
f 3774/4062/4566 3741/4029/4533 3742/4030/4534 3775/4063/4567
f 3775/4063/4567 3742/4030/4534 3743/4031/4535 3776/4064/4568
f 3776/4064/4568 3743/4031/4535 3744/4032/4536 3777/4065/4569
f 3777/4065/4569 3744/4032/4536 3745/4033/4537 3778/4066/4570
f 3778/4066/4570 3745/4033/4537 3746/4034/4538 3779/4067/4571
f 3779/4067/4571 3746/4034/4538 3747/4035/4539 3748/4036/4540
f 3779/4067/4571 3748/4036/4540 3749/4037/4541 3780/4068/4572
f 3780/4068/4572 3749/4037/4541 3750/4038/4542 3781/4069/4573
f 3781/4069/4573 3750/4038/4542 3751/4039/4543 3782/4070/4574
f 3782/4070/4574 3751/4039/4543 3752/4040/4544 3783/4071/4575
f 3783/4071/4575 3752/4040/4544 3753/4041/4545 3784/4072/4576
f 3784/4072/4576 3753/4041/4545 3754/4042/4546 3785/4073/4577
f 3785/4073/4577 3754/4042/4546 3755/4043/4547 3786/4074/4578
f 3755/4043/4547 3756/4044/4548 3757/4045/4549 3786/4074/4578
f 3786/4074/4578 3757/4045/4549 3758/4046/4550 3787/4075/4579
f 3787/4075/4579 3758/4046/4550 3759/4047/4551 3788/4076/4580
f 3788/4076/4580 3759/4047/4551 3760/4048/4552 3789/4077/4581
f 3789/4077/4581 3760/4048/4552 3761/4049/4553 3790/4078/4582
f 3790/4078/4582 3761/4049/4553 3762/4050/4554 3791/4079/4583
f 3791/4079/4583 3762/4050/4554 3763/4051/4555 3792/4080/4584
f 3763/4051/4555 3764/4052/4556 3765/4053/4557 3792/4080/4584
f 3792/4080/4584 3765/4053/4557 3766/4054/4558 3793/4081/4585
f 3793/4081/4585 3766/4054/4558 3767/4055/4559 3794/4082/4586
f 3794/4082/4586 3767/4055/4559 3768/4056/4560 3795/4083/4587
f 3795/4083/4587 3768/4056/4560 3769/4057/4561 3796/4084/4588
f 3796/4084/4588 3769/4057/4561 3770/4058/4562 3797/4085/4589
f 3797/4085/4589 3770/4058/4562 3771/4059/4563 3798/4086/4590
f 3771/4059/4563 3772/4060/4564 3773/4061/4565 3798/4086/4590
f 3798/4086/4590 3773/4061/4565 3774/4062/4566 3799/4087/4591
f 3799/4087/4591 3774/4062/4566 3775/4063/4567 3800/4088/4592
f 3800/4088/4592 3775/4063/4567 3776/4064/4568 3801/4089/4593
f 3801/4089/4593 3776/4064/4568 3777/4065/4569 3802/4090/4594
f 3802/4090/4594 3777/4065/4569 3778/4066/4570 3803/4091/4595
f 3803/4091/4595 3778/4066/4570 3779/4067/4571 3780/4068/4572
f 3803/4091/4595 3780/4068/4572 3781/4069/4573 3804/4092/4596
f 3804/4092/4596 3781/4069/4573 3782/4070/4574 3805/4093/4597
f 3805/4093/4597 3782/4070/4574 3783/4071/4575 3806/4094/4598
f 3806/4094/4598 3783/4071/4575 3784/4072/4576 3807/4095/4599
f 3807/4095/4599 3784/4072/4576 3785/4073/4577 3808/4096/4600
f 3785/4073/4577 3786/4074/4578 3787/4075/4579 3808/4096/4600
f 3808/4096/4600 3787/4075/4579 3788/4076/4580 3809/4097/4601
f 3809/4097/4601 3788/4076/4580 3789/4077/4581 3810/4098/4602
f 3810/4098/4602 3789/4077/4581 3790/4078/4582 3811/4099/4603
f 3811/4099/4603 3790/4078/4582 3791/4079/4583 3812/4100/4604
f 3791/4079/4583 3792/4080/4584 3793/4081/4585 3812/4100/4604
f 3812/4100/4604 3793/4081/4585 3794/4082/4586 3813/4101/4605
f 3813/4101/4605 3794/4082/4586 3795/4083/4587 3814/4102/4606
f 3814/4102/4606 3795/4083/4587 3796/4084/4588 3815/4103/4607
f 3815/4103/4607 3796/4084/4588 3797/4085/4589 3816/4104/4608
f 3797/4085/4589 3798/4086/4590 3799/4087/4591 3816/4104/4608
f 3816/4104/4608 3799/4087/4591 3800/4088/4592 3817/4105/4609
f 3817/4105/4609 3800/4088/4592 3801/4089/4593 3818/4106/4610
f 3818/4106/4610 3801/4089/4593 3802/4090/4594 3819/4107/4611
f 3819/4107/4611 3802/4090/4594 3803/4091/4595 3804/4092/4596
f 3819/4107/4611 3804/4092/4596 3805/4093/4597 3820/4108/4612
f 3820/4108/4612 3805/4093/4597 3806/4094/4598 3821/4109/4613
f 3821/4109/4613 3806/4094/4598 3807/4095/4599 3822/4110/4614
f 3807/4095/4599 3808/4096/4600 3809/4097/4601 3822/4110/4614
f 3822/4110/4614 3809/4097/4601 3810/4098/4602 3823/4111/4615
f 3823/4111/4615 3810/4098/4602 3811/4099/4603 3824/4112/4616
f 3811/4099/4603 3812/4100/4604 3813/4101/4605 3824/4112/4616
f 3824/4112/4616 3813/4101/4605 3814/4102/4606 3825/4113/4617
f 3825/4113/4617 3814/4102/4606 3815/4103/4607 3826/4114/4618
f 3815/4103/4607 3816/4104/4608 3817/4105/4609 3826/4114/4618
f 3826/4114/4618 3817/4105/4609 3818/4106/4610 3827/4115/4619
f 3827/4115/4619 3818/4106/4610 3819/4107/4611 3820/4108/4612
f 3827/4115/4619 3820/4108/4612 3821/4109/4613 3828/4116/4620
f 3821/4109/4613 3822/4110/4614 3823/4111/4615 3828/4116/4620
f 3823/4111/4615 3824/4112/4616 3825/4113/4617 3828/4116/4620
f 3825/4113/4617 3826/4114/4618 3827/4115/4619 3828/4116/4620
f 1265/1409/1969 1266/419/1970 1219/1365/2131 3829/4117/4621
f 3829/4117/4621 1219/1365/2131 1220/1366/2129 3830/4118/4622
f 3830/4118/4622 1220/1366/2129 1221/1367/2127 3831/4119/4623
f 3831/4119/4623 1221/1367/2127 1222/1368/2125 3832/4120/4624
f 3832/4120/4624 1222/1368/2125 1223/1369/2123 3833/4121/4625
f 3833/4121/4625 1223/1369/2123 1224/1370/2121 3834/4122/4626
f 3834/4122/4626 1224/1370/2121 1225/1371/2119 3835/4123/4627
f 3835/4123/4627 1225/1371/2119 1226/1372/2117 3836/4124/4628
f 3836/4124/4628 1226/1372/2117 1227/1373/2115 3837/4125/4629
f 3837/4125/4629 1227/1373/2115 1228/1374/2113 3838/4126/4630
f 3838/4126/4630 1228/1374/2113 1229/1375/2110 3839/4127/4631
f 1229/1375/2110 1230/422/2109 1231/1376/2153 3839/4127/4631
f 3839/4127/4631 1231/1376/2153 1232/1377/2151 3840/4128/4632
f 3840/4128/4632 1232/1377/2151 1233/1378/2149 3841/4129/4633
f 3841/4129/4633 1233/1378/2149 1234/1379/2147 3842/4130/4634
f 3842/4130/4634 1234/1379/2147 1235/1380/2145 3843/4131/4635
f 3843/4131/4635 1235/1380/2145 1236/1381/2143 3844/4132/4636
f 3844/4132/4636 1236/1381/2143 1237/1382/2141 3845/4133/4637
f 3845/4133/4637 1237/1382/2141 1238/1383/2139 3846/4134/4638
f 3846/4134/4638 1238/1383/2139 1239/1384/2137 3847/4135/4639
f 3847/4135/4639 1239/1384/2137 1240/1385/2135 3848/4136/4640
f 3848/4136/4640 1240/1385/2135 1241/1386/2133 3849/4137/4641
f 1241/1386/2133 1242/444/1996 1243/1387/1995 3849/4137/4641
f 3849/4137/4641 1243/1387/1995 1244/1388/1998 3850/4138/4642
f 3850/4138/4642 1244/1388/1998 1245/1389/2000 3851/4139/4643
f 3851/4139/4643 1245/1389/2000 1246/1390/2002 3852/4140/4644
f 3852/4140/4644 1246/1390/2002 1247/1391/2004 3853/4141/4645
f 3853/4141/4645 1247/1391/2004 1248/1393/2006 3854/4143/4646
f 3854/4142/4646 1248/1392/2006 1249/1394/2008 3855/4144/4647
f 3855/4144/4647 1249/1394/2008 1250/1395/2010 3856/4145/4648
f 3856/4145/4648 1250/1395/2010 1251/1396/2012 3857/4146/4649
f 3857/4146/4649 1251/1396/2012 1252/1397/2014 3858/4147/4650
f 3858/4147/4650 1252/1397/2014 1253/1398/2016 3859/4148/4651
f 1253/1398/2016 1254/413/1949 1255/1399/1948 3859/4148/4651
f 3859/4148/4651 1255/1399/1948 1256/1400/1951 3860/4149/4652
f 3860/4149/4652 1256/1400/1951 1257/1401/1953 3861/4150/4653
f 3861/4150/4653 1257/1401/1953 1258/1402/1955 3862/4151/4654
f 3862/4151/4654 1258/1402/1955 1259/1403/1957 3863/4152/4655
f 3863/4152/4655 1259/1403/1957 1260/1404/1959 3864/4153/4656
f 3864/4153/4656 1260/1404/1959 1261/1405/1961 3865/4154/4657
f 3865/4154/4657 1261/1405/1961 1262/1406/1963 3866/4155/4658
f 3866/4155/4658 1262/1406/1963 1263/1407/1965 3867/4156/4659
f 3867/4156/4659 1263/1407/1965 1264/1408/1967 3868/4157/4660
f 3868/4157/4660 1264/1408/1967 1265/1409/1969 3829/4117/4621
f 3868/4157/4660 3829/4117/4621 3830/4118/4622 3869/4158/4661
f 3869/4158/4661 3830/4118/4622 3831/4119/4623 3870/4159/4662
f 3870/4159/4662 3831/4119/4623 3832/4120/4624 3871/4160/4663
f 3871/4160/4663 3832/4120/4624 3833/4121/4625 3872/4161/4664
f 3872/4161/4664 3833/4121/4625 3834/4122/4626 3873/4162/4665
f 3873/4162/4665 3834/4122/4626 3835/4123/4627 3874/4163/4666
f 3874/4163/4666 3835/4123/4627 3836/4124/4628 3875/4164/4667
f 3875/4164/4667 3836/4124/4628 3837/4125/4629 3876/4165/4668
f 3876/4165/4668 3837/4125/4629 3838/4126/4630 3877/4166/4669
f 3838/4126/4630 3839/4127/4631 3840/4128/4632 3877/4166/4669
f 3877/4166/4669 3840/4128/4632 3841/4129/4633 3878/4167/4670
f 3878/4167/4670 3841/4129/4633 3842/4130/4634 3879/4168/4671
f 3879/4168/4671 3842/4130/4634 3843/4131/4635 3880/4169/4672
f 3880/4169/4672 3843/4131/4635 3844/4132/4636 3881/4170/4673
f 3881/4170/4673 3844/4132/4636 3845/4133/4637 3882/4171/4674
f 3882/4171/4674 3845/4133/4637 3846/4134/4638 3883/4172/4675
f 3883/4172/4675 3846/4134/4638 3847/4135/4639 3884/4173/4676
f 3884/4173/4676 3847/4135/4639 3848/4136/4640 3885/4174/4677
f 3848/4136/4640 3849/4137/4641 3850/4138/4642 3885/4174/4677
f 3885/4174/4677 3850/4138/4642 3851/4139/4643 3886/4175/4678
f 3886/4175/4678 3851/4139/4643 3852/4140/4644 3887/4176/4679
f 3887/4176/4679 3852/4140/4644 3853/4141/4645 3888/4177/4680
f 3888/4177/4680 3853/4141/4645 3854/4143/4646 3889/4179/4681
f 3889/4178/4681 3854/4142/4646 3855/4144/4647 3890/4180/4682
f 3890/4180/4682 3855/4144/4647 3856/4145/4648 3891/4181/4683
f 3891/4181/4683 3856/4145/4648 3857/4146/4649 3892/4182/4684
f 3892/4182/4684 3857/4146/4649 3858/4147/4650 3893/4183/4685
f 3858/4147/4650 3859/4148/4651 3860/4149/4652 3893/4183/4685
f 3893/4183/4685 3860/4149/4652 3861/4150/4653 3894/4184/4686
f 3894/4184/4686 3861/4150/4653 3862/4151/4654 3895/4185/4687
f 3895/4185/4687 3862/4151/4654 3863/4152/4655 3896/4186/4688
f 3896/4186/4688 3863/4152/4655 3864/4153/4656 3897/4187/4689
f 3897/4187/4689 3864/4153/4656 3865/4154/4657 3898/4188/4690
f 3898/4188/4690 3865/4154/4657 3866/4155/4658 3899/4189/4691
f 3899/4189/4691 3866/4155/4658 3867/4156/4659 3900/4190/4692
f 3900/4190/4692 3867/4156/4659 3868/4157/4660 3869/4158/4661
f 3900/4190/4692 3869/4158/4661 3870/4159/4662 3901/4191/4693
f 3901/4191/4693 3870/4159/4662 3871/4160/4663 3902/4192/4694
f 3902/4192/4694 3871/4160/4663 3872/4161/4664 3903/4193/4695
f 3903/4193/4695 3872/4161/4664 3873/4162/4665 3904/4194/4696
f 3904/4194/4696 3873/4162/4665 3874/4163/4666 3905/4195/4697
f 3905/4195/4697 3874/4163/4666 3875/4164/4667 3906/4196/4698
f 3906/4196/4698 3875/4164/4667 3876/4165/4668 3907/4197/4699
f 3876/4165/4668 3877/4166/4669 3878/4167/4670 3907/4197/4699
f 3907/4197/4699 3878/4167/4670 3879/4168/4671 3908/4198/4700
f 3908/4198/4700 3879/4168/4671 3880/4169/4672 3909/4199/4701
f 3909/4199/4701 3880/4169/4672 3881/4170/4673 3910/4200/4702
f 3910/4200/4702 3881/4170/4673 3882/4171/4674 3911/4201/4703
f 3911/4201/4703 3882/4171/4674 3883/4172/4675 3912/4202/4704
f 3912/4202/4704 3883/4172/4675 3884/4173/4676 3913/4203/4705
f 3884/4173/4676 3885/4174/4677 3886/4175/4678 3913/4203/4705
f 3913/4203/4705 3886/4175/4678 3887/4176/4679 3914/4204/4706
f 3914/4204/4706 3887/4176/4679 3888/4177/4680 3915/4205/4707
f 3915/4205/4707 3888/4177/4680 3889/4179/4681 3916/4207/4708
f 3916/4206/4708 3889/4178/4681 3890/4180/4682 3917/4208/4709
f 3917/4208/4709 3890/4180/4682 3891/4181/4683 3918/4209/4710
f 3918/4209/4710 3891/4181/4683 3892/4182/4684 3919/4210/4711
f 3892/4182/4684 3893/4183/4685 3894/4184/4686 3919/4210/4711
f 3919/4210/4711 3894/4184/4686 3895/4185/4687 3920/4211/4712
f 3920/4211/4712 3895/4185/4687 3896/4186/4688 3921/4212/4713
f 3921/4212/4713 3896/4186/4688 3897/4187/4689 3922/4213/4714
f 3922/4213/4714 3897/4187/4689 3898/4188/4690 3923/4214/4715
f 3923/4214/4715 3898/4188/4690 3899/4189/4691 3924/4215/4716
f 3924/4215/4716 3899/4189/4691 3900/4190/4692 3901/4191/4693
f 3924/4215/4716 3901/4191/4693 3902/4192/4694 3925/4216/4717
f 3925/4216/4717 3902/4192/4694 3903/4193/4695 3926/4217/4718
f 3926/4217/4718 3903/4193/4695 3904/4194/4696 3927/4218/4719
f 3927/4218/4719 3904/4194/4696 3905/4195/4697 3928/4219/4720
f 3928/4219/4720 3905/4195/4697 3906/4196/4698 3929/4220/4721
f 3906/4196/4698 3907/4197/4699 3908/4198/4700 3929/4220/4721
f 3929/4220/4721 3908/4198/4700 3909/4199/4701 3930/4221/4722
f 3930/4221/4722 3909/4199/4701 3910/4200/4702 3931/4222/4723
f 3931/4222/4723 3910/4200/4702 3911/4201/4703 3932/4223/4724
f 3932/4223/4724 3911/4201/4703 3912/4202/4704 3933/4224/4725
f 3912/4202/4704 3913/4203/4705 3914/4204/4706 3933/4224/4725
f 3933/4224/4725 3914/4204/4706 3915/4205/4707 3934/4225/4726
f 3934/4225/4726 3915/4205/4707 3916/4207/4708 3935/4227/4727
f 3935/4226/4727 3916/4206/4708 3917/4208/4709 3936/4228/4728
f 3936/4228/4728 3917/4208/4709 3918/4209/4710 3937/4229/4729
f 3918/4209/4710 3919/4210/4711 3920/4211/4712 3937/4229/4729
f 3937/4229/4729 3920/4211/4712 3921/4212/4713 3938/4230/4730
f 3938/4230/4730 3921/4212/4713 3922/4213/4714 3939/4231/4731
f 3939/4231/4731 3922/4213/4714 3923/4214/4715 3940/4232/4732
f 3940/4232/4732 3923/4214/4715 3924/4215/4716 3925/4216/4717
f 3940/4232/4732 3925/4216/4717 3926/4217/4718 3941/4233/4733
f 3941/4233/4733 3926/4217/4718 3927/4218/4719 3942/4234/4734
f 3942/4234/4734 3927/4218/4719 3928/4219/4720 3943/4235/4735
f 3928/4219/4720 3929/4220/4721 3930/4221/4722 3943/4235/4735
f 3943/4235/4735 3930/4221/4722 3931/4222/4723 3944/4236/4736
f 3944/4236/4736 3931/4222/4723 3932/4223/4724 3945/4237/4737
f 3932/4223/4724 3933/4224/4725 3934/4225/4726 3945/4237/4737
f 3945/4237/4737 3934/4225/4726 3935/4227/4727 3946/4239/4738
f 3946/4238/4738 3935/4226/4727 3936/4228/4728 3947/4240/4739
f 3936/4228/4728 3937/4229/4729 3938/4230/4730 3947/4240/4739
f 3947/4240/4739 3938/4230/4730 3939/4231/4731 3948/4241/4740
f 3948/4241/4740 3939/4231/4731 3940/4232/4732 3941/4233/4733
f 3948/4241/4740 3941/4233/4733 3942/4234/4734 3949/4242/4741
f 3942/4234/4734 3943/4235/4735 3944/4236/4736 3949/4242/4741
f 3944/4236/4736 3945/4237/4737 3946/4239/4738 3949/4242/4741
f 3946/4238/4738 3947/4240/4739 3948/4241/4740 3949/4242/4741
f 1312/1453/2154 1313/424/2155 1267/1410/2176 3950/4243/4742
f 3950/4243/4742 1267/1410/2176 1268/1411/2174 3951/4244/4743
f 3951/4244/4743 1268/1411/2174 1269/1412/2172 3952/4245/4744
f 3952/4245/4744 1269/1412/2172 1270/1413/2170 3953/4246/4745
f 3953/4246/4745 1270/1413/2170 1271/1414/2168 3954/4247/4746
f 3954/4247/4746 1271/1414/2168 1272/1415/2166 3955/4248/4747
f 3955/4248/4747 1272/1415/2166 1273/1416/2164 3956/4249/4748
f 3956/4249/4748 1273/1416/2164 1274/1417/2162 3957/4250/4749
f 3957/4250/4749 1274/1417/2162 1275/1418/2160 3958/4251/4750
f 3958/4251/4750 1275/1418/2160 1276/1419/2158 3959/4252/4751
f 3959/4252/4751 1276/1419/2158 1277/1420/2156 3960/4253/4752
f 1277/1420/2156 1278/447/1328 1279/1421/1327 3960/4253/4752
f 3960/4253/4752 1279/1421/1327 1280/1422/1330 3961/4254/4753
f 3961/4254/4753 1280/1422/1330 1281/1423/1332 3962/4255/4754
f 3962/4255/4754 1281/1423/1332 1282/1424/1334 3963/4256/4755
f 3963/4256/4755 1282/1424/1334 1283/1425/1336 3964/4257/4756
f 3964/4257/4756 1283/1425/1336 1284/1426/1338 3965/4258/4757
f 3965/4258/4757 1284/1426/1338 1285/1427/1340 3966/4259/4758
f 3966/4259/4758 1285/1427/1340 1286/1428/1342 3967/4260/4759
f 3967/4260/4759 1286/1428/1342 1287/1429/1344 3968/4261/4760
f 3968/4261/4760 1287/1429/1344 1288/1430/1346 3969/4262/4761
f 3969/4262/4761 1288/1430/1346 1289/1431/1348 3970/4263/4762
f 1289/1431/1348 384/378/1255 1290/1432/1257 3970/4263/4762
f 3970/4263/4762 1290/1432/1257 1291/1433/1259 3971/4264/4763
f 3971/4264/4763 1291/1433/1259 1292/1434/1261 3972/4265/4764
f 3972/4265/4764 1292/1434/1261 1293/1435/1263 3973/4266/4765
f 3973/4266/4765 1293/1435/1263 1294/1436/1265 3974/4267/4766
f 3974/4267/4766 1294/1436/1265 1295/1437/1267 3975/4268/4767
f 3975/4268/4767 1295/1437/1267 1296/1438/1269 3976/4269/4768
f 3976/4269/4768 1296/1438/1269 1297/1439/1271 3977/4270/4769
f 3977/4270/4769 1297/1439/1271 1298/1440/1273 3978/4271/4770
f 3978/4271/4770 1298/1440/1273 1299/1441/1275 3979/4272/4771
f 3979/4272/4771 1299/1441/1275 1300/1442/1277 3980/4273/4772
f 1300/1442/1277 1301/421/1278 1302/1443/2134 3980/4273/4772
f 3980/4273/4772 1302/1443/2134 1303/1444/2136 3981/4274/4773
f 3981/4274/4773 1303/1444/2136 1304/1445/2138 3982/4275/4774
f 3982/4275/4774 1304/1445/2138 1305/1446/2140 3983/4276/4775
f 3983/4276/4775 1305/1446/2140 1306/1447/2142 3984/4277/4776
f 3984/4277/4776 1306/1447/2142 1307/1448/2144 3985/4278/4777
f 3985/4278/4777 1307/1448/2144 1308/1449/2146 3986/4279/4778
f 3986/4279/4778 1308/1449/2146 1309/1450/2148 3987/4280/4779
f 3987/4280/4779 1309/1450/2148 1310/1451/2150 3988/4281/4780
f 3988/4281/4780 1310/1451/2150 1311/1452/2152 3989/4282/4781
f 3989/4282/4781 1311/1452/2152 1312/1453/2154 3950/4243/4742
f 3989/4282/4781 3950/4243/4742 3951/4244/4743 3990/4283/4782
f 3990/4283/4782 3951/4244/4743 3952/4245/4744 3991/4284/4783
f 3991/4284/4783 3952/4245/4744 3953/4246/4745 3992/4285/4784
f 3992/4285/4784 3953/4246/4745 3954/4247/4746 3993/4286/4785
f 3993/4286/4785 3954/4247/4746 3955/4248/4747 3994/4287/4786
f 3994/4287/4786 3955/4248/4747 3956/4249/4748 3995/4288/4787
f 3995/4288/4787 3956/4249/4748 3957/4250/4749 3996/4289/4788
f 3996/4289/4788 3957/4250/4749 3958/4251/4750 3997/4290/4789
f 3997/4290/4789 3958/4251/4750 3959/4252/4751 3998/4291/4790
f 3959/4252/4751 3960/4253/4752 3961/4254/4753 3998/4291/4790
f 3998/4291/4790 3961/4254/4753 3962/4255/4754 3999/4292/4791
f 3999/4292/4791 3962/4255/4754 3963/4256/4755 4000/4293/4792
f 4000/4293/4792 3963/4256/4755 3964/4257/4756 4001/4294/4793
f 4001/4294/4793 3964/4257/4756 3965/4258/4757 4002/4295/4794
f 4002/4295/4794 3965/4258/4757 3966/4259/4758 4003/4296/4795
f 4003/4296/4795 3966/4259/4758 3967/4260/4759 4004/4297/4796
f 4004/4297/4796 3967/4260/4759 3968/4261/4760 4005/4298/4797
f 4005/4298/4797 3968/4261/4760 3969/4262/4761 4006/4299/4798
f 3969/4262/4761 3970/4263/4762 3971/4264/4763 4006/4299/4798
f 4006/4299/4798 3971/4264/4763 3972/4265/4764 4007/4300/4799
f 4007/4300/4799 3972/4265/4764 3973/4266/4765 4008/4301/4800
f 4008/4301/4800 3973/4266/4765 3974/4267/4766 4009/4302/4801
f 4009/4302/4801 3974/4267/4766 3975/4268/4767 4010/4303/4802
f 4010/4303/4802 3975/4268/4767 3976/4269/4768 4011/4304/4803
f 4011/4304/4803 3976/4269/4768 3977/4270/4769 4012/4305/4804
f 4012/4305/4804 3977/4270/4769 3978/4271/4770 4013/4306/4805
f 4013/4306/4805 3978/4271/4770 3979/4272/4771 4014/4307/4806
f 3979/4272/4771 3980/4273/4772 3981/4274/4773 4014/4307/4806
f 4014/4307/4806 3981/4274/4773 3982/4275/4774 4015/4308/4807
f 4015/4308/4807 3982/4275/4774 3983/4276/4775 4016/4309/4808
f 4016/4309/4808 3983/4276/4775 3984/4277/4776 4017/4310/4809
f 4017/4310/4809 3984/4277/4776 3985/4278/4777 4018/4311/4810
f 4018/4311/4810 3985/4278/4777 3986/4279/4778 4019/4312/4811
f 4019/4312/4811 3986/4279/4778 3987/4280/4779 4020/4313/4812
f 4020/4313/4812 3987/4280/4779 3988/4281/4780 4021/4314/4813
f 4021/4314/4813 3988/4281/4780 3989/4282/4781 3990/4283/4782
f 4021/4314/4813 3990/4283/4782 3991/4284/4783 4022/4315/4814
f 4022/4315/4814 3991/4284/4783 3992/4285/4784 4023/4316/4815
f 4023/4316/4815 3992/4285/4784 3993/4286/4785 4024/4317/4816
f 4024/4317/4816 3993/4286/4785 3994/4287/4786 4025/4318/4817
f 4025/4318/4817 3994/4287/4786 3995/4288/4787 4026/4319/4818
f 4026/4319/4818 3995/4288/4787 3996/4289/4788 4027/4320/4819
f 4027/4320/4819 3996/4289/4788 3997/4290/4789 4028/4321/4820
f 3997/4290/4789 3998/4291/4790 3999/4292/4791 4028/4321/4820
f 4028/4321/4820 3999/4292/4791 4000/4293/4792 4029/4322/4821
f 4029/4322/4821 4000/4293/4792 4001/4294/4793 4030/4323/4822
f 4030/4323/4822 4001/4294/4793 4002/4295/4794 4031/4324/4823
f 4031/4324/4823 4002/4295/4794 4003/4296/4795 4032/4325/4824
f 4032/4325/4824 4003/4296/4795 4004/4297/4796 4033/4326/4825
f 4033/4326/4825 4004/4297/4796 4005/4298/4797 4034/4327/4826
f 4005/4298/4797 4006/4299/4798 4007/4300/4799 4034/4327/4826
f 4034/4327/4826 4007/4300/4799 4008/4301/4800 4035/4328/4827
f 4035/4328/4827 4008/4301/4800 4009/4302/4801 4036/4329/4828
f 4036/4329/4828 4009/4302/4801 4010/4303/4802 4037/4330/4829
f 4037/4330/4829 4010/4303/4802 4011/4304/4803 4038/4331/4830
f 4038/4331/4830 4011/4304/4803 4012/4305/4804 4039/4332/4831
f 4039/4332/4831 4012/4305/4804 4013/4306/4805 4040/4333/4832
f 4013/4306/4805 4014/4307/4806 4015/4308/4807 4040/4333/4832
f 4040/4333/4832 4015/4308/4807 4016/4309/4808 4041/4334/4833
f 4041/4334/4833 4016/4309/4808 4017/4310/4809 4042/4335/4834
f 4042/4335/4834 4017/4310/4809 4018/4311/4810 4043/4336/4835
f 4043/4336/4835 4018/4311/4810 4019/4312/4811 4044/4337/4836
f 4044/4337/4836 4019/4312/4811 4020/4313/4812 4045/4338/4837
f 4045/4338/4837 4020/4313/4812 4021/4314/4813 4022/4315/4814
f 4045/4338/4837 4022/4315/4814 4023/4316/4815 4046/4339/4838
f 4046/4339/4838 4023/4316/4815 4024/4317/4816 4047/4340/4839
f 4047/4340/4839 4024/4317/4816 4025/4318/4817 4048/4341/4840
f 4048/4341/4840 4025/4318/4817 4026/4319/4818 4049/4342/4841
f 4049/4342/4841 4026/4319/4818 4027/4320/4819 4050/4343/4842
f 4027/4320/4819 4028/4321/4820 4029/4322/4821 4050/4343/4842
f 4050/4343/4842 4029/4322/4821 4030/4323/4822 4051/4344/4843
f 4051/4344/4843 4030/4323/4822 4031/4324/4823 4052/4345/4844
f 4052/4345/4844 4031/4324/4823 4032/4325/4824 4053/4346/4845
f 4053/4346/4845 4032/4325/4824 4033/4326/4825 4054/4347/4846
f 4033/4326/4825 4034/4327/4826 4035/4328/4827 4054/4347/4846
f 4054/4347/4846 4035/4328/4827 4036/4329/4828 4055/4348/4847
f 4055/4348/4847 4036/4329/4828 4037/4330/4829 4056/4349/4848
f 4056/4349/4848 4037/4330/4829 4038/4331/4830 4057/4350/4849
f 4057/4350/4849 4038/4331/4830 4039/4332/4831 4058/4351/4850
f 4039/4332/4831 4040/4333/4832 4041/4334/4833 4058/4351/4850
f 4058/4351/4850 4041/4334/4833 4042/4335/4834 4059/4352/4851
f 4059/4352/4851 4042/4335/4834 4043/4336/4835 4060/4353/4852
f 4060/4353/4852 4043/4336/4835 4044/4337/4836 4061/4354/4853
f 4061/4354/4853 4044/4337/4836 4045/4338/4837 4046/4339/4838
f 4061/4354/4853 4046/4339/4838 4047/4340/4839 4062/4355/4854
f 4062/4355/4854 4047/4340/4839 4048/4341/4840 4063/4356/4855
f 4063/4356/4855 4048/4341/4840 4049/4342/4841 4064/4357/4856
f 4049/4342/4841 4050/4343/4842 4051/4344/4843 4064/4357/4856
f 4064/4357/4856 4051/4344/4843 4052/4345/4844 4065/4358/4857
f 4065/4358/4857 4052/4345/4844 4053/4346/4845 4066/4359/4858
f 4053/4346/4845 4054/4347/4846 4055/4348/4847 4066/4359/4858
f 4066/4359/4858 4055/4348/4847 4056/4349/4848 4067/4360/4859
f 4067/4360/4859 4056/4349/4848 4057/4350/4849 4068/4361/4860
f 4057/4350/4849 4058/4351/4850 4059/4352/4851 4068/4361/4860
f 4068/4361/4860 4059/4352/4851 4060/4353/4852 4069/4362/4861
f 4069/4362/4861 4060/4353/4852 4061/4354/4853 4062/4355/4854
f 4069/4362/4861 4062/4355/4854 4063/4356/4855 4070/4363/4862
f 4063/4356/4855 4064/4357/4856 4065/4358/4857 4070/4363/4862
f 4065/4358/4857 4066/4359/4858 4067/4360/4859 4070/4363/4862
f 4067/4360/4859 4068/4361/4860 4069/4362/4861 4070/4363/4862
f 1359/1498/2062 1360/426/2063 1314/1454/2199 4071/4364/4863
f 4071/4364/4863 1314/1454/2199 1315/1455/2197 4072/4365/4864
f 4072/4365/4864 1315/1455/2197 1316/1456/2195 4073/4366/4865
f 4073/4366/4865 1316/1456/2195 1317/1457/2193 4074/4367/4866
f 4074/4367/4866 1317/1457/2193 1318/1458/2191 4075/4368/4867
f 4075/4368/4867 1318/1458/2191 1319/1459/2189 4076/4369/4868
f 4076/4369/4868 1319/1459/2189 1320/1460/2187 4077/4370/4869
f 4077/4370/4869 1320/1460/2187 1321/1461/2185 4078/4371/4870
f 4078/4371/4870 1321/1461/2185 1322/1462/2183 4079/4372/4871
f 4079/4372/4871 1322/1462/2183 1323/1463/2181 4080/4373/4872
f 4080/4373/4872 1323/1463/2181 1324/1464/2179 4081/4374/4873
f 1324/1464/2179 1325/451/2112 1326/1465/2111 4081/4374/4873
f 4081/4374/4873 1326/1465/2111 1327/1466/2114 4082/4375/4874
f 4082/4375/4874 1327/1466/2114 1328/1467/2116 4083/4376/4875
f 4083/4376/4875 1328/1467/2116 1329/1468/2118 4084/4377/4876
f 4084/4377/4876 1329/1468/2118 1330/1469/2120 4085/4378/4877
f 4085/4378/4877 1330/1469/2120 1331/1470/2122 4086/4379/4878
f 4086/4379/4878 1331/1470/2122 1332/1471/2124 4087/4380/4879
f 4087/4380/4879 1332/1471/2124 1333/1472/2126 4088/4381/4880
f 4088/4381/4880 1333/1472/2126 1334/1473/2128 4089/4382/4881
f 4089/4382/4881 1334/1473/2128 1335/1474/2130 4090/4383/4882
f 4090/4383/4882 1335/1474/2130 1336/1475/2132 4091/4384/4883
f 1336/1475/2132 1337/420/2088 1338/1476/2087 4091/4384/4883
f 4091/4384/4883 1338/1476/2087 1339/1477/2090 4092/4385/4884
f 4092/4385/4884 1339/1477/2090 1340/1478/2092 4093/4386/4885
f 4093/4386/4885 1340/1478/2092 1341/1479/2094 4094/4387/4886
f 4094/4387/4886 1341/1479/2094 1342/1480/2096 4095/4388/4887
f 4095/4388/4887 1342/1480/2096 1343/1481/2098 4096/4389/4888
f 4096/4389/4888 1343/1481/2098 1344/1482/2100 4097/4390/4889
f 4097/4390/4889 1344/1482/2100 1345/1483/2102 4098/4391/4890
f 4098/4391/4890 1345/1483/2102 1346/1484/2104 4099/4392/4891
f 4099/4392/4891 1346/1484/2104 1347/1485/2106 4100/4393/4892
f 4100/4393/4892 1347/1485/2106 1348/1486/2108 4101/4394/4893
f 1348/1486/2108 1147/418/2040 1349/1487/2042 4101/4394/4893
f 4101/4394/4893 1349/1487/2042 1350/1488/2044 4102/4395/4894
f 4102/4395/4894 1350/1488/2044 1351/1489/2046 4103/4396/4895
f 4103/4396/4895 1351/1489/2046 1352/1490/2048 4104/4397/4896
f 4104/4397/4896 1352/1490/2048 1353/1491/2050 4105/4398/4897
f 4105/4398/4897 1353/1491/2050 1354/1493/2052 4106/4400/4898
f 4106/4399/4898 1354/1492/2052 1355/1494/2054 4107/4401/4899
f 4107/4401/4899 1355/1494/2054 1356/1495/2056 4108/4402/4900
f 4108/4402/4900 1356/1495/2056 1357/1496/2058 4109/4403/4901
f 4109/4403/4901 1357/1496/2058 1358/1497/2060 4110/4404/4902
f 4110/4404/4902 1358/1497/2060 1359/1498/2062 4071/4364/4863
f 4110/4404/4902 4071/4364/4863 4072/4365/4864 4111/4405/4903
f 4111/4405/4903 4072/4365/4864 4073/4366/4865 4112/4406/4904
f 4112/4406/4904 4073/4366/4865 4074/4367/4866 4113/4407/4905
f 4113/4407/4905 4074/4367/4866 4075/4368/4867 4114/4408/4906
f 4114/4408/4906 4075/4368/4867 4076/4369/4868 4115/4409/4907
f 4115/4409/4907 4076/4369/4868 4077/4370/4869 4116/4410/4908
f 4116/4410/4908 4077/4370/4869 4078/4371/4870 4117/4411/4909
f 4117/4411/4909 4078/4371/4870 4079/4372/4871 4118/4412/4910
f 4118/4412/4910 4079/4372/4871 4080/4373/4872 4119/4413/4911
f 4080/4373/4872 4081/4374/4873 4082/4375/4874 4119/4413/4911
f 4119/4413/4911 4082/4375/4874 4083/4376/4875 4120/4414/4912
f 4120/4414/4912 4083/4376/4875 4084/4377/4876 4121/4415/4913
f 4121/4415/4913 4084/4377/4876 4085/4378/4877 4122/4416/4914
f 4122/4416/4914 4085/4378/4877 4086/4379/4878 4123/4417/4915
f 4123/4417/4915 4086/4379/4878 4087/4380/4879 4124/4418/4916
f 4124/4418/4916 4087/4380/4879 4088/4381/4880 4125/4419/4917
f 4125/4419/4917 4088/4381/4880 4089/4382/4881 4126/4420/4918
f 4126/4420/4918 4089/4382/4881 4090/4383/4882 4127/4421/4919
f 4090/4383/4882 4091/4384/4883 4092/4385/4884 4127/4421/4919
f 4127/4421/4919 4092/4385/4884 4093/4386/4885 4128/4422/4920
f 4128/4422/4920 4093/4386/4885 4094/4387/4886 4129/4423/4921
f 4129/4423/4921 4094/4387/4886 4095/4388/4887 4130/4424/4922
f 4130/4424/4922 4095/4388/4887 4096/4389/4888 4131/4425/4923
f 4131/4425/4923 4096/4389/4888 4097/4390/4889 4132/4426/4924
f 4132/4426/4924 4097/4390/4889 4098/4391/4890 4133/4427/4925
f 4133/4427/4925 4098/4391/4890 4099/4392/4891 4134/4428/4926
f 4134/4428/4926 4099/4392/4891 4100/4393/4892 4135/4429/4927
f 4100/4393/4892 4101/4394/4893 4102/4395/4894 4135/4429/4927
f 4135/4429/4927 4102/4395/4894 4103/4396/4895 4136/4430/4928
f 4136/4430/4928 4103/4396/4895 4104/4397/4896 4137/4431/4929
f 4137/4431/4929 4104/4397/4896 4105/4398/4897 4138/4432/4930
f 4138/4432/4930 4105/4398/4897 4106/4400/4898 4139/4434/4931
f 4139/4433/4931 4106/4399/4898 4107/4401/4899 4140/4435/4932
f 4140/4435/4932 4107/4401/4899 4108/4402/4900 4141/4436/4933
f 4141/4436/4933 4108/4402/4900 4109/4403/4901 4142/4437/4934
f 4142/4437/4934 4109/4403/4901 4110/4404/4902 4111/4405/4903
f 4142/4437/4934 4111/4405/4903 4112/4406/4904 4143/4438/4935
f 4143/4438/4935 4112/4406/4904 4113/4407/4905 4144/4439/4936
f 4144/4439/4936 4113/4407/4905 4114/4408/4906 4145/4440/4937
f 4145/4440/4937 4114/4408/4906 4115/4409/4907 4146/4441/4938
f 4146/4441/4938 4115/4409/4907 4116/4410/4908 4147/4442/4939
f 4147/4442/4939 4116/4410/4908 4117/4411/4909 4148/4443/4940
f 4148/4443/4940 4117/4411/4909 4118/4412/4910 4149/4444/4941
f 4118/4412/4910 4119/4413/4911 4120/4414/4912 4149/4444/4941
f 4149/4444/4941 4120/4414/4912 4121/4415/4913 4150/4445/4942
f 4150/4445/4942 4121/4415/4913 4122/4416/4914 4151/4446/4943
f 4151/4446/4943 4122/4416/4914 4123/4417/4915 4152/4447/4944
f 4152/4447/4944 4123/4417/4915 4124/4418/4916 4153/4448/4945
f 4153/4448/4945 4124/4418/4916 4125/4419/4917 4154/4449/4946
f 4154/4449/4946 4125/4419/4917 4126/4420/4918 4155/4450/4947
f 4126/4420/4918 4127/4421/4919 4128/4422/4920 4155/4450/4947
f 4155/4450/4947 4128/4422/4920 4129/4423/4921 4156/4451/4948
f 4156/4451/4948 4129/4423/4921 4130/4424/4922 4157/4452/4949
f 4157/4452/4949 4130/4424/4922 4131/4425/4923 4158/4453/4950
f 4158/4453/4950 4131/4425/4923 4132/4426/4924 4159/4454/4951
f 4159/4454/4951 4132/4426/4924 4133/4427/4925 4160/4455/4952
f 4160/4455/4952 4133/4427/4925 4134/4428/4926 4161/4456/4953
f 4134/4428/4926 4135/4429/4927 4136/4430/4928 4161/4456/4953
f 4161/4456/4953 4136/4430/4928 4137/4431/4929 4162/4457/4954
f 4162/4457/4954 4137/4431/4929 4138/4432/4930 4163/4458/4955
f 4163/4458/4955 4138/4432/4930 4139/4434/4931 4164/4460/4956
f 4164/4459/4956 4139/4433/4931 4140/4435/4932 4165/4461/4957
f 4165/4461/4957 4140/4435/4932 4141/4436/4933 4166/4462/4958
f 4166/4462/4958 4141/4436/4933 4142/4437/4934 4143/4438/4935
f 4166/4462/4958 4143/4438/4935 4144/4439/4936 4167/4463/4959
f 4167/4463/4959 4144/4439/4936 4145/4440/4937 4168/4464/4960
f 4168/4464/4960 4145/4440/4937 4146/4441/4938 4169/4465/4961
f 4169/4465/4961 4146/4441/4938 4147/4442/4939 4170/4466/4962
f 4170/4466/4962 4147/4442/4939 4148/4443/4940 4171/4467/4963
f 4148/4443/4940 4149/4444/4941 4150/4445/4942 4171/4467/4963
f 4171/4467/4963 4150/4445/4942 4151/4446/4943 4172/4468/4964
f 4172/4468/4964 4151/4446/4943 4152/4447/4944 4173/4469/4965
f 4173/4469/4965 4152/4447/4944 4153/4448/4945 4174/4470/4966
f 4174/4470/4966 4153/4448/4945 4154/4449/4946 4175/4471/4967
f 4154/4449/4946 4155/4450/4947 4156/4451/4948 4175/4471/4967
f 4175/4471/4967 4156/4451/4948 4157/4452/4949 4176/4472/4968
f 4176/4472/4968 4157/4452/4949 4158/4453/4950 4177/4473/4969
f 4177/4473/4969 4158/4453/4950 4159/4454/4951 4178/4474/4970
f 4178/4474/4970 4159/4454/4951 4160/4455/4952 4179/4475/4971
f 4160/4455/4952 4161/4456/4953 4162/4457/4954 4179/4475/4971
f 4179/4475/4971 4162/4457/4954 4163/4458/4955 4180/4476/4972
f 4180/4476/4972 4163/4458/4955 4164/4460/4956 4181/4478/4973
f 4181/4477/4973 4164/4459/4956 4165/4461/4957 4182/4479/4974
f 4182/4479/4974 4165/4461/4957 4166/4462/4958 4167/4463/4959
f 4182/4479/4974 4167/4463/4959 4168/4464/4960 4183/4480/4975
f 4183/4480/4975 4168/4464/4960 4169/4465/4961 4184/4481/4976
f 4184/4481/4976 4169/4465/4961 4170/4466/4962 4185/4482/4977
f 4170/4466/4962 4171/4467/4963 4172/4468/4964 4185/4482/4977
f 4185/4482/4977 4172/4468/4964 4173/4469/4965 4186/4483/4978
f 4186/4483/4978 4173/4469/4965 4174/4470/4966 4187/4484/4979
f 4174/4470/4966 4175/4471/4967 4176/4472/4968 4187/4484/4979
f 4187/4484/4979 4176/4472/4968 4177/4473/4969 4188/4485/4980
f 4188/4485/4980 4177/4473/4969 4178/4474/4970 4189/4486/4981
f 4178/4474/4970 4179/4475/4971 4180/4476/4972 4189/4486/4981
f 4189/4486/4981 4180/4476/4972 4181/4478/4973 4190/4488/4982
f 4190/4487/4982 4181/4477/4973 4182/4479/4974 4183/4480/4975
f 4190/4487/4982 4183/4480/4975 4184/4481/4976 4191/4489/4983
f 4184/4481/4976 4185/4482/4977 4186/4483/4978 4191/4489/4983
f 4186/4483/4978 4187/4484/4979 4188/4485/4980 4191/4489/4983
f 4188/4485/4980 4189/4486/4981 4190/4488/4982 4191/4489/4983
f 1407/1542/1755 1408/398/1687 1361/1499/1686 4192/4490/4984
f 4192/4490/4984 1361/1499/1686 1362/1500/1689 4193/4491/4985
f 4193/4491/4985 1362/1500/1689 1363/1501/1691 4194/4492/4986
f 4194/4492/4986 1363/1501/1691 1364/1502/1693 4195/4493/4987
f 4195/4493/4987 1364/1502/1693 1365/1503/1695 4196/4494/4988
f 4196/4494/4988 1365/1503/1695 1366/1504/1697 4197/4495/4989
f 4197/4495/4989 1366/1504/1697 1367/1505/1699 4198/4496/4990
f 4198/4496/4990 1367/1505/1699 1368/1506/1701 4199/4497/4991
f 4199/4497/4991 1368/1506/1701 1369/1507/1703 4200/4498/4992
f 4200/4498/4992 1369/1507/1703 1370/1508/1705 4201/4499/4993
f 4201/4499/4993 1370/1508/1705 1371/1509/1707 4202/4500/4994
f 1371/1509/1707 1372/423/1708 1373/1510/2157 4202/4500/4994
f 4202/4500/4994 1373/1510/2157 1374/1511/2159 4203/4501/4995
f 4203/4501/4995 1374/1511/2159 1375/1512/2161 4204/4502/4996
f 4204/4502/4996 1375/1512/2161 1376/1513/2163 4205/4503/4997
f 4205/4503/4997 1376/1513/2163 1377/1514/2165 4206/4504/4998
f 4206/4504/4998 1377/1514/2165 1378/1515/2167 4207/4505/4999
f 4207/4505/4999 1378/1515/2167 1379/1516/2169 4208/4506/5000
f 4208/4506/5000 1379/1516/2169 1380/1517/2171 4209/4507/5001
f 4209/4507/5001 1380/1517/2171 1381/1518/2173 4210/4508/5002
f 4210/4508/5002 1381/1518/2173 1382/1519/2175 4211/4509/5003
f 4211/4509/5003 1382/1519/2175 1383/1520/2177 4212/4510/5004
f 1383/1520/2177 1384/425/2178 1385/1521/2180 4212/4510/5004
f 4212/4510/5004 1385/1521/2180 1386/1522/2182 4213/4511/5005
f 4213/4511/5005 1386/1522/2182 1387/1523/2184 4214/4512/5006
f 4214/4512/5006 1387/1523/2184 1388/1524/2186 4215/4513/5007
f 4215/4513/5007 1388/1524/2186 1389/1525/2188 4216/4514/5008
f 4216/4514/5008 1389/1525/2188 1390/1526/2190 4217/4515/5009
f 4217/4515/5009 1390/1526/2190 1391/1527/2192 4218/4516/5010
f 4218/4516/5010 1391/1527/2192 1392/1528/2194 4219/4517/5011
f 4219/4517/5011 1392/1528/2194 1393/1529/2196 4220/4518/5012
f 4220/4518/5012 1393/1529/2196 1394/1530/2198 4221/4519/5013
f 4221/4519/5013 1394/1530/2198 1395/1531/2200 4222/4520/5014
f 1395/1531/2200 1396/427/1735 1397/1532/1734 4222/4520/5014
f 4222/4520/5014 1397/1532/1734 1398/1533/1737 4223/4521/5015
f 4223/4521/5015 1398/1533/1737 1399/1534/1739 4224/4522/5016
f 4224/4522/5016 1399/1534/1739 1400/1535/1741 4225/4523/5017
f 4225/4523/5017 1400/1535/1741 1401/1536/1743 4226/4524/5018
f 4226/4524/5018 1401/1536/1743 1402/1537/1745 4227/4525/5019
f 4227/4525/5019 1402/1537/1745 1403/1538/1747 4228/4526/5020
f 4228/4526/5020 1403/1538/1747 1404/1539/1749 4229/4527/5021
f 4229/4527/5021 1404/1539/1749 1405/1540/1751 4230/4528/5022
f 4230/4528/5022 1405/1540/1751 1406/1541/1753 4231/4529/5023
f 4231/4529/5023 1406/1541/1753 1407/1542/1755 4192/4490/4984
f 4231/4529/5023 4192/4490/4984 4193/4491/4985 4232/4530/5024
f 4232/4530/5024 4193/4491/4985 4194/4492/4986 4233/4531/5025
f 4233/4531/5025 4194/4492/4986 4195/4493/4987 4234/4532/5026
f 4234/4532/5026 4195/4493/4987 4196/4494/4988 4235/4533/5027
f 4235/4533/5027 4196/4494/4988 4197/4495/4989 4236/4534/5028
f 4236/4534/5028 4197/4495/4989 4198/4496/4990 4237/4535/5029
f 4237/4535/5029 4198/4496/4990 4199/4497/4991 4238/4536/5030
f 4238/4536/5030 4199/4497/4991 4200/4498/4992 4239/4537/5031
f 4239/4537/5031 4200/4498/4992 4201/4499/4993 4240/4538/5032
f 4201/4499/4993 4202/4500/4994 4203/4501/4995 4240/4538/5032
f 4240/4538/5032 4203/4501/4995 4204/4502/4996 4241/4539/5033
f 4241/4539/5033 4204/4502/4996 4205/4503/4997 4242/4540/5034
f 4242/4540/5034 4205/4503/4997 4206/4504/4998 4243/4541/5035
f 4243/4541/5035 4206/4504/4998 4207/4505/4999 4244/4542/5036
f 4244/4542/5036 4207/4505/4999 4208/4506/5000 4245/4543/5037
f 4245/4543/5037 4208/4506/5000 4209/4507/5001 4246/4544/5038
f 4246/4544/5038 4209/4507/5001 4210/4508/5002 4247/4545/5039
f 4247/4545/5039 4210/4508/5002 4211/4509/5003 4248/4546/5040
f 4211/4509/5003 4212/4510/5004 4213/4511/5005 4248/4546/5040
f 4248/4546/5040 4213/4511/5005 4214/4512/5006 4249/4547/5041
f 4249/4547/5041 4214/4512/5006 4215/4513/5007 4250/4548/5042
f 4250/4548/5042 4215/4513/5007 4216/4514/5008 4251/4549/5043
f 4251/4549/5043 4216/4514/5008 4217/4515/5009 4252/4550/5044
f 4252/4550/5044 4217/4515/5009 4218/4516/5010 4253/4551/5045
f 4253/4551/5045 4218/4516/5010 4219/4517/5011 4254/4552/5046
f 4254/4552/5046 4219/4517/5011 4220/4518/5012 4255/4553/5047
f 4255/4553/5047 4220/4518/5012 4221/4519/5013 4256/4554/5048
f 4221/4519/5013 4222/4520/5014 4223/4521/5015 4256/4554/5048
f 4256/4554/5048 4223/4521/5015 4224/4522/5016 4257/4555/5049
f 4257/4555/5049 4224/4522/5016 4225/4523/5017 4258/4556/5050
f 4258/4556/5050 4225/4523/5017 4226/4524/5018 4259/4557/5051
f 4259/4557/5051 4226/4524/5018 4227/4525/5019 4260/4558/5052
f 4260/4558/5052 4227/4525/5019 4228/4526/5020 4261/4559/5053
f 4261/4559/5053 4228/4526/5020 4229/4527/5021 4262/4560/5054
f 4262/4560/5054 4229/4527/5021 4230/4528/5022 4263/4561/5055
f 4263/4561/5055 4230/4528/5022 4231/4529/5023 4232/4530/5024
f 4263/4561/5055 4232/4530/5024 4233/4531/5025 4264/4562/5056
f 4264/4562/5056 4233/4531/5025 4234/4532/5026 4265/4563/5057
f 4265/4563/5057 4234/4532/5026 4235/4533/5027 4266/4564/5058
f 4266/4564/5058 4235/4533/5027 4236/4534/5028 4267/4565/5059
f 4267/4565/5059 4236/4534/5028 4237/4535/5029 4268/4566/5060
f 4268/4566/5060 4237/4535/5029 4238/4536/5030 4269/4567/5061
f 4269/4567/5061 4238/4536/5030 4239/4537/5031 4270/4568/5062
f 4239/4537/5031 4240/4538/5032 4241/4539/5033 4270/4568/5062
f 4270/4568/5062 4241/4539/5033 4242/4540/5034 4271/4569/5063
f 4271/4569/5063 4242/4540/5034 4243/4541/5035 4272/4570/5064
f 4272/4570/5064 4243/4541/5035 4244/4542/5036 4273/4571/5065
f 4273/4571/5065 4244/4542/5036 4245/4543/5037 4274/4572/5066
f 4274/4572/5066 4245/4543/5037 4246/4544/5038 4275/4573/5067
f 4275/4573/5067 4246/4544/5038 4247/4545/5039 4276/4574/5068
f 4247/4545/5039 4248/4546/5040 4249/4547/5041 4276/4574/5068
f 4276/4574/5068 4249/4547/5041 4250/4548/5042 4277/4575/5069
f 4277/4575/5069 4250/4548/5042 4251/4549/5043 4278/4576/5070
f 4278/4576/5070 4251/4549/5043 4252/4550/5044 4279/4577/5071
f 4279/4577/5071 4252/4550/5044 4253/4551/5045 4280/4578/5072
f 4280/4578/5072 4253/4551/5045 4254/4552/5046 4281/4579/5073
f 4281/4579/5073 4254/4552/5046 4255/4553/5047 4282/4580/5074
f 4255/4553/5047 4256/4554/5048 4257/4555/5049 4282/4580/5074
f 4282/4580/5074 4257/4555/5049 4258/4556/5050 4283/4581/5075
f 4283/4581/5075 4258/4556/5050 4259/4557/5051 4284/4582/5076
f 4284/4582/5076 4259/4557/5051 4260/4558/5052 4285/4583/5077
f 4285/4583/5077 4260/4558/5052 4261/4559/5053 4286/4584/5078
f 4286/4584/5078 4261/4559/5053 4262/4560/5054 4287/4585/5079
f 4287/4585/5079 4262/4560/5054 4263/4561/5055 4264/4562/5056
f 4287/4585/5079 4264/4562/5056 4265/4563/5057 4288/4586/5080
f 4288/4586/5080 4265/4563/5057 4266/4564/5058 4289/4587/5081
f 4289/4587/5081 4266/4564/5058 4267/4565/5059 4290/4588/5082
f 4290/4588/5082 4267/4565/5059 4268/4566/5060 4291/4589/5083
f 4291/4589/5083 4268/4566/5060 4269/4567/5061 4292/4590/5084
f 4269/4567/5061 4270/4568/5062 4271/4569/5063 4292/4590/5084
f 4292/4590/5084 4271/4569/5063 4272/4570/5064 4293/4591/5085
f 4293/4591/5085 4272/4570/5064 4273/4571/5065 4294/4592/5086
f 4294/4592/5086 4273/4571/5065 4274/4572/5066 4295/4593/5087
f 4295/4593/5087 4274/4572/5066 4275/4573/5067 4296/4594/5088
f 4275/4573/5067 4276/4574/5068 4277/4575/5069 4296/4594/5088
f 4296/4594/5088 4277/4575/5069 4278/4576/5070 4297/4595/5089
f 4297/4595/5089 4278/4576/5070 4279/4577/5071 4298/4596/5090
f 4298/4596/5090 4279/4577/5071 4280/4578/5072 4299/4597/5091
f 4299/4597/5091 4280/4578/5072 4281/4579/5073 4300/4598/5092
f 4281/4579/5073 4282/4580/5074 4283/4581/5075 4300/4598/5092
f 4300/4598/5092 4283/4581/5075 4284/4582/5076 4301/4599/5093
f 4301/4599/5093 4284/4582/5076 4285/4583/5077 4302/4600/5094
f 4302/4600/5094 4285/4583/5077 4286/4584/5078 4303/4601/5095
f 4303/4601/5095 4286/4584/5078 4287/4585/5079 4288/4586/5080
f 4303/4601/5095 4288/4586/5080 4289/4587/5081 4304/4602/5096
f 4304/4602/5096 4289/4587/5081 4290/4588/5082 4305/4603/5097
f 4305/4603/5097 4290/4588/5082 4291/4589/5083 4306/4604/5098
f 4291/4589/5083 4292/4590/5084 4293/4591/5085 4306/4604/5098
f 4306/4604/5098 4293/4591/5085 4294/4592/5086 4307/4605/5099
f 4307/4605/5099 4294/4592/5086 4295/4593/5087 4308/4606/5100
f 4295/4593/5087 4296/4594/5088 4297/4595/5089 4308/4606/5100
f 4308/4606/5100 4297/4595/5089 4298/4596/5090 4309/4607/5101
f 4309/4607/5101 4298/4596/5090 4299/4597/5091 4310/4608/5102
f 4299/4597/5091 4300/4598/5092 4301/4599/5093 4310/4608/5102
f 4310/4608/5102 4301/4599/5093 4302/4600/5094 4311/4609/5103
f 4311/4609/5103 4302/4600/5094 4303/4601/5095 4304/4602/5096
f 4311/4609/5103 4304/4602/5096 4305/4603/5097 4312/4610/5104
f 4305/4603/5097 4306/4604/5098 4307/4605/5099 4312/4610/5104
f 4307/4605/5099 4308/4606/5100 4309/4607/5101 4312/4610/5104
f 4309/4607/5101 4310/4608/5102 4311/4609/5103 4312/4610/5104
g default
v -0.970242 2.140596 -4.887249
v 0.983559 2.140596 -5.508866
v -1.149444 2.573709 -4.831158
v 0.983559 2.573709 -5.508866
v -1.212146 2.573709 -5.031522
v -1.032944 2.140596 -5.087615
v 1.264563 2.140596 -5.787170
v 1.264563 2.573709 -5.787170
v 0.766729 2.140596 -5.430874
v 0.748785 2.573709 -5.425291
v 0.686088 2.573709 -5.625642
v 0.703997 2.140596 -5.631257
v -0.874186 3.618198 -4.917332
v 0.637627 2.646213 -5.390488
v 0.574926 2.646213 -5.590851
v -0.936900 3.618198 -5.117683
v -0.724616 2.864615 -5.184113
v -0.661894 2.864615 -4.983764
v -0.860711 3.197526 -4.921542
v -0.923428 3.197525 -5.121903
v -1.028598 3.290877 -4.868996
v -1.091311 3.290877 -5.069345
v -0.756062 3.440647 -4.954287
v -0.818745 3.440647 -5.154641
v 0.843537 3.921017 -5.454944
v 0.780824 3.921016 -5.655295
v 0.748421 4.067116 -5.645159
v 0.811136 4.067116 -5.444805
v -1.331096 2.140596 -6.162189
v -1.514357 2.573709 -6.127671
v 0.426909 2.573709 -6.493307
v 1.310728 2.573709 -6.684427
v 1.310728 2.140596 -6.684427
v 0.445228 2.140596 -6.496761
v 1.213860 3.905664 -5.728763
v 1.064006 3.905662 -5.777334
v 1.092450 4.082471 -5.717059
v 1.203797 4.082470 -5.688935
v 1.323638 3.953127 -6.221447
v 1.171495 3.946076 -6.225806
v 1.159867 4.275155 -6.204924
v 1.273523 4.273371 -6.221003
v 1.274313 3.935794 -6.652914
v 1.129688 3.935933 -6.653373
v 1.094980 4.334527 -6.619143
v 1.200499 4.326468 -6.639011
v -1.161986 2.573709 -4.871232
v -0.982784 2.140596 -4.927321
v 0.754176 2.140596 -5.470956
v 1.021254 2.140596 -5.586030
v 1.021254 2.573709 -5.586030
v 0.736252 2.573709 -5.465362
v 0.625100 2.646213 -5.430565
v -0.674444 2.864615 -5.023837
v -0.873253 3.197525 -4.961614
v -0.768604 3.440647 -4.994359
v 0.830995 3.921017 -5.495018
v 1.191601 3.905664 -5.734386
v 1.300911 3.942461 -6.218234
v 1.253084 3.927544 -6.648917
v 1.179399 4.341456 -6.635038
v 1.250794 4.288843 -6.217794
v 1.181520 4.082470 -5.694563
v 0.798596 4.067116 -5.484872
v -0.886728 3.618198 -4.957407
v -1.041131 3.290877 -4.909067
v -1.022910 2.140596 -5.055554
v -1.202120 2.573709 -4.999465
v -1.081273 3.290877 -5.037298
v -0.926867 3.618198 -5.085628
v 0.758456 4.067116 -5.613097
v 1.110276 4.082471 -5.712558
v 1.178056 4.286479 -6.207501
v 1.111868 4.343482 -6.622317
v 1.153188 3.929569 -6.653109
v 1.196795 3.940095 -6.224594
v 1.088353 3.905663 -5.769379
v 0.790856 3.921016 -5.623240
v -0.808727 3.440647 -5.122581
v -0.913386 3.197525 -5.089845
v -0.714575 2.864615 -5.152059
v 0.584952 2.646213 -5.558792
v 0.696120 2.573709 -5.593589
v 1.204246 2.573709 -5.690187
v 1.204246 2.140596 -5.690187
v 0.714032 2.140596 -5.599195
v -1.458780 2.140596 -7.481047
v 0.592850 2.140596 -7.621465
v -1.646109 2.573709 -7.468096
v 0.592850 2.573709 -7.621465
v -1.631627 2.573709 -7.258652
v -1.444298 2.140596 -7.271601
v 0.940755 2.140596 -7.506545
v 0.940755 2.573709 -7.506545
v 0.356929 2.140596 -7.606564
v 0.338198 2.573709 -7.605253
v 0.352678 2.573709 -7.395812
v 0.371408 2.140596 -7.397099
v -1.358363 3.618198 -7.487977
v 0.221992 2.646213 -7.597219
v 0.236472 2.646213 -7.387778
v -1.343892 3.618198 -7.278538
v -1.121978 2.864615 -7.293874
v -1.136460 2.864615 -7.503322
v -1.344288 3.197526 -7.488951
v -1.329804 3.197525 -7.279499
v -1.519779 3.290877 -7.476817
v -1.505315 3.290877 -7.267377
v -1.234896 3.440647 -7.496519
v -1.220401 3.440647 -7.287083
v 0.437236 3.921017 -7.612095
v 0.451706 3.921016 -7.402661
v 0.417841 4.067116 -7.400321
v 0.403371 4.067116 -7.609757
v 0.881812 3.905664 -7.491767
v 0.788341 3.905662 -7.425066
v 0.764446 4.082471 -7.458489
v 0.857939 4.082470 -7.525197
v 1.163299 3.953127 -7.072777
v 1.013077 3.946076 -7.066863
v 1.004731 4.275155 -7.028576
v 1.116458 4.273371 -7.054948
v -1.643214 2.573709 -7.426201
v -1.455885 2.140596 -7.439152
v 0.359832 2.140596 -7.564670
v 0.667695 2.140596 -7.581585
v 0.667695 2.573709 -7.581585
v 0.341097 2.573709 -7.563369
v 0.224884 2.646213 -7.555333
v -1.133564 2.864615 -7.461423
v -1.341386 3.197525 -7.447060
v -1.231994 3.440647 -7.454628
v 0.440127 3.921017 -7.570211
v 0.863114 3.905664 -7.478421
v 1.140959 3.942461 -7.067499
v 1.094110 4.288843 -7.049671
v 0.839238 4.082470 -7.511858
v 0.406262 4.067116 -7.567874
v -1.355468 3.618198 -7.446082
v -1.516878 3.290877 -7.434927
v -1.446623 2.140596 -7.305114
v -1.633956 2.573709 -7.292152
v -1.507620 3.290877 -7.300879
v -1.346214 3.618198 -7.312044
v 0.415518 4.067116 -7.433829
v 0.779414 4.082471 -7.469163
v 1.022613 4.286479 -7.032807
v 1.038075 3.940095 -7.067288
v 0.803298 3.905663 -7.435725
v 0.449397 3.921016 -7.436176
v -1.222717 3.440647 -7.320594
v -1.332127 3.197525 -7.313005
v -1.124293 2.864615 -7.327383
v 0.234155 2.646213 -7.421292
v 0.350348 2.573709 -7.429316
v 0.831858 2.573709 -7.558218
v 0.831858 2.140596 -7.558218
v 0.369084 2.140596 -7.430613
v -1.302725 3.130944 -7.491825
v -1.299830 3.130944 -7.449929
v -1.290558 3.130943 -7.315885
v -1.288234 3.130943 -7.282373
v -1.322411 3.246150 -7.490463
v -1.319516 3.246150 -7.448569
v -1.310243 3.246149 -7.314523
v -1.307928 3.246149 -7.281015
v -0.883657 3.130943 -5.134351
v -0.873631 3.130943 -5.102288
v -0.833497 3.130944 -4.974057
v -0.820949 3.130944 -4.933991
v -0.902481 3.246149 -5.128455
v -0.892463 3.246149 -5.096394
v -0.852329 3.246150 -4.968163
v -0.839780 3.246150 -4.928093
v -1.252389 3.401747 -7.495308
v -1.249496 3.401747 -7.453418
v -1.240231 3.401747 -7.319372
v -1.237909 3.401747 -7.285866
v -1.064786 3.488684 -7.466186
v -1.055508 3.488683 -7.332150
v -1.053184 3.488683 -7.298638
v -1.167720 3.663090 -7.290719
v -1.170035 3.663090 -7.324225
v -1.179303 3.663090 -7.458257
v -1.182198 3.663090 -7.500152
v -1.067686 3.488684 -7.508072
v -0.772811 3.401747 -4.949045
v -0.785340 3.401747 -4.989125
v -0.825470 3.401747 -5.117345
v -0.835496 3.401747 -5.149406
v -0.596105 3.488684 -5.004354
v -0.705658 3.663090 -4.970078
v -0.718200 3.663090 -5.010151
v -0.758340 3.663090 -5.138377
v -0.768365 3.663090 -5.170433
v -0.658795 3.488683 -5.204704
v -0.648770 3.488683 -5.172649
v -0.608640 3.488684 -5.044429
vt 0.482699 0.169117
vt 0.482699 0.018655
vt 0.485824 0.018655
vt 0.485824 0.169117
vt 0.472702 0.169117
vt 0.472702 0.018655
vt 0.482699 0.418259
vt 0.485823 0.418259
vt 0.470203 0.169117
vt 0.199288 0.990079
vt 0.472702 0.418259
vt 0.482698 0.531970
vt 0.485822 0.531970
vt 0.195445 0.964513
vt 0.039153 0.958982
vt 0.470203 0.418259
vt 0.472701 0.531970
vt 0.485822 0.547565
vt 0.482698 0.547565
vt 0.418865 0.169117
vt 0.023084 0.984811
vt 0.470202 0.531970
vt 0.472701 0.547565
vt 0.482950 0.689395
vt 0.485822 0.687923
vt 0.416434 0.169117
vt 0.419678 0.018655
vt 0.470202 0.547565
vt 0.472953 0.689395
vt 0.421053 0.418259
vt 0.418622 0.418259
vt 0.406711 0.169117
vt 0.409954 0.018655
vt 0.470202 0.687923
vt 0.423847 0.531970
vt 0.421417 0.531970
vt 0.408899 0.418259
vt 0.403671 0.169117
vt 0.406915 0.018655
vt 0.426898 0.547565
vt 0.424467 0.547565
vt 0.411694 0.531970
vt 0.405860 0.418259
vt 0.454352 0.687923
vt 0.451436 0.689844
vt 0.414744 0.547565
vt 0.408655 0.531970
vt 0.441576 0.689745
vt 0.411705 0.547565
vt 0.439159 0.687923
vt 0.856157 0.490520
vt 0.854375 0.496277
vt 0.853034 0.465332
vt 0.856158 0.465332
vt 0.844378 0.496277
vt 0.843037 0.465332
vt 0.853034 0.389459
vt 0.856158 0.389459
vt 0.056319 0.783974
vt 0.195671 0.794814
vt 0.843037 0.389460
vt 0.853034 0.296938
vt 0.856158 0.296938
vt 0.840538 0.389460
vt 0.843037 0.296938
vt 0.853034 0.273807
vt 0.856158 0.273807
vt 0.840537 0.296938
vt 0.843037 0.273807
vt 0.853034 0.256915
vt 0.856158 0.256915
vt 0.840537 0.273807
vt 0.843037 0.256915
vt 0.853034 0.202861
vt 0.856158 0.202861
vt 0.840537 0.256915
vt 0.843038 0.202861
vt 0.853034 0.189348
vt 0.856158 0.189348
vt 0.840539 0.202861
vt 0.843038 0.189348
vt 0.853034 0.172660
vt 0.856158 0.172660
vt 0.840539 0.189348
vt 0.843038 0.172660
vt 0.853033 0.022468
vt 0.856157 0.022468
vt 0.840539 0.172660
vt 0.843037 0.022468
vt 0.840538 0.022468
vt 0.197668 0.705507
vt 0.063348 0.723539
vt 0.072658 0.739828
vt 0.194287 0.723137
vt 0.034326 0.958710
vt 0.017731 0.984534
vt 0.040967 0.711318
vt 0.101926 0.724798
vt 0.051028 0.783518
vt 0.047074 0.793436
vt 0.962800 0.577768
vt 0.967712 0.639191
vt 0.934569 0.706129
vt 0.933345 0.591808
vt 0.968428 0.639191
vt 0.934790 0.710063
vt 0.903715 0.726755
vt 0.902056 0.588284
vt 0.903865 0.729866
vt 0.870104 0.591808
vt 0.872637 0.706129
vt 0.902596 0.586073
vt 0.933993 0.589730
vt 0.872734 0.710063
vt 0.870629 0.589730
vt 0.839675 0.577768
vt 0.836770 0.639191
vt 0.836345 0.639191
vt 0.875607 0.919671
vt 0.811977 0.916077
vt 0.828466 0.883534
vt 0.938844 0.885270
vt 0.811977 0.915184
vt 0.824760 0.883256
vt 0.822444 0.851800
vt 0.958163 0.851147
vt 0.819578 0.851612
vt 0.938776 0.813638
vt 0.828466 0.819520
vt 0.963370 0.850960
vt 0.945092 0.882174
vt 0.824760 0.819399
vt 0.945092 0.819623
vt 0.878041 0.775235
vt 0.811977 0.783514
vt 0.811977 0.784046
vt 0.868065 0.764503
vt 0.817311 0.765090
vt 0.943009 0.510885
vt 0.940997 0.485697
vt 0.944035 0.485697
vt 0.948001 0.515174
vt 0.917475 0.409825
vt 0.920514 0.409825
vt 0.953759 0.485697
vt 0.957725 0.514013
vt 0.914596 0.317303
vt 0.917635 0.317303
vt 0.930238 0.409825
vt 0.052467 0.793890
vt 0.021758 0.935907
vt 0.913876 0.294173
vt 0.916916 0.294173
vt 0.927359 0.317303
vt 0.932669 0.409825
vt 0.914255 0.277281
vt 0.917294 0.277281
vt 0.926640 0.294173
vt 0.929790 0.317303
vt 0.915467 0.223227
vt 0.918506 0.223227
vt 0.927018 0.277281
vt 0.929071 0.294173
vt 0.915770 0.209713
vt 0.918809 0.209713
vt 0.928230 0.223227
vt 0.929449 0.277281
vt 0.918665 0.193025
vt 0.921704 0.193025
vt 0.928533 0.209713
vt 0.930661 0.223227
vt 0.944724 0.042833
vt 0.947762 0.042833
vt 0.931428 0.193025
vt 0.930964 0.209713
vt 0.957486 0.042834
vt 0.933859 0.193025
vt 0.959917 0.042834
vt 0.725880 0.870959
vt 0.711013 0.721572
vt 0.714460 0.721229
vt 0.729326 0.870616
vt 0.714852 0.872057
vt 0.699984 0.722671
vt 0.706184 0.698077
vt 0.711786 0.702411
vt 0.712094 0.872331
vt 0.697226 0.722945
vt 0.700831 0.681554
vt 0.620315 0.878445
vt 0.622992 0.729375
vt 0.694006 0.675061
vt 0.528813 0.869039
vt 0.549036 0.720283
vt 0.622305 0.656329
vt 0.526067 0.868666
vt 0.546291 0.719910
vt 0.549716 0.672467
vt 0.515086 0.867173
vt 0.535308 0.718416
vt 0.543721 0.680398
vt 0.511654 0.866706
vt 0.531875 0.717950
vt 0.539089 0.693267
vt 0.534616 0.698645
vt 0.853483 0.524953
vt 0.858841 0.502035
vt 0.858124 0.520562
vt 0.850154 0.540262
vt 0.016004 0.935561
vt 0.328259 0.786973
vt 0.333310 0.796514
vt 0.369568 0.930812
vt 0.364999 0.976983
vt 0.343394 0.953326
vt 0.327198 0.729156
vt 0.312078 0.744270
vt 0.961226 0.554196
vt 0.369731 0.976498
vt 0.955919 0.543059
vt 0.951424 0.538630
vt 0.946916 0.520188
vt 0.690213 0.557456
vt 0.690213 0.551547
vt 0.748715 0.534554
vt 0.751470 0.536244
vt 0.690213 0.532635
vt 0.736317 0.525512
vt 0.690212 0.527908
vt 0.733383 0.523420
vt 0.783741 0.474155
vt 0.770022 0.468924
vt 0.766673 0.467697
vt 0.795422 0.414292
vt 0.782180 0.409530
vt 0.784130 0.349056
vt 0.797959 0.353352
vt 0.768082 0.289695
vt 0.777912 0.286474
vt 0.780753 0.348062
vt 0.765624 0.290498
vt 0.720563 0.274756
vt 0.724955 0.256361
vt 0.719465 0.279354
vt 0.726326 0.250614
vt 0.780985 0.285467
vt 0.476822 0.722717
vt 0.486325 0.690867
vt 0.477717 0.724174
vt 0.473961 0.718058
vt 0.470705 0.690866
vt 0.473245 0.716893
vt 0.446701 0.723538
vt 0.445778 0.724976
vt 0.437832 0.691504
vt 0.449655 0.718936
vt 0.453449 0.691814
vt 0.450393 0.717785
vt 0.023285 0.016803
vt 0.158702 0.016803
vt 0.157305 0.167266
vt 0.009314 0.167266
vt 0.175832 0.016803
vt 0.034021 0.681997
vt 0.148638 0.192453
vt 0.047324 0.268326
vt 0.144852 0.695485
vt 0.033516 0.684127
vt 0.034925 0.360848
vt 0.031825 0.383978
vt 0.018736 0.416408
vt 0.033456 0.400870
vt 0.038678 0.454924
vt 0.039983 0.468437
vt 0.030774 0.530118
vt 0.052454 0.485125
vt 0.043913 0.545714
vt 0.164691 0.635317
vt 0.162165 0.686071
vt 0.197072 0.629983
vt 0.195472 0.691405
vt 0.546183 0.329785
vt 0.533094 0.297355
vt 0.545133 0.183644
vt 0.554343 0.245325
vt 0.553037 0.258839
vt 0.547815 0.312893
vt 0.561683 0.445437
vt 0.523674 0.546497
vt 0.549283 0.352916
vt 0.558272 0.168049
vt 0.566814 0.228637
vt 0.347718 0.952903
vt 0.384569 0.740782
vt 0.676523 0.027691
vt 0.679049 0.078446
vt 0.702550 0.022357
vt 0.701870 0.083780
vt 0.943595 0.888401
vt 0.878173 0.922072
vt 0.944125 0.893831
vt 0.879319 0.926589
vt 0.962208 0.884580
vt 0.960277 0.879832
vt 0.215377 0.671260
vt 0.201788 0.520798
vt 0.345735 0.520798
vt 0.347094 0.671260
vt 0.238760 0.419737
vt 0.337305 0.495610
vt 0.364177 0.520798
vt 0.314004 0.687359
vt 0.210953 0.271655
vt 0.223683 0.304085
vt 0.226699 0.327216
vt 0.436872 0.736729
vt 0.311895 0.689770
vt 0.222662 0.157945
vt 0.231619 0.219626
vt 0.230349 0.233139
vt 0.225270 0.287193
vt 0.314061 0.724409
vt 0.235442 0.142349
vt 0.243749 0.202938
vt 0.350462 0.001992
vt 0.352919 0.052746
vt 0.333052 0.786647
vt 0.751830 0.130395
vt 0.782758 0.027325
vt 0.686753 0.197259
vt 0.670483 0.213975
vt 0.640864 0.232318
vt 0.661636 0.228452
vt 0.633326 0.274779
vt 0.626249 0.286361
vt 0.582129 0.330386
vt 0.625966 0.306989
vt 0.583022 0.350529
vt 0.623422 0.492647
vt 0.591053 0.531818
vt 0.646156 0.502991
vt 0.608602 0.551606
vt 0.945180 0.803291
vt 0.943388 0.808504
vt 0.883434 0.768421
vt 0.885836 0.763813
vt 0.964027 0.809976
vt 0.961056 0.814153
vt 0.338179 0.796174
vt 0.374644 0.930334
vt 0.145358 0.693356
vt 0.175832 0.167266
vt 0.364177 0.671260
vt 0.438981 0.734318
vn 0.298696 0.000032 0.954348
vn 0.303033 0.000131 0.952980
vn 0.302026 0.000100 0.953300
vn 0.298697 0.000022 0.954348
vn 0.151134 0.987381 -0.047310
vn 0.288516 0.953206 -0.090315
vn 0.288492 0.953213 -0.090312
vn 0.151141 0.987381 -0.047289
vn -0.000000 -1.000000 -0.000000
vn 0.000000 -1.000000 0.000000
vn 0.000000 -1.000000 0.000000
vn 0.000000 -1.000000 0.000000
vn 0.898520 0.000000 0.438932
vn 0.634826 0.000000 0.772655
vn 0.634826 0.000000 0.772655
vn 0.898520 0.000000 0.438932
vn -0.953006 -0.053081 0.298264
vn -0.875604 -0.397778 0.274026
vn -0.875600 -0.397773 0.274046
vn -0.953021 -0.053084 0.298217
vn 0.302026 0.000100 0.953300
vn 0.303033 0.000131 0.952980
vn 0.336855 0.000909 0.941556
vn 0.336855 0.000909 0.941556
vn 0.000000 1.000000 0.000000
vn 0.000000 1.000000 0.000000
vn 0.000000 1.000000 0.000000
vn 0.000000 1.000000 0.000000
vn 0.000000 -1.000000 0.000000
vn 0.000000 -1.000000 0.000000
vn -0.000000 -1.000000 -0.000000
vn 0.000000 -1.000000 0.000000
vn 0.298697 0.000022 0.954348
vn 0.302026 0.000100 0.953300
vn 0.298699 -0.000007 0.954347
vn 0.298704 0.000009 0.954346
vn 0.504383 0.848956 -0.157709
vn 0.504331 0.848963 -0.157836
vn 0.504331 0.848963 -0.157836
vn 0.504383 0.848956 -0.157709
vn -0.298712 -0.000018 -0.954343
vn -0.298682 0.000003 -0.954353
vn -0.298667 0.000014 -0.954358
vn -0.298667 0.000014 -0.954358
vn -0.298667 0.000014 -0.954358
vn -0.298667 0.000014 -0.954358
vn -0.919918 0.266180 0.287923
vn -0.953006 -0.053081 0.298264
vn -0.953021 -0.053084 0.298217
vn -0.919946 0.266182 0.287832
vn 0.288516 0.953206 -0.090315
vn 0.809003 0.530457 -0.253240
vn 0.808967 0.530463 -0.253342
vn 0.288492 0.953213 -0.090312
vn -0.855533 0.443119 0.267786
vn -0.919918 0.266180 0.287923
vn -0.919946 0.266182 0.287832
vn -0.855560 0.443125 0.267687
vn 0.940643 0.168832 -0.294426
vn 0.869952 -0.411164 -0.272265
vn 0.869971 -0.411143 -0.272235
vn 0.940629 0.168784 -0.294497
vn 0.262935 -0.961300 -0.082267
vn 0.262930 -0.961300 -0.082277
vn 0.262931 -0.961299 -0.082286
vn 0.262936 -0.961300 -0.082267
vn -0.298675 -0.000108 -0.954355
vn -0.298675 -0.000108 -0.954355
vn -0.298679 -0.000079 -0.954354
vn -0.298678 -0.000086 -0.954354
vn -0.235125 0.969175 0.073593
vn -0.235122 0.969175 0.073603
vn -0.235131 0.969173 0.073603
vn -0.235132 0.969173 0.073595
vn 0.298685 0.000071 0.954352
vn 0.298685 0.000071 0.954352
vn 0.298686 0.000048 0.954352
vn 0.298686 0.000040 0.954352
vn -0.901910 -0.397115 0.169875
vn -0.901910 -0.397115 0.169875
vn -0.884788 -0.396002 0.245627
vn -0.893219 -0.374108 0.249407
vn 0.000000 1.000000 0.000000
vn 0.000000 1.000000 0.000000
vn 0.000000 1.000000 0.000000
vn 0.000000 1.000000 0.000000
vn 0.000000 1.000000 0.000000
vn 0.000000 1.000000 0.000000
vn 0.000000 1.000000 0.000000
vn 0.000000 1.000000 0.000000
vn 0.994314 0.000000 0.106489
vn 0.994314 0.000000 0.106489
vn 0.982724 0.000000 -0.185076
vn 0.982724 0.000000 -0.185076
vn -0.000000 -1.000000 -0.000000
vn 0.000000 -1.000000 0.000000
vn 0.000000 -1.000000 0.000000
vn -0.000000 -1.000000 -0.000000
vn 0.000000 -1.000000 0.000000
vn 0.000000 -1.000000 0.000000
vn -0.000000 -1.000000 -0.000000
vn -0.000000 -1.000000 -0.000000
vn -0.027357 -0.999408 0.020836
vn -0.029714 -0.999243 0.025117
vn 0.026118 -0.999314 -0.026260
vn 0.131160 -0.991298 -0.011175
vn -0.289407 0.200539 -0.935963
vn -0.289407 0.200539 -0.935963
vn -0.289407 0.200539 -0.935963
vn -0.289407 0.200539 -0.935963
vn 0.017919 0.972569 0.231924
vn -0.030275 0.999275 0.023071
vn -0.027369 0.999408 0.020854
vn 0.183556 0.948301 0.258905
vn 0.560834 -0.054087 0.826160
vn 0.560834 -0.054087 0.826160
vn 0.560834 -0.054087 0.826160
vn 0.560834 -0.054087 0.826160
vn 0.131160 -0.991298 -0.011175
vn 0.026118 -0.999314 -0.026260
vn 0.083372 -0.996234 -0.023826
vn 0.322886 -0.946231 -0.019799
vn -0.983819 0.059796 -0.168890
vn -0.983819 0.059796 -0.168890
vn -0.995896 -0.051146 0.074674
vn -0.999791 -0.008899 -0.018400
vn 0.118267 0.967226 0.224694
vn 0.017919 0.972569 0.231924
vn 0.183556 0.948301 0.258905
vn 0.369053 0.886661 0.278627
vn 0.975514 0.102333 0.194681
vn 0.975514 0.102333 0.194681
vn 0.989725 0.140104 0.028557
vn 0.984126 0.161301 -0.074013
vn 0.322886 -0.946231 -0.019799
vn 0.083372 -0.996234 -0.023826
vn 0.076439 -0.997017 -0.010681
vn 0.382963 -0.920944 -0.072127
vn -0.999791 -0.008899 -0.018400
vn -0.995896 -0.051146 0.074674
vn -0.979973 -0.077077 0.183611
vn -0.979668 -0.077196 0.185179
vn 0.110312 0.993680 -0.020780
vn 0.118267 0.967226 0.224694
vn 0.369053 0.886661 0.278627
vn 0.554130 0.825861 -0.104377
vn 0.984126 0.161301 -0.074013
vn 0.989725 0.140104 0.028557
vn 0.967900 0.173025 -0.182294
vn 0.967900 0.173025 -0.182294
vn -0.893219 -0.374108 0.249407
vn -0.884788 -0.396002 0.245627
vn -0.875610 -0.397779 0.274005
vn -0.953004 -0.053086 0.298269
vn -0.000000 -1.000000 -0.000000
vn -0.000000 -1.000000 -0.000000
vn -0.000000 -1.000000 -0.000000
vn -0.000000 -1.000000 -0.000000
vn -0.000000 -1.000000 -0.000000
vn -0.000000 -1.000000 -0.000000
vn -0.000000 -1.000000 -0.000000
vn -0.000000 -1.000000 -0.000000
vn 0.637155 0.000000 0.770736
vn 0.637155 0.000000 0.770736
vn 0.994314 0.000000 0.106489
vn 0.994314 0.000000 0.106489
vn 0.000000 1.000000 0.000000
vn 0.000000 1.000000 0.000000
vn 0.000000 1.000000 0.000000
vn 0.000000 1.000000 0.000000
vn 0.504318 0.848967 -0.157857
vn 0.504318 0.848967 -0.157857
vn 0.504329 0.848974 -0.157782
vn 0.504329 0.848974 -0.157782
vn 0.288540 0.953199 -0.090307
vn 0.288509 0.953209 -0.090309
vn 0.151132 0.987381 -0.047314
vn 0.151136 0.987381 -0.047303
vn 0.809015 0.530455 -0.253206
vn 0.809014 0.530455 -0.253207
vn 0.288509 0.953209 -0.090309
vn 0.288540 0.953199 -0.090307
vn 0.940667 0.168812 -0.294360
vn 0.870011 -0.411200 -0.272021
vn 0.869959 -0.411177 -0.272224
vn 0.940654 0.168825 -0.294396
vn 0.262942 -0.961299 -0.082259
vn 0.262932 -0.961299 -0.082286
vn 0.262935 -0.961300 -0.082264
vn 0.262963 -0.961298 -0.082202
vn -0.013705 -0.999604 -0.024564
vn -0.031771 -0.999108 0.027819
vn -0.037808 -0.998756 0.032497
vn -0.068976 -0.996938 -0.036845
vn -0.018919 -0.999468 -0.026565
vn -0.013705 -0.999604 -0.024564
vn -0.068976 -0.996938 -0.036845
vn -0.174918 -0.984182 -0.028085
vn -0.042296 -0.999095 0.004591
vn -0.018919 -0.999468 -0.026565
vn -0.174918 -0.984182 -0.028085
vn -0.246304 -0.968087 0.046278
vn -0.343544 0.893080 0.290492
vn -0.084025 0.958345 0.272975
vn -0.086354 0.996132 0.016269
vn -0.488920 0.867456 0.092073
vn -0.157378 0.974114 0.162279
vn -0.057019 0.982048 0.179805
vn -0.084025 0.958345 0.272975
vn -0.343544 0.893080 0.290492
vn -0.037118 0.998911 0.028283
vn -0.032616 0.999159 0.024855
vn -0.057019 0.982048 0.179805
vn -0.157378 0.974114 0.162279
vn -0.235138 0.969174 0.073562
vn -0.235132 0.969173 0.073597
vn -0.235124 0.969175 0.073598
vn -0.235134 0.969175 0.073564
vn -0.919911 0.266173 0.287951
vn -0.919910 0.266177 0.287951
vn -0.855521 0.443118 0.267826
vn -0.855505 0.443125 0.267865
vn -0.893219 -0.374108 0.249407
vn -0.953004 -0.053086 0.298269
vn -0.919910 0.266177 0.287951
vn -0.919911 0.266173 0.287951
vn -0.953004 -0.053086 0.298269
vn -0.875610 -0.397779 0.274005
vn -0.875604 -0.397778 0.274026
vn -0.953006 -0.053081 0.298264
vn -0.919910 0.266177 0.287951
vn -0.953004 -0.053086 0.298269
vn -0.953006 -0.053081 0.298264
vn -0.919918 0.266180 0.287923
vn -0.855521 0.443118 0.267826
vn -0.919910 0.266177 0.287951
vn -0.919918 0.266180 0.287923
vn -0.855533 0.443119 0.267786
vn -0.235122 0.969175 0.073603
vn -0.235124 0.969175 0.073598
vn -0.235132 0.969173 0.073597
vn -0.235131 0.969173 0.073603
vn -0.057019 0.982048 0.179805
vn -0.032616 0.999159 0.024855
vn -0.030275 0.999275 0.023071
vn 0.017919 0.972569 0.231924
vn -0.084025 0.958345 0.272975
vn -0.057019 0.982048 0.179805
vn 0.017919 0.972569 0.231924
vn 0.118267 0.967226 0.224694
vn -0.086354 0.996132 0.016269
vn -0.084025 0.958345 0.272975
vn 0.118267 0.967226 0.224694
vn 0.110312 0.993680 -0.020780
vn 0.076439 -0.997017 -0.010681
vn 0.083372 -0.996234 -0.023826
vn -0.018919 -0.999468 -0.026565
vn -0.042296 -0.999095 0.004591
vn 0.083372 -0.996234 -0.023826
vn 0.026118 -0.999314 -0.026260
vn -0.013705 -0.999604 -0.024564
vn -0.018919 -0.999468 -0.026565
vn 0.026118 -0.999314 -0.026260
vn -0.029714 -0.999243 0.025117
vn -0.031771 -0.999108 0.027819
vn -0.013705 -0.999604 -0.024564
vn 0.262932 -0.961299 -0.082286
vn 0.262931 -0.961299 -0.082286
vn 0.262930 -0.961300 -0.082277
vn 0.262935 -0.961300 -0.082264
vn 0.940654 0.168825 -0.294396
vn 0.869959 -0.411177 -0.272224
vn 0.869952 -0.411164 -0.272265
vn 0.940643 0.168832 -0.294426
vn 0.288509 0.953209 -0.090309
vn 0.809014 0.530455 -0.253207
vn 0.809003 0.530457 -0.253240
vn 0.288516 0.953206 -0.090315
vn 0.151132 0.987381 -0.047314
vn 0.288509 0.953209 -0.090309
vn 0.288516 0.953206 -0.090315
vn 0.151134 0.987381 -0.047310
vn 0.504331 0.848963 -0.157836
vn 0.504331 0.848963 -0.157836
vn 0.504318 0.848967 -0.157857
vn 0.504318 0.848967 -0.157857
vn 0.000000 1.000000 0.000000
vn 0.000000 1.000000 0.000000
vn 0.000000 1.000000 0.000000
vn 0.000000 1.000000 0.000000
vn 0.634826 0.000000 0.772655
vn 0.634826 0.000000 0.772655
vn 0.637155 0.000000 0.770736
vn 0.637155 0.000000 0.770736
vn -0.000000 -1.000000 -0.000000
vn 0.000000 -1.000000 0.000000
vn -0.000000 -1.000000 -0.000000
vn -0.000000 -1.000000 -0.000000
vn -0.000000 -1.000000 -0.000000
vn -0.000000 -1.000000 -0.000000
vn 0.000000 -1.000000 0.000000
vn -0.000000 -1.000000 -0.000000
vn -0.068960 0.000022 -0.997619
vn -0.068959 0.000018 -0.997620
vn -0.068457 0.000029 -0.997654
vn -0.068306 0.000036 -0.997664
vn 0.157989 0.987380 -0.010920
vn 0.157990 0.987380 -0.010914
vn 0.301612 0.953203 -0.020841
vn 0.301607 0.953204 -0.020852
vn 0.000000 -1.000000 0.000000
vn 0.000000 -1.000000 0.000000
vn -0.000000 -1.000000 -0.000000
vn 0.000000 -1.000000 0.000000
vn 0.470246 0.000000 -0.882535
vn 0.470246 0.000000 -0.882535
vn 0.255818 0.000000 -0.966725
vn 0.255818 0.000000 -0.966725
vn -0.996216 -0.053077 0.068826
vn -0.996211 -0.053089 0.068890
vn -0.915301 -0.397773 0.063249
vn -0.915301 -0.397777 0.063234
vn -0.068457 0.000029 -0.997654
vn -0.063296 0.000142 -0.997995
vn -0.063296 0.000142 -0.997995
vn -0.068306 0.000036 -0.997664
vn 0.000000 1.000000 0.000000
vn 0.000000 1.000000 0.000000
vn 0.000000 1.000000 0.000000
vn 0.000000 1.000000 0.000000
vn -0.000000 -1.000000 -0.000000
vn -0.000000 -1.000000 -0.000000
vn 0.000000 -1.000000 0.000000
vn 0.000000 -1.000000 0.000000
vn -0.068966 0.000015 -0.997619
vn -0.068983 0.000005 -0.997618
vn -0.068992 -0.000000 -0.997617
vn -0.068992 -0.000000 -0.997617
vn -0.068992 -0.000000 -0.997617
vn -0.068992 -0.000000 -0.997617
vn 0.527167 0.848980 -0.036447
vn 0.527167 0.848980 -0.036447
vn 0.527183 0.848970 -0.036426
vn 0.527183 0.848970 -0.036426
vn 0.068958 -0.000020 0.997620
vn 0.068958 -0.000020 0.997620
vn 0.068948 -0.000018 0.997620
vn 0.068956 -0.000019 0.997620
vn -0.961631 0.266180 0.066436
vn -0.961624 0.266182 0.066527
vn -0.996211 -0.053089 0.068890
vn -0.996216 -0.053077 0.068826
vn 0.301607 0.953204 -0.020852
vn 0.301612 0.953203 -0.020841
vn 0.845692 0.530460 -0.058457
vn 0.845688 0.530465 -0.058479
vn -0.894331 0.443119 0.061782
vn -0.894321 0.443127 0.061870
vn -0.961624 0.266182 0.066527
vn -0.961631 0.266180 0.066436
vn 0.983298 0.168828 -0.067982
vn 0.983301 0.168797 -0.068026
vn 0.909394 -0.411160 -0.062846
vn 0.909394 -0.411156 -0.062870
vn 0.274854 -0.961298 -0.019034
vn 0.274850 -0.961299 -0.019005
vn 0.274849 -0.961299 -0.019018
vn 0.274854 -0.961298 -0.019029
vn 0.068968 -0.000028 0.997619
vn 0.068963 -0.000010 0.997619
vn 0.068961 -0.000004 0.997619
vn 0.068968 -0.000028 0.997619
vn -0.245788 0.969175 0.016978
vn -0.245789 0.969175 0.016970
vn -0.245799 0.969172 0.016984
vn -0.245793 0.969174 0.016983
vn -0.068949 0.000042 -0.997620
vn -0.068960 0.000006 -0.997619
vn -0.068958 0.000015 -0.997620
vn -0.068949 0.000042 -0.997620
vn -0.901910 -0.397115 0.169875
vn -0.922745 -0.374111 0.092638
vn -0.913519 -0.396003 0.093090
vn -0.901910 -0.397115 0.169875
vn 0.000000 1.000000 0.000000
vn 0.000000 1.000000 0.000000
vn 0.000000 1.000000 0.000000
vn 0.000000 1.000000 0.000000
vn 0.000000 1.000000 0.000000
vn 0.000000 1.000000 0.000000
vn 0.000000 1.000000 0.000000
vn 0.000000 1.000000 0.000000
vn 0.876942 0.000000 -0.480596
vn 0.982724 0.000000 -0.185076
vn 0.982724 0.000000 -0.185076
vn 0.876942 0.000000 -0.480596
vn 0.000000 -1.000000 0.000000
vn 0.000000 -1.000000 0.000000
vn 0.000000 -1.000000 0.000000
vn 0.000000 -1.000000 0.000000
vn 0.000000 -1.000000 0.000000
vn 0.000000 -1.000000 0.000000
vn 0.000000 -1.000000 0.000000
vn 0.000000 -1.000000 0.000000
vn -0.033060 -0.999408 -0.009462
vn 0.126209 -0.991303 -0.037281
vn 0.029147 -0.999416 0.017847
vn -0.036446 -0.999281 -0.010432
vn 0.116328 0.115763 0.986441
vn 0.116328 0.115763 0.986441
vn 0.116328 0.115763 0.986441
vn 0.116328 0.115763 0.986441
vn -0.067671 0.972570 -0.222551
vn 0.076858 0.948273 -0.308013
vn -0.033079 0.999408 -0.009469
vn -0.036594 0.999275 -0.010479
vn 0.221850 -0.054076 -0.973580
vn 0.221850 -0.054076 -0.973580
vn 0.221850 -0.054076 -0.973580
vn 0.221850 -0.054076 -0.973580
vn 0.126209 -0.991303 -0.037281
vn 0.307922 -0.946248 -0.098988
vn 0.087393 -0.995908 -0.023035
vn 0.029147 -0.999416 0.017847
vn -0.851964 -0.059300 0.520232
vn -0.921287 -0.071824 0.382194
vn -0.954293 -0.078992 0.288246
vn -0.851964 -0.059300 0.520232
vn 0.028425 0.967227 -0.252319
vn 0.242450 0.886647 -0.393795
vn 0.076858 0.948273 -0.308013
vn -0.067671 0.972570 -0.222551
vn 0.837840 0.102366 -0.536232
vn 0.943623 0.161308 -0.289061
vn 0.911520 0.140121 -0.386648
vn 0.837840 0.102366 -0.536232
vn 0.307922 -0.946248 -0.098988
vn 0.382963 -0.920944 -0.072127
vn 0.076439 -0.997017 -0.010681
vn 0.087393 -0.995908 -0.023035
vn -0.921287 -0.071824 0.382194
vn -0.979668 -0.077196 0.185179
vn -0.979973 -0.077077 0.183611
vn -0.954293 -0.078992 0.288246
vn 0.110312 0.993680 -0.020780
vn 0.554130 0.825861 -0.104377
vn 0.242450 0.886647 -0.393795
vn 0.028425 0.967227 -0.252319
vn 0.943623 0.161308 -0.289061
vn 0.967900 0.173025 -0.182294
vn 0.967900 0.173025 -0.182294
vn 0.911520 0.140121 -0.386648
vn -0.922745 -0.374111 0.092638
vn -0.996214 -0.053080 0.068846
vn -0.915296 -0.397778 0.063295
vn -0.913519 -0.396003 0.093090
vn 0.000000 -1.000000 0.000000
vn 0.000000 -1.000000 0.000000
vn -0.000000 -1.000000 -0.000000
vn 0.000000 -1.000000 0.000000
vn -0.000000 -1.000000 -0.000000
vn 0.000000 -1.000000 0.000000
vn 0.000000 -1.000000 0.000000
vn -0.000000 -1.000000 -0.000000
vn 0.264990 0.000000 -0.964251
vn 0.876942 0.000000 -0.480596
vn 0.876942 0.000000 -0.480596
vn 0.264990 0.000000 -0.964251
vn 0.000000 1.000000 0.000000
vn 0.000000 1.000000 0.000000
vn 0.000000 1.000000 0.000000
vn 0.000000 1.000000 0.000000
vn 0.527189 0.848966 -0.036446
vn 0.527190 0.848961 -0.036554
vn 0.527190 0.848961 -0.036554
vn 0.527189 0.848966 -0.036446
vn 0.301598 0.953207 -0.020862
vn 0.157989 0.987380 -0.010919
vn 0.157989 0.987380 -0.010921
vn 0.301593 0.953209 -0.020856
vn 0.845685 0.530467 -0.058501
vn 0.845678 0.530470 -0.058561
vn 0.301598 0.953207 -0.020862
vn 0.301593 0.953209 -0.020856
vn 0.983281 0.168874 -0.068124
vn 0.983297 0.168830 -0.067999
vn 0.909392 -0.411157 -0.062889
vn 0.909385 -0.411167 -0.062933
vn 0.274850 -0.961299 -0.019019
vn 0.274851 -0.961299 -0.019006
vn 0.274845 -0.961300 -0.019028
vn 0.274852 -0.961298 -0.019027
vn -0.017721 -0.999327 0.032117
vn -0.068880 -0.995664 0.062518
vn -0.044830 -0.998912 -0.012849
vn -0.039279 -0.999165 -0.011246
vn -0.019477 -0.998967 0.041047
vn -0.174223 -0.979033 0.105545
vn -0.068880 -0.995664 0.062518
vn -0.017721 -0.999327 0.032117
vn -0.042296 -0.999095 0.004591
vn -0.246304 -0.968087 0.046278
vn -0.174223 -0.979033 0.105545
vn -0.019477 -0.998967 0.041047
vn -0.425695 0.893077 -0.145591
vn -0.488920 0.867456 0.092073
vn -0.086354 0.996132 0.016269
vn -0.177575 0.958343 -0.223709
vn -0.205673 0.974104 -0.093911
vn -0.425695 0.893077 -0.145591
vn -0.177575 0.958343 -0.223709
vn -0.118534 0.982047 -0.146745
vn -0.044863 0.998911 -0.012836
vn -0.205673 0.974104 -0.093911
vn -0.118534 0.982047 -0.146745
vn -0.039422 0.999159 -0.011288
vn -0.245785 0.969175 0.017007
vn -0.245786 0.969175 0.017010
vn -0.245787 0.969175 0.016987
vn -0.245790 0.969174 0.016987
vn -0.961628 0.266182 0.066475
vn -0.894325 0.443134 0.061762
vn -0.894333 0.443120 0.061756
vn -0.961632 0.266180 0.066421
vn -0.922745 -0.374111 0.092638
vn -0.961628 0.266182 0.066475
vn -0.961632 0.266180 0.066421
vn -0.996214 -0.053080 0.068846
vn -0.996214 -0.053080 0.068846
vn -0.996216 -0.053077 0.068826
vn -0.915301 -0.397777 0.063234
vn -0.915296 -0.397778 0.063295
vn -0.961632 0.266180 0.066421
vn -0.961631 0.266180 0.066436
vn -0.996216 -0.053077 0.068826
vn -0.996214 -0.053080 0.068846
vn -0.894333 0.443120 0.061756
vn -0.894331 0.443119 0.061782
vn -0.961631 0.266180 0.066436
vn -0.961632 0.266180 0.066421
vn -0.245787 0.969175 0.016987
vn -0.245788 0.969175 0.016978
vn -0.245793 0.969174 0.016983
vn -0.245790 0.969174 0.016987
vn -0.118534 0.982047 -0.146745
vn -0.067671 0.972570 -0.222551
vn -0.036594 0.999275 -0.010479
vn -0.039422 0.999159 -0.011288
vn -0.177575 0.958343 -0.223709
vn 0.028425 0.967227 -0.252319
vn -0.067671 0.972570 -0.222551
vn -0.118534 0.982047 -0.146745
vn -0.086354 0.996132 0.016269
vn 0.110312 0.993680 -0.020780
vn 0.028425 0.967227 -0.252319
vn -0.177575 0.958343 -0.223709
vn 0.076439 -0.997017 -0.010681
vn -0.042296 -0.999095 0.004591
vn -0.019477 -0.998967 0.041047
vn 0.087393 -0.995908 -0.023035
vn 0.087393 -0.995908 -0.023035
vn -0.019477 -0.998967 0.041047
vn -0.017721 -0.999327 0.032117
vn 0.029147 -0.999416 0.017847
vn 0.029147 -0.999416 0.017847
vn -0.017721 -0.999327 0.032117
vn -0.039279 -0.999165 -0.011246
vn -0.036446 -0.999281 -0.010432
vn 0.274849 -0.961299 -0.019018
vn 0.274850 -0.961299 -0.019019
vn 0.274852 -0.961298 -0.019027
vn 0.274854 -0.961298 -0.019029
vn 0.983297 0.168830 -0.067999
vn 0.983298 0.168828 -0.067982
vn 0.909394 -0.411156 -0.062870
vn 0.909392 -0.411157 -0.062889
vn 0.301593 0.953209 -0.020856
vn 0.301607 0.953204 -0.020852
vn 0.845688 0.530465 -0.058479
vn 0.845685 0.530467 -0.058501
vn 0.157989 0.987380 -0.010921
vn 0.157989 0.987380 -0.010920
vn 0.301607 0.953204 -0.020852
vn 0.301593 0.953209 -0.020856
vn 0.527183 0.848970 -0.036426
vn 0.527189 0.848966 -0.036446
vn 0.527189 0.848966 -0.036446
vn 0.527183 0.848970 -0.036426
vn 0.000000 1.000000 0.000000
vn 0.000000 1.000000 0.000000
vn 0.000000 1.000000 0.000000
vn 0.000000 1.000000 0.000000
vn 0.255818 0.000000 -0.966725
vn 0.264990 0.000000 -0.964251
vn 0.264990 0.000000 -0.964251
vn 0.255818 0.000000 -0.966725
vn 0.000000 -1.000000 0.000000
vn -0.000000 -1.000000 -0.000000
vn -0.000000 -1.000000 -0.000000
vn 0.000000 -1.000000 0.000000
vn 0.000000 -1.000000 0.000000
vn 0.000000 -1.000000 0.000000
vn 0.000000 -1.000000 0.000000
vn -0.000000 -1.000000 -0.000000
vn 0.845688 0.530465 -0.058479
vn 0.845692 0.530460 -0.058457
vn 0.983301 0.168797 -0.068026
vn 0.983298 0.168828 -0.067982
vn 0.845685 0.530467 -0.058501
vn 0.845688 0.530465 -0.058479
vn 0.983298 0.168828 -0.067982
vn 0.983297 0.168830 -0.067999
vn 0.983281 0.168874 -0.068124
vn 0.845678 0.530470 -0.058561
vn 0.845685 0.530467 -0.058501
vn 0.983297 0.168830 -0.067999
vn 0.909394 -0.411156 -0.062870
vn 0.909394 -0.411160 -0.062846
vn 0.909395 -0.411160 -0.062839
vn 0.909384 -0.411178 -0.062875
vn 0.909392 -0.411157 -0.062889
vn 0.909394 -0.411156 -0.062870
vn 0.909384 -0.411178 -0.062875
vn 0.909379 -0.411186 -0.062895
vn 0.909385 -0.411167 -0.062933
vn 0.909392 -0.411157 -0.062889
vn 0.909379 -0.411186 -0.062895
vn 0.909372 -0.411195 -0.062932
vn 0.940667 0.168812 -0.294360
vn 0.940654 0.168825 -0.294396
vn 0.809014 0.530455 -0.253207
vn 0.809015 0.530455 -0.253206
vn 0.809003 0.530457 -0.253240
vn 0.809014 0.530455 -0.253207
vn 0.940654 0.168825 -0.294396
vn 0.940643 0.168832 -0.294426
vn 0.808967 0.530463 -0.253342
vn 0.809003 0.530457 -0.253240
vn 0.940643 0.168832 -0.294426
vn 0.940629 0.168784 -0.294497
vn 0.869963 -0.411177 -0.272210
vn 0.870031 -0.411188 -0.271976
vn 0.870037 -0.411173 -0.271977
vn 0.870021 -0.411053 -0.272212
vn 0.869955 -0.411167 -0.272248
vn 0.869963 -0.411177 -0.272210
vn 0.870021 -0.411053 -0.272212
vn 0.870019 -0.411041 -0.272236
vn 0.869986 -0.411145 -0.272182
vn 0.869955 -0.411167 -0.272248
vn 0.870019 -0.411041 -0.272236
vn 0.870025 -0.411101 -0.272125
vn 0.909384 -0.411178 -0.062875
vn 0.909395 -0.411160 -0.062839
vn 0.909444 -0.411040 -0.062907
vn 0.909373 -0.411199 -0.062899
vn 0.909379 -0.411186 -0.062895
vn 0.909384 -0.411178 -0.062875
vn 0.909373 -0.411199 -0.062899
vn 0.909345 -0.411261 -0.062904
vn 0.909372 -0.411195 -0.062932
vn 0.909379 -0.411186 -0.062895
vn 0.909345 -0.411261 -0.062904
vn 0.909321 -0.411308 -0.062932
vn 0.274849 -0.961299 -0.019017
vn 0.274849 -0.961299 -0.019018
vn 0.274850 -0.961299 -0.019019
vn 0.274849 -0.961299 -0.019018
vn 0.274849 -0.961299 -0.019018
vn 0.274852 -0.961299 -0.019003
vn 0.274851 -0.961299 -0.019006
vn 0.274850 -0.961299 -0.019019
vn 0.068961 -0.000004 0.997619
vn 0.068963 -0.000010 0.997619
vn 0.068960 -0.000003 0.997619
vn 0.068961 -0.000003 0.997619
vn -0.245787 0.969175 0.016987
vn -0.245786 0.969175 0.017010
vn -0.245786 0.969175 0.017010
vn -0.245787 0.969175 0.016987
vn -0.245787 0.969175 0.016987
vn -0.245787 0.969175 0.016978
vn -0.245788 0.969175 0.016978
vn -0.245787 0.969175 0.016987
vn -0.245787 0.969175 0.016978
vn -0.245788 0.969175 0.016968
vn -0.245789 0.969175 0.016970
vn -0.245788 0.969175 0.016978
vn -0.068958 0.000015 -0.997620
vn -0.068960 0.000006 -0.997619
vn -0.068961 0.000004 -0.997619
vn -0.068961 0.000004 -0.997619
vn 0.274849 -0.961299 -0.019018
vn 0.274850 -0.961299 -0.019005
vn 0.274850 -0.961299 -0.019001
vn 0.274849 -0.961299 -0.019017
vn 0.869971 -0.411143 -0.272235
vn 0.869952 -0.411164 -0.272265
vn 0.869955 -0.411167 -0.272248
vn 0.869986 -0.411145 -0.272182
vn 0.869952 -0.411164 -0.272265
vn 0.869959 -0.411177 -0.272224
vn 0.869963 -0.411177 -0.272210
vn 0.869955 -0.411167 -0.272248
vn 0.869959 -0.411177 -0.272224
vn 0.870011 -0.411200 -0.272021
vn 0.870031 -0.411188 -0.271976
vn 0.869963 -0.411177 -0.272210
vn 0.298686 0.000040 0.954352
vn 0.298686 0.000048 0.954352
vn 0.298686 0.000039 0.954352
vn 0.298686 0.000039 0.954352
vn -0.235121 0.969175 0.073603
vn -0.235122 0.969175 0.073603
vn -0.235125 0.969175 0.073593
vn -0.235124 0.969175 0.073593
vn -0.235123 0.969175 0.073598
vn -0.235124 0.969175 0.073598
vn -0.235122 0.969175 0.073603
vn -0.235121 0.969175 0.073603
vn -0.235134 0.969175 0.073564
vn -0.235124 0.969175 0.073598
vn -0.235123 0.969175 0.073598
vn -0.235134 0.969175 0.073565
vn -0.298678 -0.000086 -0.954354
vn -0.298679 -0.000079 -0.954354
vn -0.298679 -0.000077 -0.954354
vn -0.298679 -0.000077 -0.954354
vn 0.262931 -0.961299 -0.082288
vn 0.262932 -0.961299 -0.082286
vn 0.262942 -0.961299 -0.082259
vn 0.262939 -0.961299 -0.082266
vn 0.262931 -0.961299 -0.082287
vn 0.262931 -0.961299 -0.082286
vn 0.262932 -0.961299 -0.082286
vn 0.262931 -0.961299 -0.082288
vn 0.262936 -0.961300 -0.082267
vn 0.262931 -0.961299 -0.082286
vn 0.262931 -0.961299 -0.082287
vn 0.262936 -0.961300 -0.082267
vn -0.068959 0.000018 -0.997620
vn -0.068960 0.000012 -0.997619
vn -0.068956 0.000007 -0.997620
vn -0.068457 0.000029 -0.997654
vn 0.068956 -0.000019 0.997620
vn 0.068948 -0.000018 0.997620
vn 0.068939 -0.000016 0.997621
vn 0.068941 -0.000014 0.997621
vn 0.068965 0.000017 0.997619
vn 0.298697 0.000022 0.954348
vn 0.298704 0.000009 0.954346
vn 0.298708 0.000022 0.954345
vn 0.298705 0.000022 0.954345
vn 0.298675 0.000018 0.954355
vn -0.298697 -0.000005 -0.954348
vn -0.298700 -0.000007 -0.954347
vn -0.298706 -0.000013 -0.954345
vn -0.298697 -0.000005 -0.954348
vn 0.298675 0.000018 0.954355
vn 0.298705 0.000022 0.954345
vn 0.298659 0.000017 0.954360
vn 0.298659 0.000017 0.954360
vn 0.298659 0.000017 0.954360
vn 0.298659 0.000017 0.954360
vn -0.298706 -0.000013 -0.954345
vn -0.298700 -0.000007 -0.954347
vn -0.298682 0.000003 -0.954353
vn -0.298712 -0.000018 -0.954343
vn -0.298714 -0.000020 -0.954343
vn 0.068965 0.000017 0.997619
vn 0.068941 -0.000014 0.997621
vn 0.068978 0.000033 0.997618
vn 0.068978 0.000033 0.997618
vn 0.068978 0.000033 0.997618
vn 0.068978 0.000033 0.997618
vn -0.068959 0.000018 -0.997620
vn -0.068983 0.000005 -0.997618
vn -0.068966 0.000015 -0.997619
vn -0.068964 0.000016 -0.997619
vn -0.068960 0.000012 -0.997619
s off
g pCube21 chair1
usemtl pCube21SG
f 4313/4869/5105 4321/4870/5106 4322/4871/5107 4315/4872/5108
f 4365/4663/5109 4366/4667/5110 4330/4668/5111 4326/4664/5112
f 4360/4789/5113 4361/4790/5114 4321/4791/5115 4313/4792/5116
f 4314/4961/5117 4362/4877/5118 4363/4878/5119 4316/4874/5120
f 4359/4611/5121 4360/4612/5122 4313/4613/5123 4315/4614/5124
f 4322/4871/5125 4321/4870/5126 4314/4873/5127 4316/4962/5128
f 4363/4816/5129 4364/4662/5130 4322/4817/5131 4316/4818/5132
f 4321/4791/5133 4361/4790/5134 4362/4795/5135 4314/4796/5136
f 4315/4872/5137 4322/4871/5138 4326/4875/5139 4330/4876/5140
f 4322/4661/5141 4364/4662/5142 4365/4663/5143 4326/4664/5144
f 4332/4892/5145 4334/4893/5146 4328/4894/5147 4336/4895/5148 4502/4896/5149 4483/4897/5150
f 4378/4617/5151 4359/4611/5152 4315/4614/5153 4333/4618/5154
f 4366/4667/5155 4481/4672/5156 4482/4673/5157 4330/4668/5158
f 4377/4622/5159 4378/4617/5160 4333/4618/5161 4325/4623/5162
f 4367/4676/5163 4485/4680/5164 4486/4681/5165 4331/4677/5166
f 4335/4689/5167 4368/4688/5168 4510/4692/5169 4503/4693/5170
f 4336/4895/5171 4328/4894/5172 4507/4901/5173 4508/4902/5174
f 4504/4628/5175 4505/4629/5176 4377/4622/5177 4325/4623/5178
f 4325/4885/5179 4335/4884/5180 4503/4886/5181 4504/4887/5182
f 4342/4620/5183 4341/4624/5184 4318/4625/5185 4317/4631/5186
f 4317/4631/5187 4323/4669/5188 4343/4670/5189 4342/4620/5190
f 4344/4701/5191 4343/4670/5192 4323/4669/5193 4320/4702/5194
f 4320/4702/5195 4319/4703/5196 4345/4704/5197 4344/4701/5198
f 4324/4798/5199 4346/4801/5200 4345/4805/5201 4319/4802/5202
f 4341/4800/5203 4346/4801/5204 4324/4798/5205 4318/4797/5206
f 4337/4833/5207 4369/4834/5208 4370/4835/5209 4347/4836/5210
f 4338/4906/5211 4339/4905/5212 4349/4907/5213 4348/4908/5214
f 4375/4857/5215 4376/4634/5216 4340/4858/5217 4350/4859/5218
f 4340/4889/5219 4337/4888/5220 4347/4890/5221 4350/4891/5222
f 4347/4730/5223 4370/4733/5224 4371/4734/5225 4351/4731/5226
f 4348/4711/5227 4349/4712/5228 4353/4713/5229 4352/4714/5230
f 4374/4909/5231 4375/4910/5232 4350/4729/5233 4354/4732/5234
f 4350/4729/5235 4347/4730/5236 4351/4731/5237 4354/4732/5238
f 4351/4731/5239 4371/4734/5240 4372/4737/5241 4355/4735/5242
f 4352/4714/5243 4353/4713/5244 4357/4717/5245 4356/4718/5246
f 4373/4740/5247 4374/4741/5248 4354/4732/5249 4358/4736/5250
f 4354/4732/5251 4351/4731/5252 4355/4735/5253 4358/4736/5254
f 4317/4631/5255 4318/4625/5256 4379/4705/5257 4380/4706/5258
f 4318/4797/5259 4324/4798/5260 4398/4794/5261 4379/4793/5262
f 4397/4799/5263 4398/4794/5264 4324/4798/5265 4319/4802/5266
f 4396/4707/5267 4397/4708/5268 4319/4703/5269 4320/4702/5270
f 4323/4669/5271 4395/4709/5272 4396/4707/5273 4320/4702/5274
f 4394/4710/5275 4395/4709/5276 4323/4669/5277 4327/4760/5278
f 4329/4761/5279 4393/4820/5280 4394/4710/5281 4327/4760/5282
f 4479/4678/5283 4480/4675/5284 4393/4671/5285 4329/4674/5286
f 4332/4682/5287 4483/4686/5288 4484/4683/5289 4392/4679/5290
f 4508/4698/5291 4509/4695/5292 4391/4691/5293 4336/4694/5294
f 4389/4838/5295 4390/4837/5296 4338/4839/5297 4348/4840/5298
f 4388/4842/5299 4389/4838/5300 4348/4840/5301 4352/4843/5302
f 4387/4722/5303 4388/4723/5304 4352/4714/5305 4356/4718/5306
f 4353/4713/5307 4385/4716/5308 4386/4719/5309 4357/4717/5310
f 4349/4712/5311 4384/4715/5312 4385/4716/5313 4353/4713/5314
f 4339/4861/5315 4383/4639/5316 4384/4860/5317 4349/4862/5318
f 4328/4632/5319 4382/4627/5320 4506/4633/5321 4507/4638/5322
f 4334/4626/5323 4381/4621/5324 4382/4627/5325 4328/4632/5326
f 4317/4619/5327 4380/4615/5328 4381/4621/5329 4334/4626/5330
f 4380/4615/5331 4379/4616/5332 4360/4612/5333 4359/4611/5334
f 4381/4621/5335 4380/4615/5336 4359/4611/5337 4378/4617/5338
f 4382/4627/5339 4381/4621/5340 4378/4617/5341 4377/4622/5342
f 4505/4629/5343 4506/4633/5344 4382/4627/5345 4377/4622/5346
f 4384/4860/5347 4383/4639/5348 4376/4634/5349 4375/4857/5350
f 4385/4911/5351 4384/4912/5352 4375/4910/5353 4374/4909/5354
f 4386/4913/5355 4385/4911/5356 4374/4909/5357 4373/4914/5358
f 4372/4844/5359 4371/4841/5360 4388/4842/5361 4387/4845/5362
f 4371/4841/5363 4370/4835/5364 4389/4838/5365 4388/4842/5366
f 4370/4835/5367 4369/4834/5368 4390/4837/5369 4389/4838/5370
f 4509/4695/5371 4510/4692/5372 4368/4688/5373 4391/4691/5374
f 4392/4679/5375 4484/4683/5376 4485/4680/5377 4367/4676/5378
f 4393/4671/5379 4480/4675/5380 4481/4672/5381 4366/4667/5382
f 4394/4666/5383 4393/4671/5384 4366/4667/5385 4365/4663/5386
f 4365/4663/5387 4364/4662/5388 4395/4665/5389 4394/4666/5390
f 4396/4819/5391 4395/4665/5392 4364/4662/5393 4363/4816/5394
f 4363/4878/5395 4362/4877/5396 4397/4708/5397 4396/4707/5398
f 4362/4795/5399 4361/4790/5400 4398/4794/5401 4397/4799/5402
f 4379/4793/5403 4398/4794/5404 4361/4790/5405 4360/4789/5406
f 4399/4915/5407 4401/4916/5408 4408/4917/5409 4407/4918/5410
f 4441/4751/5411 4412/4750/5412 4416/4753/5413 4442/4754/5414
f 4436/4809/5415 4399/4812/5416 4407/4813/5417 4437/4810/5418
f 4400/4922/5419 4402/4964/5420 4439/4926/5421 4438/4927/5422
f 4435/4642/5423 4401/4648/5424 4399/4649/5425 4436/4643/5426
f 4408/4917/5427 4402/4921/5428 4400/4963/5429 4407/4918/5430
f 4439/4830/5431 4402/4831/5432 4408/4832/5433 4440/4752/5434
f 4407/4813/5435 4400/4815/5436 4438/4814/5437 4437/4810/5438
f 4417/4924/5439 4419/4923/5440 4411/4928/5441 4421/4929/5442 4487/4930/5443 4475/4931/5444
f 4408/4749/5445 4412/4750/5446 4441/4751/5447 4440/4752/5448
f 4409/4821/5449 4413/4822/5450 4415/4823/5451 4403/4824/5452
f 4452/4647/5453 4419/4653/5454 4401/4648/5455 4435/4642/5456
f 4442/4754/5457 4416/4753/5458 4471/4757/5459 4472/4758/5460
f 4451/4652/5461 4411/4657/5462 4419/4653/5463 4452/4647/5464
f 4443/4763/5465 4417/4762/5466 4475/4766/5467 4476/4767/5468
f 4421/4774/5469 4498/4778/5470 4491/4779/5471 4444/4775/5472
f 4422/4945/5473 4493/4947/5474 4494/4948/5475 4414/4946/5476
f 4496/4656/5477 4497/4659/5478 4411/4657/5479 4451/4652/5480
f 4411/4928/5481 4497/4933/5482 4498/4934/5483 4421/4929/5484
f 4342/4620/5485 4403/4824/5486 4404/4825/5487 4341/4624/5488
f 4403/4824/5489 4342/4620/5490 4343/4670/5491 4409/4821/5492
f 4344/4701/5493 4406/4826/5494 4409/4821/5495 4343/4670/5496
f 4406/4826/5497 4344/4701/5498 4345/4704/5499 4405/4827/5500
f 4410/4804/5501 4405/4808/5502 4345/4805/5503 4346/4801/5504
f 4341/4800/5505 4404/4803/5506 4410/4804/5507 4346/4801/5508
f 4423/4855/5509 4427/4856/5510 4446/4849/5511 4445/4853/5512
f 4424/4949/5513 4428/4951/5514 4429/4952/5515 4425/4950/5516
f 4449/4863/5517 4430/4864/5518 4426/4865/5519 4450/4658/5520
f 4426/4747/5521 4430/4744/5522 4427/4745/5523 4423/4748/5524
f 4427/4745/5525 4431/4739/5526 4447/4742/5527 4446/4746/5528
f 4428/4726/5529 4432/4720/5530 4433/4721/5531 4429/4727/5532
f 4448/4954/5533 4434/4738/5534 4430/4744/5535 4449/4955/5536
f 4430/4744/5537 4434/4738/5538 4431/4739/5539 4427/4745/5540
f 4431/4739/5541 4355/4735/5542 4372/4737/5543 4447/4742/5544
f 4432/4720/5545 4356/4718/5546 4357/4717/5547 4433/4721/5548
f 4373/4740/5549 4358/4736/5550 4434/4738/5551 4448/4743/5552
f 4434/4738/5553 4358/4736/5554 4355/4735/5555 4431/4739/5556
f 4403/4824/5557 4454/4829/5558 4453/4903/5559 4404/4825/5560
f 4404/4803/5561 4453/4806/5562 4470/4807/5563 4410/4804/5564
f 4469/4811/5565 4405/4808/5566 4410/4804/5567 4470/4807/5568
f 4468/4904/5569 4406/4826/5570 4405/4827/5571 4469/4932/5572
f 4409/4821/5573 4406/4826/5574 4468/4904/5575 4467/4937/5576
f 4466/4959/5577 4413/4822/5578 4409/4821/5579 4467/4937/5580
f 4415/4823/5581 4413/4822/5582 4466/4959/5583 4465/4960/5584
f 4473/4764/5585 4474/4769/5586 4415/4765/5587 4465/4759/5588
f 4418/4773/5589 4464/4768/5590 4477/4772/5591 4478/4777/5592
f 4492/4784/5593 4493/4787/5594 4422/4785/5595 4463/4780/5596
f 4461/4848/5597 4428/4851/5598 4424/4854/5599 4462/4852/5600
f 4460/4846/5601 4432/4850/5602 4428/4851/5603 4461/4848/5604
f 4387/4722/5605 4356/4718/5606 4432/4720/5607 4460/4725/5608
f 4433/4721/5609 4357/4717/5610 4386/4719/5611 4459/4724/5612
f 4429/4727/5613 4433/4721/5614 4459/4724/5615 4458/4728/5616
f 4425/4867/5617 4429/4868/5618 4458/4866/5619 4457/4655/5620
f 4414/4645/5621 4494/4650/5622 4495/4651/5623 4456/4646/5624
f 4420/4640/5625 4414/4645/5626 4456/4646/5627 4455/4641/5628
f 4403/4630/5629 4420/4640/5630 4455/4641/5631 4454/4636/5632
f 4454/4636/5633 4435/4642/5634 4436/4643/5635 4453/4637/5636
f 4455/4641/5637 4452/4647/5638 4435/4642/5639 4454/4636/5640
f 4456/4646/5641 4451/4652/5642 4452/4647/5643 4455/4641/5644
f 4495/4651/5645 4496/4656/5646 4451/4652/5647 4456/4646/5648
f 4458/4866/5649 4449/4863/5650 4450/4658/5651 4457/4655/5652
f 4459/4953/5653 4448/4954/5654 4449/4955/5655 4458/4956/5656
f 4386/4957/5657 4373/4958/5658 4448/4954/5659 4459/4953/5660
f 4372/4844/5661 4387/4845/5662 4460/4846/5663 4447/4847/5664
f 4447/4847/5665 4460/4846/5666 4461/4848/5667 4446/4849/5668
f 4446/4849/5669 4461/4848/5670 4462/4852/5671 4445/4853/5672
f 4491/4779/5673 4492/4784/5674 4463/4780/5675 4444/4775/5676
f 4464/4768/5677 4443/4763/5678 4476/4767/5679 4477/4772/5680
f 4465/4759/5681 4442/4754/5682 4472/4758/5683 4473/4764/5684
f 4466/4755/5685 4441/4751/5686 4442/4754/5687 4465/4759/5688
f 4441/4751/5689 4466/4755/5690 4467/4756/5691 4440/4752/5692
f 4468/4828/5693 4439/4830/5694 4440/4752/5695 4467/4756/5696
f 4439/4926/5697 4468/4904/5698 4469/4932/5699 4438/4927/5700
f 4438/4814/5701 4469/4811/5702 4470/4807/5703 4437/4810/5704
f 4453/4806/5705 4436/4809/5706 4437/4810/5707 4470/4807/5708
f 4472/4758/5709 4471/4757/5710 4417/4762/5711 4443/4763/5712
f 4473/4764/5713 4472/4758/5714 4443/4763/5715 4464/4768/5716
f 4418/4773/5717 4474/4769/5718 4473/4764/5719 4464/4768/5720
f 4476/4767/5721 4475/4766/5722 4487/4770/5723 4488/4771/5724
f 4477/4772/5725 4476/4767/5726 4488/4771/5727 4489/4776/5728
f 4478/4777/5729 4477/4772/5730 4489/4776/5731 4490/4781/5732
f 4332/4682/5733 4392/4679/5734 4480/4675/5735 4479/4678/5736
f 4481/4672/5737 4480/4675/5738 4392/4679/5739 4367/4676/5740
f 4482/4673/5741 4481/4672/5742 4367/4676/5743 4331/4677/5744
f 4501/4687/5745 4502/4690/5746 4336/4694/5747 4391/4691/5748
f 4500/4684/5749 4501/4687/5750 4391/4691/5751 4368/4688/5752
f 4499/4685/5753 4500/4684/5754 4368/4688/5755 4335/4689/5756
f 4488/4771/5757 4487/4770/5758 4421/4774/5759 4444/4775/5760
f 4489/4776/5761 4488/4771/5762 4444/4775/5763 4463/4780/5764
f 4490/4781/5765 4489/4776/5766 4463/4780/5767 4422/4785/5768
f 4445/4783/5769 4462/4786/5770 4492/4784/5771 4491/4779/5772
f 4462/4786/5773 4424/4788/5774 4493/4787/5775 4492/4784/5776
f 4494/4948/5777 4493/4947/5778 4424/4949/5779 4425/4950/5780
f 4495/4651/5781 4494/4650/5782 4425/4654/5783 4457/4655/5784
f 4457/4655/5785 4450/4658/5786 4496/4656/5787 4495/4651/5788
f 4450/4658/5789 4426/4660/5790 4497/4659/5791 4496/4656/5792
f 4498/4934/5793 4497/4933/5794 4426/4935/5795 4423/4936/5796
f 4491/4779/5797 4498/4778/5798 4423/4782/5799 4445/4783/5800
f 4486/4681/5801 4485/4680/5802 4500/4684/5803 4499/4685/5804
f 4485/4680/5805 4484/4683/5806 4501/4687/5807 4500/4684/5808
f 4484/4683/5809 4483/4686/5810 4502/4690/5811 4501/4687/5812
f 4504/4887/5813 4503/4886/5814 4337/4888/5815 4340/4889/5816
f 4376/4634/5817 4505/4629/5818 4504/4628/5819 4340/4635/5820
f 4383/4639/5821 4506/4633/5822 4505/4629/5823 4376/4634/5824
f 4507/4638/5825 4506/4633/5826 4383/4639/5827 4339/4644/5828
f 4508/4902/5829 4507/4901/5830 4339/4905/5831 4338/4906/5832
f 4390/4699/5833 4509/4695/5834 4508/4698/5835 4338/4700/5836
f 4369/4696/5837 4510/4692/5838 4509/4695/5839 4390/4699/5840
f 4503/4693/5841 4510/4692/5842 4369/4696/5843 4337/4697/5844
f 4401/4916/5845 4416/4919/5846 4412/4920/5847 4408/4917/5848
f 4403/4939/5849 4415/4938/5850 4474/4940/5851 4418/4941/5852 4420/4942/5853
f 4315/4872/5854 4330/4876/5855 4482/4879/5856 4331/4880/5857 4333/4881/5858
f 4323/4669/5859 4317/4631/5860 4329/4761/5861 4327/4760/5862
f 4333/4881/5863 4331/4880/5864 4486/4882/5865 4499/4883/5866 4335/4884/5867 4325/4885/5868
f 4329/4898/5869 4317/4899/5870 4334/4893/5871 4332/4892/5872 4479/4900/5873
f 4420/4942/5874 4418/4941/5875 4478/4943/5876 4490/4944/5877 4422/4945/5878 4414/4946/5879
f 4401/4916/5880 4419/4923/5881 4417/4924/5882 4471/4925/5883 4416/4919/5884
g default
v -1.297420 0.003836 -4.243312
v -1.285611 -0.002235 -4.263327
v -1.281003 -0.008217 -4.286152
v -1.284047 -0.013524 -4.309548
v -1.294436 -0.017636 -4.331226
v -1.311170 -0.020151 -4.349063
v -1.332590 -0.020822 -4.361315
v -1.356621 -0.019585 -4.366786
v -1.380895 -0.016560 -4.364933
v -1.403037 -0.012043 -4.355940
v -1.420888 -0.006476 -4.340691
v -1.432697 -0.000405 -4.320672
v -1.437305 0.005577 -4.297851
v -1.434269 0.010884 -4.274454
v -1.423871 0.014996 -4.252773
v -1.407146 0.017511 -4.234935
v -1.385718 0.018183 -4.222684
v -1.361696 0.016946 -4.217216
v -1.337421 0.013920 -4.219069
v -1.315271 0.009403 -4.228063
v -0.763976 2.410336 -5.301625
v -0.742794 2.399442 -5.337539
v -0.734524 2.388710 -5.378487
v -0.739975 2.379189 -5.420465
v -0.758620 2.371811 -5.459359
v -0.788637 2.367298 -5.491364
v -0.827075 2.366093 -5.513348
v -0.870185 2.368313 -5.523161
v -0.913741 2.373741 -5.519834
v -0.953474 2.381846 -5.503701
v -0.985500 2.391833 -5.476337
v -1.006690 2.402727 -5.440423
v -1.014960 2.413459 -5.399475
v -1.009501 2.422981 -5.357498
v -0.990855 2.430358 -5.318604
v -0.960838 2.434871 -5.286598
v -0.922400 2.436076 -5.264615
v -0.879290 2.433856 -5.254806
v -0.835743 2.428428 -5.258128
v -0.796001 2.420324 -5.274262
v -1.359158 -0.001320 -4.291999
v -0.874738 2.401085 -5.388983
vt 0.375961 0.118452
vt 0.353768 0.074895
vt 0.319200 0.040327
vt 0.275643 0.018134
vt 0.227359 0.010486
vt 0.179075 0.018134
vt 0.135517 0.040327
vt 0.100950 0.074895
vt 0.078756 0.118452
vt 0.071109 0.166736
vt 0.078756 0.215020
vt 0.100950 0.258578
vt 0.135517 0.293145
vt 0.179075 0.315339
vt 0.227359 0.322986
vt 0.275643 0.315339
vt 0.319200 0.293145
vt 0.353768 0.258578
vt 0.375961 0.215020
vt 0.383609 0.166736
vt 0.564573 0.029106
vt 0.582084 0.029106
vt 0.599595 0.029106
vt 0.617106 0.029106
vt 0.634617 0.029106
vt 0.652129 0.029106
vt 0.669640 0.029106
vt 0.687151 0.029106
vt 0.704662 0.029106
vt 0.722173 0.029106
vt 0.739685 0.029106
vt 0.757196 0.029106
vt 0.774707 0.029106
vt 0.792218 0.029106
vt 0.809729 0.029106
vt 0.827241 0.029106
vt 0.844752 0.029106
vt 0.862263 0.029106
vt 0.879774 0.029106
vt 0.897285 0.029106
vt 0.914796 0.029106
vt 0.564573 0.554442
vt 0.582084 0.554442
vt 0.599595 0.554442
vt 0.617106 0.554442
vt 0.634617 0.554442
vt 0.652129 0.554442
vt 0.669640 0.554442
vt 0.687151 0.554442
vt 0.704662 0.554442
vt 0.722173 0.554442
vt 0.739685 0.554442
vt 0.757196 0.554442
vt 0.774707 0.554442
vt 0.792218 0.554442
vt 0.809729 0.554442
vt 0.827241 0.554442
vt 0.844752 0.554442
vt 0.862263 0.554442
vt 0.879774 0.554442
vt 0.897285 0.554442
vt 0.914796 0.554442
vt 0.320534 0.443429
vt 0.298341 0.399872
vt 0.263773 0.365304
vt 0.220215 0.343110
vt 0.171932 0.335463
vt 0.123648 0.343110
vt 0.080090 0.365304
vt 0.045523 0.399872
vt 0.023329 0.443429
vt 0.015682 0.491713
vt 0.023329 0.539997
vt 0.045523 0.583555
vt 0.080090 0.618122
vt 0.123648 0.640316
vt 0.171932 0.647963
vt 0.220215 0.640316
vt 0.263773 0.618122
vt 0.298340 0.583555
vt 0.320534 0.539997
vt 0.328182 0.491713
vt 0.227359 0.166736
vt 0.171932 0.491713
vn 0.777543 0.100599 0.620730
vn 0.928550 -0.044981 0.368471
vn 0.928550 -0.044980 0.368472
vn 0.777541 0.100601 0.620733
vn 0.928550 -0.044981 0.368471
vn 0.979152 -0.187154 0.078966
vn 0.979152 -0.187154 0.078965
vn 0.928550 -0.044980 0.368472
vn 0.979152 -0.187154 0.078966
vn 0.927158 -0.309135 -0.211692
vn 0.927158 -0.309135 -0.211693
vn 0.979152 -0.187154 0.078965
vn 0.927158 -0.309135 -0.211692
vn 0.785798 -0.399250 -0.472356
vn 0.785800 -0.399250 -0.472354
vn 0.927158 -0.309135 -0.211693
vn 0.785798 -0.399250 -0.472356
vn 0.575396 -0.452021 -0.681613
vn 0.575398 -0.452021 -0.681612
vn 0.785800 -0.399250 -0.472354
vn 0.575396 -0.452021 -0.681613
vn 0.316416 -0.465823 -0.826371
vn 0.316413 -0.465823 -0.826373
vn 0.575398 -0.452021 -0.681612
vn 0.316416 -0.465823 -0.826371
vn 0.028307 -0.440358 -0.897376
vn 0.028307 -0.440358 -0.897376
vn 0.316413 -0.465823 -0.826373
vn 0.028307 -0.440358 -0.897376
vn -0.268362 -0.376066 -0.886880
vn -0.268361 -0.376066 -0.886880
vn 0.028307 -0.440358 -0.897376
vn -0.268362 -0.376066 -0.886880
vn -0.548149 -0.275666 -0.789646
vn -0.548150 -0.275665 -0.789645
vn -0.268361 -0.376066 -0.886880
vn -0.548149 -0.275666 -0.789646
vn -0.780325 -0.146229 -0.608038
vn -0.780325 -0.146229 -0.608038
vn -0.548150 -0.275665 -0.789645
vn -0.780325 -0.146229 -0.608038
vn -0.933870 -0.001083 -0.357611
vn -0.933870 -0.001083 -0.357610
vn -0.780325 -0.146229 -0.608038
vn -0.933870 -0.001083 -0.357611
vn -0.987512 0.142013 -0.068202
vn -0.987512 0.142013 -0.068201
vn -0.933870 -0.001083 -0.357610
vn -0.987512 0.142013 -0.068202
vn -0.937682 0.265706 0.223947
vn -0.937683 0.265705 0.223945
vn -0.987512 0.142013 -0.068201
vn -0.937682 0.265706 0.223947
vn -0.796813 0.357788 0.486905
vn -0.796813 0.357788 0.486905
vn -0.937683 0.265705 0.223945
vn -0.796813 0.357788 0.486905
vn -0.585237 0.411962 0.698416
vn -0.585236 0.411962 0.698417
vn -0.796813 0.357788 0.486905
vn -0.585237 0.411962 0.698416
vn -0.324044 0.426046 0.844678
vn -0.324044 0.426046 0.844678
vn -0.585236 0.411962 0.698417
vn -0.324044 0.426046 0.844678
vn -0.033245 0.399845 0.915980
vn -0.033246 0.399845 0.915980
vn -0.324044 0.426046 0.844678
vn -0.033245 0.399845 0.915980
vn 0.265606 0.333981 0.904384
vn 0.265607 0.333981 0.904383
vn -0.033246 0.399845 0.915980
vn 0.265606 0.333981 0.904384
vn 0.546230 0.231652 0.804966
vn 0.546232 0.231651 0.804965
vn 0.265607 0.333981 0.904383
vn 0.546230 0.231652 0.804966
vn 0.777543 0.100599 0.620730
vn 0.777541 0.100601 0.620733
vn 0.546232 0.231651 0.804965
vn -0.102765 -0.967095 0.232737
vn -0.102776 -0.967088 0.232763
vn -0.102762 -0.967099 0.232722
vn -0.102738 -0.967106 0.232704
vn -0.102765 -0.967095 0.232737
vn -0.102762 -0.967099 0.232722
vn -0.102766 -0.967093 0.232747
vn -0.102738 -0.967106 0.232704
vn -0.102762 -0.967099 0.232722
vn -0.102735 -0.967108 0.232695
vn -0.102766 -0.967093 0.232747
vn -0.102762 -0.967099 0.232722
vn -0.102778 -0.967099 0.232713
vn -0.102735 -0.967108 0.232695
vn -0.102762 -0.967099 0.232722
vn -0.102808 -0.967081 0.232777
vn -0.102778 -0.967099 0.232713
vn -0.102762 -0.967099 0.232722
vn -0.102749 -0.967097 0.232735
vn -0.102808 -0.967081 0.232777
vn -0.102762 -0.967099 0.232722
vn -0.102753 -0.967106 0.232696
vn -0.102749 -0.967097 0.232735
vn -0.102762 -0.967099 0.232722
vn -0.102767 -0.967106 0.232690
vn -0.102753 -0.967106 0.232696
vn -0.102762 -0.967099 0.232722
vn -0.102759 -0.967104 0.232701
vn -0.102767 -0.967106 0.232690
vn -0.102762 -0.967099 0.232722
vn -0.102741 -0.967107 0.232696
vn -0.102759 -0.967104 0.232701
vn -0.102762 -0.967099 0.232722
vn -0.102753 -0.967106 0.232696
vn -0.102741 -0.967107 0.232696
vn -0.102762 -0.967099 0.232722
vn -0.102740 -0.967110 0.232686
vn -0.102753 -0.967106 0.232696
vn -0.102762 -0.967099 0.232722
vn -0.102736 -0.967112 0.232680
vn -0.102740 -0.967110 0.232686
vn -0.102762 -0.967099 0.232722
vn -0.102808 -0.967080 0.232782
vn -0.102736 -0.967112 0.232680
vn -0.102762 -0.967099 0.232722
vn -0.102808 -0.967081 0.232778
vn -0.102808 -0.967080 0.232782
vn -0.102762 -0.967099 0.232722
vn -0.102726 -0.967109 0.232696
vn -0.102808 -0.967081 0.232778
vn -0.102762 -0.967099 0.232722
vn -0.102750 -0.967099 0.232728
vn -0.102726 -0.967109 0.232696
vn -0.102762 -0.967099 0.232722
vn -0.102776 -0.967094 0.232735
vn -0.102750 -0.967099 0.232728
vn -0.102762 -0.967099 0.232722
vn -0.102776 -0.967088 0.232763
vn -0.102776 -0.967094 0.232735
vn -0.102762 -0.967099 0.232722
vn 0.102781 0.967095 -0.232730
vn 0.102792 0.967095 -0.232725
vn 0.102769 0.967098 -0.232723
vn 0.102792 0.967095 -0.232725
vn 0.102788 0.967103 -0.232696
vn 0.102769 0.967098 -0.232723
vn 0.102788 0.967103 -0.232696
vn 0.102758 0.967105 -0.232698
vn 0.102769 0.967098 -0.232723
vn 0.102758 0.967105 -0.232698
vn 0.102757 0.967096 -0.232738
vn 0.102769 0.967098 -0.232723
vn 0.102757 0.967096 -0.232738
vn 0.102769 0.967091 -0.232753
vn 0.102769 0.967098 -0.232723
vn 0.102769 0.967091 -0.232753
vn 0.102751 0.967104 -0.232705
vn 0.102769 0.967098 -0.232723
vn 0.102751 0.967104 -0.232705
vn 0.102775 0.967092 -0.232747
vn 0.102769 0.967098 -0.232723
vn 0.102775 0.967092 -0.232747
vn 0.102760 0.967096 -0.232737
vn 0.102769 0.967098 -0.232723
vn 0.102760 0.967096 -0.232737
vn 0.102742 0.967110 -0.232685
vn 0.102769 0.967098 -0.232723
vn 0.102742 0.967110 -0.232685
vn 0.102763 0.967101 -0.232713
vn 0.102769 0.967098 -0.232723
vn 0.102763 0.967101 -0.232713
vn 0.102746 0.967102 -0.232714
vn 0.102769 0.967098 -0.232723
vn 0.102746 0.967102 -0.232714
vn 0.102771 0.967096 -0.232730
vn 0.102769 0.967098 -0.232723
vn 0.102771 0.967096 -0.232730
vn 0.102788 0.967095 -0.232726
vn 0.102769 0.967098 -0.232723
vn 0.102788 0.967095 -0.232726
vn 0.102750 0.967102 -0.232715
vn 0.102769 0.967098 -0.232723
vn 0.102750 0.967102 -0.232715
vn 0.102751 0.967103 -0.232711
vn 0.102769 0.967098 -0.232723
vn 0.102751 0.967103 -0.232711
vn 0.102777 0.967095 -0.232732
vn 0.102769 0.967098 -0.232723
vn 0.102777 0.967095 -0.232732
vn 0.102794 0.967094 -0.232728
vn 0.102769 0.967098 -0.232723
vn 0.102794 0.967094 -0.232728
vn 0.102794 0.967094 -0.232730
vn 0.102769 0.967098 -0.232723
vn 0.102794 0.967094 -0.232730
vn 0.102776 0.967093 -0.232740
vn 0.102769 0.967098 -0.232723
vn 0.102776 0.967093 -0.232740
vn 0.102781 0.967095 -0.232730
vn 0.102769 0.967098 -0.232723
s off
g chair1 pCylinder30
usemtl pCube21SG
f 4511/4985/5885 4512/4986/5886 4532/5007/5887 4531/5006/5888
f 4512/4986/5889 4513/4987/5890 4533/5008/5891 4532/5007/5892
f 4513/4987/5893 4514/4988/5894 4534/5009/5895 4533/5008/5896
f 4514/4988/5897 4515/4989/5898 4535/5010/5899 4534/5009/5900
f 4515/4989/5901 4516/4990/5902 4536/5011/5903 4535/5010/5904
f 4516/4990/5905 4517/4991/5906 4537/5012/5907 4536/5011/5908
f 4517/4991/5909 4518/4992/5910 4538/5013/5911 4537/5012/5912
f 4518/4992/5913 4519/4993/5914 4539/5014/5915 4538/5013/5916
f 4519/4993/5917 4520/4994/5918 4540/5015/5919 4539/5014/5920
f 4520/4994/5921 4521/4995/5922 4541/5016/5923 4540/5015/5924
f 4521/4995/5925 4522/4996/5926 4542/5017/5927 4541/5016/5928
f 4522/4996/5929 4523/4997/5930 4543/5018/5931 4542/5017/5932
f 4523/4997/5933 4524/4998/5934 4544/5019/5935 4543/5018/5936
f 4524/4998/5937 4525/4999/5938 4545/5020/5939 4544/5019/5940
f 4525/4999/5941 4526/5000/5942 4546/5021/5943 4545/5020/5944
f 4526/5000/5945 4527/5001/5946 4547/5022/5947 4546/5021/5948
f 4527/5001/5949 4528/5002/5950 4548/5023/5951 4547/5022/5952
f 4528/5002/5953 4529/5003/5954 4549/5024/5955 4548/5023/5956
f 4529/5003/5957 4530/5004/5958 4550/5025/5959 4549/5024/5960
f 4530/5004/5961 4511/5005/5962 4531/5026/5963 4550/5025/5964
f 4512/4966/5965 4511/4965/5966 4551/5047/5967
f 4513/4967/5968 4512/4966/5969 4551/5047/5970
f 4514/4968/5971 4513/4967/5972 4551/5047/5973
f 4515/4969/5974 4514/4968/5975 4551/5047/5976
f 4516/4970/5977 4515/4969/5978 4551/5047/5979
f 4517/4971/5980 4516/4970/5981 4551/5047/5982
f 4518/4972/5983 4517/4971/5984 4551/5047/5985
f 4519/4973/5986 4518/4972/5987 4551/5047/5988
f 4520/4974/5989 4519/4973/5990 4551/5047/5991
f 4521/4975/5992 4520/4974/5993 4551/5047/5994
f 4522/4976/5995 4521/4975/5996 4551/5047/5997
f 4523/4977/5998 4522/4976/5999 4551/5047/6000
f 4524/4978/6001 4523/4977/6002 4551/5047/6003
f 4525/4979/6004 4524/4978/6005 4551/5047/6006
f 4526/4980/6007 4525/4979/6008 4551/5047/6009
f 4527/4981/6010 4526/4980/6011 4551/5047/6012
f 4528/4982/6013 4527/4981/6014 4551/5047/6015
f 4529/4983/6016 4528/4982/6017 4551/5047/6018
f 4530/4984/6019 4529/4983/6020 4551/5047/6021
f 4511/4965/6022 4530/4984/6023 4551/5047/6024
f 4531/5045/6025 4532/5044/6026 4552/5048/6027
f 4532/5044/6028 4533/5043/6029 4552/5048/6030
f 4533/5043/6031 4534/5042/6032 4552/5048/6033
f 4534/5042/6034 4535/5041/6035 4552/5048/6036
f 4535/5041/6037 4536/5040/6038 4552/5048/6039
f 4536/5040/6040 4537/5039/6041 4552/5048/6042
f 4537/5039/6043 4538/5038/6044 4552/5048/6045
f 4538/5038/6046 4539/5037/6047 4552/5048/6048
f 4539/5037/6049 4540/5036/6050 4552/5048/6051
f 4540/5036/6052 4541/5035/6053 4552/5048/6054
f 4541/5035/6055 4542/5034/6056 4552/5048/6057
f 4542/5034/6058 4543/5033/6059 4552/5048/6060
f 4543/5033/6061 4544/5032/6062 4552/5048/6063
f 4544/5032/6064 4545/5031/6065 4552/5048/6066
f 4545/5031/6067 4546/5030/6068 4552/5048/6069
f 4546/5030/6070 4547/5029/6071 4552/5048/6072
f 4547/5029/6073 4548/5028/6074 4552/5048/6075
f 4548/5028/6076 4549/5027/6077 4552/5048/6078
f 4549/5027/6079 4550/5046/6080 4552/5048/6081
f 4550/5046/6082 4531/5045/6083 4552/5048/6084
g default
v 1.723140 0.003836 -5.152930
v 1.705822 -0.002235 -5.168426
v 1.684339 -0.008217 -5.177410
v 1.660799 -0.013524 -5.179001
v 1.637508 -0.017636 -5.173053
v 1.616742 -0.020151 -5.160132
v 1.600537 -0.020822 -5.141522
v 1.590471 -0.019585 -5.119026
v 1.587540 -0.016560 -5.094858
v 1.592028 -0.012043 -5.071385
v 1.603490 -0.006476 -5.050896
v 1.620812 -0.000405 -5.035399
v 1.642292 0.005577 -5.026416
v 1.665830 0.010884 -5.024817
v 1.689126 0.014996 -5.030772
v 1.709891 0.017511 -5.043685
v 1.726098 0.018183 -5.062303
v 1.736158 0.016946 -5.084792
v 1.739089 0.013920 -5.108960
v 1.734603 0.009403 -5.132441
v 0.789619 2.410336 -5.883087
v 0.758543 2.399442 -5.910884
v 0.720003 2.388710 -5.927004
v 0.677770 2.379189 -5.929870
v 0.635980 2.371811 -5.919193
v 0.598721 2.367298 -5.896016
v 0.569644 2.366093 -5.862621
v 0.551588 2.368313 -5.822264
v 0.546330 2.373741 -5.778899
v 0.554379 2.381846 -5.736777
v 0.574950 2.391833 -5.700018
v 0.606025 2.402727 -5.672212
v 0.644564 2.413459 -5.656092
v 0.686798 2.422981 -5.653234
v 0.728588 2.430358 -5.663911
v 0.765847 2.434871 -5.687088
v 0.794925 2.436076 -5.720483
v 0.812977 2.433856 -5.760841
v 0.818238 2.428428 -5.804197
v 0.810189 2.420324 -5.846327
v 1.663317 -0.001320 -5.101909
v 0.682282 2.401085 -5.791552
vt 0.206573 0.015314
vt 0.169240 0.034336
vt 0.139613 0.063964
vt 0.120591 0.101297
vt 0.114036 0.142680
vt 0.120591 0.184064
vt 0.139613 0.221397
vt 0.169240 0.251024
vt 0.206573 0.270046
vt 0.247957 0.276601
vt 0.289341 0.270046
vt 0.326673 0.251024
vt 0.356301 0.221397
vt 0.375323 0.184064
vt 0.381877 0.142680
vt 0.375323 0.101297
vt 0.356301 0.063964
vt 0.326673 0.034336
vt 0.289341 0.015314
vt 0.247957 0.008760
vt 0.900825 0.525453
vt 0.884810 0.525453
vt 0.868796 0.525453
vt 0.852782 0.525453
vt 0.836767 0.525453
vt 0.820753 0.525453
vt 0.804739 0.525453
vt 0.788725 0.525453
vt 0.772710 0.525453
vt 0.756696 0.525453
vt 0.740682 0.525453
vt 0.724667 0.525453
vt 0.708653 0.525453
vt 0.692639 0.525453
vt 0.676625 0.525453
vt 0.660610 0.525453
vt 0.644596 0.525453
vt 0.628582 0.525453
vt 0.612567 0.525453
vt 0.596553 0.525453
vt 0.580539 0.525453
vt 0.900824 0.045023
vt 0.884810 0.045023
vt 0.868796 0.045023
vt 0.852782 0.045023
vt 0.836767 0.045023
vt 0.820753 0.045023
vt 0.804739 0.045023
vt 0.788725 0.045023
vt 0.772710 0.045023
vt 0.756696 0.045023
vt 0.740682 0.045023
vt 0.724667 0.045023
vt 0.708653 0.045023
vt 0.692639 0.045023
vt 0.676625 0.045023
vt 0.660610 0.045023
vt 0.644596 0.045023
vt 0.628582 0.045023
vt 0.612567 0.045023
vt 0.596553 0.045023
vt 0.580539 0.045023
vt 0.118212 0.291172
vt 0.080880 0.310194
vt 0.051252 0.339822
vt 0.032230 0.377155
vt 0.025676 0.418539
vt 0.032230 0.459922
vt 0.051252 0.497255
vt 0.080880 0.526883
vt 0.118212 0.545905
vt 0.159596 0.552459
vt 0.200980 0.545905
vt 0.238313 0.526883
vt 0.267940 0.497255
vt 0.286962 0.459922
vt 0.293517 0.418538
vt 0.286962 0.377155
vt 0.267940 0.339822
vt 0.238313 0.310194
vt 0.200980 0.291172
vt 0.159596 0.284618
vt 0.247957 0.142680
vt 0.159596 0.418539
vn 0.760835 0.100599 -0.641101
vn 0.542987 -0.044981 -0.838536
vn 0.542988 -0.044980 -0.838535
vn 0.760836 0.100601 -0.641099
vn 0.542987 -0.044981 -0.838536
vn 0.268973 -0.187154 -0.944789
vn 0.268972 -0.187154 -0.944790
vn 0.542988 -0.044980 -0.838535
vn 0.268973 -0.187154 -0.944789
vn -0.026240 -0.309135 -0.950656
vn -0.026241 -0.309135 -0.950656
vn 0.268972 -0.187154 -0.944790
vn -0.026240 -0.309135 -0.950656
vn -0.309520 -0.399250 -0.863016
vn -0.309518 -0.399250 -0.863017
vn -0.026241 -0.309135 -0.950656
vn -0.309520 -0.399250 -0.863016
vn -0.555891 -0.452021 -0.697612
vn -0.555890 -0.452021 -0.697612
vn -0.309518 -0.399250 -0.863017
vn -0.555891 -0.452021 -0.697612
vn -0.748513 -0.465823 -0.471951
vn -0.748515 -0.465823 -0.471948
vn -0.555890 -0.452021 -0.697612
vn -0.748513 -0.465823 -0.471951
vn -0.874503 -0.440358 -0.203296
vn -0.874503 -0.440358 -0.203296
vn -0.748515 -0.465823 -0.471948
vn -0.874503 -0.440358 -0.203296
vn -0.922242 -0.376066 0.089694
vn -0.922242 -0.376066 0.089694
vn -0.874503 -0.440358 -0.203296
vn -0.922242 -0.376066 0.089694
vn -0.881615 -0.275666 0.383096
vn -0.881615 -0.275665 0.383098
vn -0.922242 -0.376066 0.089694
vn -0.881615 -0.275666 0.383096
vn -0.748931 -0.146229 0.646312
vn -0.748932 -0.146229 0.646311
vn -0.881615 -0.275665 0.383098
vn -0.748931 -0.146229 0.646312
vn -0.533377 -0.001083 0.845877
vn -0.533377 -0.001083 0.845877
vn -0.748932 -0.146229 0.646311
vn -0.533377 -0.001083 0.845877
vn -0.260052 0.142013 0.955094
vn -0.260052 0.142013 0.955094
vn -0.533377 -0.001083 0.845877
vn -0.260052 0.142013 0.955094
vn 0.036200 0.265706 0.963374
vn 0.036198 0.265705 0.963375
vn -0.260052 0.142013 0.955094
vn 0.036200 0.265706 0.963374
vn 0.321634 0.357788 0.876664
vn 0.321634 0.357788 0.876664
vn 0.036198 0.265705 0.963375
vn 0.321634 0.357788 0.876664
vn 0.570445 0.411962 0.710549
vn 0.570446 0.411962 0.710548
vn 0.321634 0.357788 0.876664
vn 0.570445 0.411962 0.710549
vn 0.764973 0.426046 0.483012
vn 0.764974 0.426046 0.483012
vn 0.570446 0.411962 0.710548
vn 0.764973 0.426046 0.483012
vn 0.891782 0.399845 0.211778
vn 0.891781 0.399845 0.211779
vn 0.764974 0.426046 0.483012
vn 0.891782 0.399845 0.211778
vn 0.938868 0.333981 -0.083568
vn 0.938868 0.333981 -0.083569
vn 0.891781 0.399845 0.211779
vn 0.938868 0.333981 -0.083568
vn 0.896264 0.231652 -0.378218
vn 0.896263 0.231651 -0.378220
vn 0.938868 0.333981 -0.083569
vn 0.896264 0.231652 -0.378218
vn 0.760835 0.100599 -0.641101
vn 0.760836 0.100601 -0.641099
vn 0.896263 0.231651 -0.378220
vn 0.208138 -0.967095 0.146306
vn 0.208162 -0.967088 0.146322
vn 0.208125 -0.967099 0.146299
vn 0.208112 -0.967106 0.146273
vn 0.208138 -0.967095 0.146306
vn 0.208125 -0.967099 0.146299
vn 0.208148 -0.967093 0.146309
vn 0.208112 -0.967106 0.146273
vn 0.208125 -0.967099 0.146299
vn 0.208103 -0.967109 0.146268
vn 0.208148 -0.967093 0.146309
vn 0.208125 -0.967099 0.146299
vn 0.208113 -0.967099 0.146314
vn 0.208103 -0.967109 0.146268
vn 0.208125 -0.967099 0.146299
vn 0.208170 -0.967081 0.146356
vn 0.208113 -0.967099 0.146314
vn 0.208125 -0.967099 0.146299
vn 0.208140 -0.967097 0.146290
vn 0.208170 -0.967081 0.146356
vn 0.208125 -0.967099 0.146299
vn 0.208101 -0.967106 0.146286
vn 0.208140 -0.967097 0.146290
vn 0.208125 -0.967099 0.146299
vn 0.208092 -0.967106 0.146298
vn 0.208101 -0.967106 0.146286
vn 0.208125 -0.967099 0.146299
vn 0.208105 -0.967104 0.146293
vn 0.208092 -0.967106 0.146298
vn 0.208125 -0.967099 0.146299
vn 0.208104 -0.967107 0.146275
vn 0.208105 -0.967104 0.146293
vn 0.208125 -0.967099 0.146299
vn 0.208101 -0.967106 0.146286
vn 0.208104 -0.967107 0.146275
vn 0.208125 -0.967099 0.146299
vn 0.208094 -0.967110 0.146271
vn 0.208101 -0.967106 0.146286
vn 0.208125 -0.967099 0.146299
vn 0.208089 -0.967112 0.146266
vn 0.208094 -0.967110 0.146271
vn 0.208125 -0.967099 0.146299
vn 0.208174 -0.967080 0.146356
vn 0.208089 -0.967112 0.146266
vn 0.208125 -0.967099 0.146299
vn 0.208171 -0.967081 0.146356
vn 0.208174 -0.967080 0.146356
vn 0.208125 -0.967099 0.146299
vn 0.208107 -0.967109 0.146259
vn 0.208171 -0.967081 0.146356
vn 0.208125 -0.967099 0.146299
vn 0.208133 -0.967099 0.146289
vn 0.208107 -0.967109 0.146259
vn 0.208125 -0.967099 0.146299
vn 0.208135 -0.967094 0.146316
vn 0.208133 -0.967099 0.146289
vn 0.208125 -0.967099 0.146299
vn 0.208162 -0.967088 0.146322
vn 0.208135 -0.967094 0.146316
vn 0.208125 -0.967099 0.146299
vn -0.208129 0.967095 -0.146320
vn -0.208122 0.967095 -0.146330
vn -0.208124 0.967098 -0.146307
vn -0.208122 0.967095 -0.146330
vn -0.208094 0.967103 -0.146320
vn -0.208124 0.967098 -0.146307
vn -0.208094 0.967103 -0.146320
vn -0.208102 0.967105 -0.146291
vn -0.208124 0.967098 -0.146307
vn -0.208102 0.967105 -0.146291
vn -0.208142 0.967096 -0.146298
vn -0.208124 0.967098 -0.146307
vn -0.208142 0.967096 -0.146298
vn -0.208153 0.967091 -0.146313
vn -0.208124 0.967098 -0.146307
vn -0.208153 0.967091 -0.146313
vn -0.208110 0.967104 -0.146286
vn -0.208124 0.967098 -0.146307
vn -0.208110 0.967104 -0.146286
vn -0.208146 0.967092 -0.146318
vn -0.208124 0.967098 -0.146307
vn -0.208146 0.967092 -0.146318
vn -0.208140 0.967096 -0.146300
vn -0.208124 0.967098 -0.146307
vn -0.208140 0.967096 -0.146300
vn -0.208092 0.967110 -0.146273
vn -0.208124 0.967098 -0.146307
vn -0.208092 0.967110 -0.146273
vn -0.208116 0.967101 -0.146299
vn -0.208124 0.967098 -0.146307
vn -0.208116 0.967101 -0.146299
vn -0.208120 0.967102 -0.146283
vn -0.208124 0.967098 -0.146307
vn -0.208120 0.967102 -0.146283
vn -0.208131 0.967096 -0.146310
vn -0.208124 0.967098 -0.146307
vn -0.208131 0.967096 -0.146310
vn -0.208124 0.967095 -0.146326
vn -0.208124 0.967098 -0.146307
vn -0.208124 0.967095 -0.146326
vn -0.208120 0.967102 -0.146287
vn -0.208124 0.967098 -0.146307
vn -0.208120 0.967102 -0.146287
vn -0.208116 0.967103 -0.146287
vn -0.208124 0.967098 -0.146307
vn -0.208116 0.967103 -0.146287
vn -0.208132 0.967095 -0.146316
vn -0.208124 0.967098 -0.146307
vn -0.208132 0.967095 -0.146316
vn -0.208125 0.967094 -0.146332
vn -0.208124 0.967098 -0.146307
vn -0.208125 0.967094 -0.146332
vn -0.208127 0.967094 -0.146332
vn -0.208124 0.967098 -0.146307
vn -0.208127 0.967094 -0.146332
vn -0.208140 0.967093 -0.146317
vn -0.208124 0.967098 -0.146307
vn -0.208140 0.967093 -0.146317
vn -0.208129 0.967095 -0.146320
vn -0.208124 0.967098 -0.146307
s off
g chair1 pCylinder31
usemtl pCube21SG
f 4553/5069/6085 4554/5070/6086 4574/5091/6087 4573/5090/6088
f 4554/5070/6089 4555/5071/6090 4575/5092/6091 4574/5091/6092
f 4555/5071/6093 4556/5072/6094 4576/5093/6095 4575/5092/6096
f 4556/5072/6097 4557/5073/6098 4577/5094/6099 4576/5093/6100
f 4557/5073/6101 4558/5074/6102 4578/5095/6103 4577/5094/6104
f 4558/5074/6105 4559/5075/6106 4579/5096/6107 4578/5095/6108
f 4559/5075/6109 4560/5076/6110 4580/5097/6111 4579/5096/6112
f 4560/5076/6113 4561/5077/6114 4581/5098/6115 4580/5097/6116
f 4561/5077/6117 4562/5078/6118 4582/5099/6119 4581/5098/6120
f 4562/5078/6121 4563/5079/6122 4583/5100/6123 4582/5099/6124
f 4563/5079/6125 4564/5080/6126 4584/5101/6127 4583/5100/6128
f 4564/5080/6129 4565/5081/6130 4585/5102/6131 4584/5101/6132
f 4565/5081/6133 4566/5082/6134 4586/5103/6135 4585/5102/6136
f 4566/5082/6137 4567/5083/6138 4587/5104/6139 4586/5103/6140
f 4567/5083/6141 4568/5084/6142 4588/5105/6143 4587/5104/6144
f 4568/5084/6145 4569/5085/6146 4589/5106/6147 4588/5105/6148
f 4569/5085/6149 4570/5086/6150 4590/5107/6151 4589/5106/6152
f 4570/5086/6153 4571/5087/6154 4591/5108/6155 4590/5107/6156
f 4571/5087/6157 4572/5088/6158 4592/5109/6159 4591/5108/6160
f 4572/5088/6161 4553/5089/6162 4573/5110/6163 4592/5109/6164
f 4554/5050/6165 4553/5049/6166 4593/5131/6167
f 4555/5051/6168 4554/5050/6169 4593/5131/6170
f 4556/5052/6171 4555/5051/6172 4593/5131/6173
f 4557/5053/6174 4556/5052/6175 4593/5131/6176
f 4558/5054/6177 4557/5053/6178 4593/5131/6179
f 4559/5055/6180 4558/5054/6181 4593/5131/6182
f 4560/5056/6183 4559/5055/6184 4593/5131/6185
f 4561/5057/6186 4560/5056/6187 4593/5131/6188
f 4562/5058/6189 4561/5057/6190 4593/5131/6191
f 4563/5059/6192 4562/5058/6193 4593/5131/6194
f 4564/5060/6195 4563/5059/6196 4593/5131/6197
f 4565/5061/6198 4564/5060/6199 4593/5131/6200
f 4566/5062/6201 4565/5061/6202 4593/5131/6203
f 4567/5063/6204 4566/5062/6205 4593/5131/6206
f 4568/5064/6207 4567/5063/6208 4593/5131/6209
f 4569/5065/6210 4568/5064/6211 4593/5131/6212
f 4570/5066/6213 4569/5065/6214 4593/5131/6215
f 4571/5067/6216 4570/5066/6217 4593/5131/6218
f 4572/5068/6219 4571/5067/6220 4593/5131/6221
f 4553/5049/6222 4572/5068/6223 4593/5131/6224
f 4573/5129/6225 4574/5128/6226 4594/5132/6227
f 4574/5128/6228 4575/5127/6229 4594/5132/6230
f 4575/5127/6231 4576/5126/6232 4594/5132/6233
f 4576/5126/6234 4577/5125/6235 4594/5132/6236
f 4577/5125/6237 4578/5124/6238 4594/5132/6239
f 4578/5124/6240 4579/5123/6241 4594/5132/6242
f 4579/5123/6243 4580/5122/6244 4594/5132/6245
f 4580/5122/6246 4581/5121/6247 4594/5132/6248
f 4581/5121/6249 4582/5120/6250 4594/5132/6251
f 4582/5120/6252 4583/5119/6253 4594/5132/6254
f 4583/5119/6255 4584/5118/6256 4594/5132/6257
f 4584/5118/6258 4585/5117/6259 4594/5132/6260
f 4585/5117/6261 4586/5116/6262 4594/5132/6263
f 4586/5116/6264 4587/5115/6265 4594/5132/6266
f 4587/5115/6267 4588/5114/6268 4594/5132/6269
f 4588/5114/6270 4589/5113/6271 4594/5132/6272
f 4589/5113/6273 4590/5112/6274 4594/5132/6275
f 4590/5112/6276 4591/5111/6277 4594/5132/6278
f 4591/5111/6279 4592/5130/6280 4594/5132/6281
f 4592/5130/6282 4573/5129/6283 4594/5132/6284
g default
v 0.955892 2.489192 -6.172835
v 0.929275 2.490842 -6.221167
v 0.859810 2.498673 -6.225726
v 0.836030 2.502735 -6.179623
v 0.831729 2.505254 -6.109747
v 0.849426 2.504755 -6.057030
v 0.918891 2.496924 -6.052472
v 0.951590 2.491711 -6.102959
v 1.279954 3.966640 -6.237703
v 1.264223 3.978215 -6.280323
v 1.199099 4.007887 -6.283127
v 1.177902 4.016779 -6.236367
v 1.175483 4.016753 -6.166300
v 1.193260 4.007825 -6.113969
v 1.258383 3.978153 -6.111166
v 1.277536 3.966615 -6.167636
v 0.968551 2.834515 -6.192419
v 0.964250 2.837034 -6.122543
v 0.931550 2.842246 -6.072056
v 0.862085 2.850077 -6.076614
v 0.844389 2.850577 -6.129331
v 0.848690 2.848058 -6.199207
v 0.872469 2.843995 -6.245310
v 0.941934 2.836164 -6.240751
v 1.159092 3.683028 -6.222597
v 1.154689 3.686469 -6.152767
v 1.122944 3.697398 -6.102585
v 1.055912 3.717075 -6.107782
v 1.039021 3.720455 -6.160657
v 1.043425 3.717015 -6.230487
v 1.066544 3.708769 -6.276367
v 1.133576 3.689092 -6.271170
v 1.042937 3.320488 -6.211492
v 1.038542 3.323727 -6.141651
v 1.006506 3.333432 -6.091403
v 0.938771 3.350576 -6.096461
v 0.921663 3.353344 -6.149302
v 0.926058 3.350105 -6.219142
v 0.949382 3.342756 -6.265071
v 1.017116 3.325612 -6.260013
vt 0.026278 0.127297
vt 0.067413 0.127297
vt 0.108547 0.127297
vt 0.149682 0.127297
vt 0.190817 0.127297
vt 0.231951 0.127297
vt 0.273086 0.127297
vt 0.314221 0.127297
vt 0.355355 0.127297
vt 0.026278 0.620913
vt 0.067413 0.620913
vt 0.108547 0.620913
vt 0.149682 0.620913
vt 0.190817 0.620913
vt 0.231951 0.620913
vt 0.273086 0.620913
vt 0.314221 0.620913
vt 0.355355 0.620913
vt 0.355355 0.374105
vt 0.026278 0.374105
vt 0.314221 0.374105
vt 0.273086 0.374105
vt 0.231951 0.374105
vt 0.190817 0.374105
vt 0.149682 0.374105
vt 0.108547 0.374105
vt 0.067413 0.374105
vt 0.355355 0.472828
vt 0.026278 0.472828
vt 0.314221 0.472828
vt 0.273086 0.472828
vt 0.231951 0.472828
vt 0.190817 0.472828
vt 0.149682 0.472828
vt 0.108547 0.472828
vt 0.067413 0.472828
vt 0.355355 0.423467
vt 0.026278 0.423467
vt 0.314221 0.423467
vt 0.273086 0.423467
vt 0.231951 0.423467
vt 0.190817 0.423467
vt 0.149682 0.423467
vt 0.108547 0.423467
vt 0.067413 0.423467
vn 0.873551 -0.059422 -0.483092
vn 0.873551 -0.059422 -0.483092
vn 0.868586 -0.120339 -0.480705
vn 0.869782 -0.108772 -0.481298
vn 0.058779 -0.058672 -0.996545
vn 0.058779 -0.058672 -0.996545
vn 0.060232 -0.052183 -0.996819
vn 0.060014 -0.053157 -0.996781
vn -0.888488 0.006549 -0.458852
vn -0.888488 0.006549 -0.458852
vn -0.883955 0.069158 -0.462430
vn -0.883383 0.074702 -0.462659
vn -0.997493 0.033018 -0.062592
vn -0.997493 0.033018 -0.062592
vn -0.993115 0.097169 -0.065434
vn -0.992028 0.107431 -0.065865
vn -0.946540 0.052749 0.318244
vn -0.946540 0.052749 0.318244
vn -0.942410 0.109076 0.316175
vn -0.941135 0.121080 0.315601
vn -0.058779 0.058672 0.996545
vn -0.058779 0.058672 0.996545
vn -0.060016 0.053145 0.996782
vn -0.060240 0.052144 0.996821
vn 0.839333 0.000060 0.543618
vn 0.839333 0.000060 0.543618
vn 0.834486 -0.063527 0.547355
vn 0.834881 -0.059633 0.547190
vn 0.997493 -0.033018 0.062591
vn 0.997493 -0.033018 0.062591
vn 0.992201 -0.105864 0.065804
vn 0.993254 -0.095776 0.065379
vn 0.993254 -0.095776 0.065379
vn 0.992201 -0.105864 0.065804
vn 0.972849 -0.220317 0.070896
vn 0.974755 -0.211848 0.070517
vn 0.834881 -0.059633 0.547190
vn 0.834486 -0.063527 0.547355
vn 0.813563 -0.178402 0.553433
vn 0.821036 -0.146659 0.551716
vn -0.060240 0.052144 0.996821
vn -0.060016 0.053145 0.996782
vn -0.061640 0.049849 0.996853
vn -0.061179 0.049039 0.996921
vn -0.941135 0.121080 0.315601
vn -0.942410 0.109076 0.316175
vn -0.923381 0.223992 0.311762
vn -0.926225 0.211229 0.312234
vn -0.992028 0.107431 -0.065865
vn -0.993115 0.097169 -0.065434
vn -0.974870 0.211330 -0.070485
vn -0.972931 0.219960 -0.070874
vn -0.883383 0.074702 -0.462659
vn -0.883955 0.069158 -0.462430
vn -0.869119 0.162471 -0.467156
vn -0.862420 0.191235 -0.468680
vn 0.060014 -0.053157 -0.996781
vn 0.060232 -0.052183 -0.996819
vn 0.061174 -0.049060 -0.996921
vn 0.061640 -0.049865 -0.996852
vn 0.869782 -0.108772 -0.481298
vn 0.868586 -0.120339 -0.480705
vn 0.855918 -0.197367 -0.477966
vn 0.851255 -0.218176 -0.477246
vn 0.937887 -0.340583 0.066111
vn 0.935888 -0.346273 0.064877
vn 0.917596 -0.393781 0.054359
vn 0.917596 -0.393781 0.054359
vn 0.803268 -0.271928 0.529921
vn 0.808787 -0.311414 0.498884
vn 0.812524 -0.354819 0.462502
vn 0.812524 -0.354819 0.462502
vn -0.060293 0.050160 0.996920
vn -0.046491 0.047111 0.997807
vn -0.043100 0.046361 0.997995
vn -0.043100 0.046361 0.997994
vn -0.886749 0.337453 0.315914
vn -0.877446 0.357483 0.319833
vn -0.853405 0.404663 0.328554
vn -0.853405 0.404663 0.328554
vn -0.932655 0.354871 -0.064970
vn -0.933927 0.351395 -0.065593
vn -0.909413 0.412320 -0.054413
vn -0.909413 0.412320 -0.054413
vn -0.828766 0.314980 -0.462531
vn -0.836195 0.288576 -0.466370
vn -0.816348 0.354372 -0.456065
vn -0.816348 0.354372 -0.456066
vn 0.046473 -0.047047 -0.997811
vn 0.060143 -0.050123 -0.996931
vn 0.043126 -0.046293 -0.997997
vn 0.043126 -0.046293 -0.997997
vn 0.824301 -0.335565 -0.455986
vn 0.829430 -0.310218 -0.464555
vn 0.814612 -0.376417 -0.441268
vn 0.814612 -0.376417 -0.441268
vn 0.974755 -0.211848 0.070517
vn 0.972849 -0.220317 0.070896
vn 0.935888 -0.346273 0.064877
vn 0.937887 -0.340583 0.066111
vn 0.821036 -0.146659 0.551716
vn 0.813563 -0.178402 0.553433
vn 0.808787 -0.311414 0.498884
vn 0.803268 -0.271928 0.529921
vn -0.061179 0.049039 0.996921
vn -0.061640 0.049849 0.996853
vn -0.046491 0.047111 0.997807
vn -0.060293 0.050160 0.996920
vn -0.926225 0.211229 0.312234
vn -0.923381 0.223992 0.311762
vn -0.877446 0.357483 0.319833
vn -0.886749 0.337453 0.315914
vn -0.972931 0.219960 -0.070874
vn -0.974870 0.211330 -0.070485
vn -0.933927 0.351395 -0.065593
vn -0.932655 0.354871 -0.064970
vn -0.862420 0.191235 -0.468680
vn -0.869119 0.162471 -0.467156
vn -0.836195 0.288576 -0.466370
vn -0.828766 0.314980 -0.462531
vn 0.061640 -0.049865 -0.996852
vn 0.061174 -0.049060 -0.996921
vn 0.060143 -0.050123 -0.996931
vn 0.046473 -0.047047 -0.997811
vn 0.851255 -0.218176 -0.477246
vn 0.855918 -0.197367 -0.477966
vn 0.829430 -0.310218 -0.464555
vn 0.824301 -0.335565 -0.455986
s off
g chair1 pCylinder35
usemtl pCube21SG
f 4595/5133/6285 4596/5134/6286 4618/5159/6287 4611/5152/6288
f 4596/5134/6289 4597/5135/6290 4617/5158/6291 4618/5159/6292
f 4597/5135/6293 4598/5136/6294 4616/5157/6295 4617/5158/6296
f 4598/5136/6297 4599/5137/6298 4615/5156/6299 4616/5157/6300
f 4599/5137/6301 4600/5138/6302 4614/5155/6303 4615/5156/6304
f 4600/5138/6305 4601/5139/6306 4613/5154/6307 4614/5155/6308
f 4601/5139/6309 4602/5140/6310 4612/5153/6311 4613/5154/6312
f 4602/5140/6313 4595/5141/6314 4611/5151/6315 4612/5153/6316
f 4612/5153/6317 4611/5151/6318 4627/5169/6319 4628/5171/6320
f 4613/5154/6321 4612/5153/6322 4628/5171/6323 4629/5172/6324
f 4614/5155/6325 4613/5154/6326 4629/5172/6327 4630/5173/6328
f 4615/5156/6329 4614/5155/6330 4630/5173/6331 4631/5174/6332
f 4616/5157/6333 4615/5156/6334 4631/5174/6335 4632/5175/6336
f 4617/5158/6337 4616/5157/6338 4632/5175/6339 4633/5176/6340
f 4618/5159/6341 4617/5158/6342 4633/5176/6343 4634/5177/6344
f 4611/5152/6345 4618/5159/6346 4634/5177/6347 4627/5170/6348
f 4620/5162/6349 4619/5160/6350 4603/5150/6351 4610/5149/6352
f 4621/5163/6353 4620/5162/6354 4610/5149/6355 4609/5148/6356
f 4622/5164/6357 4621/5163/6358 4609/5148/6359 4608/5147/6360
f 4623/5165/6361 4622/5164/6362 4608/5147/6363 4607/5146/6364
f 4624/5166/6365 4623/5165/6366 4607/5146/6367 4606/5145/6368
f 4625/5167/6369 4624/5166/6370 4606/5145/6371 4605/5144/6372
f 4626/5168/6373 4625/5167/6374 4605/5144/6375 4604/5143/6376
f 4619/5161/6377 4626/5168/6378 4604/5143/6379 4603/5142/6380
f 4628/5171/6381 4627/5169/6382 4619/5160/6383 4620/5162/6384
f 4629/5172/6385 4628/5171/6386 4620/5162/6387 4621/5163/6388
f 4630/5173/6389 4629/5172/6390 4621/5163/6391 4622/5164/6392
f 4631/5174/6393 4630/5173/6394 4622/5164/6395 4623/5165/6396
f 4632/5175/6397 4631/5174/6398 4623/5165/6399 4624/5166/6400
f 4633/5176/6401 4632/5175/6402 4624/5166/6403 4625/5167/6404
f 4634/5177/6405 4633/5176/6406 4625/5167/6407 4626/5168/6408
f 4627/5170/6409 4634/5177/6410 4626/5168/6411 4619/5161/6412
g default
v 0.989631 0.003836 -8.344197
v 0.974894 -0.002235 -8.326229
v 0.966842 -0.008217 -8.304379
v 0.966264 -0.013524 -8.280793
v 0.973208 -0.017636 -8.257779
v 0.987010 -0.020151 -8.237588
v 1.006299 -0.020822 -8.222197
v 1.029207 -0.019585 -8.213108
v 1.053479 -0.016560 -8.211218
v 1.076737 -0.012043 -8.216711
v 1.096715 -0.006476 -8.229044
v 1.111452 -0.000405 -8.247016
v 1.119504 0.005577 -8.268862
v 1.120090 0.010884 -8.292448
v 1.113138 0.014996 -8.315466
v 1.099345 0.017511 -8.335657
v 1.080047 0.018183 -8.351048
v 1.057147 0.016946 -8.360132
v 1.032875 0.013920 -8.362022
v 1.009609 0.009403 -8.356530
v 0.300281 2.410336 -7.380150
v 0.273845 2.399442 -7.347908
v 0.259396 2.388710 -7.308711
v 0.258348 2.379189 -7.266394
v 0.270813 2.371811 -7.225101
v 0.295569 2.367298 -7.188873
v 0.330183 2.366093 -7.161258
v 0.371280 2.368313 -7.144954
v 0.414831 2.373741 -7.141565
v 0.456568 2.381846 -7.151418
v 0.492409 2.391833 -7.173549
v 0.518853 2.402727 -7.205791
v 0.533301 2.413459 -7.244988
v 0.534341 2.422981 -7.287306
v 0.521877 2.430358 -7.328598
v 0.497120 2.434871 -7.364826
v 0.462506 2.436076 -7.392441
v 0.421409 2.433856 -7.408742
v 0.377867 2.428428 -7.412134
v 0.336122 2.420324 -7.402282
v 1.043177 -0.001320 -8.286622
v 0.396344 2.401085 -7.276848
vt 0.319054 0.448623
vt 0.296860 0.405066
vt 0.262293 0.370498
vt 0.218735 0.348304
vt 0.170451 0.340657
vt 0.122167 0.348304
vt 0.078610 0.370498
vt 0.044042 0.405066
vt 0.021849 0.448623
vt 0.014201 0.496907
vt 0.021849 0.545191
vt 0.044042 0.588749
vt 0.078610 0.623316
vt 0.122167 0.645510
vt 0.170451 0.653157
vt 0.218735 0.645510
vt 0.262293 0.623316
vt 0.296860 0.588749
vt 0.319054 0.545191
vt 0.326701 0.496907
vt 0.926745 0.514736
vt 0.908879 0.514736
vt 0.891013 0.514736
vt 0.873147 0.514736
vt 0.855282 0.514736
vt 0.837416 0.514736
vt 0.819550 0.514736
vt 0.801684 0.514736
vt 0.783819 0.514736
vt 0.765953 0.514736
vt 0.748087 0.514736
vt 0.730221 0.514736
vt 0.712355 0.514736
vt 0.694490 0.514736
vt 0.676624 0.514736
vt 0.658758 0.514736
vt 0.640892 0.514736
vt 0.623027 0.514736
vt 0.605161 0.514736
vt 0.587295 0.514736
vt 0.569429 0.514736
vt 0.926745 0.059443
vt 0.908879 0.059443
vt 0.891013 0.059443
vt 0.873147 0.059443
vt 0.855282 0.059443
vt 0.837416 0.059443
vt 0.819550 0.059443
vt 0.801684 0.059443
vt 0.783819 0.059443
vt 0.765953 0.059443
vt 0.748087 0.059443
vt 0.730221 0.059443
vt 0.712355 0.059443
vt 0.694490 0.059443
vt 0.676624 0.059443
vt 0.658758 0.059443
vt 0.640892 0.059443
vt 0.623027 0.059443
vt 0.605161 0.059443
vt 0.587295 0.059443
vt 0.569429 0.059443
vt 0.372744 0.117855
vt 0.350551 0.074297
vt 0.315983 0.039730
vt 0.272426 0.017536
vt 0.224142 0.009889
vt 0.175858 0.017536
vt 0.132300 0.039730
vt 0.097733 0.074297
vt 0.075539 0.117855
vt 0.067892 0.166139
vt 0.075539 0.214423
vt 0.097733 0.257980
vt 0.132300 0.292548
vt 0.175858 0.314741
vt 0.224142 0.322389
vt 0.272426 0.314741
vt 0.315983 0.292548
vt 0.350551 0.257980
vt 0.372744 0.214423
vt 0.380392 0.166139
vt 0.170451 0.496907
vt 0.224142 0.166139
vn -0.673216 0.100599 -0.732571
vn -0.861103 -0.044981 -0.506438
vn -0.861102 -0.044980 -0.506439
vn -0.673213 0.100601 -0.732573
vn -0.861103 -0.044981 -0.506438
vn -0.955479 -0.187154 -0.228109
vn -0.955479 -0.187154 -0.228108
vn -0.861102 -0.044980 -0.506439
vn -0.955479 -0.187154 -0.228109
vn -0.948649 -0.309135 0.067083
vn -0.948649 -0.309135 0.067085
vn -0.955479 -0.187154 -0.228108
vn -0.948649 -0.309135 0.067083
vn -0.848912 -0.399250 0.346334
vn -0.848913 -0.399250 0.346331
vn -0.948649 -0.309135 0.067085
vn -0.848912 -0.399250 0.346334
vn -0.673070 -0.452021 0.585367
vn -0.673070 -0.452021 0.585366
vn -0.848913 -0.399250 0.346331
vn -0.673070 -0.452021 0.585367
vn -0.439337 -0.465823 0.768109
vn -0.439334 -0.465823 0.768111
vn -0.673070 -0.452021 0.585366
vn -0.439337 -0.465823 0.768109
vn -0.165515 -0.440358 0.882434
vn -0.165515 -0.440358 0.882434
vn -0.439334 -0.465823 0.768111
vn -0.165515 -0.440358 0.882434
vn 0.129257 -0.376066 0.917533
vn 0.129257 -0.376066 0.917533
vn -0.165515 -0.440358 0.882434
vn 0.129257 -0.376066 0.917533
vn 0.420641 -0.275666 0.864332
vn 0.420643 -0.275665 0.864331
vn 0.129257 -0.376066 0.917533
vn 0.420641 -0.275666 0.864332
vn 0.677910 -0.146229 0.720455
vn 0.677909 -0.146229 0.720456
vn 0.420643 -0.275665 0.864331
vn 0.677910 -0.146229 0.720455
vn 0.868024 -0.001083 0.496521
vn 0.868024 -0.001083 0.496521
vn 0.677909 -0.146229 0.720456
vn 0.868024 -0.001083 0.496521
vn 0.965391 0.142013 0.218754
vn 0.965391 0.142013 0.218753
vn 0.868024 -0.001083 0.496521
vn 0.965391 0.142013 0.218754
vn 0.960927 0.265706 -0.077581
vn 0.960928 0.265705 -0.077579
vn 0.965391 0.142013 0.218753
vn 0.960927 0.265706 -0.077581
vn 0.862027 0.357788 -0.359023
vn 0.862027 0.357788 -0.359023
vn 0.960928 0.265705 -0.077579
vn 0.862027 0.357788 -0.359023
vn 0.685369 0.411962 -0.600464
vn 0.685368 0.411962 -0.600465
vn 0.862027 0.357788 -0.359023
vn 0.685369 0.411962 -0.600464
vn 0.449680 0.426046 -0.785030
vn 0.449680 0.426046 -0.785030
vn 0.685368 0.411962 -0.600465
vn 0.449680 0.426046 -0.785030
vn 0.173246 0.399845 -0.900061
vn 0.173247 0.399845 -0.900061
vn 0.449680 0.426046 -0.785030
vn 0.173246 0.399845 -0.900061
vn -0.123851 0.333981 -0.934408
vn -0.123852 0.333981 -0.934407
vn 0.173247 0.399845 -0.900061
vn -0.123851 0.333981 -0.934408
vn -0.416397 0.231652 -0.879176
vn -0.416399 0.231651 -0.879175
vn -0.123852 0.333981 -0.934407
vn -0.416397 0.231652 -0.879176
vn -0.673216 0.100599 -0.732571
vn -0.673213 0.100601 -0.732573
vn -0.416399 0.231651 -0.879175
vn 0.137223 -0.967095 -0.214235
vn 0.137238 -0.967088 -0.214260
vn 0.137217 -0.967099 -0.214221
vn 0.137191 -0.967106 -0.214207
vn 0.137223 -0.967095 -0.214235
vn 0.137217 -0.967099 -0.214221
vn 0.137225 -0.967093 -0.214246
vn 0.137191 -0.967106 -0.214207
vn 0.137217 -0.967099 -0.214221
vn 0.137186 -0.967108 -0.214199
vn 0.137225 -0.967093 -0.214246
vn 0.137217 -0.967099 -0.214221
vn 0.137232 -0.967099 -0.214211
vn 0.137186 -0.967108 -0.214199
vn 0.137217 -0.967099 -0.214221
vn 0.137272 -0.967081 -0.214269
vn 0.137232 -0.967099 -0.214211
vn 0.137217 -0.967099 -0.214221
vn 0.137207 -0.967097 -0.214237
vn 0.137272 -0.967081 -0.214269
vn 0.137217 -0.967099 -0.214221
vn 0.137204 -0.967106 -0.214197
vn 0.137207 -0.967097 -0.214237
vn 0.137217 -0.967099 -0.214221
vn 0.137217 -0.967106 -0.214189
vn 0.137204 -0.967106 -0.214197
vn 0.137217 -0.967099 -0.214221
vn 0.137211 -0.967104 -0.214202
vn 0.137217 -0.967106 -0.214189
vn 0.137217 -0.967099 -0.214221
vn 0.137193 -0.967107 -0.214200
vn 0.137211 -0.967104 -0.214202
vn 0.137217 -0.967099 -0.214221
vn 0.137204 -0.967106 -0.214197
vn 0.137193 -0.967107 -0.214200
vn 0.137217 -0.967099 -0.214221
vn 0.137190 -0.967110 -0.214190
vn 0.137204 -0.967106 -0.214197
vn 0.137217 -0.967099 -0.214221
vn 0.137186 -0.967112 -0.214184
vn 0.137190 -0.967110 -0.214190
vn 0.137217 -0.967099 -0.214221
vn 0.137272 -0.967080 -0.214274
vn 0.137186 -0.967112 -0.214184
vn 0.137217 -0.967099 -0.214221
vn 0.137272 -0.967081 -0.214270
vn 0.137272 -0.967080 -0.214274
vn 0.137217 -0.967099 -0.214221
vn 0.137178 -0.967109 -0.214202
vn 0.137272 -0.967081 -0.214270
vn 0.137217 -0.967099 -0.214221
vn 0.137206 -0.967099 -0.214230
vn 0.137178 -0.967109 -0.214202
vn 0.137217 -0.967099 -0.214221
vn 0.137233 -0.967094 -0.214232
vn 0.137206 -0.967099 -0.214230
vn 0.137217 -0.967099 -0.214221
vn 0.137238 -0.967088 -0.214260
vn 0.137233 -0.967094 -0.214232
vn 0.137217 -0.967099 -0.214221
vn -0.137238 0.967095 0.214227
vn -0.137248 0.967095 0.214220
vn -0.137225 0.967098 0.214221
vn -0.137248 0.967095 0.214220
vn -0.137239 0.967103 0.214192
vn -0.137225 0.967098 0.214221
vn -0.137239 0.967103 0.214192
vn -0.137209 0.967105 0.214198
vn -0.137225 0.967098 0.214221
vn -0.137209 0.967105 0.214198
vn -0.137215 0.967096 0.214239
vn -0.137225 0.967098 0.214221
vn -0.137215 0.967096 0.214239
vn -0.137229 0.967091 0.214251
vn -0.137225 0.967098 0.214221
vn -0.137229 0.967091 0.214251
vn -0.137204 0.967104 0.214206
vn -0.137225 0.967098 0.214221
vn -0.137204 0.967104 0.214206
vn -0.137234 0.967092 0.214244
vn -0.137225 0.967098 0.214221
vn -0.137234 0.967092 0.214244
vn -0.137217 0.967096 0.214237
vn -0.137225 0.967098 0.214221
vn -0.137217 0.967096 0.214237
vn -0.137192 0.967110 0.214188
vn -0.137225 0.967098 0.214221
vn -0.137192 0.967110 0.214188
vn -0.137217 0.967101 0.214213
vn -0.137225 0.967098 0.214221
vn -0.137217 0.967101 0.214213
vn -0.137201 0.967102 0.214217
vn -0.137225 0.967098 0.214221
vn -0.137201 0.967102 0.214217
vn -0.137228 0.967096 0.214228
vn -0.137225 0.967098 0.214221
vn -0.137228 0.967096 0.214228
vn -0.137244 0.967095 0.214222
vn -0.137225 0.967098 0.214221
vn -0.137244 0.967095 0.214222
vn -0.137205 0.967102 0.214216
vn -0.137225 0.967098 0.214221
vn -0.137205 0.967102 0.214216
vn -0.137205 0.967103 0.214212
vn -0.137225 0.967098 0.214221
vn -0.137205 0.967103 0.214212
vn -0.137234 0.967095 0.214229
vn -0.137225 0.967098 0.214221
vn -0.137234 0.967095 0.214229
vn -0.137250 0.967094 0.214223
vn -0.137225 0.967098 0.214221
vn -0.137250 0.967094 0.214223
vn -0.137250 0.967094 0.214225
vn -0.137225 0.967098 0.214221
vn -0.137250 0.967094 0.214225
vn -0.137234 0.967093 0.214237
vn -0.137225 0.967098 0.214221
vn -0.137234 0.967093 0.214237
vn -0.137238 0.967095 0.214227
vn -0.137225 0.967098 0.214221
s off
g chair1 pCylinder32
usemtl pCube21SG
f 4635/5198/6413 4636/5199/6414 4656/5220/6415 4655/5219/6416
f 4636/5199/6417 4637/5200/6418 4657/5221/6419 4656/5220/6420
f 4637/5200/6421 4638/5201/6422 4658/5222/6423 4657/5221/6424
f 4638/5201/6425 4639/5202/6426 4659/5223/6427 4658/5222/6428
f 4639/5202/6429 4640/5203/6430 4660/5224/6431 4659/5223/6432
f 4640/5203/6433 4641/5204/6434 4661/5225/6435 4660/5224/6436
f 4641/5204/6437 4642/5205/6438 4662/5226/6439 4661/5225/6440
f 4642/5205/6441 4643/5206/6442 4663/5227/6443 4662/5226/6444
f 4643/5206/6445 4644/5207/6446 4664/5228/6447 4663/5227/6448
f 4644/5207/6449 4645/5208/6450 4665/5229/6451 4664/5228/6452
f 4645/5208/6453 4646/5209/6454 4666/5230/6455 4665/5229/6456
f 4646/5209/6457 4647/5210/6458 4667/5231/6459 4666/5230/6460
f 4647/5210/6461 4648/5211/6462 4668/5232/6463 4667/5231/6464
f 4648/5211/6465 4649/5212/6466 4669/5233/6467 4668/5232/6468
f 4649/5212/6469 4650/5213/6470 4670/5234/6471 4669/5233/6472
f 4650/5213/6473 4651/5214/6474 4671/5235/6475 4670/5234/6476
f 4651/5214/6477 4652/5215/6478 4672/5236/6479 4671/5235/6480
f 4652/5215/6481 4653/5216/6482 4673/5237/6483 4672/5236/6484
f 4653/5216/6485 4654/5217/6486 4674/5238/6487 4673/5237/6488
f 4654/5217/6489 4635/5218/6490 4655/5239/6491 4674/5238/6492
f 4636/5179/6493 4635/5178/6494 4675/5260/6495
f 4637/5180/6496 4636/5179/6497 4675/5260/6498
f 4638/5181/6499 4637/5180/6500 4675/5260/6501
f 4639/5182/6502 4638/5181/6503 4675/5260/6504
f 4640/5183/6505 4639/5182/6506 4675/5260/6507
f 4641/5184/6508 4640/5183/6509 4675/5260/6510
f 4642/5185/6511 4641/5184/6512 4675/5260/6513
f 4643/5186/6514 4642/5185/6515 4675/5260/6516
f 4644/5187/6517 4643/5186/6518 4675/5260/6519
f 4645/5188/6520 4644/5187/6521 4675/5260/6522
f 4646/5189/6523 4645/5188/6524 4675/5260/6525
f 4647/5190/6526 4646/5189/6527 4675/5260/6528
f 4648/5191/6529 4647/5190/6530 4675/5260/6531
f 4649/5192/6532 4648/5191/6533 4675/5260/6534
f 4650/5193/6535 4649/5192/6536 4675/5260/6537
f 4651/5194/6538 4650/5193/6539 4675/5260/6540
f 4652/5195/6541 4651/5194/6542 4675/5260/6543
f 4653/5196/6544 4652/5195/6545 4675/5260/6546
f 4654/5197/6547 4653/5196/6548 4675/5260/6549
f 4635/5178/6550 4654/5197/6551 4675/5260/6552
f 4655/5258/6553 4656/5257/6554 4676/5261/6555
f 4656/5257/6556 4657/5256/6557 4676/5261/6558
f 4657/5256/6559 4658/5255/6560 4676/5261/6561
f 4658/5255/6562 4659/5254/6563 4676/5261/6564
f 4659/5254/6565 4660/5253/6566 4676/5261/6567
f 4660/5253/6568 4661/5252/6569 4676/5261/6570
f 4661/5252/6571 4662/5251/6572 4676/5261/6573
f 4662/5251/6574 4663/5250/6575 4676/5261/6576
f 4663/5250/6577 4664/5249/6578 4676/5261/6579
f 4664/5249/6580 4665/5248/6581 4676/5261/6582
f 4665/5248/6583 4666/5247/6584 4676/5261/6585
f 4666/5247/6586 4667/5246/6587 4676/5261/6588
f 4667/5246/6589 4668/5245/6590 4676/5261/6591
f 4668/5245/6592 4669/5244/6593 4676/5261/6594
f 4669/5244/6595 4670/5243/6596 4676/5261/6597
f 4670/5243/6598 4671/5242/6599 4676/5261/6600
f 4671/5242/6601 4672/5241/6602 4676/5261/6603
f 4672/5241/6604 4673/5240/6605 4676/5261/6606
f 4673/5240/6607 4674/5259/6608 4676/5261/6609
f 4674/5259/6610 4655/5258/6611 4676/5261/6612
g default
v -2.199555 0.003836 -7.736409
v -2.182859 -0.002235 -7.720246
v -2.161744 -0.008217 -7.710427
v -2.138285 -0.013524 -7.707913
v -2.114779 -0.017636 -7.712943
v -2.093522 -0.020151 -7.725039
v -2.076599 -0.020822 -7.742999
v -2.065658 -0.019585 -7.765083
v -2.061781 -0.016560 -7.789117
v -2.065345 -0.012043 -7.812748
v -2.075995 -0.006476 -7.833671
v -2.092695 -0.000405 -7.849835
v -2.113806 0.005577 -7.859654
v -2.137263 0.010884 -7.862176
v -2.160775 0.014996 -7.857139
v -2.182031 0.017511 -7.845051
v -2.198955 0.018183 -7.827083
v -2.209890 0.016946 -7.805006
v -2.213767 0.013920 -7.780972
v -2.210205 0.009403 -7.757333
v -1.295400 2.410336 -6.970190
v -1.265438 2.399442 -6.941194
v -1.227561 2.388710 -6.923575
v -1.185473 2.379189 -6.919054
v -1.143296 2.371811 -6.928084
v -1.105157 2.367298 -6.949780
v -1.074791 2.366093 -6.982009
v -1.055166 2.368313 -7.021627
v -1.048210 2.373741 -7.064752
v -1.054601 2.381846 -7.107157
v -1.073713 2.391833 -7.144695
v -1.103674 2.402727 -7.173699
v -1.141551 2.413459 -7.191319
v -1.183641 2.422981 -7.195831
v -1.225817 2.430358 -7.186802
v -1.263957 2.434871 -7.165105
v -1.294322 2.436076 -7.132877
v -1.313944 2.433856 -7.093258
v -1.320902 2.428428 -7.050141
v -1.314512 2.420324 -7.007728
v -2.137776 -0.001320 -7.785045
v -1.184555 2.401085 -7.057442
vt 0.374596 0.115372
vt 0.352402 0.071814
vt 0.317835 0.037247
vt 0.274277 0.015053
vt 0.225993 0.007406
vt 0.177709 0.015053
vt 0.134152 0.037247
vt 0.099584 0.071814
vt 0.077391 0.115372
vt 0.069743 0.163656
vt 0.077391 0.211939
vt 0.099584 0.255497
vt 0.134152 0.290065
vt 0.177709 0.312258
vt 0.225993 0.319906
vt 0.274277 0.312258
vt 0.317835 0.290065
vt 0.352402 0.255497
vt 0.374596 0.211939
vt 0.382243 0.163656
vt 0.569557 0.028343
vt 0.587319 0.028343
vt 0.605081 0.028343
vt 0.622842 0.028343
vt 0.640604 0.028343
vt 0.658366 0.028343
vt 0.676128 0.028343
vt 0.693889 0.028343
vt 0.711651 0.028343
vt 0.729413 0.028343
vt 0.747175 0.028343
vt 0.764937 0.028343
vt 0.782698 0.028343
vt 0.800460 0.028343
vt 0.818222 0.028343
vt 0.835984 0.028343
vt 0.853745 0.028343
vt 0.871507 0.028343
vt 0.889269 0.028343
vt 0.907031 0.028343
vt 0.924793 0.028343
vt 0.569557 0.561197
vt 0.587319 0.561197
vt 0.605081 0.561197
vt 0.622842 0.561197
vt 0.640604 0.561197
vt 0.658366 0.561197
vt 0.676128 0.561197
vt 0.693889 0.561197
vt 0.711651 0.561197
vt 0.729413 0.561197
vt 0.747175 0.561197
vt 0.764937 0.561197
vt 0.782698 0.561197
vt 0.800460 0.561197
vt 0.818222 0.561197
vt 0.835984 0.561197
vt 0.853745 0.561197
vt 0.871507 0.561197
vt 0.889269 0.561197
vt 0.907031 0.561197
vt 0.924793 0.561197
vt 0.326603 0.446394
vt 0.304410 0.402837
vt 0.269842 0.368269
vt 0.226285 0.346076
vt 0.178001 0.338428
vt 0.129717 0.346076
vt 0.086159 0.368269
vt 0.051592 0.402837
vt 0.029398 0.446394
vt 0.021751 0.494678
vt 0.029398 0.542962
vt 0.051592 0.586520
vt 0.086159 0.621087
vt 0.129717 0.643281
vt 0.178001 0.650928
vt 0.226285 0.643281
vt 0.269842 0.621087
vt 0.304410 0.586520
vt 0.326603 0.542962
vt 0.334251 0.494678
vt 0.225993 0.163656
vt 0.178001 0.494678
vn -0.785402 0.100599 0.610757
vn -0.575468 -0.044981 0.816586
vn -0.575469 -0.044980 0.816586
vn -0.785403 0.100601 0.610754
vn -0.575468 -0.044981 0.816586
vn -0.305834 -0.187154 0.933509
vn -0.305832 -0.187154 0.933509
vn -0.575469 -0.044980 0.816586
vn -0.305834 -0.187154 0.933509
vn -0.011078 -0.309135 0.950954
vn -0.011077 -0.309135 0.950954
vn -0.305832 -0.187154 0.933509
vn -0.011078 -0.309135 0.950954
vn 0.275422 -0.399250 0.874495
vn 0.275420 -0.399250 0.874496
vn -0.011077 -0.309135 0.950954
vn 0.275422 -0.399250 0.874495
vn 0.528093 -0.452021 0.718884
vn 0.528092 -0.452021 0.718885
vn 0.275420 -0.399250 0.874496
vn 0.528093 -0.452021 0.718884
vn 0.729420 -0.465823 0.500954
vn 0.729422 -0.465823 0.500952
vn 0.528092 -0.452021 0.718885
vn 0.729420 -0.465823 0.500954
vn 0.865854 -0.440358 0.237450
vn 0.865854 -0.440358 0.237450
vn 0.729422 -0.465823 0.500952
vn 0.865854 -0.440358 0.237450
vn 0.925050 -0.376066 -0.053442
vn 0.925051 -0.376066 -0.053441
vn 0.865854 -0.440358 0.237450
vn 0.925050 -0.376066 -0.053442
vn 0.895967 -0.275666 -0.348212
vn 0.895967 -0.275665 -0.348214
vn 0.925051 -0.376066 -0.053441
vn 0.895967 -0.275666 -0.348212
vn 0.773712 -0.146229 -0.616431
vn 0.773713 -0.146229 -0.616430
vn 0.895967 -0.275665 -0.348214
vn 0.773712 -0.146229 -0.616431
vn 0.566154 -0.001083 -0.824299
vn 0.566153 -0.001083 -0.824299
vn 0.773713 -0.146229 -0.616430
vn 0.566154 -0.001083 -0.824299
vn 0.297324 0.142013 -0.944156
vn 0.297324 0.142013 -0.944156
vn 0.566153 -0.001083 -0.824299
vn 0.297324 0.142013 -0.944156
vn 0.001625 0.265706 -0.964053
vn 0.001627 0.265705 -0.964053
vn 0.297324 0.142013 -0.944156
vn 0.001625 0.265706 -0.964053
vn -0.286991 0.357788 -0.888608
vn -0.286991 0.357788 -0.888608
vn 0.001627 0.265705 -0.964053
vn -0.286991 0.357788 -0.888608
vn -0.542129 0.411962 -0.732382
vn -0.542130 0.411962 -0.732382
vn -0.286991 0.357788 -0.888608
vn -0.542129 0.411962 -0.732382
vn -0.745434 0.426046 -0.512653
vn -0.745434 0.426046 -0.512653
vn -0.542130 0.411962 -0.732382
vn -0.745434 0.426046 -0.512653
vn -0.882786 0.399845 -0.246603
vn -0.882786 0.399845 -0.246604
vn -0.745434 0.426046 -0.512653
vn -0.882786 0.399845 -0.246603
vn -0.941424 0.333981 0.046668
vn -0.941424 0.333981 0.046669
vn -0.882786 0.399845 -0.246604
vn -0.941424 0.333981 0.046668
vn -0.910413 0.231652 0.342763
vn -0.910412 0.231651 0.342765
vn -0.941424 0.333981 0.046669
vn -0.910413 0.231652 0.342763
vn -0.785402 0.100599 0.610757
vn -0.785403 0.100601 0.610754
vn -0.910412 0.231651 0.342765
vn -0.202238 -0.967095 -0.154359
vn -0.202261 -0.967088 -0.154376
vn -0.202225 -0.967099 -0.154352
vn -0.202213 -0.967106 -0.154326
vn -0.202238 -0.967095 -0.154359
vn -0.202225 -0.967099 -0.154352
vn -0.202248 -0.967093 -0.154362
vn -0.202213 -0.967106 -0.154326
vn -0.202225 -0.967099 -0.154352
vn -0.202205 -0.967108 -0.154320
vn -0.202248 -0.967093 -0.154362
vn -0.202225 -0.967099 -0.154352
vn -0.202213 -0.967099 -0.154366
vn -0.202205 -0.967108 -0.154320
vn -0.202225 -0.967099 -0.154352
vn -0.202267 -0.967081 -0.154410
vn -0.202213 -0.967099 -0.154366
vn -0.202225 -0.967099 -0.154352
vn -0.202241 -0.967097 -0.154343
vn -0.202267 -0.967081 -0.154410
vn -0.202225 -0.967099 -0.154352
vn -0.202201 -0.967106 -0.154338
vn -0.202241 -0.967097 -0.154343
vn -0.202225 -0.967099 -0.154352
vn -0.202192 -0.967106 -0.154350
vn -0.202201 -0.967106 -0.154338
vn -0.202225 -0.967099 -0.154352
vn -0.202205 -0.967104 -0.154345
vn -0.202192 -0.967106 -0.154350
vn -0.202225 -0.967099 -0.154352
vn -0.202205 -0.967107 -0.154327
vn -0.202205 -0.967104 -0.154345
vn -0.202225 -0.967099 -0.154352
vn -0.202201 -0.967106 -0.154337
vn -0.202205 -0.967107 -0.154327
vn -0.202225 -0.967099 -0.154352
vn -0.202195 -0.967110 -0.154323
vn -0.202201 -0.967106 -0.154337
vn -0.202225 -0.967099 -0.154352
vn -0.202190 -0.967112 -0.154318
vn -0.202195 -0.967110 -0.154323
vn -0.202225 -0.967099 -0.154352
vn -0.202272 -0.967080 -0.154411
vn -0.202190 -0.967112 -0.154318
vn -0.202225 -0.967099 -0.154352
vn -0.202269 -0.967081 -0.154411
vn -0.202272 -0.967080 -0.154411
vn -0.202225 -0.967099 -0.154352
vn -0.202208 -0.967109 -0.154311
vn -0.202269 -0.967081 -0.154411
vn -0.202225 -0.967099 -0.154352
vn -0.202233 -0.967099 -0.154342
vn -0.202208 -0.967109 -0.154311
vn -0.202225 -0.967099 -0.154352
vn -0.202234 -0.967094 -0.154369
vn -0.202233 -0.967099 -0.154342
vn -0.202225 -0.967099 -0.154352
vn -0.202261 -0.967088 -0.154376
vn -0.202234 -0.967094 -0.154369
vn -0.202225 -0.967099 -0.154352
vn 0.202228 0.967095 0.154373
vn 0.202220 0.967095 0.154382
vn 0.202224 0.967098 0.154360
vn 0.202220 0.967095 0.154382
vn 0.202193 0.967103 0.154372
vn 0.202224 0.967098 0.154360
vn 0.202193 0.967103 0.154372
vn 0.202202 0.967105 0.154343
vn 0.202224 0.967098 0.154360
vn 0.202202 0.967105 0.154343
vn 0.202242 0.967096 0.154351
vn 0.202224 0.967098 0.154360
vn 0.202242 0.967096 0.154351
vn 0.202253 0.967091 0.154367
vn 0.202224 0.967098 0.154360
vn 0.202253 0.967091 0.154367
vn 0.202210 0.967104 0.154338
vn 0.202224 0.967098 0.154360
vn 0.202210 0.967104 0.154338
vn 0.202246 0.967092 0.154371
vn 0.202224 0.967098 0.154360
vn 0.202246 0.967092 0.154371
vn 0.202240 0.967096 0.154354
vn 0.202224 0.967098 0.154360
vn 0.202240 0.967096 0.154354
vn 0.202193 0.967110 0.154324
vn 0.202224 0.967098 0.154360
vn 0.202193 0.967110 0.154324
vn 0.202216 0.967101 0.154352
vn 0.202224 0.967098 0.154360
vn 0.202216 0.967101 0.154352
vn 0.202221 0.967102 0.154336
vn 0.202224 0.967098 0.154360
vn 0.202221 0.967102 0.154336
vn 0.202230 0.967096 0.154364
vn 0.202224 0.967098 0.154360
vn 0.202230 0.967096 0.154364
vn 0.202223 0.967095 0.154379
vn 0.202224 0.967098 0.154360
vn 0.202223 0.967095 0.154379
vn 0.202220 0.967102 0.154340
vn 0.202224 0.967098 0.154360
vn 0.202220 0.967102 0.154340
vn 0.202216 0.967103 0.154339
vn 0.202224 0.967098 0.154360
vn 0.202216 0.967103 0.154339
vn 0.202231 0.967095 0.154369
vn 0.202224 0.967098 0.154360
vn 0.202231 0.967095 0.154369
vn 0.202223 0.967094 0.154385
vn 0.202224 0.967098 0.154360
vn 0.202223 0.967094 0.154385
vn 0.202225 0.967094 0.154385
vn 0.202224 0.967098 0.154360
vn 0.202225 0.967094 0.154385
vn 0.202239 0.967093 0.154370
vn 0.202224 0.967098 0.154360
vn 0.202239 0.967093 0.154370
vn 0.202228 0.967095 0.154373
vn 0.202224 0.967098 0.154360
s off
g chair1 pCylinder33
usemtl pCube21SG
f 4677/5282/6613 4678/5283/6614 4698/5304/6615 4697/5303/6616
f 4678/5283/6617 4679/5284/6618 4699/5305/6619 4698/5304/6620
f 4679/5284/6621 4680/5285/6622 4700/5306/6623 4699/5305/6624
f 4680/5285/6625 4681/5286/6626 4701/5307/6627 4700/5306/6628
f 4681/5286/6629 4682/5287/6630 4702/5308/6631 4701/5307/6632
f 4682/5287/6633 4683/5288/6634 4703/5309/6635 4702/5308/6636
f 4683/5288/6637 4684/5289/6638 4704/5310/6639 4703/5309/6640
f 4684/5289/6641 4685/5290/6642 4705/5311/6643 4704/5310/6644
f 4685/5290/6645 4686/5291/6646 4706/5312/6647 4705/5311/6648
f 4686/5291/6649 4687/5292/6650 4707/5313/6651 4706/5312/6652
f 4687/5292/6653 4688/5293/6654 4708/5314/6655 4707/5313/6656
f 4688/5293/6657 4689/5294/6658 4709/5315/6659 4708/5314/6660
f 4689/5294/6661 4690/5295/6662 4710/5316/6663 4709/5315/6664
f 4690/5295/6665 4691/5296/6666 4711/5317/6667 4710/5316/6668
f 4691/5296/6669 4692/5297/6670 4712/5318/6671 4711/5317/6672
f 4692/5297/6673 4693/5298/6674 4713/5319/6675 4712/5318/6676
f 4693/5298/6677 4694/5299/6678 4714/5320/6679 4713/5319/6680
f 4694/5299/6681 4695/5300/6682 4715/5321/6683 4714/5320/6684
f 4695/5300/6685 4696/5301/6686 4716/5322/6687 4715/5321/6688
f 4696/5301/6689 4677/5302/6690 4697/5323/6691 4716/5322/6692
f 4678/5263/6693 4677/5262/6694 4717/5344/6695
f 4679/5264/6696 4678/5263/6697 4717/5344/6698
f 4680/5265/6699 4679/5264/6700 4717/5344/6701
f 4681/5266/6702 4680/5265/6703 4717/5344/6704
f 4682/5267/6705 4681/5266/6706 4717/5344/6707
f 4683/5268/6708 4682/5267/6709 4717/5344/6710
f 4684/5269/6711 4683/5268/6712 4717/5344/6713
f 4685/5270/6714 4684/5269/6715 4717/5344/6716
f 4686/5271/6717 4685/5270/6718 4717/5344/6719
f 4687/5272/6720 4686/5271/6721 4717/5344/6722
f 4688/5273/6723 4687/5272/6724 4717/5344/6725
f 4689/5274/6726 4688/5273/6727 4717/5344/6728
f 4690/5275/6729 4689/5274/6730 4717/5344/6731
f 4691/5276/6732 4690/5275/6733 4717/5344/6734
f 4692/5277/6735 4691/5276/6736 4717/5344/6737
f 4693/5278/6738 4692/5277/6739 4717/5344/6740
f 4694/5279/6741 4693/5278/6742 4717/5344/6743
f 4695/5280/6744 4694/5279/6745 4717/5344/6746
f 4696/5281/6747 4695/5280/6748 4717/5344/6749
f 4677/5262/6750 4696/5281/6751 4717/5344/6752
f 4697/5342/6753 4698/5341/6754 4718/5345/6755
f 4698/5341/6756 4699/5340/6757 4718/5345/6758
f 4699/5340/6759 4700/5339/6760 4718/5345/6761
f 4700/5339/6762 4701/5338/6763 4718/5345/6764
f 4701/5338/6765 4702/5337/6766 4718/5345/6767
f 4702/5337/6768 4703/5336/6769 4718/5345/6770
f 4703/5336/6771 4704/5335/6772 4718/5345/6773
f 4704/5335/6774 4705/5334/6775 4718/5345/6776
f 4705/5334/6777 4706/5333/6778 4718/5345/6779
f 4706/5333/6780 4707/5332/6781 4718/5345/6782
f 4707/5332/6783 4708/5331/6784 4718/5345/6785
f 4708/5331/6786 4709/5330/6787 4718/5345/6788
f 4709/5330/6789 4710/5329/6790 4718/5345/6791
f 4710/5329/6792 4711/5328/6793 4718/5345/6794
f 4711/5328/6795 4712/5327/6796 4718/5345/6797
f 4712/5327/6798 4713/5326/6799 4718/5345/6800
f 4713/5326/6801 4714/5325/6802 4718/5345/6803
f 4714/5325/6804 4715/5324/6805 4718/5345/6806
f 4715/5324/6807 4716/5343/6808 4718/5345/6809
f 4716/5343/6810 4697/5342/6811 4718/5345/6812
g default
v 0.889945 2.472792 -6.613871
v 0.852151 2.476796 -6.653906
v 0.783915 2.485459 -6.640631
v 0.772473 2.487723 -6.589922
v 0.785789 2.487227 -6.521148
v 0.816063 2.484262 -6.474595
v 0.884300 2.475600 -6.487869
v 0.903262 2.472296 -6.545096
v 1.228046 3.947265 -6.696269
v 1.191197 3.962182 -6.735417
v 1.128034 3.992548 -6.720656
v 1.119353 3.999584 -6.669765
v 1.134489 3.996520 -6.601378
v 1.164577 3.985152 -6.555555
v 1.227739 3.954786 -6.570316
v 1.243182 3.944201 -6.627882
v 0.904168 2.818509 -6.622173
v 0.917485 2.818013 -6.553399
v 0.898523 2.821317 -6.496172
v 0.830286 2.829979 -6.482897
v 0.800012 2.832944 -6.529450
v 0.786696 2.833440 -6.598225
v 0.798138 2.831176 -6.648934
v 0.866374 2.822513 -6.662208
v 1.097954 3.665738 -6.665086
v 1.111178 3.666166 -6.596293
v 1.093179 3.675185 -6.539372
v 1.027374 3.695687 -6.526850
v 0.997897 3.701529 -6.573642
v 0.984673 3.701101 -6.642435
v 0.995448 3.694655 -6.692930
v 1.061253 3.674153 -6.705452
v 0.981071 3.304145 -6.639793
v 0.994302 3.304371 -6.571001
v 0.976013 3.312166 -6.513991
v 0.909512 3.330140 -6.501260
v 0.879822 3.335370 -6.547989
v 0.866591 3.335144 -6.616782
v 0.877570 3.329594 -6.667339
v 0.944071 3.311621 -6.680071
vt 0.054708 0.156983
vt 0.085958 0.156983
vt 0.117208 0.156983
vt 0.148458 0.156983
vt 0.179708 0.156983
vt 0.210958 0.156983
vt 0.242208 0.156983
vt 0.273458 0.156983
vt 0.304708 0.156983
vt 0.054708 0.531983
vt 0.085958 0.531983
vt 0.117208 0.531983
vt 0.148458 0.531983
vt 0.179708 0.531983
vt 0.210958 0.531983
vt 0.242208 0.531983
vt 0.273458 0.531983
vt 0.304708 0.531983
vt 0.304708 0.344483
vt 0.054708 0.344483
vt 0.273458 0.344483
vt 0.242208 0.344483
vt 0.210958 0.344483
vt 0.179708 0.344483
vt 0.148458 0.344483
vt 0.117208 0.344483
vt 0.085958 0.344483
vt 0.304708 0.419483
vt 0.054708 0.419483
vt 0.273458 0.419483
vt 0.242208 0.419483
vt 0.210958 0.419483
vt 0.179708 0.419483
vt 0.148458 0.419483
vt 0.117208 0.419483
vt 0.085958 0.419483
vt 0.304708 0.381983
vt 0.054708 0.381983
vt 0.273458 0.381983
vt 0.242208 0.381983
vt 0.210958 0.381983
vt 0.179708 0.381983
vt 0.148458 0.381983
vt 0.117208 0.381983
vt 0.085958 0.381983
vn 0.724070 -0.046315 -0.688169
vn 0.724070 -0.046315 -0.688169
vn 0.718650 -0.107230 -0.687055
vn 0.719889 -0.095660 -0.687465
vn -0.192846 -0.015628 -0.981104
vn -0.192846 -0.015628 -0.981105
vn -0.191379 -0.009147 -0.981474
vn -0.191600 -0.010120 -0.981421
vn -0.974552 0.034775 -0.221447
vn -0.974552 0.034775 -0.221447
vn -0.969813 0.097436 -0.223538
vn -0.969207 0.102979 -0.223681
vn -0.980715 0.044915 0.190213
vn -0.980715 0.044915 0.190213
vn -0.975912 0.109086 0.188934
vn -0.974764 0.119347 0.188656
vn -0.835991 0.047522 0.546681
vn -0.835991 0.047522 0.546681
vn -0.831391 0.103845 0.545899
vn -0.830062 0.115850 0.545505
vn 0.192846 0.015628 0.981105
vn 0.192846 0.015628 0.981105
vn 0.191598 0.010108 0.981421
vn 0.191371 0.009108 0.981476
vn 0.948237 -0.031422 0.316007
vn 0.948237 -0.031422 0.316006
vn 0.943215 -0.095064 0.318291
vn 0.943634 -0.091170 0.318188
vn 0.980715 -0.044915 -0.190213
vn 0.980715 -0.044915 -0.190213
vn 0.974947 -0.117779 -0.188695
vn 0.976060 -0.107693 -0.188966
vn 0.976060 -0.107693 -0.188966
vn 0.974947 -0.117779 -0.188695
vn 0.955210 -0.232162 -0.183506
vn 0.957129 -0.223703 -0.184012
vn 0.943634 -0.091170 0.318188
vn 0.943215 -0.095064 0.318291
vn 0.922194 -0.209898 0.324809
vn 0.929631 -0.178179 0.322549
vn 0.191371 0.009108 0.981476
vn 0.191598 0.010108 0.981421
vn 0.189978 0.006828 0.981765
vn 0.190426 0.006011 0.981683
vn -0.830062 0.115850 0.545505
vn -0.831391 0.103845 0.545899
vn -0.811788 0.218665 0.541466
vn -0.814677 0.205919 0.542124
vn -0.974764 0.119347 0.188656
vn -0.975912 0.109086 0.188934
vn -0.957243 0.223185 0.184050
vn -0.955291 0.231806 0.183535
vn -0.969207 0.102979 -0.223681
vn -0.969813 0.097436 -0.223538
vn -0.954777 0.190726 -0.228089
vn -0.948100 0.219465 -0.230089
vn -0.191600 -0.010120 -0.981421
vn -0.191379 -0.009147 -0.981474
vn -0.190431 -0.006031 -0.981682
vn -0.189978 -0.006844 -0.981764
vn 0.719889 -0.095660 -0.687465
vn 0.718650 -0.107230 -0.687055
vn 0.705539 -0.184184 -0.684318
vn 0.700792 -0.204961 -0.683288
vn 0.912400 -0.365815 -0.183591
vn 0.910104 -0.371208 -0.184161
vn 0.880639 -0.433846 -0.190400
vn 0.880639 -0.433845 -0.190400
vn 0.896090 -0.301361 0.325890
vn 0.884057 -0.337978 0.322823
vn 0.868583 -0.379466 0.318699
vn 0.868583 -0.379466 0.318699
vn 0.191306 0.007123 0.981505
vn 0.204829 0.003911 0.978790
vn 0.208144 0.003122 0.978093
vn 0.208144 0.003122 0.978093
vn -0.773034 0.331493 0.540860
vn -0.762653 0.351247 0.543126
vn -0.736265 0.397777 0.547437
vn -0.736265 0.397777 0.547437
vn -0.912147 0.365953 0.184568
vn -0.913603 0.362520 0.184145
vn -0.885871 0.422669 0.191266
vn -0.885871 0.422669 0.191266
vn -0.911528 0.342509 -0.227608
vn -0.920202 0.316367 -0.230519
vn -0.897111 0.381464 -0.222883
vn -0.897111 0.381464 -0.222883
vn -0.204846 -0.003847 -0.978787
vn -0.191453 -0.007084 -0.981476
vn -0.208118 -0.003054 -0.978099
vn -0.208118 -0.003054 -0.978099
vn 0.652521 -0.323983 -0.685019
vn 0.667643 -0.298208 -0.682147
vn 0.629318 -0.361195 -0.688111
vn 0.629318 -0.361195 -0.688111
vn 0.957129 -0.223703 -0.184012
vn 0.955210 -0.232162 -0.183506
vn 0.910104 -0.371208 -0.184161
vn 0.912400 -0.365815 -0.183591
vn 0.929631 -0.178179 0.322549
vn 0.922194 -0.209898 0.324809
vn 0.884057 -0.337978 0.322823
vn 0.896090 -0.301361 0.325890
vn 0.190426 0.006011 0.981683
vn 0.189978 0.006828 0.981765
vn 0.204829 0.003911 0.978790
vn 0.191306 0.007123 0.981505
vn -0.814677 0.205919 0.542124
vn -0.811788 0.218665 0.541466
vn -0.762653 0.351247 0.543126
vn -0.773034 0.331493 0.540860
vn -0.955291 0.231806 0.183535
vn -0.957243 0.223185 0.184050
vn -0.913603 0.362520 0.184145
vn -0.912147 0.365953 0.184568
vn -0.948100 0.219465 -0.230089
vn -0.954777 0.190726 -0.228089
vn -0.920202 0.316367 -0.230519
vn -0.911528 0.342509 -0.227608
vn -0.189978 -0.006844 -0.981764
vn -0.190431 -0.006031 -0.981682
vn -0.191453 -0.007084 -0.981476
vn -0.204846 -0.003847 -0.978787
vn 0.700792 -0.204961 -0.683288
vn 0.705539 -0.184184 -0.684318
vn 0.667643 -0.298208 -0.682147
vn 0.652521 -0.323983 -0.685019
s off
g chair1 pCylinder36
usemtl pCube21SG
f 4719/5346/6813 4720/5347/6814 4742/5372/6815 4735/5365/6816
f 4720/5347/6817 4721/5348/6818 4741/5371/6819 4742/5372/6820
f 4721/5348/6821 4722/5349/6822 4740/5370/6823 4741/5371/6824
f 4722/5349/6825 4723/5350/6826 4739/5369/6827 4740/5370/6828
f 4723/5350/6829 4724/5351/6830 4738/5368/6831 4739/5369/6832
f 4724/5351/6833 4725/5352/6834 4737/5367/6835 4738/5368/6836
f 4725/5352/6837 4726/5353/6838 4736/5366/6839 4737/5367/6840
f 4726/5353/6841 4719/5354/6842 4735/5364/6843 4736/5366/6844
f 4736/5366/6845 4735/5364/6846 4751/5382/6847 4752/5384/6848
f 4737/5367/6849 4736/5366/6850 4752/5384/6851 4753/5385/6852
f 4738/5368/6853 4737/5367/6854 4753/5385/6855 4754/5386/6856
f 4739/5369/6857 4738/5368/6858 4754/5386/6859 4755/5387/6860
f 4740/5370/6861 4739/5369/6862 4755/5387/6863 4756/5388/6864
f 4741/5371/6865 4740/5370/6866 4756/5388/6867 4757/5389/6868
f 4742/5372/6869 4741/5371/6870 4757/5389/6871 4758/5390/6872
f 4735/5365/6873 4742/5372/6874 4758/5390/6875 4751/5383/6876
f 4744/5375/6877 4743/5373/6878 4727/5363/6879 4734/5362/6880
f 4745/5376/6881 4744/5375/6882 4734/5362/6883 4733/5361/6884
f 4746/5377/6885 4745/5376/6886 4733/5361/6887 4732/5360/6888
f 4747/5378/6889 4746/5377/6890 4732/5360/6891 4731/5359/6892
f 4748/5379/6893 4747/5378/6894 4731/5359/6895 4730/5358/6896
f 4749/5380/6897 4748/5379/6898 4730/5358/6899 4729/5357/6900
f 4750/5381/6901 4749/5380/6902 4729/5357/6903 4728/5356/6904
f 4743/5374/6905 4750/5381/6906 4728/5356/6907 4727/5355/6908
f 4752/5384/6909 4751/5382/6910 4743/5373/6911 4744/5375/6912
f 4753/5385/6913 4752/5384/6914 4744/5375/6915 4745/5376/6916
f 4754/5386/6917 4753/5385/6918 4745/5376/6919 4746/5377/6920
f 4755/5387/6921 4754/5386/6922 4746/5377/6923 4747/5378/6924
f 4756/5388/6925 4755/5387/6926 4747/5378/6927 4748/5379/6928
f 4757/5389/6929 4756/5388/6930 4748/5379/6931 4749/5380/6932
f 4758/5390/6933 4757/5389/6934 4749/5380/6935 4750/5381/6936
f 4751/5383/6937 4758/5390/6938 4750/5381/6939 4743/5374/6940
g default
v 0.770872 2.474489 -7.028240
v 0.724396 2.479001 -7.057682
v 0.661555 2.487480 -7.027905
v 0.662959 2.489090 -6.975916
v 0.692799 2.487712 -6.912550
v 0.733595 2.484154 -6.874927
v 0.796435 2.475675 -6.904704
v 0.800712 2.473111 -6.964874
v 1.065443 3.952034 -7.172099
v 1.037381 3.965373 -7.201586
v 0.979890 3.995535 -7.171348
v 0.984028 4.001914 -7.119801
v 1.015528 3.997974 -7.057292
v 1.055939 3.986022 -7.020436
v 1.113430 3.955860 -7.050674
v 1.096943 3.948094 -7.109589
v 0.783649 2.820287 -7.035464
v 0.813489 2.818909 -6.972098
v 0.809212 2.821472 -6.911928
v 0.746371 2.829951 -6.882151
v 0.705576 2.833510 -6.919774
v 0.675736 2.834888 -6.983140
v 0.674332 2.833278 -7.035129
v 0.737173 2.824799 -7.064906
v 0.963440 3.668032 -7.114174
v 0.993198 3.667577 -7.050757
v 0.989796 3.675860 -6.991048
v 0.929162 3.696188 -6.962450
v 0.889089 3.702626 -7.000466
v 0.859331 3.703081 -7.063884
v 0.857321 3.697287 -7.115554
v 0.917955 3.676959 -7.144151
v 0.855301 3.306123 -7.065403
v 0.885064 3.305466 -7.001990
v 0.881399 3.312524 -6.942139
v 0.820135 3.330321 -6.913200
v 0.779869 3.336146 -6.951109
v 0.750105 3.336803 -7.014522
v 0.748280 3.331906 -7.066292
v 0.809544 3.314110 -7.095231
vt 0.561991 0.094035
vt 0.593241 0.094035
vt 0.624491 0.094035
vt 0.655741 0.094035
vt 0.686991 0.094035
vt 0.718241 0.094035
vt 0.749491 0.094035
vt 0.780741 0.094035
vt 0.811991 0.094035
vt 0.561991 0.469035
vt 0.593241 0.469035
vt 0.624491 0.469035
vt 0.655741 0.469035
vt 0.686991 0.469035
vt 0.718241 0.469035
vt 0.749491 0.469035
vt 0.780741 0.469035
vt 0.811991 0.469035
vt 0.811991 0.281535
vt 0.561991 0.281535
vt 0.780741 0.281535
vt 0.749491 0.281535
vt 0.718241 0.281535
vt 0.686991 0.281535
vt 0.655741 0.281535
vt 0.624491 0.281535
vt 0.593241 0.281535
vt 0.811991 0.356535
vt 0.561991 0.356535
vt 0.780741 0.356535
vt 0.749491 0.356535
vt 0.718241 0.356535
vt 0.686991 0.356535
vt 0.655741 0.356535
vt 0.624491 0.356535
vt 0.593241 0.356535
vt 0.811991 0.319035
vt 0.561991 0.319035
vt 0.780741 0.319035
vt 0.749491 0.319035
vt 0.718241 0.319035
vt 0.686991 0.319035
vt 0.655741 0.319035
vt 0.624491 0.319035
vt 0.593241 0.319035
vn 0.532180 -0.037333 -0.845808
vn 0.532180 -0.037333 -0.845808
vn 0.527018 -0.098258 -0.844155
vn 0.528153 -0.086683 -0.844713
vn -0.428539 -0.003041 -0.903518
vn -0.428539 -0.003041 -0.903518
vn -0.427189 0.003444 -0.904156
vn -0.427393 0.002470 -0.904063
vn -0.998965 0.037450 0.025814
vn -0.998965 0.037450 0.025814
vn -0.994699 0.100133 0.023405
vn -0.994130 0.105678 0.023186
vn -0.903541 0.042292 0.426409
vn -0.903541 0.042292 0.426409
vn -0.899009 0.106475 0.424789
vn -0.897934 0.116739 0.424365
vn -0.675491 0.040339 0.736264
vn -0.675491 0.040339 0.736264
vn -0.671056 0.096669 0.735078
vn -0.669829 0.108679 0.734519
vn 0.428539 0.003041 0.903518
vn 0.428539 0.003041 0.903518
vn 0.427391 -0.002482 0.904064
vn 0.427181 -0.003483 0.904159
vn 0.996754 -0.035317 0.072348
vn 0.996754 -0.035317 0.072348
vn 0.992258 -0.098984 0.075002
vn 0.992651 -0.095090 0.074848
vn 0.903541 -0.042292 -0.426409
vn 0.903541 -0.042292 -0.426409
vn 0.898107 -0.115171 -0.424429
vn 0.899149 -0.105082 -0.424840
vn 0.899149 -0.105082 -0.424840
vn 0.898107 -0.115171 -0.424429
vn 0.879912 -0.229615 -0.415971
vn 0.881673 -0.221150 -0.416827
vn 0.992651 -0.095090 0.074848
vn 0.992258 -0.098984 0.075002
vn 0.973146 -0.213896 0.085059
vn 0.979893 -0.182150 0.081434
vn 0.427181 -0.003483 0.904159
vn 0.427391 -0.002482 0.904064
vn 0.425896 -0.005767 0.904754
vn 0.426307 -0.006583 0.904555
vn -0.669829 0.108679 0.734519
vn -0.671056 0.096669 0.735078
vn -0.652804 0.211540 0.727391
vn -0.655480 0.198786 0.728581
vn -0.897934 0.116739 0.424365
vn -0.899009 0.106475 0.424789
vn -0.881776 0.220631 0.416886
vn -0.879985 0.229258 0.416014
vn -0.994130 0.105678 0.023186
vn -0.994699 0.100133 0.023405
vn -0.980967 0.193477 0.016459
vn -0.974902 0.222240 0.013236
vn -0.427393 0.002470 -0.904063
vn -0.427189 0.003444 -0.904156
vn -0.426312 0.006562 -0.904553
vn -0.425896 0.005752 -0.904754
vn 0.528153 -0.086683 -0.844713
vn 0.527018 -0.098258 -0.844155
vn 0.514755 -0.175243 -0.839236
vn 0.510345 -0.196032 -0.837328
vn 0.845596 -0.342166 -0.409743
vn 0.843094 -0.347558 -0.410361
vn 0.824151 -0.386081 -0.414388
vn 0.824151 -0.386081 -0.414388
vn 0.950604 -0.306080 0.051638
vn 0.938945 -0.344050 0.003513
vn 0.921812 -0.384442 -0.049671
vn 0.921812 -0.384442 -0.049671
vn 0.427119 -0.005469 0.904179
vn 0.439548 -0.008643 0.898177
vn 0.442587 -0.009423 0.896676
vn 0.442587 -0.009423 0.896676
vn -0.615055 0.324374 0.718672
vn -0.604376 0.344098 0.718559
vn -0.577600 0.390574 0.716820
vn -0.577600 0.390574 0.716820
vn -0.837513 0.363389 0.408069
vn -0.839038 0.359961 0.407975
vn -0.810227 0.420018 0.408799
vn -0.810227 0.420018 0.408799
vn -0.938476 0.345248 0.008174
vn -0.947679 0.319144 0.007161
vn -0.923223 0.384142 0.009690
vn -0.923223 0.384142 0.009690
vn -0.439564 0.008707 -0.898169
vn -0.427255 0.005508 -0.904115
vn -0.442563 0.009490 -0.896687
vn -0.442563 0.009490 -0.896687
vn 0.509275 -0.313617 -0.801426
vn 0.502829 -0.288058 -0.814976
vn 0.519407 -0.357356 -0.776217
vn 0.519407 -0.357355 -0.776217
vn 0.881673 -0.221150 -0.416827
vn 0.879912 -0.229615 -0.415971
vn 0.843094 -0.347558 -0.410361
vn 0.845596 -0.342166 -0.409743
vn 0.979893 -0.182150 0.081434
vn 0.973146 -0.213896 0.085059
vn 0.938945 -0.344050 0.003513
vn 0.950604 -0.306080 0.051638
vn 0.426307 -0.006583 0.904555
vn 0.425896 -0.005767 0.904754
vn 0.439548 -0.008643 0.898177
vn 0.427119 -0.005469 0.904179
vn -0.655480 0.198786 0.728581
vn -0.652804 0.211540 0.727391
vn -0.604376 0.344098 0.718559
vn -0.615055 0.324374 0.718672
vn -0.879985 0.229258 0.416014
vn -0.881776 0.220631 0.416886
vn -0.839038 0.359961 0.407975
vn -0.837513 0.363389 0.408069
vn -0.974902 0.222240 0.013236
vn -0.980967 0.193477 0.016459
vn -0.947679 0.319144 0.007161
vn -0.938476 0.345248 0.008174
vn -0.425896 0.005752 -0.904754
vn -0.426312 0.006562 -0.904553
vn -0.427255 0.005508 -0.904115
vn -0.439564 0.008707 -0.898169
vn 0.510345 -0.196032 -0.837328
vn 0.514755 -0.175243 -0.839236
vn 0.502829 -0.288058 -0.814976
vn 0.509275 -0.313617 -0.801426
s off
g chair1 pCylinder34
usemtl pCube21SG
f 4759/5391/6941 4760/5392/6942 4782/5417/6943 4775/5410/6944
f 4760/5392/6945 4761/5393/6946 4781/5416/6947 4782/5417/6948
f 4761/5393/6949 4762/5394/6950 4780/5415/6951 4781/5416/6952
f 4762/5394/6953 4763/5395/6954 4779/5414/6955 4780/5415/6956
f 4763/5395/6957 4764/5396/6958 4778/5413/6959 4779/5414/6960
f 4764/5396/6961 4765/5397/6962 4777/5412/6963 4778/5413/6964
f 4765/5397/6965 4766/5398/6966 4776/5411/6967 4777/5412/6968
f 4766/5398/6969 4759/5399/6970 4775/5409/6971 4776/5411/6972
f 4776/5411/6973 4775/5409/6974 4791/5427/6975 4792/5429/6976
f 4777/5412/6977 4776/5411/6978 4792/5429/6979 4793/5430/6980
f 4778/5413/6981 4777/5412/6982 4793/5430/6983 4794/5431/6984
f 4779/5414/6985 4778/5413/6986 4794/5431/6987 4795/5432/6988
f 4780/5415/6989 4779/5414/6990 4795/5432/6991 4796/5433/6992
f 4781/5416/6993 4780/5415/6994 4796/5433/6995 4797/5434/6996
f 4782/5417/6997 4781/5416/6998 4797/5434/6999 4798/5435/7000
f 4775/5410/7001 4782/5417/7002 4798/5435/7003 4791/5428/7004
f 4784/5420/7005 4783/5418/7006 4767/5408/7007 4774/5407/7008
f 4785/5421/7009 4784/5420/7010 4774/5407/7011 4773/5406/7012
f 4786/5422/7013 4785/5421/7014 4773/5406/7015 4772/5405/7016
f 4787/5423/7017 4786/5422/7018 4772/5405/7019 4771/5404/7020
f 4788/5424/7021 4787/5423/7022 4771/5404/7023 4770/5403/7024
f 4789/5425/7025 4788/5424/7026 4770/5403/7027 4769/5402/7028
f 4790/5426/7029 4789/5425/7030 4769/5402/7031 4768/5401/7032
f 4783/5419/7033 4790/5426/7034 4768/5401/7035 4767/5400/7036
f 4792/5429/7037 4791/5427/7038 4783/5418/7039 4784/5420/7040
f 4793/5430/7041 4792/5429/7042 4784/5420/7043 4785/5421/7044
f 4794/5431/7045 4793/5430/7046 4785/5421/7047 4786/5422/7048
f 4795/5432/7049 4794/5431/7050 4786/5422/7051 4787/5423/7052
f 4796/5433/7053 4795/5432/7054 4787/5423/7055 4788/5424/7056
f 4797/5434/7057 4796/5433/7058 4788/5424/7059 4789/5425/7060
f 4798/5435/7061 4797/5434/7062 4789/5425/7063 4790/5426/7064
f 4791/5428/7065 4798/5435/7066 4790/5426/7067 4783/5419/7068
g default
v -7.927418 -8.891032 8.807689
v -7.927418 -8.891032 7.029483
v -7.927418 -8.891032 5.251277
v -7.927418 -8.891032 3.473070
v -7.927418 -8.891032 1.694864
v -7.927418 -8.891032 -0.083343
v -7.927418 -8.891032 -1.861549
v -7.927418 -8.891032 -3.639755
v -7.927418 -8.891032 -5.417962
v -7.927418 -8.891032 -7.196168
v -7.927418 -8.891032 -8.974374
v -7.927418 -7.112825 8.807689
v -7.927418 -7.112825 7.029483
v -7.927418 -7.112825 5.251277
v -7.927418 -7.112825 3.473070
v -7.927418 -7.112825 1.694864
v -7.927418 -7.112825 -0.083343
v -7.927418 -7.112825 -1.861549
v -7.927418 -7.112825 -3.639755
v -7.927418 -7.112825 -5.417962
v -7.927418 -7.112825 -7.196168
v -7.927418 -7.112825 -8.974374
v -7.927418 -5.334619 8.807689
v -7.927418 -5.334619 7.029483
v -7.927418 -5.334619 5.251277
v -7.927418 -5.334619 3.473070
v -7.927418 -5.334619 1.694864
v -7.927418 -5.334619 -0.083343
v -7.927418 -5.334619 -1.861549
v -7.927418 -5.334619 -3.639755
v -7.927418 -5.334619 -5.417962
v -7.927418 -5.334619 -7.196168
v -7.927418 -5.334619 -8.974374
v -7.927418 -3.556412 8.807689
v -7.927418 -3.556412 7.029483
v -7.927418 -3.556412 5.251277
v -7.927418 -3.556412 3.473070
v -7.927418 -3.556412 1.694864
v -7.927418 -3.556412 -0.083343
v -7.927418 -3.556412 -1.861549
v -7.927418 -3.556412 -3.639755
v -7.927418 -3.556412 -5.417962
v -7.927418 -3.556412 -7.196168
v -7.927418 -3.556412 -8.974374
v -7.927418 -1.778206 8.807689
v -7.927418 -1.778206 7.029483
v -7.927418 -1.778206 5.251277
v -7.927418 -1.778206 3.473070
v -7.927418 -1.778206 1.694864
v -7.927418 -1.778206 -0.083343
v -7.927418 -1.778206 -1.861549
v -7.927418 -1.778206 -3.639755
v -7.927418 -1.778206 -5.417962
v -7.927418 -1.778206 -7.196168
v -7.927418 -1.778206 -8.974374
v -7.927418 0.000000 8.807689
v -7.927418 0.000000 7.029483
v -7.927418 0.000000 5.251277
v -7.927418 0.000000 3.473070
v -7.927418 0.000000 1.694864
v -7.927418 0.000000 -0.083343
v -7.927418 0.000000 -1.861549
v -7.927418 0.000000 -3.639755
v -7.927418 0.000000 -5.417962
v -7.927418 0.000000 -7.196168
v -7.927418 0.000000 -8.974374
v -7.927418 1.778207 8.807689
v -7.927418 1.778207 7.029483
v -7.927418 1.778207 5.251277
v -7.927418 1.778207 3.473070
v -7.927418 1.778207 1.694864
v -7.927418 1.778207 -0.083343
v -7.927418 1.778207 -1.861549
v -7.927418 1.778207 -3.639755
v -7.927418 1.778207 -5.417962
v -7.927418 1.778207 -7.196168
v -7.927418 1.778207 -8.974374
v -7.927418 3.556412 8.807689
v -7.927418 3.556412 7.029483
v -7.927418 3.556412 5.251277
v -7.927418 3.556412 3.473070
v -7.927418 3.556412 1.694864
v -7.927418 3.556412 -0.083343
v -7.927418 3.556412 -1.861549
v -7.927418 3.556412 -3.639755
v -7.927418 3.556412 -5.417962
v -7.927418 3.556412 -7.196168
v -7.927418 3.556412 -8.974374
v -7.927418 5.334619 8.807689
v -7.927418 5.334619 7.029483
v -7.927418 5.334619 5.251277
v -7.927418 5.334619 3.473070
v -7.927418 5.334619 1.694864
v -7.927418 5.334619 -0.083343
v -7.927418 5.334619 -1.861549
v -7.927418 5.334619 -3.639755
v -7.927418 5.334619 -5.417962
v -7.927418 5.334619 -7.196168
v -7.927418 5.334619 -8.974374
v -7.927418 7.112826 8.807689
v -7.927418 7.112826 7.029483
v -7.927418 7.112826 5.251277
v -7.927418 7.112826 3.473070
v -7.927418 7.112826 1.694864
v -7.927418 7.112826 -0.083343
v -7.927418 7.112826 -1.861549
v -7.927418 7.112826 -3.639755
v -7.927418 7.112826 -5.417962
v -7.927418 7.112826 -7.196168
v -7.927418 7.112826 -8.974374
v -7.927418 8.891032 8.807689
v -7.927418 8.891032 7.029483
v -7.927418 8.891032 5.251277
v -7.927418 8.891032 3.473070
v -7.927418 8.891032 1.694864
v -7.927418 8.891032 -0.083343
v -7.927418 8.891032 -1.861549
v -7.927418 8.891032 -3.639755
v -7.927418 8.891032 -5.417962
v -7.927418 8.891032 -7.196168
v -7.927418 8.891032 -8.974374
vt 0.007550 0.001340
vt 0.210361 0.001340
vt 0.413172 0.001340
vt 0.615983 0.001340
vt 0.818795 0.001340
vt 1.021606 0.001340
vt 1.224417 0.001340
vt 1.427228 0.001340
vt 1.630040 0.001340
vt 1.832851 0.001340
vt 2.035662 0.001340
vt 0.007550 0.204151
vt 0.210361 0.204151
vt 0.413172 0.204151
vt 0.615983 0.204151
vt 0.818795 0.204151
vt 1.021606 0.204151
vt 1.224417 0.204151
vt 1.427228 0.204151
vt 1.630040 0.204151
vt 1.832851 0.204151
vt 2.035662 0.204151
vt 0.007550 0.406963
vt 0.210361 0.406963
vt 0.413172 0.406963
vt 0.615983 0.406963
vt 0.818795 0.406963
vt 1.021606 0.406963
vt 1.224417 0.406963
vt 1.427228 0.406963
vt 1.630040 0.406963
vt 1.832851 0.406963
vt 2.035662 0.406963
vt 0.007550 0.609774
vt 0.210361 0.609774
vt 0.413172 0.609774
vt 0.615983 0.609774
vt 0.818795 0.609774
vt 1.021606 0.609774
vt 1.224417 0.609774
vt 1.427228 0.609774
vt 1.630040 0.609774
vt 1.832851 0.609774
vt 2.035662 0.609774
vt 0.007550 0.812585
vt 0.210361 0.812585
vt 0.413172 0.812585
vt 0.615983 0.812585
vt 0.818795 0.812585
vt 1.021606 0.812585
vt 1.224417 0.812585
vt 1.427228 0.812585
vt 1.630040 0.812585
vt 1.832851 0.812585
vt 2.035662 0.812585
vt 0.007550 1.015396
vt 0.210361 1.015396
vt 0.413172 1.015396
vt 0.615983 1.015396
vt 0.818795 1.015396
vt 1.021606 1.015396
vt 1.224417 1.015396
vt 1.427228 1.015396
vt 1.630040 1.015396
vt 1.832851 1.015396
vt 2.035662 1.015396
vt 0.007550 1.218208
vt 0.210361 1.218208
vt 0.413172 1.218208
vt 0.615983 1.218208
vt 0.818795 1.218208
vt 1.021606 1.218208
vt 1.224417 1.218208
vt 1.427228 1.218208
vt 1.630040 1.218208
vt 1.832851 1.218208
vt 2.035662 1.218208
vt 0.007550 1.421019
vt 0.210361 1.421019
vt 0.413172 1.421019
vt 0.615983 1.421019
vt 0.818795 1.421019
vt 1.021606 1.421019
vt 1.224417 1.421019
vt 1.427228 1.421019
vt 1.630040 1.421019
vt 1.832851 1.421019
vt 2.035662 1.421019
vt 0.007550 1.623830
vt 0.210361 1.623830
vt 0.413172 1.623830
vt 0.615983 1.623830
vt 0.818795 1.623830
vt 1.021606 1.623830
vt 1.224417 1.623830
vt 1.427228 1.623830
vt 1.630040 1.623830
vt 1.832851 1.623830
vt 2.035662 1.623830
vt 0.007550 1.826641
vt 0.210361 1.826641
vt 0.413172 1.826641
vt 0.615983 1.826641
vt 0.818795 1.826641
vt 1.021606 1.826641
vt 1.224417 1.826641
vt 1.427228 1.826641
vt 1.630040 1.826641
vt 1.832851 1.826641
vt 2.035662 1.826641
vt 0.007550 2.029452
vt 0.210361 2.029452
vt 0.413172 2.029452
vt 0.615983 2.029452
vt 0.818795 2.029452
vt 1.021606 2.029452
vt 1.224417 2.029452
vt 1.427228 2.029452
vt 1.630040 2.029452
vt 1.832851 2.029452
vt 2.035662 2.029452
vn 1.000000 0.000000 0.000000
vn 1.000000 0.000000 0.000000
vn 1.000000 0.000000 0.000000
vn 1.000000 0.000000 0.000000
vn 1.000000 0.000000 0.000000
vn 1.000000 0.000000 0.000000
vn 1.000000 0.000000 0.000000
vn 1.000000 0.000000 0.000000
vn 1.000000 0.000000 0.000000
vn 1.000000 0.000000 0.000000
vn 1.000000 0.000000 0.000000
vn 1.000000 0.000000 0.000000
vn 1.000000 0.000000 0.000000
vn 1.000000 0.000000 0.000000
vn 1.000000 0.000000 0.000000
vn 1.000000 0.000000 0.000000
vn 1.000000 0.000000 0.000000
vn 1.000000 0.000000 0.000000
vn 1.000000 0.000000 0.000000
vn 1.000000 0.000000 0.000000
vn 1.000000 0.000000 0.000000
vn 1.000000 0.000000 0.000000
vn 1.000000 0.000000 0.000000
vn 1.000000 0.000000 0.000000
vn 1.000000 0.000000 0.000000
vn 1.000000 0.000000 0.000000
vn 1.000000 0.000000 0.000000
vn 1.000000 0.000000 0.000000
vn 1.000000 0.000000 0.000000
vn 1.000000 0.000000 0.000000
vn 1.000000 0.000000 0.000000
vn 1.000000 0.000000 0.000000
vn 1.000000 0.000000 0.000000
vn 1.000000 0.000000 0.000000
vn 1.000000 0.000000 0.000000
vn 1.000000 0.000000 0.000000
vn 1.000000 0.000000 0.000000
vn 1.000000 0.000000 0.000000
vn 1.000000 0.000000 0.000000
vn 1.000000 0.000000 0.000000
vn 1.000000 0.000000 0.000000
vn 1.000000 0.000000 0.000000
vn 1.000000 0.000000 0.000000
vn 1.000000 0.000000 0.000000
vn 1.000000 0.000000 0.000000
vn 1.000000 0.000000 0.000000
vn 1.000000 0.000000 0.000000
vn 1.000000 0.000000 0.000000
vn 1.000000 0.000000 0.000000
vn 1.000000 0.000000 0.000000
vn 1.000000 0.000000 0.000000
vn 1.000000 0.000000 0.000000
vn 1.000000 0.000000 0.000000
vn 1.000000 0.000000 0.000000
vn 1.000000 0.000000 0.000000
vn 1.000000 0.000000 0.000000
vn 1.000000 0.000000 0.000000
vn 1.000000 0.000000 0.000000
vn 1.000000 0.000000 0.000000
vn 1.000000 0.000000 0.000000
vn 1.000000 0.000000 0.000000
vn 1.000000 0.000000 0.000000
vn 1.000000 0.000000 0.000000
vn 1.000000 0.000000 0.000000
vn 1.000000 0.000000 0.000000
vn 1.000000 0.000000 0.000000
vn 1.000000 0.000000 0.000000
vn 1.000000 0.000000 0.000000
vn 1.000000 0.000000 0.000000
vn 1.000000 0.000000 0.000000
vn 1.000000 0.000000 0.000000
vn 1.000000 0.000000 0.000000
vn 1.000000 0.000000 0.000000
vn 1.000000 0.000000 0.000000
vn 1.000000 0.000000 0.000000
vn 1.000000 0.000000 0.000000
vn 1.000000 0.000000 0.000000
vn 1.000000 0.000000 0.000000
vn 1.000000 0.000000 0.000000
vn 1.000000 0.000000 0.000000
vn 1.000000 0.000000 0.000000
vn 1.000000 0.000000 0.000000
vn 1.000000 0.000000 0.000000
vn 1.000000 0.000000 0.000000
vn 1.000000 0.000000 0.000000
vn 1.000000 0.000000 0.000000
vn 1.000000 0.000000 0.000000
vn 1.000000 0.000000 0.000000
vn 1.000000 0.000000 0.000000
vn 1.000000 0.000000 0.000000
vn 1.000000 0.000000 0.000000
vn 1.000000 0.000000 0.000000
vn 1.000000 0.000000 0.000000
vn 1.000000 0.000000 0.000000
vn 1.000000 0.000000 0.000000
vn 1.000000 0.000000 0.000000
vn 1.000000 0.000000 0.000000
vn 1.000000 0.000000 0.000000
vn 1.000000 0.000000 0.000000
vn 1.000000 0.000000 0.000000
vn 1.000000 0.000000 0.000000
vn 1.000000 0.000000 0.000000
vn 1.000000 0.000000 0.000000
vn 1.000000 0.000000 0.000000
vn 1.000000 0.000000 0.000000
vn 1.000000 0.000000 0.000000
vn 1.000000 0.000000 0.000000
vn 1.000000 0.000000 0.000000
vn 1.000000 0.000000 0.000000
vn 1.000000 0.000000 0.000000
vn 1.000000 0.000000 0.000000
vn 1.000000 0.000000 0.000000
vn 1.000000 0.000000 0.000000
vn 1.000000 0.000000 0.000000
vn 1.000000 0.000000 0.000000
vn 1.000000 0.000000 0.000000
vn 1.000000 0.000000 0.000000
vn 1.000000 0.000000 0.000000
vn 1.000000 0.000000 0.000000
vn 1.000000 0.000000 0.000000
vn 1.000000 0.000000 0.000000
s 1
g pPlane3
usemtl lambert4SG
f 4799/5436/7069 4800/5437/7070 4811/5448/7071 4810/5447/7072
f 4800/5437/7070 4801/5438/7073 4812/5449/7074 4811/5448/7071
f 4801/5438/7073 4802/5439/7075 4813/5450/7076 4812/5449/7074
f 4802/5439/7075 4803/5440/7077 4814/5451/7078 4813/5450/7076
f 4803/5440/7077 4804/5441/7079 4815/5452/7080 4814/5451/7078
f 4804/5441/7079 4805/5442/7081 4816/5453/7082 4815/5452/7080
f 4805/5442/7081 4806/5443/7083 4817/5454/7084 4816/5453/7082
f 4806/5443/7083 4807/5444/7085 4818/5455/7086 4817/5454/7084
f 4807/5444/7085 4808/5445/7087 4819/5456/7088 4818/5455/7086
f 4808/5445/7087 4809/5446/7089 4820/5457/7090 4819/5456/7088
f 4810/5447/7072 4811/5448/7071 4822/5459/7091 4821/5458/7092
f 4811/5448/7071 4812/5449/7074 4823/5460/7093 4822/5459/7091
f 4812/5449/7074 4813/5450/7076 4824/5461/7094 4823/5460/7093
f 4813/5450/7076 4814/5451/7078 4825/5462/7095 4824/5461/7094
f 4814/5451/7078 4815/5452/7080 4826/5463/7096 4825/5462/7095
f 4815/5452/7080 4816/5453/7082 4827/5464/7097 4826/5463/7096
f 4816/5453/7082 4817/5454/7084 4828/5465/7098 4827/5464/7097
f 4817/5454/7084 4818/5455/7086 4829/5466/7099 4828/5465/7098
f 4818/5455/7086 4819/5456/7088 4830/5467/7100 4829/5466/7099
f 4819/5456/7088 4820/5457/7090 4831/5468/7101 4830/5467/7100
f 4821/5458/7092 4822/5459/7091 4833/5470/7102 4832/5469/7103
f 4822/5459/7091 4823/5460/7093 4834/5471/7104 4833/5470/7102
f 4823/5460/7093 4824/5461/7094 4835/5472/7105 4834/5471/7104
f 4824/5461/7094 4825/5462/7095 4836/5473/7106 4835/5472/7105
f 4825/5462/7095 4826/5463/7096 4837/5474/7107 4836/5473/7106
f 4826/5463/7096 4827/5464/7097 4838/5475/7108 4837/5474/7107
f 4827/5464/7097 4828/5465/7098 4839/5476/7109 4838/5475/7108
f 4828/5465/7098 4829/5466/7099 4840/5477/7110 4839/5476/7109
f 4829/5466/7099 4830/5467/7100 4841/5478/7111 4840/5477/7110
f 4830/5467/7100 4831/5468/7101 4842/5479/7112 4841/5478/7111
f 4832/5469/7103 4833/5470/7102 4844/5481/7113 4843/5480/7114
f 4833/5470/7102 4834/5471/7104 4845/5482/7115 4844/5481/7113
f 4834/5471/7104 4835/5472/7105 4846/5483/7116 4845/5482/7115
f 4835/5472/7105 4836/5473/7106 4847/5484/7117 4846/5483/7116
f 4836/5473/7106 4837/5474/7107 4848/5485/7118 4847/5484/7117
f 4837/5474/7107 4838/5475/7108 4849/5486/7119 4848/5485/7118
f 4838/5475/7108 4839/5476/7109 4850/5487/7120 4849/5486/7119
f 4839/5476/7109 4840/5477/7110 4851/5488/7121 4850/5487/7120
f 4840/5477/7110 4841/5478/7111 4852/5489/7122 4851/5488/7121
f 4841/5478/7111 4842/5479/7112 4853/5490/7123 4852/5489/7122
f 4843/5480/7114 4844/5481/7113 4855/5492/7124 4854/5491/7125
f 4844/5481/7113 4845/5482/7115 4856/5493/7126 4855/5492/7124
f 4845/5482/7115 4846/5483/7116 4857/5494/7127 4856/5493/7126
f 4846/5483/7116 4847/5484/7117 4858/5495/7128 4857/5494/7127
f 4847/5484/7117 4848/5485/7118 4859/5496/7129 4858/5495/7128
f 4848/5485/7118 4849/5486/7119 4860/5497/7130 4859/5496/7129
f 4849/5486/7119 4850/5487/7120 4861/5498/7131 4860/5497/7130
f 4850/5487/7120 4851/5488/7121 4862/5499/7132 4861/5498/7131
f 4851/5488/7121 4852/5489/7122 4863/5500/7133 4862/5499/7132
f 4852/5489/7122 4853/5490/7123 4864/5501/7134 4863/5500/7133
f 4854/5491/7125 4855/5492/7124 4866/5503/7135 4865/5502/7136
f 4855/5492/7124 4856/5493/7126 4867/5504/7137 4866/5503/7135
f 4856/5493/7126 4857/5494/7127 4868/5505/7138 4867/5504/7137
f 4857/5494/7127 4858/5495/7128 4869/5506/7139 4868/5505/7138
f 4858/5495/7128 4859/5496/7129 4870/5507/7140 4869/5506/7139
f 4859/5496/7129 4860/5497/7130 4871/5508/7141 4870/5507/7140
f 4860/5497/7130 4861/5498/7131 4872/5509/7142 4871/5508/7141
f 4861/5498/7131 4862/5499/7132 4873/5510/7143 4872/5509/7142
f 4862/5499/7132 4863/5500/7133 4874/5511/7144 4873/5510/7143
f 4863/5500/7133 4864/5501/7134 4875/5512/7145 4874/5511/7144
f 4865/5502/7136 4866/5503/7135 4877/5514/7146 4876/5513/7147
f 4866/5503/7135 4867/5504/7137 4878/5515/7148 4877/5514/7146
f 4867/5504/7137 4868/5505/7138 4879/5516/7149 4878/5515/7148
f 4868/5505/7138 4869/5506/7139 4880/5517/7150 4879/5516/7149
f 4869/5506/7139 4870/5507/7140 4881/5518/7151 4880/5517/7150
f 4870/5507/7140 4871/5508/7141 4882/5519/7152 4881/5518/7151
f 4871/5508/7141 4872/5509/7142 4883/5520/7153 4882/5519/7152
f 4872/5509/7142 4873/5510/7143 4884/5521/7154 4883/5520/7153
f 4873/5510/7143 4874/5511/7144 4885/5522/7155 4884/5521/7154
f 4874/5511/7144 4875/5512/7145 4886/5523/7156 4885/5522/7155
f 4876/5513/7147 4877/5514/7146 4888/5525/7157 4887/5524/7158
f 4877/5514/7146 4878/5515/7148 4889/5526/7159 4888/5525/7157
f 4878/5515/7148 4879/5516/7149 4890/5527/7160 4889/5526/7159
f 4879/5516/7149 4880/5517/7150 4891/5528/7161 4890/5527/7160
f 4880/5517/7150 4881/5518/7151 4892/5529/7162 4891/5528/7161
f 4881/5518/7151 4882/5519/7152 4893/5530/7163 4892/5529/7162
f 4882/5519/7152 4883/5520/7153 4894/5531/7164 4893/5530/7163
f 4883/5520/7153 4884/5521/7154 4895/5532/7165 4894/5531/7164
f 4884/5521/7154 4885/5522/7155 4896/5533/7166 4895/5532/7165
f 4885/5522/7155 4886/5523/7156 4897/5534/7167 4896/5533/7166
f 4887/5524/7158 4888/5525/7157 4899/5536/7168 4898/5535/7169
f 4888/5525/7157 4889/5526/7159 4900/5537/7170 4899/5536/7168
f 4889/5526/7159 4890/5527/7160 4901/5538/7171 4900/5537/7170
f 4890/5527/7160 4891/5528/7161 4902/5539/7172 4901/5538/7171
f 4891/5528/7161 4892/5529/7162 4903/5540/7173 4902/5539/7172
f 4892/5529/7162 4893/5530/7163 4904/5541/7174 4903/5540/7173
f 4893/5530/7163 4894/5531/7164 4905/5542/7175 4904/5541/7174
f 4894/5531/7164 4895/5532/7165 4906/5543/7176 4905/5542/7175
f 4895/5532/7165 4896/5533/7166 4907/5544/7177 4906/5543/7176
f 4896/5533/7166 4897/5534/7167 4908/5545/7178 4907/5544/7177
f 4898/5535/7169 4899/5536/7168 4910/5547/7179 4909/5546/7180
f 4899/5536/7168 4900/5537/7170 4911/5548/7181 4910/5547/7179
f 4900/5537/7170 4901/5538/7171 4912/5549/7182 4911/5548/7181
f 4901/5538/7171 4902/5539/7172 4913/5550/7183 4912/5549/7182
f 4902/5539/7172 4903/5540/7173 4914/5551/7184 4913/5550/7183
f 4903/5540/7173 4904/5541/7174 4915/5552/7185 4914/5551/7184
f 4904/5541/7174 4905/5542/7175 4916/5553/7186 4915/5552/7185
f 4905/5542/7175 4906/5543/7176 4917/5554/7187 4916/5553/7186
f 4906/5543/7176 4907/5544/7177 4918/5555/7188 4917/5554/7187
f 4907/5544/7177 4908/5545/7178 4919/5556/7189 4918/5555/7188
g default
v -11.075604 -8.891032 -8.575010
v -9.297398 -8.891032 -8.575010
v -7.519192 -8.891032 -8.575010
v -5.740985 -8.891032 -8.575010
v -3.962779 -8.891032 -8.575010
v -2.184572 -8.891032 -8.575010
v -0.406366 -8.891032 -8.575010
v 1.371840 -8.891032 -8.575010
v 3.150047 -8.891032 -8.575010
v 4.928254 -8.891032 -8.575010
v 6.706459 -8.891032 -8.575010
v -11.075604 -7.112825 -8.575010
v -9.297398 -7.112825 -8.575010
v -7.519192 -7.112825 -8.575010
v -5.740985 -7.112825 -8.575010
v -3.962779 -7.112825 -8.575010
v -2.184572 -7.112825 -8.575010
v -0.406366 -7.112825 -8.575010
v 1.371840 -7.112825 -8.575010
v 3.150047 -7.112825 -8.575010
v 4.928254 -7.112825 -8.575010
v 6.706459 -7.112825 -8.575010
v -11.075604 -5.334619 -8.575010
v -9.297398 -5.334619 -8.575010
v -7.519192 -5.334619 -8.575010
v -5.740985 -5.334619 -8.575010
v -3.962779 -5.334619 -8.575010
v -2.184572 -5.334619 -8.575010
v -0.406366 -5.334619 -8.575010
v 1.371840 -5.334619 -8.575010
v 3.150047 -5.334619 -8.575010
v 4.928254 -5.334619 -8.575010
v 6.706459 -5.334619 -8.575010
v -11.075604 -3.556412 -8.575010
v -9.297398 -3.556412 -8.575010
v -7.519192 -3.556412 -8.575010
v -5.740985 -3.556412 -8.575010
v -3.962779 -3.556412 -8.575010
v -2.184572 -3.556412 -8.575010
v -0.406366 -3.556412 -8.575010
v 1.371840 -3.556412 -8.575010
v 3.150047 -3.556412 -8.575010
v 4.928254 -3.556412 -8.575010
v 6.706459 -3.556412 -8.575010
v -11.075604 -1.778206 -8.575010
v -9.297398 -1.778206 -8.575010
v -7.519192 -1.778206 -8.575010
v -5.740985 -1.778206 -8.575010
v -3.962779 -1.778206 -8.575010
v -2.184572 -1.778206 -8.575010
v -0.406366 -1.778206 -8.575010
v 1.371840 -1.778206 -8.575010
v 3.150047 -1.778206 -8.575010
v 4.928254 -1.778206 -8.575010
v 6.706459 -1.778206 -8.575010
v -11.075604 0.000000 -8.575010
v -9.297398 0.000000 -8.575010
v -7.519192 0.000000 -8.575010
v -5.740985 0.000000 -8.575010
v -3.962779 0.000000 -8.575010
v -2.184572 0.000000 -8.575010
v -0.406366 0.000000 -8.575010
v 1.371840 0.000000 -8.575010
v 3.150047 0.000000 -8.575010
v 4.928254 0.000000 -8.575010
v 6.706459 0.000000 -8.575010
v -11.075604 1.778207 -8.575010
v -9.297398 1.778207 -8.575010
v -7.519192 1.778207 -8.575010
v -5.740985 1.778207 -8.575010
v -3.962779 1.778207 -8.575010
v -2.184572 1.778207 -8.575010
v -0.406366 1.778207 -8.575010
v 1.371840 1.778207 -8.575010
v 3.150047 1.778207 -8.575010
v 4.928254 1.778207 -8.575010
v 6.706459 1.778207 -8.575010
v -11.075604 3.556412 -8.575010
v -9.297398 3.556412 -8.575010
v -7.519192 3.556412 -8.575010
v -5.740985 3.556412 -8.575010
v -3.962779 3.556412 -8.575010
v -2.184572 3.556412 -8.575010
v -0.406366 3.556412 -8.575010
v 1.371840 3.556412 -8.575010
v 3.150047 3.556412 -8.575010
v 4.928254 3.556412 -8.575010
v 6.706459 3.556412 -8.575010
v -11.075604 5.334619 -8.575010
v -9.297398 5.334619 -8.575010
v -7.519192 5.334619 -8.575010
v -5.740985 5.334619 -8.575010
v -3.962779 5.334619 -8.575010
v -2.184572 5.334619 -8.575010
v -0.406366 5.334619 -8.575010
v 1.371840 5.334619 -8.575010
v 3.150047 5.334619 -8.575010
v 4.928254 5.334619 -8.575010
v 6.706459 5.334619 -8.575010
v -11.075604 7.112826 -8.575010
v -9.297398 7.112826 -8.575010
v -7.519192 7.112826 -8.575010
v -5.740985 7.112826 -8.575010
v -3.962779 7.112826 -8.575010
v -2.184572 7.112826 -8.575010
v -0.406366 7.112826 -8.575010
v 1.371840 7.112826 -8.575010
v 3.150047 7.112826 -8.575010
v 4.928254 7.112826 -8.575010
v 6.706459 7.112826 -8.575010
v -11.075604 8.891032 -8.575010
v -9.297398 8.891032 -8.575010
v -7.519192 8.891032 -8.575010
v -5.740985 8.891032 -8.575010
v -3.962779 8.891032 -8.575010
v -2.184572 8.891032 -8.575010
v -0.406366 8.891032 -8.575010
v 1.371840 8.891032 -8.575010
v 3.150047 8.891032 -8.575010
v 4.928254 8.891032 -8.575010
v 6.706459 8.891032 -8.575010
vt 0.007550 0.001340
vt 0.210361 0.001340
vt 0.413172 0.001340
vt 0.615983 0.001340
vt 0.818795 0.001340
vt 1.021606 0.001340
vt 1.224417 0.001340
vt 1.427228 0.001340
vt 1.630040 0.001340
vt 1.832851 0.001340
vt 2.035662 0.001340
vt 0.007550 0.204151
vt 0.210361 0.204151
vt 0.413172 0.204151
vt 0.615983 0.204151
vt 0.818795 0.204151
vt 1.021606 0.204151
vt 1.224417 0.204151
vt 1.427228 0.204151
vt 1.630040 0.204151
vt 1.832851 0.204151
vt 2.035662 0.204151
vt 0.007550 0.406963
vt 0.210361 0.406963
vt 0.413172 0.406963
vt 0.615983 0.406963
vt 0.818795 0.406963
vt 1.021606 0.406963
vt 1.224417 0.406963
vt 1.427228 0.406963
vt 1.630040 0.406963
vt 1.832851 0.406963
vt 2.035662 0.406963
vt 0.007550 0.609774
vt 0.210361 0.609774
vt 0.413172 0.609774
vt 0.615983 0.609774
vt 0.818795 0.609774
vt 1.021606 0.609774
vt 1.224417 0.609774
vt 1.427228 0.609774
vt 1.630040 0.609774
vt 1.832851 0.609774
vt 2.035662 0.609774
vt 0.007550 0.812585
vt 0.210361 0.812585
vt 0.413172 0.812585
vt 0.615983 0.812585
vt 0.818795 0.812585
vt 1.021606 0.812585
vt 1.224417 0.812585
vt 1.427228 0.812585
vt 1.630040 0.812585
vt 1.832851 0.812585
vt 2.035662 0.812585
vt 0.007550 1.015396
vt 0.210361 1.015396
vt 0.413172 1.015396
vt 0.615983 1.015396
vt 0.818795 1.015396
vt 1.021606 1.015396
vt 1.224417 1.015396
vt 1.427228 1.015396
vt 1.630040 1.015396
vt 1.832851 1.015396
vt 2.035662 1.015396
vt 0.007550 1.218208
vt 0.210361 1.218208
vt 0.413172 1.218208
vt 0.615983 1.218208
vt 0.818795 1.218208
vt 1.021606 1.218208
vt 1.224417 1.218208
vt 1.427228 1.218208
vt 1.630040 1.218208
vt 1.832851 1.218208
vt 2.035662 1.218208
vt 0.007550 1.421019
vt 0.210361 1.421019
vt 0.413172 1.421019
vt 0.615983 1.421019
vt 0.818795 1.421019
vt 1.021606 1.421019
vt 1.224417 1.421019
vt 1.427228 1.421019
vt 1.630040 1.421019
vt 1.832851 1.421019
vt 2.035662 1.421019
vt 0.007550 1.623830
vt 0.210361 1.623830
vt 0.413172 1.623830
vt 0.615983 1.623830
vt 0.818795 1.623830
vt 1.021606 1.623830
vt 1.224417 1.623830
vt 1.427228 1.623830
vt 1.630040 1.623830
vt 1.832851 1.623830
vt 2.035662 1.623830
vt 0.007550 1.826641
vt 0.210361 1.826641
vt 0.413172 1.826641
vt 0.615983 1.826641
vt 0.818795 1.826641
vt 1.021606 1.826641
vt 1.224417 1.826641
vt 1.427228 1.826641
vt 1.630040 1.826641
vt 1.832851 1.826641
vt 2.035662 1.826641
vt 0.007550 2.029452
vt 0.210361 2.029452
vt 0.413172 2.029452
vt 0.615983 2.029452
vt 0.818795 2.029452
vt 1.021606 2.029452
vt 1.224417 2.029452
vt 1.427228 2.029452
vt 1.630040 2.029452
vt 1.832851 2.029452
vt 2.035662 2.029452
vn 0.000000 0.000000 1.000000
vn 0.000000 0.000000 1.000000
vn 0.000000 0.000000 1.000000
vn 0.000000 0.000000 1.000000
vn 0.000000 0.000000 1.000000
vn 0.000000 0.000000 1.000000
vn 0.000000 0.000000 1.000000
vn 0.000000 0.000000 1.000000
vn 0.000000 0.000000 1.000000
vn 0.000000 0.000000 1.000000
vn 0.000000 0.000000 1.000000
vn 0.000000 0.000000 1.000000
vn 0.000000 0.000000 1.000000
vn 0.000000 0.000000 1.000000
vn 0.000000 0.000000 1.000000
vn 0.000000 0.000000 1.000000
vn 0.000000 0.000000 1.000000
vn 0.000000 0.000000 1.000000
vn 0.000000 0.000000 1.000000
vn 0.000000 0.000000 1.000000
vn 0.000000 0.000000 1.000000
vn 0.000000 0.000000 1.000000
vn 0.000000 0.000000 1.000000
vn 0.000000 0.000000 1.000000
vn 0.000000 0.000000 1.000000
vn 0.000000 0.000000 1.000000
vn 0.000000 0.000000 1.000000
vn 0.000000 0.000000 1.000000
vn 0.000000 0.000000 1.000000
vn 0.000000 0.000000 1.000000
vn 0.000000 0.000000 1.000000
vn 0.000000 0.000000 1.000000
vn 0.000000 0.000000 1.000000
vn 0.000000 0.000000 1.000000
vn 0.000000 0.000000 1.000000
vn 0.000000 0.000000 1.000000
vn 0.000000 0.000000 1.000000
vn 0.000000 0.000000 1.000000
vn 0.000000 0.000000 1.000000
vn 0.000000 0.000000 1.000000
vn 0.000000 0.000000 1.000000
vn 0.000000 0.000000 1.000000
vn 0.000000 0.000000 1.000000
vn 0.000000 0.000000 1.000000
vn 0.000000 0.000000 1.000000
vn 0.000000 0.000000 1.000000
vn 0.000000 0.000000 1.000000
vn 0.000000 0.000000 1.000000
vn 0.000000 0.000000 1.000000
vn 0.000000 0.000000 1.000000
vn 0.000000 0.000000 1.000000
vn 0.000000 0.000000 1.000000
vn 0.000000 0.000000 1.000000
vn 0.000000 0.000000 1.000000
vn 0.000000 0.000000 1.000000
vn 0.000000 0.000000 1.000000
vn 0.000000 0.000000 1.000000
vn 0.000000 0.000000 1.000000
vn 0.000000 0.000000 1.000000
vn 0.000000 0.000000 1.000000
vn 0.000000 0.000000 1.000000
vn 0.000000 0.000000 1.000000
vn 0.000000 0.000000 1.000000
vn 0.000000 0.000000 1.000000
vn 0.000000 0.000000 1.000000
vn 0.000000 0.000000 1.000000
vn 0.000000 0.000000 1.000000
vn 0.000000 0.000000 1.000000
vn 0.000000 0.000000 1.000000
vn 0.000000 0.000000 1.000000
vn 0.000000 0.000000 1.000000
vn 0.000000 0.000000 1.000000
vn 0.000000 0.000000 1.000000
vn 0.000000 0.000000 1.000000
vn 0.000000 0.000000 1.000000
vn 0.000000 0.000000 1.000000
vn 0.000000 0.000000 1.000000
vn 0.000000 0.000000 1.000000
vn 0.000000 0.000000 1.000000
vn 0.000000 0.000000 1.000000
vn 0.000000 0.000000 1.000000
vn 0.000000 0.000000 1.000000
vn 0.000000 0.000000 1.000000
vn 0.000000 0.000000 1.000000
vn 0.000000 0.000000 1.000000
vn 0.000000 0.000000 1.000000
vn 0.000000 0.000000 1.000000
vn 0.000000 0.000000 1.000000
vn 0.000000 0.000000 1.000000
vn 0.000000 0.000000 1.000000
vn 0.000000 0.000000 1.000000
vn 0.000000 0.000000 1.000000
vn 0.000000 0.000000 1.000000
vn 0.000000 0.000000 1.000000
vn 0.000000 0.000000 1.000000
vn 0.000000 0.000000 1.000000
vn 0.000000 0.000000 1.000000
vn 0.000000 0.000000 1.000000
vn 0.000000 0.000000 1.000000
vn 0.000000 0.000000 1.000000
vn 0.000000 0.000000 1.000000
vn 0.000000 0.000000 1.000000
vn 0.000000 0.000000 1.000000
vn 0.000000 0.000000 1.000000
vn 0.000000 0.000000 1.000000
vn 0.000000 0.000000 1.000000
vn 0.000000 0.000000 1.000000
vn 0.000000 0.000000 1.000000
vn 0.000000 0.000000 1.000000
vn 0.000000 0.000000 1.000000
vn 0.000000 0.000000 1.000000
vn 0.000000 0.000000 1.000000
vn 0.000000 0.000000 1.000000
vn 0.000000 0.000000 1.000000
vn 0.000000 0.000000 1.000000
vn 0.000000 0.000000 1.000000
vn 0.000000 0.000000 1.000000
vn 0.000000 0.000000 1.000000
vn 0.000000 0.000000 1.000000
vn 0.000000 0.000000 1.000000
vn 0.000000 0.000000 1.000000
s 1
g pPlane2
usemtl lambert4SG
f 4920/5557/7190 4921/5558/7191 4932/5569/7192 4931/5568/7193
f 4921/5558/7191 4922/5559/7194 4933/5570/7195 4932/5569/7192
f 4922/5559/7194 4923/5560/7196 4934/5571/7197 4933/5570/7195
f 4923/5560/7196 4924/5561/7198 4935/5572/7199 4934/5571/7197
f 4924/5561/7198 4925/5562/7200 4936/5573/7201 4935/5572/7199
f 4925/5562/7200 4926/5563/7202 4937/5574/7203 4936/5573/7201
f 4926/5563/7202 4927/5564/7204 4938/5575/7205 4937/5574/7203
f 4927/5564/7204 4928/5565/7206 4939/5576/7207 4938/5575/7205
f 4928/5565/7206 4929/5566/7208 4940/5577/7209 4939/5576/7207
f 4929/5566/7208 4930/5567/7210 4941/5578/7211 4940/5577/7209
f 4931/5568/7193 4932/5569/7192 4943/5580/7212 4942/5579/7213
f 4932/5569/7192 4933/5570/7195 4944/5581/7214 4943/5580/7212
f 4933/5570/7195 4934/5571/7197 4945/5582/7215 4944/5581/7214
f 4934/5571/7197 4935/5572/7199 4946/5583/7216 4945/5582/7215
f 4935/5572/7199 4936/5573/7201 4947/5584/7217 4946/5583/7216
f 4936/5573/7201 4937/5574/7203 4948/5585/7218 4947/5584/7217
f 4937/5574/7203 4938/5575/7205 4949/5586/7219 4948/5585/7218
f 4938/5575/7205 4939/5576/7207 4950/5587/7220 4949/5586/7219
f 4939/5576/7207 4940/5577/7209 4951/5588/7221 4950/5587/7220
f 4940/5577/7209 4941/5578/7211 4952/5589/7222 4951/5588/7221
f 4942/5579/7213 4943/5580/7212 4954/5591/7223 4953/5590/7224
f 4943/5580/7212 4944/5581/7214 4955/5592/7225 4954/5591/7223
f 4944/5581/7214 4945/5582/7215 4956/5593/7226 4955/5592/7225
f 4945/5582/7215 4946/5583/7216 4957/5594/7227 4956/5593/7226
f 4946/5583/7216 4947/5584/7217 4958/5595/7228 4957/5594/7227
f 4947/5584/7217 4948/5585/7218 4959/5596/7229 4958/5595/7228
f 4948/5585/7218 4949/5586/7219 4960/5597/7230 4959/5596/7229
f 4949/5586/7219 4950/5587/7220 4961/5598/7231 4960/5597/7230
f 4950/5587/7220 4951/5588/7221 4962/5599/7232 4961/5598/7231
f 4951/5588/7221 4952/5589/7222 4963/5600/7233 4962/5599/7232
f 4953/5590/7224 4954/5591/7223 4965/5602/7234 4964/5601/7235
f 4954/5591/7223 4955/5592/7225 4966/5603/7236 4965/5602/7234
f 4955/5592/7225 4956/5593/7226 4967/5604/7237 4966/5603/7236
f 4956/5593/7226 4957/5594/7227 4968/5605/7238 4967/5604/7237
f 4957/5594/7227 4958/5595/7228 4969/5606/7239 4968/5605/7238
f 4958/5595/7228 4959/5596/7229 4970/5607/7240 4969/5606/7239
f 4959/5596/7229 4960/5597/7230 4971/5608/7241 4970/5607/7240
f 4960/5597/7230 4961/5598/7231 4972/5609/7242 4971/5608/7241
f 4961/5598/7231 4962/5599/7232 4973/5610/7243 4972/5609/7242
f 4962/5599/7232 4963/5600/7233 4974/5611/7244 4973/5610/7243
f 4964/5601/7235 4965/5602/7234 4976/5613/7245 4975/5612/7246
f 4965/5602/7234 4966/5603/7236 4977/5614/7247 4976/5613/7245
f 4966/5603/7236 4967/5604/7237 4978/5615/7248 4977/5614/7247
f 4967/5604/7237 4968/5605/7238 4979/5616/7249 4978/5615/7248
f 4968/5605/7238 4969/5606/7239 4980/5617/7250 4979/5616/7249
f 4969/5606/7239 4970/5607/7240 4981/5618/7251 4980/5617/7250
f 4970/5607/7240 4971/5608/7241 4982/5619/7252 4981/5618/7251
f 4971/5608/7241 4972/5609/7242 4983/5620/7253 4982/5619/7252
f 4972/5609/7242 4973/5610/7243 4984/5621/7254 4983/5620/7253
f 4973/5610/7243 4974/5611/7244 4985/5622/7255 4984/5621/7254
f 4975/5612/7246 4976/5613/7245 4987/5624/7256 4986/5623/7257
f 4976/5613/7245 4977/5614/7247 4988/5625/7258 4987/5624/7256
f 4977/5614/7247 4978/5615/7248 4989/5626/7259 4988/5625/7258
f 4978/5615/7248 4979/5616/7249 4990/5627/7260 4989/5626/7259
f 4979/5616/7249 4980/5617/7250 4991/5628/7261 4990/5627/7260
f 4980/5617/7250 4981/5618/7251 4992/5629/7262 4991/5628/7261
f 4981/5618/7251 4982/5619/7252 4993/5630/7263 4992/5629/7262
f 4982/5619/7252 4983/5620/7253 4994/5631/7264 4993/5630/7263
f 4983/5620/7253 4984/5621/7254 4995/5632/7265 4994/5631/7264
f 4984/5621/7254 4985/5622/7255 4996/5633/7266 4995/5632/7265
f 4986/5623/7257 4987/5624/7256 4998/5635/7267 4997/5634/7268
f 4987/5624/7256 4988/5625/7258 4999/5636/7269 4998/5635/7267
f 4988/5625/7258 4989/5626/7259 5000/5637/7270 4999/5636/7269
f 4989/5626/7259 4990/5627/7260 5001/5638/7271 5000/5637/7270
f 4990/5627/7260 4991/5628/7261 5002/5639/7272 5001/5638/7271
f 4991/5628/7261 4992/5629/7262 5003/5640/7273 5002/5639/7272
f 4992/5629/7262 4993/5630/7263 5004/5641/7274 5003/5640/7273
f 4993/5630/7263 4994/5631/7264 5005/5642/7275 5004/5641/7274
f 4994/5631/7264 4995/5632/7265 5006/5643/7276 5005/5642/7275
f 4995/5632/7265 4996/5633/7266 5007/5644/7277 5006/5643/7276
f 4997/5634/7268 4998/5635/7267 5009/5646/7278 5008/5645/7279
f 4998/5635/7267 4999/5636/7269 5010/5647/7280 5009/5646/7278
f 4999/5636/7269 5000/5637/7270 5011/5648/7281 5010/5647/7280
f 5000/5637/7270 5001/5638/7271 5012/5649/7282 5011/5648/7281
f 5001/5638/7271 5002/5639/7272 5013/5650/7283 5012/5649/7282
f 5002/5639/7272 5003/5640/7273 5014/5651/7284 5013/5650/7283
f 5003/5640/7273 5004/5641/7274 5015/5652/7285 5014/5651/7284
f 5004/5641/7274 5005/5642/7275 5016/5653/7286 5015/5652/7285
f 5005/5642/7275 5006/5643/7276 5017/5654/7287 5016/5653/7286
f 5006/5643/7276 5007/5644/7277 5018/5655/7288 5017/5654/7287
f 5008/5645/7279 5009/5646/7278 5020/5657/7289 5019/5656/7290
f 5009/5646/7278 5010/5647/7280 5021/5658/7291 5020/5657/7289
f 5010/5647/7280 5011/5648/7281 5022/5659/7292 5021/5658/7291
f 5011/5648/7281 5012/5649/7282 5023/5660/7293 5022/5659/7292
f 5012/5649/7282 5013/5650/7283 5024/5661/7294 5023/5660/7293
f 5013/5650/7283 5014/5651/7284 5025/5662/7295 5024/5661/7294
f 5014/5651/7284 5015/5652/7285 5026/5663/7296 5025/5662/7295
f 5015/5652/7285 5016/5653/7286 5027/5664/7297 5026/5663/7296
f 5016/5653/7286 5017/5654/7287 5028/5665/7298 5027/5664/7297
f 5017/5654/7287 5018/5655/7288 5029/5666/7299 5028/5665/7298
f 5019/5656/7290 5020/5657/7289 5031/5668/7300 5030/5667/7301
f 5020/5657/7289 5021/5658/7291 5032/5669/7302 5031/5668/7300
f 5021/5658/7291 5022/5659/7292 5033/5670/7303 5032/5669/7302
f 5022/5659/7292 5023/5660/7293 5034/5671/7304 5033/5670/7303
f 5023/5660/7293 5024/5661/7294 5035/5672/7305 5034/5671/7304
f 5024/5661/7294 5025/5662/7295 5036/5673/7306 5035/5672/7305
f 5025/5662/7295 5026/5663/7296 5037/5674/7307 5036/5673/7306
f 5026/5663/7296 5027/5664/7297 5038/5675/7308 5037/5674/7307
f 5027/5664/7297 5028/5665/7298 5039/5676/7309 5038/5675/7308
f 5028/5665/7298 5029/5666/7299 5040/5677/7310 5039/5676/7309
g default
v -3.779854 3.662489 -5.997898
v -3.890142 3.577223 -6.099268
v -4.019815 3.476971 -6.152599
v -4.156179 3.371546 -6.152669
v -4.285886 3.271268 -6.099473
v -4.396239 3.185951 -5.998216
v -4.476437 3.123949 -5.858812
v -4.518629 3.091330 -5.694905
v -4.518685 3.091287 -5.522540
v -4.476599 3.123824 -5.358590
v -4.396491 3.185757 -5.219103
v -4.286203 3.271022 -5.117732
v -4.156531 3.371274 -5.064402
v -4.020167 3.476699 -5.064331
v -3.890460 3.576978 -5.117528
v -3.780106 3.662294 -5.218784
v -3.699909 3.724296 -5.358189
v -3.657717 3.756915 -5.522095
v -3.657661 3.756958 -5.694460
v -3.699747 3.724421 -5.858410
v -4.838231 5.031464 -5.997898
v -4.948519 4.946198 -6.099268
v -5.078192 4.845946 -6.152599
v -5.214555 4.740521 -6.152669
v -5.344263 4.640243 -6.099473
v -5.454616 4.554927 -5.998216
v -5.534814 4.492924 -5.858812
v -5.577006 4.460305 -5.694905
v -5.577061 4.460262 -5.522540
v -5.534976 4.492799 -5.358590
v -5.454868 4.554732 -5.219103
v -5.344580 4.639997 -5.117732
v -5.214908 4.740249 -5.064402
v -5.078544 4.845674 -5.064331
v -4.948837 4.945953 -5.117528
v -4.838483 5.031269 -5.218784
v -4.758285 5.093271 -5.358189
v -4.716094 5.125890 -5.522095
v -4.716038 5.125933 -5.694460
v -4.758124 5.093396 -5.858410
v -4.079920 3.413448 -5.608500
v -5.154802 4.803772 -5.608500
v -4.779087 4.939290 -5.988320
v -4.700950 4.999699 -5.852263
v -4.659899 5.031436 -5.692346
v -4.659954 5.031394 -5.524221
v -4.701108 4.999577 -5.364345
v -4.779333 4.939100 -5.228370
v -4.886972 4.855883 -5.129604
v -5.013489 4.758071 -5.077716
v -5.146498 4.655239 -5.077785
v -5.272981 4.557453 -5.129804
v -5.380557 4.474284 -5.228681
v -5.458694 4.413875 -5.364737
v -5.499744 4.382139 -5.524655
v -5.499690 4.382181 -5.692780
v -5.458536 4.413997 -5.852655
v -5.380311 4.474475 -5.988631
v -5.272672 4.557692 -6.087396
v -5.146155 4.655504 -6.139285
v -5.013145 4.758336 -6.139216
v -4.886662 4.856122 -6.087197
v -3.862015 3.753088 -5.988320
v -3.783878 3.813497 -5.852263
v -3.742827 3.845234 -5.692346
v -3.742882 3.845192 -5.524221
v -3.784036 3.813375 -5.364345
v -3.862261 3.752898 -5.228370
v -3.969900 3.669681 -5.129604
v -4.096417 3.571869 -5.077716
v -4.229426 3.469037 -5.077785
v -4.355909 3.371250 -5.129804
v -4.463485 3.288082 -5.228681
v -4.541622 3.227673 -5.364737
v -4.582672 3.195936 -5.524655
v -4.582618 3.195979 -5.692780
v -4.541464 3.227795 -5.852655
v -4.463239 3.288272 -5.988631
v -4.355600 3.371490 -6.087396
v -4.229083 3.469302 -6.139285
v -4.096073 3.572134 -6.139216
v -3.969590 3.669920 -6.087197
v -4.796218 4.987059 -6.003970
v -4.714862 5.049957 -5.862308
v -4.672120 5.083001 -5.695800
v -4.672176 5.082957 -5.520748
v -4.715026 5.049830 -5.354285
v -4.796475 4.986860 -5.212707
v -4.908549 4.900214 -5.109871
v -5.040279 4.798371 -5.055845
v -5.178769 4.691302 -5.055917
v -5.310464 4.589487 -5.110079
v -5.422472 4.502892 -5.213030
v -5.503829 4.439994 -5.354693
v -5.546571 4.406949 -5.521200
v -5.546514 4.406993 -5.696253
v -5.503664 4.440121 -5.862715
v -5.422216 4.503090 -6.004294
v -5.310141 4.589736 -6.107129
v -5.178412 4.691579 -6.161156
v -5.039921 4.798648 -6.161084
v -4.908226 4.900463 -6.106922
v -3.816175 3.719405 -6.003970
v -3.734818 3.782303 -5.862308
v -3.692076 3.815348 -5.695800
v -3.692133 3.815304 -5.520748
v -3.734983 3.782176 -5.354285
v -3.816431 3.719207 -5.212707
v -3.928506 3.632560 -5.109871
v -4.060235 3.530718 -5.055845
v -4.198726 3.423649 -5.055917
v -4.330421 3.321833 -5.110079
v -4.442428 3.235238 -5.213030
v -4.523785 3.172340 -5.354693
v -4.566527 3.139295 -5.521200
v -4.566471 3.139339 -5.696253
v -4.523621 3.172467 -5.862715
v -4.442172 3.235436 -6.004294
v -4.330098 3.322083 -6.107129
v -4.198368 3.423925 -6.161156
v -4.059878 3.530994 -6.161084
v -3.928183 3.632810 -6.106922
v -4.320673 4.346348 -5.988320
v -4.242536 4.406757 -5.852263
v -4.201486 4.438493 -5.692346
v -4.201540 4.438451 -5.524221
v -4.242694 4.406635 -5.364345
v -4.320919 4.346157 -5.228370
v -4.428558 4.262940 -5.129604
v -4.555075 4.165128 -5.077716
v -4.688085 4.062296 -5.077785
v -4.814568 3.964510 -5.129804
v -4.922143 3.881342 -5.228681
v -5.000280 3.820933 -5.364737
v -5.041331 3.789196 -5.524655
v -5.041276 3.789238 -5.692780
v -5.000122 3.821055 -5.852655
v -4.921897 3.881532 -5.988631
v -4.814258 3.964749 -6.087396
v -4.687741 4.062561 -6.139285
v -4.554731 4.165393 -6.139216
v -4.428248 4.263180 -6.087197
vt -0.438958 0.205406
vt -0.461152 0.161849
vt -0.495719 0.127281
vt -0.539277 0.105088
vt -0.587561 0.097440
vt -0.635845 0.105088
vt -0.679402 0.127281
vt -0.713970 0.161849
vt -0.736163 0.205407
vt -0.743811 0.253690
vt -0.736163 0.301974
vt -0.713970 0.345532
vt -0.679402 0.380099
vt -0.635845 0.402293
vt -0.587561 0.409940
vt -0.539277 0.402293
vt -0.495719 0.380099
vt -0.461152 0.345532
vt -0.438958 0.301974
vt -0.431311 0.253690
vt 0.027108 0.009384
vt 0.124276 0.009384
vt 0.221445 0.009384
vt 0.318614 0.009384
vt 0.415783 0.009384
vt 0.512951 0.009384
vt 0.610120 0.009384
vt 0.707289 0.009384
vt 0.804458 0.009384
vt 0.901626 0.009384
vt 0.998795 0.009384
vt 1.095964 0.009384
vt 1.193133 0.009384
vt 1.290301 0.009384
vt 1.387470 0.009384
vt 1.484639 0.009384
vt 1.581808 0.009384
vt 1.678977 0.009384
vt 1.776145 0.009384
vt 1.873314 0.009384
vt 1.970483 0.009384
vt 0.027108 0.990616
vt 0.124276 0.990616
vt 0.221445 0.990616
vt 0.318614 0.990616
vt 0.415783 0.990616
vt 0.512951 0.990616
vt 0.610120 0.990616
vt 0.707289 0.990616
vt 0.804458 0.990616
vt 0.901626 0.990616
vt 0.998795 0.990616
vt 1.095964 0.990616
vt 1.193133 0.990616
vt 1.290301 0.990616
vt 1.387470 0.990616
vt 1.484639 0.990616
vt 1.581808 0.990616
vt 1.678977 0.990616
vt 1.776145 0.990616
vt 1.873314 0.990616
vt 1.970483 0.990616
vt -0.272366 0.657164
vt -0.294560 0.613606
vt -0.329128 0.579039
vt -0.372685 0.556845
vt -0.420969 0.549197
vt -0.469253 0.556845
vt -0.512811 0.579039
vt -0.547378 0.613606
vt -0.569572 0.657164
vt -0.577219 0.705447
vt -0.569572 0.753731
vt -0.547378 0.797289
vt -0.512811 0.831856
vt -0.469253 0.854050
vt -0.420969 0.861697
vt -0.372685 0.854050
vt -0.329128 0.831856
vt -0.294560 0.797289
vt -0.272367 0.753731
vt -0.264719 0.705447
vt -0.587561 0.253690
vt -0.420969 0.705447
vt 1.970483 0.892493
vt 0.027108 0.892493
vt 1.873314 0.892493
vt 1.776145 0.892493
vt 1.678977 0.892493
vt 1.581808 0.892493
vt 1.484639 0.892493
vt 1.387470 0.892493
vt 1.290301 0.892493
vt 1.193133 0.892493
vt 1.095964 0.892493
vt 0.998795 0.892493
vt 0.901626 0.892493
vt 0.804458 0.892493
vt 0.707289 0.892493
vt 0.610120 0.892493
vt 0.512951 0.892493
vt 0.415783 0.892493
vt 0.318614 0.892493
vt 0.221445 0.892493
vt 0.124276 0.892493
vt 1.970483 0.097695
vt 0.027107 0.097695
vt 1.873314 0.097695
vt 1.776145 0.097695
vt 1.678977 0.097695
vt 1.581808 0.097695
vt 1.484639 0.097695
vt 1.387470 0.097695
vt 1.290301 0.097695
vt 1.193133 0.097695
vt 1.095964 0.097695
vt 0.998795 0.097695
vt 0.901626 0.097695
vt 0.804458 0.097695
vt 0.707289 0.097695
vt 0.610120 0.097695
vt 0.512951 0.097695
vt 0.415783 0.097695
vt 0.318614 0.097695
vt 0.221445 0.097695
vt 0.124276 0.097695
vt 1.970483 0.941554
vt 0.027108 0.941554
vt 1.873314 0.941554
vt 1.776145 0.941554
vt 1.678977 0.941554
vt 1.581808 0.941554
vt 1.484639 0.941554
vt 1.387470 0.941554
vt 1.290301 0.941554
vt 1.193133 0.941554
vt 1.095964 0.941554
vt 0.998795 0.941554
vt 0.901626 0.941554
vt 0.804458 0.941554
vt 0.707289 0.941554
vt 0.610120 0.941554
vt 0.512951 0.941554
vt 0.415783 0.941554
vt 0.318614 0.941554
vt 0.221445 0.941554
vt 0.124276 0.941554
vt 1.970483 0.053539
vt 0.027108 0.053539
vt 1.873314 0.053539
vt 1.776145 0.053539
vt 1.678977 0.053539
vt 1.581808 0.053539
vt 1.484639 0.053539
vt 1.387470 0.053539
vt 1.290301 0.053539
vt 1.193133 0.053539
vt 1.095964 0.053539
vt 0.998795 0.053539
vt 0.901626 0.053539
vt 0.804458 0.053539
vt 0.707289 0.053539
vt 0.610120 0.053539
vt 0.512951 0.053539
vt 0.415783 0.053539
vt 0.318614 0.053539
vt 0.221445 0.053539
vt 0.124276 0.053539
vt 1.970483 0.511074
vt 0.027108 0.511074
vt 1.873314 0.511074
vt 1.776145 0.511074
vt 1.678977 0.511074
vt 1.581808 0.511074
vt 1.484639 0.511074
vt 1.387470 0.511074
vt 1.290301 0.511074
vt 1.193133 0.511074
vt 1.095964 0.511074
vt 0.998795 0.511074
vt 0.901626 0.511074
vt 0.804458 0.511074
vt 0.707289 0.511074
vt 0.610120 0.511074
vt 0.512951 0.511074
vt 0.415783 0.511074
vt 0.318614 0.511074
vt 0.221445 0.511074
vt 0.124276 0.511074
vn 0.632651 0.328918 -0.701117
vn 0.434075 0.175395 -0.883638
vn 0.293381 0.359278 -0.885916
vn 0.492469 0.513197 -0.702925
vn 0.200597 -0.005111 -0.979661
vn 0.059301 0.178307 -0.982186
vn -0.044929 -0.194931 -0.979787
vn -0.186858 -0.012002 -0.982314
vn -0.278469 -0.375484 -0.884006
vn -0.421000 -0.193021 -0.886285
vn -0.477163 -0.529098 -0.701691
vn -0.620207 -0.347031 -0.703501
vn -0.621561 -0.640734 -0.450691
vn -0.764977 -0.458955 -0.451853
vn -0.697528 -0.699465 -0.155574
vn -0.841140 -0.517838 -0.155975
vn -0.697628 -0.699543 0.154772
vn -0.841240 -0.517916 0.155171
vn -0.621852 -0.640959 0.449968
vn -0.765269 -0.459181 0.451128
vn -0.477617 -0.529448 0.701118
vn -0.620662 -0.347382 0.702926
vn -0.279041 -0.375926 0.883638
vn -0.421574 -0.193465 0.885916
vn -0.045563 -0.195421 0.979661
vn -0.187494 -0.012494 0.982186
vn 0.199963 -0.005600 0.979787
vn 0.058665 0.177816 0.982314
vn 0.433503 0.174953 0.884006
vn 0.292807 0.358835 0.886285
vn 0.632197 0.328566 0.701692
vn 0.492013 0.512844 0.703501
vn 0.776595 0.440203 0.450691
vn 0.636783 0.624769 0.451853
vn 0.852562 0.498934 0.155573
vn 0.712946 0.683651 0.155975
vn 0.852662 0.499012 -0.154772
vn 0.713047 0.683729 -0.155171
vn 0.776886 0.440428 -0.449967
vn 0.637076 0.624995 -0.451127
vn 0.620258 -0.784095 -0.021811
vn 0.625159 -0.780305 -0.017305
vn 0.611640 -0.791136 -0.000000
vn 0.614495 -0.788550 -0.024181
vn 0.608434 -0.793236 -0.024184
vn 0.602670 -0.797692 -0.021820
vn 0.597766 -0.801484 -0.017320
vn 0.594201 -0.804239 -0.011125
vn 0.592326 -0.805689 -0.003840
vn 0.592324 -0.805691 0.003820
vn 0.594194 -0.804245 0.011106
vn 0.597754 -0.801492 0.017305
vn 0.602656 -0.797703 0.021810
vn 0.608419 -0.793248 0.024181
vn 0.614479 -0.788562 0.024184
vn 0.620243 -0.784106 0.021820
vn 0.625148 -0.780314 0.017320
vn 0.628712 -0.777559 0.011124
vn 0.630587 -0.776109 0.003840
vn 0.630589 -0.776107 -0.003820
vn 0.628719 -0.777553 -0.011106
vn -0.597754 0.801493 -0.017306
vn -0.602656 0.797703 -0.021811
vn -0.611640 0.791136 0.000000
vn -0.608419 0.793248 -0.024181
vn -0.614479 0.788562 -0.024184
vn -0.620243 0.784106 -0.021820
vn -0.625148 0.780314 -0.017320
vn -0.628712 0.777559 -0.011124
vn -0.630587 0.776109 -0.003840
vn -0.630590 0.776107 0.003820
vn -0.628719 0.777553 0.011107
vn -0.625159 0.780306 0.017306
vn -0.620258 0.784095 0.021811
vn -0.614495 0.788550 0.024181
vn -0.608434 0.793235 0.024184
vn -0.602670 0.797692 0.021820
vn -0.597766 0.801484 0.017320
vn -0.594201 0.804239 0.011124
vn -0.592326 0.805689 0.003840
vn -0.592324 0.805691 -0.003820
vn -0.594194 0.804245 -0.011106
vn 0.722881 0.521390 -0.453426
vn 0.577537 0.409023 -0.706506
vn 0.627078 0.337581 -0.702006
vn 0.771496 0.449233 -0.450538
vn 0.799239 0.580424 -0.155962
vn 0.847367 0.507891 -0.154968
vn 0.799138 0.580346 0.156770
vn 0.847267 0.507813 0.155771
vn 0.722587 0.521163 0.454155
vn 0.771203 0.449007 0.451263
vn 0.577080 0.408669 0.707085
vn 0.626623 0.337229 0.702581
vn 0.376859 0.253875 0.890800
vn 0.427677 0.183421 0.885127
vn 0.141524 0.071934 0.987318
vn 0.193841 0.002639 0.981029
vn -0.105889 -0.119345 0.987190
vn -0.051996 -0.187422 0.980902
vn -0.341162 -0.301238 0.890429
vn -0.285770 -0.368156 0.884758
vn -0.541264 -0.455940 0.706507
vn -0.484598 -0.521873 0.702007
vn -0.686608 -0.568308 0.453426
vn -0.629016 -0.633525 0.450539
vn -0.762966 -0.627342 0.155962
vn -0.704888 -0.692183 0.154969
vn -0.762865 -0.627264 -0.156769
vn -0.704788 -0.692106 -0.155771
vn -0.686314 -0.568081 -0.454155
vn -0.628724 -0.633300 -0.451262
vn -0.540806 -0.455587 -0.707085
vn -0.484143 -0.521522 -0.702581
vn -0.340586 -0.300793 -0.890800
vn -0.285198 -0.367714 -0.885127
vn -0.105251 -0.118852 -0.987318
vn -0.051361 -0.186931 -0.981029
vn 0.142162 0.072427 -0.987190
vn 0.194476 0.003129 -0.980902
vn 0.377435 0.254320 -0.890429
vn 0.428250 0.183864 -0.884758
vn 0.686853 0.568008 -0.453431
vn 0.541508 0.455639 -0.706514
vn 0.559647 0.432672 -0.706817
vn 0.705055 0.545089 -0.453625
vn 0.763212 0.627042 -0.155964
vn 0.781447 0.604149 -0.156030
vn 0.763111 0.626964 0.156771
vn 0.781345 0.604071 0.156839
vn 0.686559 0.567781 0.454160
vn 0.704760 0.544862 0.454355
vn 0.541050 0.455285 0.707093
vn 0.559189 0.432318 0.707396
vn 0.340827 0.300489 0.890810
vn 0.358880 0.277456 0.891192
vn 0.105489 0.118546 0.987329
vn 0.123441 0.095434 0.987752
vn -0.141927 -0.072735 0.987201
vn -0.124081 -0.095929 0.987624
vn -0.377202 -0.254630 0.890439
vn -0.359457 -0.277902 0.890821
vn -0.577306 -0.409334 0.706515
vn -0.559646 -0.432672 0.706817
vn -0.722652 -0.521703 0.453432
vn -0.705054 -0.545089 0.453626
vn -0.799011 -0.580738 0.155964
vn -0.781447 -0.604149 0.156030
vn -0.798910 -0.580660 -0.156771
vn -0.781345 -0.604071 -0.156838
vn -0.722358 -0.521476 -0.454160
vn -0.704761 -0.544862 -0.454355
vn -0.576849 -0.408981 -0.707093
vn -0.559189 -0.432318 -0.707396
vn -0.376626 -0.254185 -0.890810
vn -0.358880 -0.277456 -0.891192
vn -0.141288 -0.072241 -0.987329
vn -0.123441 -0.095435 -0.987752
vn 0.106128 0.119040 -0.987201
vn 0.124080 0.095929 -0.987624
vn 0.341403 0.300935 -0.890439
vn 0.359457 0.277902 -0.890821
vn 0.468605 0.539065 -0.699870
vn 0.612583 0.650377 -0.449167
vn 0.688224 0.708857 -0.154497
vn 0.688124 0.708779 0.155297
vn 0.612293 0.650152 0.449890
vn 0.468151 0.538714 0.700444
vn 0.269811 0.385374 0.882433
vn 0.036686 0.205142 0.978044
vn -0.208403 0.015659 0.977918
vn -0.441465 -0.164526 0.882066
vn -0.639688 -0.317775 0.699871
vn -0.783666 -0.429087 0.449168
vn -0.859308 -0.487566 0.154497
vn -0.859208 -0.487489 -0.155297
vn -0.783375 -0.428862 -0.449890
vn -0.639234 -0.317424 -0.700444
vn -0.440894 -0.164084 -0.882433
vn -0.207770 0.016148 -0.978044
vn 0.037319 0.205631 -0.977918
vn 0.270382 0.385816 -0.882065
s 1
g pCylinder1
usemtl phongE2SG
f 5041/5698/7311 5042/5699/7312 5162/5845/7313 5143/5826/7314
f 5042/5699/7312 5043/5700/7315 5161/5844/7316 5162/5845/7313
f 5043/5700/7315 5044/5701/7317 5160/5843/7318 5161/5844/7316
f 5044/5701/7317 5045/5702/7319 5159/5842/7320 5160/5843/7318
f 5045/5702/7319 5046/5703/7321 5158/5841/7322 5159/5842/7320
f 5046/5703/7321 5047/5704/7323 5157/5840/7324 5158/5841/7322
f 5047/5704/7323 5048/5705/7325 5156/5839/7326 5157/5840/7324
f 5048/5705/7325 5049/5706/7327 5155/5838/7328 5156/5839/7326
f 5049/5706/7327 5050/5707/7329 5154/5837/7330 5155/5838/7328
f 5050/5707/7329 5051/5708/7331 5153/5836/7332 5154/5837/7330
f 5051/5708/7331 5052/5709/7333 5152/5835/7334 5153/5836/7332
f 5052/5709/7333 5053/5710/7335 5151/5834/7336 5152/5835/7334
f 5053/5710/7335 5054/5711/7337 5150/5833/7338 5151/5834/7336
f 5054/5711/7337 5055/5712/7339 5149/5832/7340 5150/5833/7338
f 5055/5712/7339 5056/5713/7341 5148/5831/7342 5149/5832/7340
f 5056/5713/7341 5057/5714/7343 5147/5830/7344 5148/5831/7342
f 5057/5714/7343 5058/5715/7345 5146/5829/7346 5147/5830/7344
f 5058/5715/7345 5059/5716/7347 5145/5828/7348 5146/5829/7346
f 5059/5716/7347 5060/5717/7349 5144/5827/7350 5145/5828/7348
f 5060/5717/7349 5041/5718/7311 5143/5825/7314 5144/5827/7350
s 2
f 5042/5679/7351 5041/5678/7352 5081/5760/7353
f 5043/5680/7354 5042/5679/7351 5081/5760/7353
f 5044/5681/7355 5043/5680/7354 5081/5760/7353
f 5045/5682/7356 5044/5681/7355 5081/5760/7353
f 5046/5683/7357 5045/5682/7356 5081/5760/7353
f 5047/5684/7358 5046/5683/7357 5081/5760/7353
f 5048/5685/7359 5047/5684/7358 5081/5760/7353
f 5049/5686/7360 5048/5685/7359 5081/5760/7353
f 5050/5687/7361 5049/5686/7360 5081/5760/7353
f 5051/5688/7362 5050/5687/7361 5081/5760/7353
f 5052/5689/7363 5051/5688/7362 5081/5760/7353
f 5053/5690/7364 5052/5689/7363 5081/5760/7353
f 5054/5691/7365 5053/5690/7364 5081/5760/7353
f 5055/5692/7366 5054/5691/7365 5081/5760/7353
f 5056/5693/7367 5055/5692/7366 5081/5760/7353
f 5057/5694/7368 5056/5693/7367 5081/5760/7353
f 5058/5695/7369 5057/5694/7368 5081/5760/7353
f 5059/5696/7370 5058/5695/7369 5081/5760/7353
f 5060/5697/7371 5059/5696/7370 5081/5760/7353
f 5041/5678/7352 5060/5697/7371 5081/5760/7353
s 3
f 5061/5758/7372 5062/5757/7373 5082/5761/7374
f 5062/5757/7373 5063/5756/7375 5082/5761/7374
f 5063/5756/7375 5064/5755/7376 5082/5761/7374
f 5064/5755/7376 5065/5754/7377 5082/5761/7374
f 5065/5754/7377 5066/5753/7378 5082/5761/7374
f 5066/5753/7378 5067/5752/7379 5082/5761/7374
f 5067/5752/7379 5068/5751/7380 5082/5761/7374
f 5068/5751/7380 5069/5750/7381 5082/5761/7374
f 5069/5750/7381 5070/5749/7382 5082/5761/7374
f 5070/5749/7382 5071/5748/7383 5082/5761/7374
f 5071/5748/7383 5072/5747/7384 5082/5761/7374
f 5072/5747/7384 5073/5746/7385 5082/5761/7374
f 5073/5746/7385 5074/5745/7386 5082/5761/7374
f 5074/5745/7386 5075/5744/7387 5082/5761/7374
f 5075/5744/7387 5076/5743/7388 5082/5761/7374
f 5076/5743/7388 5077/5742/7389 5082/5761/7374
f 5077/5742/7389 5078/5741/7390 5082/5761/7374
f 5078/5741/7390 5079/5740/7391 5082/5761/7374
f 5079/5740/7391 5080/5759/7392 5082/5761/7374
f 5080/5759/7392 5061/5758/7372 5082/5761/7374
s 1
f 5084/5764/7393 5083/5762/7394 5123/5804/7395 5124/5806/7396
f 5085/5765/7397 5084/5764/7393 5124/5806/7396 5125/5807/7398
f 5086/5766/7399 5085/5765/7397 5125/5807/7398 5126/5808/7400
f 5087/5767/7401 5086/5766/7399 5126/5808/7400 5127/5809/7402
f 5088/5768/7403 5087/5767/7401 5127/5809/7402 5128/5810/7404
f 5089/5769/7405 5088/5768/7403 5128/5810/7404 5129/5811/7406
f 5090/5770/7407 5089/5769/7405 5129/5811/7406 5130/5812/7408
f 5091/5771/7409 5090/5770/7407 5130/5812/7408 5131/5813/7410
f 5092/5772/7411 5091/5771/7409 5131/5813/7410 5132/5814/7412
f 5093/5773/7413 5092/5772/7411 5132/5814/7412 5133/5815/7414
f 5094/5774/7415 5093/5773/7413 5133/5815/7414 5134/5816/7416
f 5095/5775/7417 5094/5774/7415 5134/5816/7416 5135/5817/7418
f 5096/5776/7419 5095/5775/7417 5135/5817/7418 5136/5818/7420
f 5097/5777/7421 5096/5776/7419 5136/5818/7420 5137/5819/7422
f 5098/5778/7423 5097/5777/7421 5137/5819/7422 5138/5820/7424
f 5099/5779/7425 5098/5778/7423 5138/5820/7424 5139/5821/7426
f 5100/5780/7427 5099/5779/7425 5139/5821/7426 5140/5822/7428
f 5101/5781/7429 5100/5780/7427 5140/5822/7428 5141/5823/7430
f 5102/5782/7431 5101/5781/7429 5141/5823/7430 5142/5824/7432
f 5083/5763/7394 5102/5782/7431 5142/5824/7432 5123/5805/7395
usemtl phongE1SG
f 5104/5785/7433 5103/5783/7434 5163/5846/7435 5164/5848/7436
f 5105/5786/7437 5104/5785/7433 5164/5848/7436 5165/5849/7438
f 5106/5787/7439 5105/5786/7437 5165/5849/7438 5166/5850/7440
f 5107/5788/7441 5106/5787/7439 5166/5850/7440 5167/5851/7442
f 5108/5789/7443 5107/5788/7441 5167/5851/7442 5168/5852/7444
f 5109/5790/7445 5108/5789/7443 5168/5852/7444 5169/5853/7446
f 5110/5791/7447 5109/5790/7445 5169/5853/7446 5170/5854/7448
f 5111/5792/7449 5110/5791/7447 5170/5854/7448 5171/5855/7450
f 5112/5793/7451 5111/5792/7449 5171/5855/7450 5172/5856/7452
f 5113/5794/7453 5112/5793/7451 5172/5856/7452 5173/5857/7454
f 5114/5795/7455 5113/5794/7453 5173/5857/7454 5174/5858/7456
f 5115/5796/7457 5114/5795/7455 5174/5858/7456 5175/5859/7458
f 5116/5797/7459 5115/5796/7457 5175/5859/7458 5176/5860/7460
f 5117/5798/7461 5116/5797/7459 5176/5860/7460 5177/5861/7462
f 5118/5799/7463 5117/5798/7461 5177/5861/7462 5178/5862/7464
f 5119/5800/7465 5118/5799/7463 5178/5862/7464 5179/5863/7466
f 5120/5801/7467 5119/5800/7465 5179/5863/7466 5180/5864/7468
f 5121/5802/7469 5120/5801/7467 5180/5864/7468 5181/5865/7470
f 5122/5803/7471 5121/5802/7469 5181/5865/7470 5182/5866/7472
f 5103/5784/7434 5122/5803/7471 5182/5866/7472 5163/5847/7435
usemtl phongE2SG
f 5124/5806/7396 5123/5804/7395 5061/5739/7473 5080/5738/7474
f 5125/5807/7398 5124/5806/7396 5080/5738/7474 5079/5737/7475
f 5126/5808/7400 5125/5807/7398 5079/5737/7475 5078/5736/7476
f 5127/5809/7402 5126/5808/7400 5078/5736/7476 5077/5735/7477
f 5128/5810/7404 5127/5809/7402 5077/5735/7477 5076/5734/7478
f 5129/5811/7406 5128/5810/7404 5076/5734/7478 5075/5733/7479
f 5130/5812/7408 5129/5811/7406 5075/5733/7479 5074/5732/7480
f 5131/5813/7410 5130/5812/7408 5074/5732/7480 5073/5731/7481
f 5132/5814/7412 5131/5813/7410 5073/5731/7481 5072/5730/7482
f 5133/5815/7414 5132/5814/7412 5072/5730/7482 5071/5729/7483
f 5134/5816/7416 5133/5815/7414 5071/5729/7483 5070/5728/7484
f 5135/5817/7418 5134/5816/7416 5070/5728/7484 5069/5727/7485
f 5136/5818/7420 5135/5817/7418 5069/5727/7485 5068/5726/7486
f 5137/5819/7422 5136/5818/7420 5068/5726/7486 5067/5725/7487
f 5138/5820/7424 5137/5819/7422 5067/5725/7487 5066/5724/7488
f 5139/5821/7426 5138/5820/7424 5066/5724/7488 5065/5723/7489
f 5140/5822/7428 5139/5821/7426 5065/5723/7489 5064/5722/7490
f 5141/5823/7430 5140/5822/7428 5064/5722/7490 5063/5721/7491
f 5142/5824/7432 5141/5823/7430 5063/5721/7491 5062/5720/7492
f 5123/5805/7395 5142/5824/7432 5062/5720/7492 5061/5719/7473
f 5144/5827/7350 5143/5825/7314 5103/5783/7434 5104/5785/7433
f 5145/5828/7348 5144/5827/7350 5104/5785/7433 5105/5786/7437
f 5146/5829/7346 5145/5828/7348 5105/5786/7437 5106/5787/7439
f 5147/5830/7344 5146/5829/7346 5106/5787/7439 5107/5788/7441
f 5148/5831/7342 5147/5830/7344 5107/5788/7441 5108/5789/7443
f 5149/5832/7340 5148/5831/7342 5108/5789/7443 5109/5790/7445
f 5150/5833/7338 5149/5832/7340 5109/5790/7445 5110/5791/7447
f 5151/5834/7336 5150/5833/7338 5110/5791/7447 5111/5792/7449
f 5152/5835/7334 5151/5834/7336 5111/5792/7449 5112/5793/7451
f 5153/5836/7332 5152/5835/7334 5112/5793/7451 5113/5794/7453
f 5154/5837/7330 5153/5836/7332 5113/5794/7453 5114/5795/7455
f 5155/5838/7328 5154/5837/7330 5114/5795/7455 5115/5796/7457
f 5156/5839/7326 5155/5838/7328 5115/5796/7457 5116/5797/7459
f 5157/5840/7324 5156/5839/7326 5116/5797/7459 5117/5798/7461
f 5158/5841/7322 5157/5840/7324 5117/5798/7461 5118/5799/7463
f 5159/5842/7320 5158/5841/7322 5118/5799/7463 5119/5800/7465
f 5160/5843/7318 5159/5842/7320 5119/5800/7465 5120/5801/7467
f 5161/5844/7316 5160/5843/7318 5120/5801/7467 5121/5802/7469
f 5162/5845/7313 5161/5844/7316 5121/5802/7469 5122/5803/7471
f 5143/5826/7314 5162/5845/7313 5122/5803/7471 5103/5784/7434
usemtl phongE1SG
f 5164/5848/7436 5163/5846/7435 5083/5762/7394 5084/5764/7393
f 5165/5849/7438 5164/5848/7436 5084/5764/7393 5085/5765/7397
f 5166/5850/7440 5165/5849/7438 5085/5765/7397 5086/5766/7399
f 5167/5851/7442 5166/5850/7440 5086/5766/7399 5087/5767/7401
f 5168/5852/7444 5167/5851/7442 5087/5767/7401 5088/5768/7403
f 5169/5853/7446 5168/5852/7444 5088/5768/7403 5089/5769/7405
f 5170/5854/7448 5169/5853/7446 5089/5769/7405 5090/5770/7407
f 5171/5855/7450 5170/5854/7448 5090/5770/7407 5091/5771/7409
f 5172/5856/7452 5171/5855/7450 5091/5771/7409 5092/5772/7411
f 5173/5857/7454 5172/5856/7452 5092/5772/7411 5093/5773/7413
f 5174/5858/7456 5173/5857/7454 5093/5773/7413 5094/5774/7415
f 5175/5859/7458 5174/5858/7456 5094/5774/7415 5095/5775/7417
f 5176/5860/7460 5175/5859/7458 5095/5775/7417 5096/5776/7419
f 5177/5861/7462 5176/5860/7460 5096/5776/7419 5097/5777/7421
f 5178/5862/7464 5177/5861/7462 5097/5777/7421 5098/5778/7423
f 5179/5863/7466 5178/5862/7464 5098/5778/7423 5099/5779/7425
f 5180/5864/7468 5179/5863/7466 5099/5779/7425 5100/5780/7427
f 5181/5865/7470 5180/5864/7468 5100/5780/7427 5101/5781/7429
f 5182/5866/7472 5181/5865/7470 5101/5781/7429 5102/5782/7431
f 5163/5847/7435 5182/5866/7472 5102/5782/7431 5083/5763/7394
