# This file uses centimeters as units for non-parametric coordinates.

mtllib gun.mtl
g default
v -15.323099 1.990501 -0.056890
v -15.323100 1.916729 -0.189351
v -15.323099 1.840576 -0.237354
v -15.323099 1.762232 -0.257297
v -15.323099 1.681559 -0.252052
v -15.323099 1.606455 -0.222136
v -15.323099 1.544271 -0.170476
v -15.323099 1.501095 -0.102128
v -15.323099 1.481152 -0.023784
v -15.323100 1.516312 0.131994
v -15.323099 1.567972 0.194178
v -15.323099 1.636320 0.237353
v -15.323100 1.714665 0.257296
v -15.323099 1.795338 0.252052
v -15.323099 1.870442 0.222136
v -15.323099 1.932626 0.170476
v -15.323099 1.975802 0.102128
v -15.323102 1.995744 -0.023787
v -17.901653 2.017837 -0.129539
v -19.203807 2.051868 -0.266014
v -20.520111 2.137854 -0.097089
v -19.203820 2.016711 -0.302320
v -19.203722 1.519782 -0.347708
v -20.520426 1.520225 -0.347908
v -19.203827 1.424990 -0.265971
v -19.203830 1.358143 -0.156092
v -19.203830 1.328522 -0.030931
v -19.203830 1.388630 0.215925
v -20.520072 1.388593 0.215806
v -19.203830 1.472476 0.313457
v -19.210969 1.609178 0.243093
v -20.835617 1.650139 0.254261
v -18.882317 1.708882 0.261131
v -20.841870 1.767976 0.261157
v -20.872461 1.704879 0.335835
v -18.888570 1.826766 0.254263
v -20.513253 1.867679 0.243080
v -19.203725 1.957311 0.348322
v -20.520458 1.956876 0.348528
v -19.203829 2.051905 0.265972
v -19.203830 2.118753 0.156092
v -19.203847 2.148375 -0.030949
v -21.361869 1.559320 -0.212035
v -21.373922 1.503211 -0.145412
v -21.378078 1.483730 0.106736
v -21.284096 1.922024 0.214959
v -21.271740 1.979805 0.148114
v -19.203863 2.111992 -0.171227
v -20.520047 2.051825 -0.266014
v -20.520058 2.111940 -0.171262
v -19.202849 1.933325 -0.359961
v -18.892386 1.824860 0.139084
v -19.211229 1.868004 0.242946
v -20.601960 1.905960 -0.364196
v -18.844090 1.833969 -0.382001
v -21.300195 1.846660 -0.260045
v -20.511558 1.863447 0.132416
v -18.886194 1.709043 0.143534
v -18.882331 1.738449 0.261993
v -18.841012 1.675625 -0.386227
v -18.844785 1.642247 -0.381868
v -19.212699 1.613375 0.132442
v -19.206049 1.591804 -0.347770
v -20.600893 1.596827 -0.348164
v -20.841747 1.738435 -0.252585
v -20.837992 1.767779 0.143586
v -20.841855 1.738444 0.261988
v -20.897667 1.633680 -0.382008
v -20.899221 1.737369 -0.389441
v -21.323042 1.739565 -0.278956
v -20.831800 1.652040 0.139080
v -20.521159 1.567967 -0.364750
v -20.521165 1.543675 -0.360003
v -19.203812 1.447911 -0.290483
v -19.203796 1.472468 -0.313332
v -20.520045 1.447960 -0.290516
v -20.520023 1.472473 -0.313303
v -19.203818 1.372363 -0.186498
v -19.203808 1.388602 -0.215876
v -20.520061 1.372407 -0.186547
v -20.520051 1.388621 -0.215855
v -19.203818 1.332650 -0.064243
v -20.520061 1.332679 -0.064300
v -21.378086 1.483695 -0.106585
v -19.203818 1.332659 0.064300
v -21.382425 1.463560 -0.021912
v -19.203808 1.358166 0.156143
v -20.520061 1.372382 0.186497
v -20.520050 1.358202 0.156154
v -19.203818 1.447952 0.290537
v -19.203818 1.405697 0.241793
v -20.520061 1.447927 0.290495
v -20.520061 1.405703 0.241731
v -21.371177 1.515895 0.163369
v -19.202828 1.543409 0.361087
v -19.202932 1.567833 0.366448
v -21.361860 1.559364 0.212085
v -19.208088 1.602181 0.312773
v -18.881819 1.647343 0.327438
v -21.341576 1.653770 0.265308
v -18.876677 1.799010 0.332625
v -18.882210 1.829950 0.327322
v -18.883036 1.797896 0.258534
v -20.872511 1.737330 0.336909
v -21.323181 1.739527 0.279762
v -19.208596 1.875285 0.312494
v -20.598604 1.871469 0.312767
v -20.521207 1.909026 0.366462
v -20.521206 1.933393 0.361128
v -19.203819 2.028985 0.290497
v -19.203808 2.004463 0.313419
v -20.520061 2.028920 0.290535
v -20.520051 2.004447 0.313397
v -19.203818 2.104534 0.186498
v -19.203808 2.088295 0.215876
v -20.520061 2.104474 0.186547
v -20.520051 2.088263 0.215855
v -19.203818 2.144247 0.064243
v -21.267389 2.000085 0.108535
v -21.262925 2.021007 -0.022162
v -21.282165 1.931010 -0.208158
v -21.350358 1.612780 -0.250047
v -21.365481 1.542432 -0.198129
v -21.376439 1.491458 -0.127040
v -21.382195 1.464690 -0.043703
v -21.376430 1.491503 0.127154
v -21.365470 1.542487 0.198215
v -21.295760 1.867450 0.252468
v -21.280362 1.939412 0.201022
v -21.269114 1.992035 0.129422
v -15.323102 1.973622 -0.111046
v -17.901250 1.949133 -0.224578
v -15.316649 1.823859 -0.167627
v -15.323101 1.779274 -0.257776
v -17.901150 1.858942 -0.283070
v -15.316649 1.738448 -0.151131
v -15.323101 1.738446 -0.256749
v -17.901452 1.739239 -0.307257
v -15.316649 1.691746 -0.143734
v -15.323101 1.619959 -0.232542
v -15.323100 1.659106 -0.244183
v -17.901452 1.644253 -0.292462
v -15.316649 1.605419 -0.133030
v -15.323100 1.553899 -0.184546
v -15.323102 1.567969 -0.194175
v -15.323101 1.505904 -0.118484
v -15.323102 1.516310 -0.131989
v -15.323100 1.480672 -0.040826
v -17.901150 1.455379 -0.120493
v -17.901150 1.431999 -0.027122
v -15.316649 1.570821 0.085410
v -15.323100 1.505906 0.118489
v -15.323102 1.501097 0.102133
v -15.323100 1.553903 0.184549
v -15.323101 1.530735 0.150915
v -17.901452 1.489408 0.179961
v -17.901150 1.536379 0.231980
v -15.316649 1.691746 0.143734
v -15.323100 1.697623 0.257776
v -15.323101 1.659111 0.244184
v -17.901452 1.642749 0.291974
v -15.316649 1.738448 0.151131
v -15.323100 1.738451 0.256749
v -17.901451 1.737658 0.307257
v -15.316648 1.785150 0.143734
v -15.323100 1.856937 0.232542
v -15.323101 1.817791 0.244183
v -17.901452 1.832644 0.292462
v -15.316649 1.871478 0.133030
v -15.323101 1.922997 0.184546
v -15.323102 1.908928 0.194174
v -15.323101 1.970993 0.118484
v -15.323102 1.960587 0.131989
v -17.901150 2.021518 0.120493
v -18.414592 2.061984 -0.075931
v -18.414828 1.990656 -0.216608
v -18.414631 1.965091 -0.243309
v -18.414828 1.911378 -0.283942
v -18.414588 1.867192 -0.306371
v -18.414575 1.766237 -0.331142
v -18.414823 1.711460 -0.331354
v -18.414587 1.662525 -0.323533
v -18.414827 1.610380 -0.306799
v -18.414591 1.566256 -0.284237
v -18.414828 1.521840 -0.252208
v -17.901452 1.521186 -0.218392
v -18.414591 1.486850 -0.217115
v -18.414828 1.454505 -0.172928
v -17.901452 1.464332 -0.140566
v -18.414591 1.432072 -0.128740
v -18.414828 1.414964 -0.076721
v -17.901452 1.434311 -0.048980
v -18.414592 1.407284 -0.027764
v -18.414828 1.407089 0.026996
v -18.414591 1.414913 0.075931
v -18.414828 1.431649 0.128070
v -18.414591 1.454211 0.172192
v -18.414828 1.486241 0.216608
v -17.901452 1.520056 0.217262
v -18.414591 1.521333 0.251598
v -18.414829 1.565520 0.283943
v -18.414591 1.609708 0.306376
v -18.414591 1.710684 0.331164
v -18.414828 1.765444 0.331360
v -18.414591 1.814379 0.323536
v -18.414828 1.866519 0.306800
v -18.414591 1.910640 0.284237
v -18.414828 1.955057 0.252208
v -17.901452 1.955711 0.218392
v -18.414592 1.990047 0.217115
v -18.414828 2.022392 0.172928
v -17.901452 2.012564 0.140566
v -18.414591 2.044825 0.128740
v -18.414828 2.061932 0.076721
v -18.840387 1.738437 -0.389392
v -18.875882 1.738450 0.336912
v -18.414710 1.503532 -0.235486
v -18.414710 1.442260 -0.151367
v -18.414709 1.409982 -0.052432
v -18.414709 1.502962 0.234917
v -18.414709 1.973365 0.235486
v -18.414709 2.034637 0.151367
v -18.414698 1.738845 -0.332136
v -18.414706 1.636172 -0.316010
v -18.414709 1.469510 0.194928
v -18.414710 1.635448 0.315778
v -18.414709 1.738070 0.332151
v -18.414710 1.840729 0.316012
v -17.901149 2.038280 -0.068903
v -17.901149 1.765571 -0.306450
v -17.901150 1.669545 -0.299832
v -17.901149 1.580265 -0.263865
v -17.901149 1.506468 -0.202069
v -17.901149 1.438616 0.068903
v -17.901150 1.474583 0.158184
v -17.901150 1.617955 0.283070
v -17.901150 1.711326 0.306449
v -17.901150 1.807351 0.299832
v -17.901149 1.896632 0.263865
v -17.901150 1.970429 0.202069
v -18.414788 2.040302 -0.139676
v -18.414707 1.889818 -0.296185
v -18.414698 1.790898 -0.328451
v -18.414706 1.686817 -0.328590
v -18.414709 1.587799 -0.296554
v -18.414709 1.409855 0.051636
v -18.414709 1.441894 0.150650
v -18.414710 1.587081 0.296188
v -18.414709 1.686016 0.328466
v -18.414710 1.790085 0.328593
v -18.414710 1.889098 0.296554
v -18.414710 2.066915 0.052432
v -20.520050 2.016776 -0.302230
v -19.212816 1.863636 0.132366
v -18.882967 1.797781 -0.251069
v -20.835616 1.826030 -0.248119
v -20.894211 1.841431 -0.381627
v -18.886200 1.738449 0.144111
v -18.886211 1.767864 0.143532
v -18.883093 1.679019 -0.251058
v -18.892307 1.652116 0.139107
v -20.837985 1.738441 0.144099
v -20.837974 1.709034 0.143516
v -20.511386 1.613262 0.132388
v -20.867294 1.637970 0.327321
v -20.867619 1.836192 0.327493
v -21.268165 1.996453 -0.118955
v -17.901754 1.971497 -0.200891
v -17.901452 1.787428 -0.304137
v -17.901754 1.808908 -0.299507
v -17.901452 1.599306 -0.274841
v -17.901754 1.619405 -0.283722
v -17.901753 1.537557 -0.233048
v -17.901754 1.475373 -0.159564
v -17.901753 1.438941 -0.070459
v -17.901451 1.463607 0.139142
v -17.901753 1.454727 0.119043
v -17.901754 1.505400 0.200891
v -17.901452 1.689469 0.304137
v -17.901753 1.667989 0.299507
v -17.901452 1.877591 0.274841
v -17.901754 1.857492 0.283722
v -17.901754 1.939340 0.233048
v -17.901753 2.001523 0.159564
v -17.901452 2.042836 -0.047401
v -17.901753 2.045070 -0.025542
v -15.323100 1.856933 -0.232545
v -15.323100 1.697618 -0.257776
v -15.323101 1.480673 0.040830
v -15.323101 1.619964 0.232544
v -15.323100 1.779278 0.257776
v -15.323100 1.996225 0.040826
v -21.309100 1.804952 -0.272936
v -21.337119 1.674474 0.272150
v -21.263172 2.019838 -0.044531
v -20.831895 1.824450 0.139383
v -18.886851 1.797230 0.141815
v -18.886798 1.679705 0.141822
v -19.202982 1.908969 -0.364747
v -20.513103 1.867826 -0.240520
v -18.882430 1.738445 -0.252541
v -19.211237 1.608913 -0.240454
v -20.898705 1.770448 -0.388596
v -20.598175 1.605536 0.312499
v -21.264425 2.014009 -0.066139
v -21.291729 1.886240 -0.240255
v -21.327724 1.717824 -0.278612
v -21.341549 1.653777 -0.265090
v -21.345975 1.633235 -0.258041
v -21.380999 1.470246 -0.064773
v -21.382426 1.463556 0.022070
v -21.368391 1.528789 0.181107
v -21.354292 1.594435 0.238077
v -21.318500 1.761331 0.279896
v -21.304687 1.825815 0.266932
v -21.300225 1.846652 0.260297
v -21.264428 2.013999 0.066325
v -15.323102 1.932623 -0.170480
v -15.323100 1.996224 -0.040830
v -15.323102 1.870438 -0.222138
v -17.901754 1.898012 -0.263075
v -15.316649 1.767879 -0.185816
v -15.323102 1.795333 -0.252053
v -15.316649 1.709018 -0.185816
v -15.323102 1.714660 -0.257296
v -17.901753 1.712906 -0.306622
v -15.316649 1.653038 -0.167627
v -15.323102 1.636316 -0.237351
v -15.323102 1.486395 -0.056885
v -15.316649 1.552632 -0.029430
v -15.316649 1.552633 0.029430
v -15.323099 1.486396 0.056890
v -15.323102 1.481153 0.023787
v -17.901754 1.431827 0.025542
v -15.316649 1.605419 0.133030
v -15.323102 1.544274 0.170480
v -15.316649 1.653038 0.167627
v -15.323102 1.606459 0.222138
v -17.901753 1.578885 0.263075
v -15.316649 1.709018 0.185816
v -15.323101 1.681563 0.252053
v -15.316649 1.767879 0.185816
v -15.323102 1.762236 0.257296
v -17.901754 1.763990 0.306622
v -15.316649 1.823859 0.167627
v -15.323101 1.840581 0.237351
v -15.316649 1.924264 -0.029430
v -15.323102 1.990502 0.056885
v -17.901754 2.037956 0.070459
v -18.414828 2.069808 -0.026996
v -17.901452 1.879014 -0.274117
v -18.414824 1.815176 -0.323478
v -17.901452 1.691047 -0.304387
v -17.901452 1.434061 0.047401
v -17.901452 1.597882 0.274117
v -18.414828 1.661727 0.323483
v -17.901452 1.785850 0.304387
v -17.901452 2.042586 0.048980
v -19.204011 2.137901 -0.097079
v -18.414710 2.067041 -0.051636
v -18.840458 1.707898 -0.388613
v -18.840297 1.768883 -0.388623
v -19.203830 1.339027 0.097258
v -18.875942 1.768333 0.335838
v -18.875853 1.708614 0.335847
v -19.203940 2.144258 -0.064178
v -20.520089 2.144213 -0.064216
v -21.277328 1.953573 -0.183525
v -19.203466 1.956794 -0.347867
v -20.520450 1.934091 -0.359586
v -20.520170 1.956986 -0.347751
v -18.888411 1.826554 -0.248760
v -19.211024 1.867706 -0.240627
v -18.840514 1.800895 -0.386267
v -18.882407 1.768001 -0.252188
v -18.882361 1.768040 0.261127
v -18.882448 1.708867 -0.252186
v -18.888599 1.650147 -0.248713
v -18.888373 1.650329 0.254321
v -19.203567 1.542696 -0.359536
v -19.203982 1.566712 -0.364156
v -20.513199 1.609193 -0.240580
v -20.841730 1.767865 -0.252089
v -20.841825 1.708858 0.261119
v -20.841770 1.708898 -0.252240
v -20.835775 1.650351 -0.248769
v -20.899769 1.704323 -0.388673
v -21.318373 1.761342 -0.279152
v -20.512964 1.608896 0.242956
v -20.520066 1.425100 -0.266057
v -21.354300 1.594378 -0.237956
v -19.203808 1.339015 -0.097201
v -20.520050 1.339042 -0.097182
v -20.520072 1.358226 -0.156205
v -19.203808 1.328528 0.030988
v -20.520061 1.332670 0.064243
v -20.520072 1.339031 0.097127
v -20.520050 1.328561 0.031003
v -20.520072 1.328567 -0.031059
v -19.203818 1.372389 0.186548
v -19.203809 1.425030 0.266014
v -20.520050 1.425066 0.266019
v -21.373910 1.503273 0.145498
v -19.203469 1.519907 0.348489
v -20.520478 1.542606 0.360673
v -20.520204 1.519694 0.348361
v -20.520072 1.472401 0.313360
v -20.520182 1.566623 0.365836
v -18.876411 1.678078 0.332662
v -18.882903 1.679097 0.258553
v -20.835821 1.826394 0.254458
v -20.872536 1.769716 0.335857
v -21.327849 1.717765 0.279344
v -19.203555 1.934382 0.360632
v -19.203958 1.910308 0.365822
v -20.520072 2.051782 0.266060
v -21.291748 1.886178 0.240420
v -19.203808 2.137882 0.097201
v -20.520061 2.144200 0.064300
v -20.520050 2.137837 0.097182
v -20.520072 2.118654 0.156205
v -20.520060 2.148318 -0.030994
v -21.295735 1.867484 -0.252259
v -21.337080 1.674464 -0.271814
v -21.368405 1.528719 -0.180981
v -21.382192 1.464710 0.043841
v -21.380989 1.470292 0.064903
v -21.350366 1.612795 0.250191
v -21.345998 1.633212 0.258210
v -21.309159 1.804909 0.273292
v -21.277341 1.953521 0.183698
v -21.263174 2.019829 0.044720
v -13.463467 4.130156 0.179911
v -13.388382 4.131599 -0.201561
v -13.020156 4.134889 -0.180419
v -13.465415 4.132850 -0.083146
v -13.018188 4.137710 -0.083283
v -13.467736 4.345885 -0.015487
v -13.465414 4.133213 -0.020547
v -13.465415 4.132827 0.083162
v -13.018189 4.138130 -0.020572
v -13.094994 4.073157 -0.021970
v -13.094990 4.073159 0.090740
v -13.030342 4.084974 -0.089358
v -13.467669 4.420747 -0.013204
v -13.030343 4.085010 -0.021709
v -13.030340 4.084977 0.089357
v -13.015934 4.452082 -0.013167
v -13.018370 4.450187 -0.042635
v -13.463194 4.322771 0.125582
v -13.020187 4.134944 0.180398
v -13.095300 4.134658 0.201936
v -13.095945 4.402325 0.112775
v -13.465295 4.419146 -0.042793
v -13.388329 4.382021 -0.112912
v -13.463432 4.130213 -0.179889
v -13.020581 4.348430 -0.125293
v -13.465299 4.419134 0.042807
v -13.018368 4.450207 0.042625
v -13.018188 4.137736 0.083273
v -13.452461 4.085790 0.191747
v -13.452120 4.367799 0.113951
v -13.031925 4.396434 0.113602
v -13.452104 4.367841 -0.113915
v -13.031909 4.396380 -0.113640
v -13.031159 4.086220 -0.192299
v -13.388490 4.076009 0.194685
v -13.031185 4.086256 0.192288
v -13.452432 4.085830 -0.191733
v -13.095138 4.075985 -0.195015
v -13.467111 4.344129 0.056188
v -13.095249 4.446200 0.059616
v -13.016515 4.370563 0.056005
v -13.453262 4.084487 0.089252
v -13.388613 4.073159 0.090706
v -13.388561 4.131477 0.201600
v -13.095169 4.076013 0.195006
v -13.095840 4.342150 0.142072
v -13.388346 4.382016 0.112926
v -13.388299 4.325193 0.142184
v -13.020607 4.348516 0.125240
v -13.463165 4.322842 -0.125536
v -13.388705 4.425737 -0.059666
v -13.095689 4.342195 -0.142061
v -13.388133 4.325154 -0.142200
v -13.095929 4.402317 -0.112788
v -13.016517 4.370460 -0.056052
v -13.095135 4.134562 -0.201963
v -13.388454 4.076043 -0.194674
v -13.388715 4.425741 0.059679
v -13.453262 4.084493 -0.089250
v -13.388613 4.073161 -0.090705
v -13.094991 4.073159 -0.090741
v -13.467113 4.344198 -0.056130
v -13.453259 4.084520 -0.021688
v -13.388610 4.073157 -0.021963
v -13.015870 4.372449 -0.015464
v -13.095617 4.518259 -0.011642
v -13.095256 4.446174 -0.059631
v -13.388744 4.497969 -0.011656
v -0.966302 4.929731 -0.098903
v -0.966302 4.884270 -0.188125
v -0.966302 4.548287 -0.320057
v -0.966302 4.303081 -0.224532
v -0.966302 4.186814 0.085764
v -0.966302 4.548287 0.320057
v -0.966302 4.813463 0.258931
v -0.966302 4.929731 0.098903
v -0.899097 4.964848 -0.110313
v -0.899098 4.914143 -0.209828
v -0.899097 4.548287 -0.356981
v -0.899098 4.281378 -0.250436
v -0.899098 4.151697 0.095658
v -0.899097 4.548287 0.356981
v -0.899097 4.835167 0.288804
v -0.899097 4.964848 0.110313
v -0.733191 4.969309 -0.111763
v -0.733191 4.917937 -0.212585
v -0.733191 4.548287 -0.361672
v -0.733191 4.278620 -0.253727
v -0.733191 4.147235 0.096915
v -0.733191 4.548287 0.361672
v -0.733191 4.837924 0.292599
v -0.733191 4.969309 0.111763
v -0.605361 4.939437 -0.102057
v -0.605361 4.892527 -0.194123
v -0.605361 4.548286 -0.330262
v -0.605361 4.297082 -0.231691
v -0.605361 4.177108 0.088498
v -0.605361 4.548286 0.330262
v -0.605361 4.819462 0.267188
v -0.605361 4.939437 0.102057
v -0.790359 4.908027 -0.091851
v -0.790359 4.865808 -0.174711
v -0.790359 4.548287 -0.297236
v -0.790359 4.316495 -0.208522
v -0.790359 4.208518 0.079648
v -0.790359 4.548287 0.297236
v -0.790359 4.800050 0.240469
v -0.790359 4.908027 0.091851
v -16.729968 0.730172 0.323948
v -16.641654 0.898591 0.541694
v -17.018665 0.944765 0.359175
v -14.193910 0.505810 0.321248
v -14.171238 0.695911 0.549717
v -14.456414 0.711204 0.549811
v -15.731144 2.612723 0.541306
v -15.651675 2.781250 0.323108
v -15.998762 2.623497 0.358007
v -13.934691 2.625447 0.556197
v -13.903013 2.808766 0.501534
v -14.223011 2.831922 0.320351
v -15.998854 2.623450 -0.358221
v -15.652177 2.781250 -0.323402
v -15.731254 2.612714 -0.541369
v -13.935460 2.625553 -0.556063
v -14.219848 2.615813 -0.549627
v -14.223820 2.831818 -0.319553
v -16.641806 0.898548 -0.541230
v -16.728140 0.730155 -0.322083
v -17.017734 0.945888 -0.358154
v -14.170848 0.695695 -0.549652
v -14.193910 0.505810 -0.321248
v -14.479299 0.522857 -0.321321
v -16.104484 1.918304 0.777406
v -16.622666 1.617003 0.523149
v 1.280178 0.764932 0.320062
v 0.928475 0.926303 0.523444
v 0.927479 1.936514 0.793319
v 1.287622 1.613899 0.789352
v 1.286092 2.617291 0.551872
v 0.928148 2.796517 0.325921
v 1.285707 2.789324 -0.322061
v 0.927389 2.622738 -0.547746
v -16.273812 1.591531 -0.777205
v -16.431376 1.931426 -0.529098
v 0.928106 1.612078 -0.782627
v 1.287648 1.940062 -0.789136
v 1.285213 0.937601 -0.549470
v 0.931406 0.752335 -0.295292
v -11.864637 0.373056 0.320553
v -12.754117 0.623194 0.548866
v -11.646571 2.671164 0.548977
v -12.206157 2.902473 0.319963
v -11.606272 2.885678 -0.322070
v -12.550033 2.662342 -0.555463
v -11.845231 0.576779 -0.548467
v -12.774145 0.424796 -0.320785
v -14.033762 1.833054 0.791290
v -14.076236 1.473018 -0.791747
v -5.603432 -0.011361 0.318844
v -5.398006 -0.014258 0.318243
v -5.547500 0.218933 0.543990
v -2.480887 0.214809 0.389844
v -3.070669 0.478853 0.473597
v -3.019373 0.258262 0.256302
v -2.600469 0.176474 0.237336
v -4.686229 2.669038 0.533140
v -5.030955 2.899481 0.318117
v -4.974483 2.651959 0.536220
v -3.593657 2.689093 0.545016
v -3.887541 2.688185 0.543217
v -4.972298 2.649481 -0.564322
v -5.045428 2.897576 -0.338017
v -4.809722 2.945082 -0.338414
v -3.881054 2.685118 -0.569008
v -4.001824 2.886663 -0.522479
v -5.332789 0.216402 -0.547851
v -5.603482 -0.011474 -0.319505
v -5.546920 0.218195 -0.548267
v -2.600090 0.176470 -0.237819
v -3.017005 0.258153 -0.258819
v -3.066750 0.476862 -0.476923
v -2.586683 0.519435 -0.470811
v -5.302718 1.221207 0.784096
v -5.193260 1.652384 -0.808599
v -7.116949 0.075628 0.320210
v -7.308245 0.310730 0.547771
v -6.540974 0.022018 0.319454
v -6.735857 0.257566 0.546693
v -6.980663 2.500061 0.550809
v -7.170922 2.740859 0.324594
v -6.348933 2.643718 0.545088
v -6.613415 2.859146 0.319820
v -6.967868 2.720975 -0.324575
v -7.182448 2.520774 -0.550538
v -6.626947 2.629409 -0.548028
v -6.346960 2.872560 -0.323012
v -7.104753 0.288882 -0.547832
v -7.320187 0.097690 -0.320191
v -6.524004 0.248955 -0.547028
v -6.745925 0.031980 -0.319535
v -7.234414 1.621332 0.793427
v -7.255801 1.217863 -0.793438
v -8.413079 0.176393 0.319632
v -7.789076 0.139941 0.319479
v -8.399410 0.400120 0.546895
v -7.640407 2.750910 0.547676
v -8.238821 2.977937 0.320024
v -8.253825 2.752636 0.547336
v -8.239122 2.978018 -0.320281
v -7.630234 2.981827 -0.320225
v -8.253969 2.753116 -0.547246
v -7.775993 0.366225 -0.546617
v -8.413079 0.176393 -0.319632
v -8.399129 0.400217 -0.546920
v -8.340851 1.366358 0.794673
v -8.314072 1.788282 -0.794636
v -12.632737 1.822754 0.792141
v -12.668966 1.448309 -0.792934
v 2.908621 0.888047 -0.572588
v 2.704293 0.609149 -0.318508
v 2.694521 0.710819 -0.325310
v 2.754233 0.918072 0.555863
v 2.704160 0.611241 0.319996
v 2.888530 0.592466 0.509933
v 7.854771 0.909205 -0.351128
v 7.848222 0.754949 -0.316667
v 7.386643 0.850761 -0.526107
v 7.854775 0.909165 0.351309
v 7.386228 0.850708 0.526080
v 7.384362 0.684980 0.476551
v 2.761100 2.616646 -0.551621
v 2.899217 2.788738 -0.322370
v 7.303857 2.645222 -0.322902
v 7.782313 2.462381 -0.359927
v 7.308002 2.489969 -0.542468
v 7.832004 1.544673 -0.520192
v 7.332839 1.864580 -0.774539
v 2.761363 2.788738 0.322370
v 2.899614 2.616771 0.551579
v 7.782446 2.462375 0.359864
v 7.304154 2.645274 0.323116
v 7.308654 2.490445 0.542302
v 7.347595 1.546588 0.770752
v 7.819040 1.851789 0.522481
v 4.571378 0.523327 -0.422577
v 4.573793 0.022119 -0.207585
v 4.401471 0.127434 -0.381109
v 4.572665 0.017499 0.204164
v 4.637792 0.195146 0.211368
v 4.409470 0.556762 0.457829
v 4.380426 2.615304 0.551543
v 4.242562 2.788319 0.322371
v 4.380399 2.787064 -0.322374
v 4.242179 2.616376 -0.551580
v 4.241398 1.939610 0.789651
v 4.271351 1.561044 -0.775363
v 5.506674 -0.531989 -0.287795
v 5.661653 -0.656425 0.299271
v 7.015073 -0.669095 -0.307440
v 7.067580 -0.452779 -0.472269
v 7.015457 -0.669095 0.308072
v 7.346910 -0.453943 0.307822
v -2.094880 0.243337 0.239493
v -1.954870 0.601753 0.475379
v -2.281331 0.553211 0.468629
v -2.218579 0.247403 -0.390381
v -1.953577 0.602698 -0.477316
v -1.887785 0.429224 -0.384357
v -3.394512 1.376316 0.770797
v -3.535790 1.772552 -0.804267
v 0.535154 0.650690 0.217495
v 0.369336 0.844536 0.468840
v 0.469347 2.660057 0.566186
v 0.486398 2.858629 0.335570
v 0.306584 2.835053 -0.486137
v 0.490639 2.856502 -0.304141
v 0.337295 2.662776 -0.540581
v 0.484932 0.860653 -0.434984
v 0.349261 1.929758 0.803064
v 0.357791 1.584329 -0.759210
v -13.754965 3.353058 0.477963
v -14.034964 3.343369 0.303579
v -13.754750 3.353322 -0.478008
v -14.034952 3.343419 -0.303989
v -13.568991 4.104633 0.175794
v -13.844391 3.961861 0.195794
v -13.569276 4.104621 -0.176195
v -13.599152 3.967631 -0.325123
v -11.398151 3.461764 0.433807
v -12.518304 3.398441 0.479610
v -11.380848 3.421582 0.301756
v -11.410163 4.195446 0.175657
v -12.484615 4.157906 0.175810
v -11.380838 3.421782 -0.301914
v -12.211074 3.370203 -0.308204
v -11.409465 4.053605 -0.333934
v -12.488959 4.014870 -0.334946
v -11.410163 4.195446 -0.175657
v -6.626507 3.505393 -0.301473
v -5.773420 3.502077 0.307064
v -0.034134 3.603684 -0.303211
v -0.204144 3.597552 0.480194
v -0.034187 3.603620 0.305803
v -6.637339 4.202333 -0.332835
v -5.795356 4.388066 -0.174834
v -0.278856 4.319595 -0.193751
v -0.431187 4.317147 -0.322929
v -6.639126 4.355651 0.174926
v -0.473770 4.470026 0.174838
v -4.994627 3.523492 -0.494096
v -4.994938 3.523365 0.492082
v -4.681832 3.527702 0.492562
v -5.086868 4.518576 0.173961
v -5.079128 4.342717 0.331956
v -5.086888 4.518572 -0.173923
v -4.812248 4.544450 -0.173780
v -3.712116 3.542617 -0.493458
v -3.156753 2.683789 -0.564393
v -3.277684 2.877894 -0.517960
v -2.740778 2.681461 -0.561769
v -2.747361 2.684921 0.551250
v -2.838216 2.876210 0.504737
v -3.712278 3.542574 0.492766
v -4.313976 4.538649 0.173859
v -3.876777 4.531848 0.173925
v -4.299545 4.362263 -0.331848
v -3.876777 4.531848 -0.173925
v -3.858913 4.357175 -0.331995
v -2.629885 1.427978 -0.783441
v -2.271357 1.447985 -0.783891
v 2.898894 1.937962 -0.790576
v 3.571508 1.937149 0.791669
v 3.586963 1.584417 0.805562
v -0.311401 1.549024 0.811402
v -0.927934 0.718031 0.537203
v -0.899610 0.517956 0.306846
v -2.414929 1.827642 0.787137
v -2.789907 1.812506 0.785005
v -0.952586 2.676330 0.564671
v -1.001978 2.856242 0.517800
v -1.371286 2.678079 0.561661
v -2.133672 3.566790 0.493010
v -2.338785 4.507983 0.174245
v -2.307303 4.339741 0.332585
v -1.888698 4.500967 -0.174391
v -2.338785 4.507983 -0.174245
v -1.654452 3.573960 -0.492315
v -2.133514 3.566746 -0.492525
v -1.364340 2.674624 -0.552810
v -1.432952 2.857272 -0.506353
v -0.797837 1.882547 -0.785081
v -1.178036 1.868927 -0.787878
v -0.925590 0.717487 -0.535885
v -0.588912 0.741378 -0.570250
v -1.103344 1.508856 0.792909
v -0.735390 1.527238 0.799597
v -0.168578 0.486664 0.560878
v -0.223711 0.780789 0.619816
v -0.222677 0.781350 -0.616664
v -0.345065 1.899140 -0.782047
v -0.437593 2.670056 -0.546800
v -0.481762 2.846717 -0.500316
v -1.068418 3.583026 -0.491963
v -1.314554 4.492083 -0.174479
v -1.274048 4.328083 0.332999
v -1.314556 4.492084 0.174479
v -1.068655 3.583117 0.493098
v -0.444639 2.673549 0.568651
v -2.558176 -0.256981 -0.234688
v -2.558244 -0.256823 0.234731
v -2.388562 -0.388200 -0.232601
v -2.388041 -0.388219 0.231656
v -1.850226 -0.226961 -0.347404
v -2.195988 -0.220485 -0.388485
v -2.177689 -0.400051 -0.234054
v -2.179308 -0.361290 -0.346663
v -2.054459 -0.165336 0.237527
v -1.854067 -0.346878 0.341547
v -1.853783 -0.385267 0.229890
v -0.740199 -0.145968 0.341186
v -0.385837 -0.076491 0.412896
v -0.385378 -0.077290 -0.412739
v -0.741548 -0.148525 -0.340119
v 0.358147 -2.871239 0.194668
v 0.328963 -2.755583 -0.355772
v 0.206006 -2.749439 -0.202971
v 0.558034 0.020676 -0.364578
v 0.678490 0.032755 -0.197443
v 0.739432 -2.771191 -0.450192
v 0.768689 -2.904920 -0.262160
v 0.558123 0.020369 0.364535
v 0.678490 0.032755 0.197443
v 1.433776 -2.939185 -0.214084
v 1.407214 -2.788527 0.385590
v 1.838981 -2.767041 0.199822
v 1.802311 -2.617906 0.366595
v 0.768883 -2.904932 0.261701
v -0.331779 -0.282515 0.380945
v -0.712406 -0.313251 0.212710
v -0.477368 -0.329962 0.213574
v -0.711529 -0.313524 -0.213327
v -0.705881 -0.278520 -0.323772
v 0.752873 -0.178412 0.195855
v 0.628291 -0.191226 -0.358706
v -0.018453 -0.038530 0.494718
v -0.018429 -0.038301 -0.494759
v 0.047630 -1.620937 0.455300
v 1.297370 -1.241408 0.210241
v 1.138131 -1.352680 -0.378091
v -0.086321 -1.653075 -0.273726
v 0.044357 -0.247798 0.468041
v 0.044281 -0.247592 -0.468053
v -0.057164 -1.765372 0.282132
v 1.477083 -1.340176 -0.387665
v 0.465620 -1.521834 -0.533080
v 0.073090 -2.267878 0.317349
v 0.207367 -2.254356 0.515687
v 1.290315 -2.153275 0.522315
v 1.637765 -1.982899 0.511995
v 1.638645 -1.982998 -0.511895
v 1.290926 -2.152719 -0.522312
v 0.207189 -2.254254 -0.515700
v 0.073063 -2.267878 -0.317310
v 0.492000 -1.645122 0.544055
v 2.328062 -0.439981 0.311293
v 2.446426 -0.556246 0.502843
v 2.446426 -0.556262 -0.502839
v 3.447425 -1.571464 0.376384
v 3.558196 -1.683578 0.200402
v 3.447552 -1.571351 -0.376389
v 3.558197 -1.683578 -0.200402
v 2.944433 -1.060345 -0.578714
v 2.559092 0.158298 0.313848
v 2.721108 0.049309 -0.504925
v 4.255002 -0.980265 0.374335
v 4.417736 -1.090833 0.199428
v 3.645950 0.367122 0.583385
v 3.657487 0.723357 0.624540
v 4.417865 -1.090610 -0.199403
v 3.658171 0.723784 -0.624530
v 3.645767 0.367690 -0.583472
v 2.903319 1.608169 0.791908
v 3.570897 2.616396 0.551707
v 3.570897 2.788738 0.322370
v 3.570897 2.788738 -0.322370
v 3.570897 2.616396 -0.551707
v 0.618126 -2.217782 0.595911
v 0.618130 -2.217734 -0.595924
v -13.571053 4.075357 0.269599
v -12.488864 4.014792 0.334957
v -12.485299 4.123860 0.272962
v -13.784375 4.069538 0.175288
v -13.568455 4.114386 -0.000227
v -13.784577 4.069529 -0.175566
v -13.854583 3.963105 -0.000062
v -13.571294 4.075347 -0.269839
v -12.484663 4.157904 -0.175876
v -12.485336 4.123858 -0.273000
v -6.626334 3.505763 0.302288
v -6.613782 3.543388 0.434846
v -12.251312 3.407809 0.447071
v -11.409493 4.053656 0.333923
v -12.253755 4.025781 0.334484
v -12.211236 3.369140 0.306998
v -12.197881 3.356728 -0.000715
v -11.375120 3.408307 -0.000089
v -11.409883 4.161483 0.272663
v -6.638794 4.321142 0.271361
v -12.254201 4.167162 0.175782
v -11.410257 4.206768 0.000000
v -12.254201 4.167162 -0.175782
v -12.484413 4.169254 -0.000038
v -11.397872 3.461852 -0.433907
v -6.613004 3.541884 -0.434858
v -12.250641 3.409197 -0.447600
v -12.253812 4.025834 -0.334471
v -11.409883 4.161483 -0.272663
v -6.639126 4.355651 -0.174926
v -6.638794 4.321142 -0.271361
v -5.773508 3.501909 -0.306664
v -5.791564 3.493200 0.000385
v -6.630763 3.493225 0.000546
v -5.793127 4.230634 -0.333021
v -5.259204 3.521089 -0.493455
v -5.259979 3.521044 0.491353
v -5.719607 3.528793 0.447461
v -5.793248 4.230941 0.332953
v -6.637581 4.202732 0.332748
v -0.204544 3.597589 -0.478411
v -0.075715 3.601377 -0.439372
v -0.309284 4.314919 -0.290663
v -0.020349 3.604426 0.001357
v -0.075481 3.601286 0.441593
v -0.279012 4.320096 0.194539
v -0.309405 4.315326 0.291136
v -0.431201 4.317237 0.323050
v -6.639237 4.367154 0.000000
v -5.795356 4.388066 0.174834
v -5.794915 4.353322 -0.271208
v -5.369696 4.465230 -0.174334
v -5.085422 4.483159 -0.269566
v -5.364172 4.296036 -0.332629
v -0.469629 4.440334 -0.267523
v -0.473740 4.469931 -0.174713
v -0.345951 4.441261 -0.173491
v -0.475126 4.479844 0.000069
v -0.346069 4.441636 0.173992
v -0.268796 4.321420 0.000446
v -5.794915 4.353322 0.271208
v -5.085405 4.483162 0.269587
v -5.369682 4.465232 0.174359
v -0.469661 4.440430 0.267613
v -5.079144 4.342705 -0.331953
v -4.802763 4.366101 -0.331683
v -4.192552 3.535323 -0.493829
v -4.802758 4.366098 0.331684
v -4.192606 3.535095 0.492529
v -4.812245 4.544450 0.173786
v -4.812857 4.556196 0.000004
v -5.087366 4.530378 0.000022
v -4.810412 4.509211 0.269291
v -4.311140 4.503536 0.269449
v -4.810415 4.509210 -0.269287
v -4.313976 4.538649 -0.173859
v -4.311140 4.503537 -0.269449
v -3.136290 2.876286 -0.517163
v -4.043534 3.537589 -0.493707
v -4.166561 4.360704 -0.331887
v -2.921230 3.554710 -0.492974
v -3.027889 2.683039 -0.563591
v -2.412839 1.824365 -0.796993
v -2.671762 1.815852 -0.798628
v -2.830971 2.872797 -0.515323
v -2.051652 2.678045 -0.557281
v -4.043611 3.537426 0.492620
v -3.034444 2.685992 0.549243
v -2.673160 1.817500 0.785583
v -2.058392 2.681525 0.556449
v -1.440210 2.860864 0.514837
v -3.858908 4.357171 0.331995
v -4.166543 4.360688 0.331890
v -4.299519 4.362240 0.331852
v -2.921368 3.554708 0.492908
v -4.182008 4.536593 0.173873
v -3.877988 4.543549 0.000000
v -4.182008 4.536593 -0.173873
v -4.314922 4.550354 0.000000
v -3.873144 4.496744 0.269586
v -2.332421 4.473099 0.270180
v -3.107805 4.519917 0.174078
v -3.873144 4.496744 -0.269586
v -3.107805 4.519917 -0.174078
v -2.332418 4.473097 -0.270180
v -3.083255 4.348463 -0.332288
v -2.341920 1.635658 -0.834147
v -1.794809 1.846538 -0.792481
v -1.138373 1.688257 -0.826458
v -1.684901 1.478849 -0.785413
v 2.899243 1.777262 -0.828353
v 2.901114 1.610728 -0.792972
v 2.901959 1.939358 0.789772
v 2.902255 1.776597 0.827286
v -0.349508 1.901334 0.801688
v -0.330356 1.724821 0.841410
v -0.800815 1.886456 0.797933
v -0.767865 1.706504 0.836373
v -0.602599 0.432371 0.444093
v -0.506054 -0.088006 0.363121
v -0.510418 0.447291 0.494543
v -0.551317 0.561826 0.516149
v -0.198314 0.603712 0.578314
v -0.589910 0.741368 0.572285
v -0.703033 0.731731 0.552135
v -0.857426 1.521359 0.796710
v -0.693442 0.508112 0.314765
v -0.665157 0.546318 -0.469992
v -0.634407 0.415856 0.302293
v -2.342907 1.636955 0.824420
v -1.687357 1.478262 0.784045
v -1.142588 1.689150 0.833618
v -1.798116 1.849491 0.791405
v -1.089792 2.676858 0.563704
v -1.182155 1.871278 0.795667
v -0.926475 1.881235 0.797205
v -0.489021 2.850410 0.521665
v -1.147796 2.857765 0.516842
v -1.654982 3.574226 0.493032
v -1.811985 3.571779 0.493032
v -1.852528 4.334467 0.332766
v -1.998782 4.336182 0.332705
v -1.880910 4.466051 0.270393
v -1.306218 4.457321 0.270602
v -1.888701 4.500971 0.174390
v -2.033416 4.503228 0.174338
v -1.891298 4.512609 0.000000
v -2.033414 4.503226 -0.174338
v -2.340907 4.519612 0.000000
v -1.880898 4.466039 -0.270395
v -1.306213 4.457317 -0.270603
v -1.852536 4.334417 -0.332775
v -1.998786 4.336148 -0.332712
v -2.307306 4.339733 -0.332587
v -1.811613 3.571602 -0.492374
v -0.994391 2.852151 -0.503737
v -0.945390 2.672213 -0.550191
v -1.082671 2.673028 -0.551038
v -0.922887 1.878086 -0.785966
v -0.764801 1.703734 -0.823947
v -0.325627 1.723539 -0.822785
v -0.731916 1.525814 -0.788735
v -0.853199 1.520611 -0.787475
v -0.701292 0.731304 -0.550275
v -1.098878 1.509089 -0.786917
v -0.506485 -0.089633 -0.362527
v -0.602405 0.432331 -0.444062
v -0.550995 0.561957 -0.515879
v -0.198305 0.604254 -0.577784
v -0.510343 0.447333 -0.494477
v -0.306550 1.548609 -0.795475
v -0.168848 0.487057 -0.560869
v -1.274050 4.328067 -0.333002
v -1.317336 4.503671 0.000000
v -2.573070 -0.257878 0.000024
v -2.194383 -0.221516 0.388578
v -2.394735 -0.355500 -0.342017
v -2.386229 -0.399110 -0.000536
v -2.177603 -0.400054 0.233897
v -2.179240 -0.361293 0.346573
v -2.093100 -0.361039 -0.345939
v -2.094876 -0.208028 -0.357334
v -1.853807 -0.347027 -0.341580
v -1.853639 -0.385299 -0.230014
v -2.093124 -0.399969 -0.233540
v -1.853636 -0.398060 -0.000077
v -2.093124 -0.399969 0.233540
v -2.177103 -0.412973 -0.000090
v -1.849757 -0.226754 0.347682
v -1.835345 -0.186876 0.234250
v -2.093101 -0.361039 0.345939
v -0.707404 -0.277594 0.323638
v -0.556321 -0.051633 0.244506
v -0.766932 -0.107671 0.232684
v 0.233939 -2.748638 0.305922
v 0.329299 -2.755627 0.355532
v 0.108516 -2.263920 0.461514
v 0.206261 -2.749454 0.202710
v 0.256860 -2.838175 0.181884
v 0.196911 -2.749720 -0.000141
v 0.255870 -2.838114 -0.182962
v 0.358700 -2.879930 -0.000896
v 0.354278 -2.845031 0.297080
v 0.761558 -2.871672 0.388127
v 0.233661 -2.748610 -0.306115
v 0.108398 -2.263866 -0.461501
v 0.353111 -2.844960 -0.298025
v 0.761403 -2.871663 -0.388391
v 0.356751 -2.871153 -0.196249
v 1.427764 -2.903140 -0.324389
v 0.771220 -2.916012 -0.000263
v 1.525762 -2.775862 -0.369506
v 1.407375 -2.788384 -0.385600
v 1.409868 -2.126843 -0.506451
v 1.802562 -2.617912 -0.366529
v 1.831011 -2.731578 -0.304600
v 3.534554 -1.659689 -0.306398
v 1.839137 -2.766946 -0.199533
v 1.551878 -2.929269 -0.202374
v 1.841762 -2.778786 0.000166
v 1.551750 -2.929330 0.202532
v 1.435760 -2.951206 -0.000043
v 1.525526 -2.775924 0.369547
v 1.409028 -2.127045 0.506523
v 1.427733 -2.903151 0.324346
v 1.433738 -2.939199 0.214008
v 1.830886 -2.731653 0.304766
v 3.534554 -1.659689 0.306398
v 0.739469 -2.771205 0.450124
v -0.713742 -0.325164 -0.000389
v -0.476747 -0.330428 -0.213560
v -0.451253 -0.293044 0.331554
v -0.331556 -0.282696 -0.380913
v -0.450357 -0.293768 -0.331425
v 0.628368 -0.191432 0.358698
v 0.718191 -0.182241 0.299934
v 0.752875 -0.178411 -0.195824
v 0.718192 -0.182240 -0.299916
v -0.097873 -1.655864 -0.000008
v -0.051661 -1.644729 0.402378
v 1.267420 -1.303383 0.324266
v 1.266222 -1.301479 -0.323010
v -0.051662 -1.644723 -0.402386
v -0.086319 -1.653083 0.273713
v -0.068779 -1.767980 -0.000010
v -0.022317 -1.757534 0.413742
v 0.076813 -1.735681 0.466728
v 0.464685 -1.521436 0.532999
v 1.138363 -1.353272 0.378428
v 1.167956 -1.494035 0.406221
v 1.291720 -1.457389 0.376364
v 1.479704 -1.341634 0.388717
v 1.458126 -1.210082 0.334353
v 2.356034 -0.466444 0.451762
v 1.466400 -1.159578 0.222723
v 1.465879 -1.158823 -0.222073
v 1.296750 -1.239146 -0.208225
v 1.456374 -1.208839 -0.333478
v 2.356026 -0.466459 -0.451747
v 1.289950 -1.456172 -0.375504
v 1.167506 -1.493740 -0.406017
v 0.047771 -1.621026 -0.455321
v 0.076848 -1.735702 -0.466736
v -0.022321 -1.757525 -0.413754
v -0.057166 -1.765361 -0.282151
v 0.061283 -2.269207 0.000024
v 0.492232 -1.645222 -0.544075
v 2.590944 0.136768 0.454448
v 2.328051 -0.439992 -0.311266
v 2.943931 -1.060796 0.578696
v 2.590946 0.136774 -0.454411
v 3.566079 -1.691541 0.000000
v 4.386147 -1.068951 0.304205
v 4.386249 -1.068772 -0.304191
v 3.483853 -0.462188 -0.583146
v 2.721108 0.049308 0.504933
v 2.559094 0.158305 -0.313784
v 4.428334 -1.098008 0.000013
v 3.483652 -0.462516 0.583158
v 4.255079 -0.980138 -0.374329
v 3.589057 1.584475 -0.805557
v 3.570898 2.799383 0.000000
v 3.571847 1.937149 -0.791669
v -17.064636 0.796582 0.324951
v -17.030857 0.947784 0.000559
v -17.062974 0.797208 -0.323088
v -16.734691 0.721394 0.001041
v -16.712713 0.756548 0.467159
v -15.792025 0.636065 0.322694
v -14.475299 0.555372 0.467718
v -15.729196 0.817716 0.551149
v -16.980432 0.937576 0.510511
v -16.274122 1.591164 0.776898
v -16.578485 1.611710 0.735003
v -14.479299 0.522858 0.321321
v -14.480632 0.512019 0.000000
v -14.195221 0.494947 0.000000
v -14.189981 0.538398 0.467587
v -12.774145 0.424796 0.320785
v -12.770775 0.457751 0.466751
v -14.078574 1.474312 0.792137
v -14.363347 1.480011 0.791824
v -15.968825 2.616501 0.509533
v -16.431263 1.931614 0.528056
v -16.388934 1.930812 0.738604
v -15.657745 2.753424 0.466619
v -15.111850 2.606888 0.551211
v -15.059776 2.788430 0.322803
v -15.888304 2.759628 0.323065
v -15.649918 2.790525 -0.000166
v -15.888555 2.759628 -0.323410
v -16.008790 2.625804 -0.000119
v -14.219310 2.615721 0.549792
v -14.318508 1.835394 0.791317
v -12.549653 2.662029 0.555544
v -12.535505 2.852959 0.501020
v -14.190946 2.800187 0.471848
v -14.234007 2.842501 0.000463
v -15.968909 2.616464 -0.509668
v -16.104447 1.918313 -0.777570
v -16.389028 1.930661 -0.739200
v -15.658159 2.753424 -0.466800
v -15.060589 2.788430 -0.322322
v -14.192334 2.799770 -0.471437
v -15.112013 2.606888 -0.551143
v -13.904950 2.808010 -0.501369
v -12.536095 2.853032 -0.501045
v -14.033429 1.832897 -0.791206
v -14.318124 1.835418 -0.791304
v -16.980015 0.938336 -0.509784
v -16.622269 1.617673 -0.524790
v -16.578236 1.612219 -0.735929
v -16.711580 0.756396 -0.465950
v -15.729213 0.817680 -0.550973
v -14.475299 0.555372 -0.467718
v -15.790895 0.635926 -0.321575
v -14.455992 0.711188 -0.549810
v -14.360818 1.479916 -0.791821
v -14.189981 0.538398 -0.467587
v -12.753728 0.623358 -0.548913
v -12.770775 0.457751 -0.466751
v -16.189748 1.754531 0.814348
v -15.479071 1.543279 0.791113
v -15.363934 1.883021 0.790818
v -16.528288 1.772221 0.553041
v -16.445432 1.931781 -0.000595
v -16.528179 1.772396 -0.554669
v -16.637170 1.619129 -0.000939
v 0.930091 0.784658 0.435503
v 0.494976 0.681399 0.340296
v 0.931188 0.752236 0.295665
v 1.033423 0.761375 0.312634
v 1.033377 0.761366 -0.312530
v 1.282451 0.797299 0.466905
v 2.740035 0.745267 0.479110
v 1.285078 0.937557 0.549468
v 1.033966 0.934641 0.542365
v 1.033398 1.612709 0.789112
v 1.288296 1.776414 0.826945
v 2.762328 1.776169 0.826835
v 1.288307 1.939238 0.789883
v 1.034550 1.938094 0.790918
v 1.033270 2.618728 0.552796
v 0.926177 1.773190 0.829834
v 0.475908 1.765168 0.836596
v 0.925278 1.610311 0.787695
v 1.285708 2.757431 0.469919
v 2.761364 2.756799 0.469619
v 1.285715 2.789364 0.322673
v 1.033038 2.791245 0.323581
v 1.285714 2.799992 0.000308
v 1.033023 2.791082 -0.321131
v 0.928546 2.806942 0.003672
v 0.927573 2.764644 0.473158
v 0.927225 2.623032 0.555195
v 0.928220 2.764051 -0.465740
v 0.928618 2.796069 -0.318559
v 1.285689 2.757367 -0.469316
v 2.761364 2.756799 -0.469619
v 1.285938 2.617346 -0.551244
v 1.032969 2.618699 -0.550368
v 1.033239 1.939639 -0.788363
v -16.189491 1.754755 -0.814643
v -15.363701 1.883209 -0.790879
v -14.339503 1.657465 -0.829526
v -15.477749 1.544374 -0.791467
v 1.288297 1.777376 -0.826422
v 2.760220 1.778168 -0.827524
v 1.288267 1.614737 -0.789103
v 1.034692 1.614357 -0.787701
v 1.034146 0.934849 -0.542157
v 0.926636 1.775054 -0.823409
v 0.479773 1.760428 -0.809009
v 0.925577 1.938011 -0.786215
v 1.282728 0.797247 -0.467097
v 2.741560 0.743594 -0.479370
v 1.280576 0.764918 -0.320428
v 0.930386 0.784982 -0.435318
v 0.496015 0.683225 -0.340138
v 0.929272 0.927013 -0.522745
v -12.488708 0.408560 0.320707
v -12.775269 0.413812 0.000000
v -12.488708 0.408560 -0.320707
v -11.865683 0.362014 0.000000
v -11.861500 0.406182 0.466336
v -8.410964 0.210202 0.464682
v -11.845564 0.576971 0.548521
v -12.468933 0.608726 0.548758
v -11.765755 1.432033 0.793370
v -12.386695 1.442691 0.792937
v -12.265474 2.666658 0.549033
v -12.348349 1.820165 0.792518
v -11.623649 2.850082 0.468000
v -8.241428 2.943172 0.465236
v -11.604621 2.885358 0.320514
v -11.599051 2.897135 -0.000940
v -12.207201 2.902910 -0.320623
v -12.247380 2.864449 0.471299
v -11.625614 2.851255 -0.468582
v -8.241714 2.943493 -0.465308
v -11.648154 2.672954 -0.548685
v -12.266488 2.667844 -0.548782
v -11.728247 1.815395 -0.792875
v -12.348130 1.820357 -0.792460
v -12.468566 0.608721 -0.548758
v -12.384499 1.442664 -0.792937
v -11.861500 0.406182 -0.466336
v -8.410964 0.210202 -0.464682
v -11.864637 0.373056 -0.320553
v -14.056354 1.653208 0.829823
v -12.671300 1.447325 0.792652
v -12.652116 1.634453 0.830765
v -14.054795 1.652344 -0.829564
v -12.632394 1.822977 -0.792170
v -12.650559 1.635109 -0.830953
v -5.595255 0.022735 0.463392
v -6.524315 0.249208 0.546330
v -6.538559 0.055939 0.464370
v -5.606174 -0.022725 -0.000274
v -5.398024 -0.014402 -0.318995
v -5.387816 0.020473 0.462558
v -4.016518 0.148987 0.283074
v -3.013411 0.293713 0.383082
v -4.019931 0.369873 0.503293
v -5.333383 0.217479 0.542981
v -5.059353 1.221160 0.782303
v -2.435108 -0.247373 0.385983
v -2.506368 0.322537 0.401365
v -2.218323 0.247215 0.390341
v -2.216327 0.357850 0.402040
v -2.588252 0.519687 0.467661
v -2.994903 1.407922 0.768921
v -2.643483 0.266419 0.244914
v -3.020339 0.246573 -0.001426
v -2.641974 0.266422 -0.246568
v -2.612150 0.169641 -0.000274
v -5.197357 1.653778 0.782114
v -4.940085 1.655913 0.779766
v -4.196531 2.683429 0.541394
v -4.008974 2.890785 0.496912
v -4.687562 2.903520 0.460563
v -4.801693 2.947357 0.314197
v -4.844684 2.961222 -0.011344
v -5.058275 2.911937 -0.009215
v -4.973573 2.859791 0.461268
v -6.344449 2.872901 0.319267
v -6.340684 2.837672 0.463888
v -3.537646 1.772605 0.781637
v -3.174775 1.799247 0.782378
v -3.163441 2.686374 0.548407
v -3.284519 2.880955 0.501928
v -3.705902 2.886241 0.498797
v -4.689997 2.898901 -0.489369
v -4.239462 2.889272 -0.523935
v -4.190499 2.680328 -0.570557
v -4.682122 2.666176 -0.565459
v -4.935404 1.654279 -0.810113
v -4.982309 2.856812 -0.485579
v -6.348725 2.643297 -0.550050
v -6.342333 2.837223 -0.468273
v -4.681382 3.527683 -0.494039
v -3.698374 2.882329 -0.520717
v -3.586435 2.685631 -0.567266
v -3.171228 1.797954 -0.802114
v -5.298137 1.220666 -0.806232
v -5.054501 1.219714 -0.807516
v -5.387901 0.019881 -0.463702
v -4.017153 0.367921 -0.507269
v -3.010066 0.292514 -0.384596
v -4.014911 0.148834 -0.285055
v -5.595352 0.022273 -0.464395
v -6.540983 0.022002 -0.319549
v -6.538574 0.055876 -0.464513
v -2.480747 0.214781 -0.390026
v -2.435370 -0.247244 -0.385977
v -3.390008 1.376494 -0.790155
v -2.991200 1.407161 -0.785449
v -2.505564 0.322461 -0.402056
v -2.279784 0.553130 -0.470944
v -2.215685 0.357658 -0.402317
v -5.249483 1.438196 0.821412
v -6.418345 1.661782 0.792588
v -6.434491 1.448614 0.831669
v -4.999579 1.438805 0.819413
v -4.086325 1.310601 0.775610
v -3.465667 1.573376 0.819453
v -4.115613 1.724009 0.780473
v -4.112775 1.723404 -0.806651
v -3.462842 1.573887 -0.841523
v -4.081677 1.309613 -0.797634
v -5.244963 1.437335 -0.846949
v -6.448958 1.233766 -0.796922
v -6.432944 1.447846 -0.836159
v -7.318272 0.131162 0.465686
v -7.787129 0.173869 0.464409
v -7.320187 0.097690 0.320191
v -7.320826 0.086532 0.000000
v -7.116949 0.075628 -0.320210
v -7.115046 0.109137 0.465717
v -6.744419 0.065943 0.464509
v -7.105065 0.289013 0.547876
v -7.054685 1.196959 0.793597
v -6.745925 0.031980 0.319535
v -6.746427 0.020658 0.000000
v -6.541782 0.010711 -0.000039
v -6.450977 1.234767 0.793119
v -6.692051 1.233224 0.794564
v -7.030922 1.599619 0.793653
v -6.969935 2.683009 0.470102
v -6.616583 2.822718 0.465153
v -6.967319 2.721062 0.324098
v -6.966711 2.733662 -0.000291
v -7.170613 2.753641 0.000288
v -7.172617 2.702857 0.470351
v -7.630777 2.945182 0.465472
v -7.182730 2.520322 0.550797
v -6.626932 2.629457 0.547379
v -6.671981 1.658003 0.794508
v -6.347103 2.884491 -0.001766
v -6.613470 2.859074 -0.320415
v -7.172749 2.703300 -0.469939
v -7.630801 2.945331 -0.465503
v -7.171340 2.741141 -0.324059
v -6.970551 2.683168 -0.470272
v -6.616629 2.822645 -0.465773
v -6.981092 2.500459 -0.550699
v -7.030665 1.599559 -0.793577
v -6.417547 1.661368 -0.797323
v -6.671710 1.657987 -0.795196
v -7.052814 1.196168 -0.793326
v -7.115046 0.109137 -0.465717
v -6.744419 0.065944 -0.464509
v -7.318272 0.131162 -0.465686
v -7.787129 0.173869 -0.464409
v -7.307915 0.310816 -0.547820
v -6.735581 0.257590 -0.546780
v -6.690392 1.233359 -0.795172
v -7.246205 1.420101 0.831568
v -7.708381 1.560913 0.833686
v -7.257784 1.217349 0.793150
v -7.042770 1.399041 0.831944
v -6.680970 1.446103 -0.834070
v -7.244883 1.420444 -0.831760
v -7.234021 1.621486 -0.793445
v -8.413785 0.165124 0.000000
v -7.789076 0.139941 -0.319479
v -7.776261 0.366288 0.546619
v -7.720891 1.347013 0.794820
v -8.314339 1.788105 0.794632
v -7.695794 1.774026 0.794812
v -7.630160 2.981759 0.320134
v -7.630000 2.993972 -0.000055
v -8.238105 2.989526 -0.000158
v -7.640358 2.751094 -0.547652
v -7.695515 1.773992 -0.794802
v -8.339164 1.366937 -0.794825
v -7.719283 1.346634 -0.794798
v -8.327743 1.577401 0.833503
v -11.728361 1.815288 0.793018
v -11.747027 1.623828 0.831532
v -8.326618 1.577787 -0.833604
v -11.763757 1.430883 -0.793041
v -11.745695 1.623061 -0.831313
v 2.754617 0.918153 -0.556101
v 2.760612 1.615699 -0.790840
v 2.905955 0.714324 -0.520530
v 2.890493 0.589456 -0.509994
v 2.746799 0.618340 -0.462768
v 2.693134 0.712128 0.324944
v 2.761134 1.612702 0.789806
v 2.745688 0.621371 0.463470
v 2.904449 0.716244 0.520308
v 2.908535 0.888049 0.572373
v 7.814699 0.902705 -0.503196
v 7.347893 1.546046 -0.770543
v 7.793026 1.544718 -0.730886
v 7.868126 0.911349 0.000103
v 7.848215 0.754878 0.316683
v 7.804826 0.746120 -0.456358
v 7.346844 -0.453936 -0.307726
v 7.314557 -0.447300 -0.442369
v 7.385345 0.684905 -0.476665
v 6.242639 0.524846 -0.435183
v 6.209338 0.712282 -0.489864
v 7.067439 -0.452729 0.472343
v 7.314623 -0.447305 0.442442
v 7.814714 0.902681 0.503303
v 7.832014 1.544872 0.520736
v 7.793098 1.544922 0.731215
v 6.207603 0.712059 0.489638
v 4.624074 0.268358 0.331841
v 2.759758 1.939126 -0.790046
v 2.761364 2.788738 -0.322370
v 2.761364 2.799383 0.000000
v 2.899216 2.799383 0.000000
v 2.899216 2.756799 -0.469619
v 2.899150 2.616458 -0.551686
v 7.300728 2.619263 -0.467189
v 6.077933 2.544334 -0.552358
v 4.380412 2.755113 -0.469627
v 6.075499 2.711535 -0.322349
v 7.745345 2.593994 -0.324623
v 7.305009 2.653864 0.000138
v 7.745571 2.593995 0.324722
v 7.793162 2.461587 -0.000020
v 7.749829 2.464638 -0.511538
v 7.819020 1.851756 -0.522410
v 7.780520 1.853153 -0.733114
v 7.825462 1.699741 -0.548504
v 7.831855 1.851300 0.000042
v 7.825470 1.699881 0.548855
v 7.844992 1.544757 0.000308
v 7.338887 1.710405 -0.810918
v 6.116441 1.549809 -0.777930
v 4.384789 1.775273 -0.826742
v 6.092468 1.895124 -0.789152
v 2.761628 2.616646 0.551621
v 2.762927 1.938626 0.789874
v 2.899216 2.756799 0.469619
v 2.899216 2.788738 0.322370
v 7.750245 2.464871 0.511405
v 7.333273 1.865104 0.774418
v 7.780594 1.853226 0.733142
v 7.301276 2.619543 0.467214
v 6.075693 2.711577 0.322500
v 4.380412 2.755113 0.469627
v 6.078585 2.544866 0.552182
v 7.338926 1.710992 0.810989
v 6.093834 1.896917 0.788704
v 4.384627 1.777294 0.826746
v 6.114855 1.551548 0.778351
v 4.436963 0.330481 -0.391349
v 3.666904 0.530192 -0.588903
v 4.410034 0.556943 -0.457880
v 4.413837 1.556754 -0.770354
v 4.627939 0.268923 -0.332386
v 5.536886 -0.514292 -0.417218
v 4.640633 0.196492 -0.212037
v 4.643615 0.171545 -0.000355
v 4.582574 0.005442 -0.001948
v 4.545845 0.064693 -0.315883
v 4.435981 0.330201 0.391200
v 3.666843 0.529639 0.588853
v 4.401191 0.126400 0.380589
v 4.544545 0.061125 0.313887
v 5.506303 -0.531797 0.289266
v 5.535892 -0.513985 0.418020
v 4.569642 0.522863 0.422326
v 4.412170 1.558437 0.770753
v 4.242569 2.756378 0.469621
v 3.570898 2.756799 0.469619
v 4.242246 2.616437 0.551558
v 4.381485 1.939422 0.789415
v 4.380399 2.787064 0.322374
v 4.380395 2.797715 0.000000
v 4.242559 2.798966 0.000000
v 4.242569 2.756378 -0.469621
v 3.570898 2.756799 -0.469619
v 4.242561 2.788319 -0.322371
v 4.380159 2.615058 -0.551630
v 4.380192 1.937685 -0.789848
v 4.244483 1.777057 0.827252
v 3.573342 1.775257 0.832297
v 4.270642 1.561698 0.775515
v 4.244706 1.776387 -0.827217
v 3.574696 1.775257 -0.832297
v 4.241119 1.939135 -0.789751
v 6.424978 -0.471635 -0.474617
v 7.016021 -0.637051 -0.442143
v 6.453525 -0.677506 -0.307467
v 5.661404 -0.656192 -0.298590
v 5.659031 -0.662401 0.000371
v 5.496523 -0.537812 0.000847
v 6.453779 -0.677506 0.307885
v 7.016343 -0.637051 0.442522
v 6.424141 -0.471430 0.474601
v 7.239607 -0.643848 -0.304537
v 7.357637 -0.456152 0.000051
v 7.239878 -0.643848 0.304975
v 7.014959 -0.679776 0.000359
v -2.134582 0.251957 0.355310
v -2.093989 -0.208919 0.357708
v -2.062690 0.338740 0.246811
v -2.107770 0.368435 -0.373998
v -1.865765 0.399034 0.257319
v -1.888888 0.428690 0.384082
v -0.894628 0.551977 0.452121
v -1.441779 0.663542 0.505756
v -2.177513 0.566154 0.463655
v -2.272104 1.447271 0.775262
v -2.520228 1.433577 0.771702
v -2.134682 0.252265 -0.355250
v -2.176198 0.566702 -0.465968
v -2.518331 1.434592 -0.783277
v -1.439863 0.663789 -0.506093
v -0.893167 0.551593 -0.452092
v -2.633585 1.427024 0.770714
v -2.711518 1.619737 0.822065
v -2.788401 1.812447 -0.799223
v -2.709204 1.620481 -0.836242
v 0.378965 0.669872 0.398371
v 0.397650 0.548494 0.382893
v 0.492380 0.551610 0.317260
v 0.645597 0.029430 0.302822
v 0.528294 0.539895 0.205379
v 0.528071 0.541504 -0.206794
v 0.535919 0.652044 -0.217582
v 0.482847 0.859118 0.438833
v 0.475447 1.595005 0.779058
v 0.300182 2.838422 0.517632
v 0.330772 2.666041 0.572667
v 0.476779 1.933941 0.802752
v 0.500308 2.866504 0.015634
v 0.450191 2.832117 0.487844
v 0.456112 2.829381 -0.455931
v 0.475072 2.657346 -0.534091
v 0.479333 1.929499 -0.774529
v 0.379214 0.671003 -0.397808
v 0.370565 0.845393 -0.464442
v 0.480674 1.591198 -0.754796
v 0.492292 0.553132 -0.318017
v 0.645597 0.029430 -0.302822
v 0.397327 0.549377 -0.383077
v 0.351076 1.758769 0.837516
v 0.353630 1.586850 0.783214
v 0.355232 1.755814 -0.809802
v 0.353387 1.926886 -0.774262
v -13.995056 3.344514 0.439292
v -13.599078 3.967624 0.325060
v -13.813903 3.958098 0.293129
v -14.048260 3.343014 -0.000235
v -12.517080 3.400060 -0.479674
v -13.995046 3.344554 -0.439526
v -13.844447 3.961842 -0.195905
v -13.813958 3.958082 -0.293203
v -17.070660 0.794718 0.001006
v -15.780780 0.668844 0.469368
v -15.065361 2.755571 0.469573
v -15.890994 2.763951 -0.000188
v -15.066011 2.755571 -0.469298
v -15.780139 0.668625 -0.468682
v -15.421824 1.713294 0.828474
v -16.542797 1.773016 -0.000931
v 1.033037 2.801819 0.001231
v -15.420888 1.714047 -0.828719
v -12.489805 0.397555 0.000000
v -12.192930 2.915303 -0.000415
v -5.401400 -0.025832 -0.000311
v -4.012809 0.183477 0.416655
v -2.652358 0.253004 -0.000937
v -4.245693 2.894924 0.495312
v -4.010548 0.182354 -0.418123
v -4.100924 1.516394 0.819261
v -4.097308 1.515852 -0.844602
v -7.117584 0.064458 0.000000
v -6.612388 2.871253 -0.000293
v -7.789725 0.128631 0.000000
v 7.862684 0.757854 0.000010
v 6.238718 0.525203 0.434721
v 6.075600 2.679646 -0.470095
v 7.749748 2.596737 0.000068
v 7.838359 1.699529 0.000198
v 6.098451 1.737549 -0.825825
v 6.075946 2.679832 0.470117
v 6.098343 1.739607 0.825843
v 6.450359 -0.639720 -0.444583
v 6.450562 -0.639720 0.444822
v 7.243045 -0.648799 0.000239
v -1.393272 0.501321 0.416821
v -1.391814 0.501419 -0.416968
v -13.787766 4.073614 -0.000152
v -12.254292 4.178457 0.000000
v -5.795503 4.399647 0.000000
v -5.368616 4.429995 -0.270313
v -0.342840 4.445651 0.000274
v -5.368605 4.429997 0.270328
v -2.137105 2.868515 0.509785
v -4.183043 4.548300 0.000000
v -3.102869 4.484928 0.269876
v -3.102869 4.484928 -0.269876
v -1.739700 1.661966 -0.830359
v -1.742329 1.663077 0.829022
v -2.035841 4.514861 0.000000
v -2.093132 -0.412946 0.000000
v 0.253490 -2.841284 -0.000588
v 1.553779 -2.941507 0.000090
v -0.485810 -0.342458 -0.000012
v -15.058349 2.799383 0.000275
v -15.795126 0.625082 0.000632
v -4.017060 0.137576 -0.001077
v 6.454717 -0.690102 0.000239
v 6.075537 2.722162 0.000097
v -5.364121 4.296087 0.332623
v -5.370048 4.476976 0.000014
v -1.384227 0.470185 0.282514
v -2.129842 2.865020 -0.510826
v -3.109449 4.531580 0.000000
v -3.083255 4.348463 0.332288
v -17.043907 0.803180 0.457213
v -15.880611 2.746661 0.455585
v -15.880862 2.746661 -0.455835
v -17.042572 0.803671 -0.455800
v -16.484587 1.770116 0.773669
v 1.033777 0.793914 0.457760
v 1.034024 1.775171 0.827898
v 1.033026 2.759324 0.470820
v 1.032993 2.759071 -0.468407
v -16.484501 1.770257 -0.774599
v 1.034025 1.777021 -0.825802
v 1.033700 0.793891 -0.457691
v -12.485416 0.441574 0.466612
v -12.248471 2.865263 -0.471447
v -12.485416 0.441574 -0.466612
v -14.341189 1.657529 0.829529
v -4.994599 1.437304 -0.848600
v -7.041523 1.398514 -0.831763
v -7.707308 1.560660 -0.833672
v -6.682073 1.446032 0.833378
v -12.367530 1.631224 0.831055
v -12.366066 1.631206 -0.831055
v 7.804819 0.746063 0.456367
v 7.732356 2.585672 -0.457553
v 7.786765 1.700584 -0.768677
v 7.732822 2.585863 0.457543
v 7.786815 1.700726 0.768889
v 5.668901 -0.637913 -0.421885
v 5.669148 -0.638147 0.422379
v 7.229696 -0.628996 -0.429596
v 7.229966 -0.628996 0.429915
v -2.108486 0.368236 0.373766
v -3.084653 1.603442 0.819866
v -3.081178 1.602554 -0.838874
v -13.774502 4.057296 0.258222
v -13.774704 4.057288 -0.258424
v -12.253931 4.133278 0.272885
v -12.253931 4.133278 -0.272885
v -5.718719 3.527953 -0.448174
v -0.355463 4.428651 -0.255700
v -0.355581 4.429027 0.256065
v -3.143274 2.879439 0.502748
v -4.178906 4.501472 0.269484
v -4.178906 4.501472 -0.269484
v -2.594988 1.625136 -0.835618
v -0.665947 0.546506 0.470119
v -2.596227 1.625313 0.822665
v -2.026138 4.468331 0.270320
v -2.026130 4.468323 -0.270321
v -1.140347 2.853874 -0.504582
v -0.887982 1.698730 -0.824651
v -0.891777 1.700641 0.835350
v -2.394299 -0.355516 0.341452
v 0.265484 -2.828755 0.269284
v 0.264494 -2.828695 -0.270069
v 1.545968 -2.892655 -0.308508
v 1.545867 -2.892704 0.308599
v -5.178836 -1.741288 0.169587
v -5.149531 -1.740730 0.265652
v -4.980431 -2.407480 0.171608
v -5.178779 0.591595 0.169436
v -5.149398 1.140883 0.168612
v -5.149522 -1.740730 -0.265660
v -3.009689 -1.755837 0.277621
v -2.797952 1.146870 0.169453
v -2.861445 -1.751129 -0.170107
v -3.799205 -1.745049 0.279116
v -3.780205 1.152914 0.170195
v -3.799697 -1.745192 -0.278978
v -3.848325 -2.400031 -0.226347
v -4.171517 -2.739322 -0.277464
v -4.020669 -2.752934 -0.170039
v -4.593943 -2.912698 -0.265313
v -4.020487 -2.752865 0.169603
v -4.497227 -2.939271 0.168241
v -4.529081 -1.746903 -0.278431
v -4.529806 -1.747900 0.278431
v -4.524345 1.152914 0.170195
v -4.524777 0.591818 -0.277534
v -3.780204 1.157473 -0.091728
v -4.524397 1.083431 -0.253427
v -4.534261 -2.241976 -0.255937
v -3.807104 -2.397439 -0.257478
v -4.670557 -2.648523 0.172237
v -4.664261 -2.669653 -0.261910
v -4.735808 -2.388173 0.255487
v -4.170664 -2.739232 0.277383
v -5.028545 -2.835536 -0.250684
v -4.010600 -2.753718 -0.091751
v -4.495189 -2.941738 -0.090707
v -4.526422 -0.577513 0.283702
v -4.524343 1.157473 -0.091728
v -5.182449 -1.741739 -0.091518
v -5.147363 -2.227946 0.248137
v -5.150659 -0.574982 0.269115
v -5.150238 -2.290870 0.168851
v -5.151255 -2.293524 -0.091274
v -5.150347 1.143543 -0.091095
v -5.146864 1.077943 0.247889
v -5.146864 1.077943 -0.247889
v -5.147336 -2.227946 -0.248165
v -4.941475 -2.397842 -0.271222
v -3.107725 -2.383685 0.170228
v -2.936202 -2.252829 0.170509
v -3.094279 -2.382638 -0.091827
v -2.936235 -2.252747 -0.170350
v -2.700947 0.588642 0.250731
v -2.914040 -0.581506 0.276987
v -3.101168 -2.261604 0.277617
v -3.839910 -2.240467 0.258043
v -3.284268 -2.391224 0.277549
v -2.803623 1.080533 0.250664
v -2.834977 0.589644 0.271536
v -2.670441 0.589960 -0.090532
v -2.662877 1.079926 -0.167419
v -2.797251 1.150326 -0.091207
v -2.803647 1.080319 -0.250436
v -3.780226 1.083476 -0.253427
v -2.797967 1.146686 -0.169168
v -2.895673 -1.753394 -0.253419
v -4.065175 -2.749231 -0.253226
v -3.284538 -2.391684 -0.277566
v -3.101348 -2.261870 -0.277588
v -3.841597 -2.241180 -0.257584
v -3.009967 -1.755902 -0.277534
v -4.534836 -2.242714 0.255937
v -3.886574 -2.310835 0.174860
v -4.661777 -2.669298 0.261614
v -3.797234 -2.392849 0.259671
v -3.782641 -0.575536 0.283771
v -2.682557 1.034102 0.239611
v -2.682609 1.033518 -0.238957
v -5.031923 -2.835015 0.251823
v -5.182411 -1.210079 -0.170026
v -2.844651 -1.218776 0.253664
v -2.814003 -1.217264 0.170582
v -2.808642 -1.217029 -0.091341
v -5.172878 -2.064402 -0.168822
v -3.750732 -2.354078 0.230227
v -4.942469 -2.397105 0.271372
v -5.175545 -2.065332 -0.091216
v -4.984717 -2.410054 -0.092130
v -5.182389 0.592076 -0.091431
v -5.183597 -0.574827 -0.170142
v -2.988081 -2.334597 -0.091818
v -2.925489 -2.251653 -0.091778
v -2.887431 -2.076169 -0.091694
v -2.790735 -0.580721 0.253334
v -2.661071 1.081687 -0.090273
v -2.790872 -0.581051 -0.252751
v -2.844804 -1.218902 -0.253235
v -2.757042 -0.579770 -0.091084
v -2.761703 -0.579710 0.170485
v -5.186592 -1.210246 -0.091688
v -5.187967 -0.574809 -0.091727
v -5.148115 -2.063048 0.261274
v -5.149390 0.590754 0.265522
v -5.149398 1.140883 -0.168612
v -5.149390 0.590754 -0.265522
v -5.148097 -2.063048 -0.261292
v -5.150208 -2.290871 -0.168899
v -2.984165 -2.256991 0.253682
v -2.936543 -2.080436 0.253710
v -3.054825 -2.340282 0.253605
v -2.701034 0.587991 -0.249963
v -2.984270 -2.256905 -0.253588
v -2.936675 -2.080342 -0.253534
v -3.054915 -2.340244 -0.253583
v -3.864763 -2.303063 0.227311
v -3.716814 -2.353726 -0.258737
v -4.735046 -2.387615 -0.255487
v -4.664950 -2.654848 0.225497
v -4.513451 -2.929465 0.247519
v -5.068897 -2.832319 -0.171099
v -4.535250 -2.304506 -0.224638
v -4.532520 -2.073829 0.271730
v -5.172878 -2.064402 0.168822
v -5.183597 -0.574827 0.170142
v -5.182411 -1.210079 0.170026
v -5.150385 -1.209966 0.268265
v -5.178779 0.591595 -0.169436
v -5.178836 -1.741288 -0.169587
v -5.150658 -0.574982 -0.269116
v -5.150382 -1.209967 -0.268269
v -4.980147 -2.407956 -0.171205
v -3.164967 -2.387497 0.253470
v -4.064930 -2.749166 0.252968
v -2.895960 -2.077105 0.170564
v -3.000622 -2.335835 0.170403
v -3.000663 -2.335779 -0.170364
v -2.895999 -2.077043 -0.170268
v -2.854839 -1.750507 -0.091553
v -2.861395 -1.751104 0.170583
v -2.895519 -1.753427 0.253700
v -2.962302 -1.220302 0.277608
v -3.174064 -2.345112 0.277593
v -3.051177 -2.084058 0.277626
v -3.708659 -2.349746 0.260701
v -3.780227 1.083473 0.253427
v -3.780409 0.592231 0.277534
v -2.662832 1.080486 0.168297
v -2.674055 0.590032 0.169689
v -2.835062 0.589430 -0.271293
v -3.780205 1.152914 -0.170195
v -2.674123 0.589309 -0.168447
v -2.761771 -0.580132 -0.169506
v -2.814063 -1.217470 -0.169857
v -2.962568 -1.220362 -0.277473
v -2.914255 -0.581609 -0.276805
v -3.165070 -2.387519 -0.253526
v -3.107792 -2.383675 -0.170321
v -3.051409 -2.084205 -0.277571
v -3.174240 -2.345497 -0.277586
v -3.818294 -2.071605 -0.272825
v -3.817240 -2.071178 0.273100
v -4.535632 -2.304988 0.224638
v -3.780705 -2.359261 0.177596
v -3.760704 -2.358219 -0.227418
v -3.864537 -2.398359 0.177186
v -3.836674 -2.395296 0.229417
v -3.788256 -1.211930 0.282725
v -4.524413 1.083409 0.253427
v -4.524934 0.591595 0.277534
v -4.524346 1.152914 -0.170195
v -3.780395 0.592261 -0.277534
v -3.782652 -0.575472 -0.283756
v -3.788420 -1.211922 -0.282670
v -3.866992 -2.303935 -0.226624
v -4.531824 -2.072902 -0.271730
v -4.667015 -2.655225 -0.225945
v -4.722972 -2.389863 -0.224098
v -4.715832 -2.392641 0.171641
v -4.723455 -2.390244 0.224098
v -4.619514 -2.933968 -0.168977
v -4.594438 -2.912580 0.265745
v -4.513597 -2.929468 -0.247324
v -4.497362 -2.939258 -0.168029
v -4.620601 -2.933808 0.170116
v -4.623089 -2.937378 -0.090868
v -5.078788 -2.831960 -0.092178
v -5.071776 -2.831897 0.172514
v -4.535662 -2.312463 0.172152
v -4.527173 -1.213598 -0.282452
v -4.525932 -0.576821 -0.283702
v -4.527815 -1.214496 0.282452
v -3.483914 2.467582 1.124275
v -3.479908 2.753123 1.043795
v -3.090786 2.827716 1.019625
v -3.481023 2.538531 0.495496
v -3.013056 2.753098 1.043818
v -3.497951 2.321679 0.407857
v -3.089975 2.606390 0.476365
v -3.073088 2.470564 0.339429
v -2.995059 2.321741 0.407841
v -3.461817 2.311000 0.383162
v -3.536633 2.553026 1.100931
v -3.541553 2.409250 0.671731
v -3.026349 2.605178 1.262966
v -3.448544 2.800428 1.179804
v -3.008617 2.324421 0.696909
v -2.990017 2.598719 1.236670
v -3.450891 2.481254 0.364127
v -3.042117 2.481293 0.364186
v -3.484312 2.324414 0.696911
v -2.951375 2.409258 0.671729
v -3.487534 2.589570 0.621184
v -3.089140 2.662218 0.599586
v -3.404054 2.662132 0.599375
v -3.503000 2.598685 1.236680
v -3.417448 2.809575 1.205734
v -3.044478 2.800336 1.179831
v -2.959647 2.366667 0.543169
v -3.480647 2.288069 0.567324
v -3.466702 2.605138 1.262977
v -3.009030 2.467600 1.124271
v -2.956315 2.553037 1.100927
v -3.075609 2.809467 1.205763
v -3.402228 2.827726 1.019565
v -3.005449 2.589596 0.621243
v -3.419934 2.470523 0.339372
v -3.533298 2.366647 0.543175
v -3.403253 2.606293 0.476128
v -3.011973 2.538563 0.495563
v -3.031224 2.311072 0.383143
v -3.012301 2.288087 0.567319
v -18.900808 1.934086 -0.337759
v -18.900843 1.990901 -0.291569
v -18.900883 2.021262 -0.257798
v -18.900886 2.076147 -0.165760
v -18.900875 2.099943 -0.091853
v -18.900886 2.105649 -0.061198
v -18.900891 2.109092 -0.030181
v -18.900859 2.105581 0.063412
v -18.900883 2.099907 0.094094
v -18.900836 2.081789 0.153540
v -18.900859 2.069585 0.181964
v -18.900883 2.055343 0.209266
v -18.900836 2.020976 0.259800
v -18.900859 2.001175 0.282790
v -18.900883 1.979760 0.304039
v -18.900812 1.933976 0.339912
v -18.900802 1.911740 0.353112
v -18.900916 1.888414 0.361385
v -18.884439 1.858007 0.365053
v -18.849112 1.822164 0.361224
v -18.847956 1.794547 0.366386
v -18.847550 1.766889 0.369485
v -18.847425 1.738260 0.370453
v -18.847527 1.709649 0.369372
v -18.847933 1.682047 0.366326
v -18.849091 1.654535 0.361250
v -18.884384 1.618814 0.365052
v -18.900639 1.588770 0.361494
v -18.900642 1.565245 0.353160
v -18.900809 1.542714 0.339845
v -18.900836 1.496904 0.303732
v -18.900859 1.475457 0.282507
v -18.900883 1.455635 0.259550
v -18.900859 1.437603 0.234948
v -18.900836 1.421421 0.208898
v -18.900859 1.407142 0.181606
v -18.900883 1.394908 0.153208
v -18.900836 1.376970 0.093700
v -18.900859 1.371257 0.063015
v -18.900883 1.367808 0.031954
v -18.900836 1.367903 -0.030583
v -18.900859 1.371316 -0.061659
v -18.900883 1.376990 -0.092342
v -18.900836 1.395107 -0.151787
v -18.900859 1.407312 -0.180212
v -18.900883 1.421553 -0.207514
v -18.900835 1.455920 -0.258047
v -18.900857 1.475721 -0.281032
v -18.900880 1.497154 -0.302239
v -18.900812 1.543019 -0.337831
v -18.900804 1.565247 -0.350773
v -18.900921 1.588546 -0.358740
v -18.858128 1.613988 -0.376390
v -18.803121 1.652386 -0.398698
v -18.802565 1.681221 -0.403745
v -18.802498 1.709679 -0.406505
v -18.802468 1.738641 -0.407341
v -18.802436 1.767560 -0.406397
v -18.802487 1.795896 -0.403691
v -18.803051 1.824573 -0.398739
v -18.857643 1.888081 -0.380322
v -18.900646 1.911572 -0.350802
v -21.348407 1.770676 0.000162
v -21.084163 1.934810 -0.320687
v -21.067696 1.994197 -0.277926
v -21.059369 2.024469 -0.245018
v -21.043598 2.081548 -0.158772
v -21.037166 2.105008 -0.088458
v -21.035008 2.112640 -0.059514
v -21.034580 2.114369 -0.029607
v -21.035010 2.112628 0.059527
v -21.037167 2.104995 0.088469
v -21.042265 2.086497 0.144644
v -21.045232 2.075578 0.172522
v -21.049750 2.059364 0.197620
v -21.059392 2.024403 0.245009
v -21.064592 2.005406 0.268082
v -21.071016 1.982253 0.286867
v -21.084215 1.934727 0.320719
v -21.091173 1.909991 0.336456
v -21.098859 1.882642 0.346483
v -21.111958 1.854321 0.350903
v -21.138494 1.826074 0.359776
v -21.154915 1.767690 0.368504
v -21.162970 1.738539 0.368412
v -21.171001 1.709435 0.367821
v -21.186593 1.651374 0.358355
v -21.175419 1.623575 0.348882
v -21.177568 1.595504 0.343865
v -21.185106 1.568648 0.333618
v -21.191844 1.544408 0.317819
v -21.204860 1.497855 0.283321
v -21.211074 1.475332 0.264619
v -21.216100 1.456843 0.241811
v -21.220895 1.439589 0.218241
v -21.225599 1.422828 0.194391
v -21.229937 1.407182 0.169721
v -21.232774 1.396605 0.142422
v -21.237784 1.378694 0.086711
v -21.239853 1.371367 0.058440
v -21.240256 1.369655 0.029269
v -21.240256 1.369661 -0.029304
v -21.239860 1.371342 -0.058499
v -21.237800 1.378638 -0.086780
v -21.232787 1.396563 -0.142465
v -21.229954 1.407128 -0.169810
v -21.225620 1.422754 -0.194514
v -21.216125 1.456759 -0.241884
v -21.211093 1.475267 -0.264740
v -21.204873 1.497806 -0.283480
v -21.191875 1.544374 -0.317863
v -21.185142 1.568705 -0.333618
v -21.177597 1.595626 -0.343807
v -21.175563 1.622974 -0.351336
v -21.188655 1.651061 -0.361997
v -21.172699 1.709469 -0.370845
v -21.164601 1.738589 -0.371322
v -21.156528 1.767755 -0.371505
v -21.140254 1.826495 -0.363354
v -21.104462 1.882437 -0.346239
v -21.091079 1.910082 -0.336316
vt 0.375000 0.312500
vt 0.620313 0.312500
vt 0.598623 0.066272
vt 0.565991 0.040200
vt 0.394629 0.312500
vt 0.408057 0.312500
vt 0.485175 0.023575
vt 0.420557 0.312500
vt 0.444902 0.034650
vt 0.433057 0.312500
vt 0.410022 0.057627
vt 0.445557 0.312500
vt 0.383950 0.090259
vt 0.458057 0.312500
vt 0.369237 0.129350
vt 0.470557 0.312500
vt 0.367325 0.171075
vt 0.483057 0.312500
vt 0.378400 0.211348
vt 0.401377 0.246228
vt 0.508057 0.312500
vt 0.434009 0.272300
vt 0.520557 0.312500
vt 0.533057 0.312500
vt 0.514825 0.288925
vt 0.545557 0.312500
vt 0.555098 0.277850
vt 0.558057 0.312500
vt 0.589978 0.254873
vt 0.570557 0.312500
vt 0.616050 0.222241
vt 0.583057 0.312500
vt 0.630763 0.183150
vt 0.595557 0.312500
vt 0.632675 0.141425
vt 0.612500 0.312500
vt 0.380028 0.627169
vt 0.603585 0.958006
vt 0.462677 0.993356
vt 0.537323 0.694144
vt 0.617647 0.943603
vt 0.649937 0.880194
vt 0.603992 0.957319
vt 0.508463 0.949989
vt 0.518222 0.931127
vt 0.426036 0.975821
vt 0.425999 0.975868
vt 0.382338 0.943586
vt 0.357246 0.902341
vt 0.346128 0.855360
vt 0.368690 0.762699
vt 0.368670 0.762744
vt 0.400163 0.726089
vt 0.965162 0.067330
vt 0.443630 0.699267
vt 0.444358 0.698896
vt 0.708633 0.050300
vt 0.464608 0.693105
vt 0.451716 0.695147
vt 0.025457 0.050914
vt 0.746660 0.051187
vt 0.486571 0.689627
vt 0.513429 0.689627
vt 0.025457 0.050914
vt 0.746660 0.051187
vt 0.513430 0.689627
vt 0.500000 0.687500
vt 0.486005 0.689853
vt 0.022748 0.043963
vt 0.708642 0.050300
vt 0.535392 0.693106
vt 0.034838 0.067330
vt 0.967335 0.067330
vt 0.556370 0.699267
vt 0.548284 0.695147
vt 0.582154 0.713002
vt 0.581997 0.712925
vt 0.617661 0.743913
vt 0.642754 0.785159
vt 0.653872 0.855367
vt 0.409981 0.949318
vt 0.381929 0.916162
vt 0.372190 0.790678
vt 0.591301 0.736821
vt 0.620183 0.770086
vt 0.456254 0.687500
vt 0.468754 0.687500
vt 0.481254 0.687500
vt 0.518754 0.687500
vt 0.581254 0.687500
vt 0.593754 0.687500
vt 0.423281 0.687500
vt 0.435781 0.687500
vt 0.510781 0.687500
vt 0.535781 0.687500
vt 0.548281 0.687500
vt 0.560781 0.687500
vt 0.620439 0.099510
vt 0.380371 0.312500
vt 0.621036 0.627016
vt 0.631719 0.135388
vt 0.591180 0.059240
vt 0.394996 0.627090
vt 0.543222 0.071423
vt 0.418774 0.312500
vt 0.520588 0.024561
vt 0.408915 0.627078
vt 0.499725 0.023605
vt 0.500000 0.079770
vt 0.422681 0.312500
vt 0.424661 0.631456
vt 0.458749 0.030182
vt 0.476366 0.083514
vt 0.443774 0.312500
vt 0.439251 0.037610
vt 0.435181 0.312500
vt 0.437161 0.631456
vt 0.432681 0.088931
vt 0.456274 0.312500
vt 0.405562 0.062189
vt 0.450000 0.312500
vt 0.468774 0.312500
vt 0.381118 0.095976
vt 0.462500 0.312500
vt 0.377835 0.103856
vt 0.481274 0.312500
vt 0.368311 0.135662
vt 0.471415 0.627078
vt 0.367624 0.144171
vt 0.483915 0.627078
vt 0.415173 0.199472
vt 0.506274 0.312500
vt 0.381360 0.216999
vt 0.500000 0.312500
vt 0.392849 0.234439
vt 0.518774 0.312500
vt 0.405939 0.250688
vt 0.510181 0.312500
vt 0.512161 0.631456
vt 0.412419 0.256245
vt 0.521415 0.627078
vt 0.459272 0.282488
vt 0.476367 0.228986
vt 0.543774 0.312500
vt 0.479412 0.287939
vt 0.535181 0.312500
vt 0.537161 0.631456
vt 0.500275 0.288895
vt 0.500000 0.232730
vt 0.547681 0.312500
vt 0.549661 0.631456
vt 0.541251 0.282318
vt 0.523633 0.228986
vt 0.568774 0.312500
vt 0.560749 0.274890
vt 0.560181 0.312500
vt 0.562161 0.631456
vt 0.567319 0.223569
vt 0.581274 0.312500
vt 0.594438 0.250311
vt 0.575000 0.312500
vt 0.593774 0.312500
vt 0.618882 0.216524
vt 0.587500 0.312500
vt 0.622165 0.208644
vt 0.596415 0.627078
vt 0.621635 0.687500
vt 0.375000 0.687500
vt 0.390945 0.687500
vt 0.387500 0.687500
vt 0.395067 0.687500
vt 0.403445 0.687500
vt 0.400000 0.687500
vt 0.408772 0.687500
vt 0.568436 0.982003
vt 0.421272 0.687500
vt 0.498222 0.997865
vt 0.428445 0.687500
vt 0.425000 0.687500
vt 0.433772 0.687500
vt 0.474103 0.995825
vt 0.450685 0.989773
vt 0.440945 0.687500
vt 0.437500 0.687500
vt 0.446272 0.687500
vt 0.453445 0.687500
vt 0.450000 0.687500
vt 0.456140 0.631456
vt 0.458772 0.687500
vt 0.389661 0.951559
vt 0.465945 0.687500
vt 0.462500 0.687500
vt 0.468640 0.631456
vt 0.471272 0.687500
vt 0.361747 0.912186
vt 0.478445 0.687500
vt 0.475000 0.687500
vt 0.481140 0.631456
vt 0.483772 0.687500
vt 0.347365 0.866114
vt 0.490945 0.687500
vt 0.487500 0.687500
vt 0.496272 0.687500
vt 0.347925 0.817853
vt 0.503445 0.687500
vt 0.500000 0.687500
vt 0.508772 0.687500
vt 0.376363 0.751725
vt 0.515945 0.687500
vt 0.512500 0.687500
vt 0.518640 0.631456
vt 0.521272 0.687500
vt 0.392191 0.733411
vt 0.528445 0.687500
vt 0.525000 0.687500
vt 0.533772 0.687500
vt 0.431564 0.705497
vt 0.454067 0.696628
vt 0.546272 0.687500
vt 0.501778 0.689635
vt 0.553445 0.687500
vt 0.550000 0.687500
vt 0.558772 0.687500
vt 0.525897 0.691675
vt 0.549315 0.697727
vt 0.565945 0.687500
vt 0.562500 0.687500
vt 0.571272 0.687500
vt 0.578445 0.687500
vt 0.575000 0.687500
vt 0.581140 0.631456
vt 0.583772 0.687500
vt 0.610339 0.735941
vt 0.590945 0.687500
vt 0.587500 0.687500
vt 0.593640 0.631456
vt 0.596272 0.687500
vt 0.638253 0.775314
vt 0.603445 0.687500
vt 0.600000 0.687500
vt 0.652635 0.821386
vt 0.500000 0.982838
vt 0.494912 0.688753
vt 0.640216 0.908023
vt 0.617641 0.943602
vt 0.640209 0.908035
vt 0.559304 0.980855
vt 0.139945 0.270470
vt 0.665484 0.274406
vt 0.055052 0.067330
vt 0.548284 0.695147
vt 0.547384 0.977611
vt 0.523257 0.980952
vt 0.552557 0.973414
vt 0.146645 0.283419
vt 0.862502 0.283419
vt 0.524577 0.951575
vt 0.149700 0.276971
vt 0.677816 0.275334
vt 0.139399 0.051048
vt 0.493285 0.688563
vt 0.481529 0.982339
vt 0.476068 0.983499
vt 0.506420 0.942666
vt 0.787944 0.282373
vt 0.485674 0.959093
vt 0.469695 0.991101
vt 0.463944 0.958279
vt 0.469916 0.991441
vt 0.522283 0.952448
vt 0.493064 0.960732
vt 0.149693 0.276985
vt 0.679240 0.275354
vt 0.142952 0.051030
vt 0.493152 0.688585
vt 0.490989 0.983811
vt 0.498153 0.991029
vt 0.500637 0.982887
vt 0.646801 0.275100
vt 0.461795 0.979794
vt 0.440878 0.981027
vt 0.391056 0.952809
vt 0.401303 0.961583
vt 0.391065 0.952821
vt 0.401252 0.961565
vt 0.362584 0.913755
vt 0.368679 0.924783
vt 0.362594 0.913774
vt 0.368681 0.924775
vt 0.347677 0.867865
vt 0.347681 0.867886
vt 0.372172 0.896838
vt 0.347680 0.819614
vt 0.362105 0.854700
vt 0.357255 0.785139
vt 0.362585 0.773745
vt 0.357262 0.785135
vt 0.390957 0.734692
vt 0.375096 0.752989
vt 0.390943 0.734708
vt 0.375093 0.753012
vt 0.388270 0.762494
vt 0.426887 0.707861
vt 0.437633 0.702323
vt 0.410002 0.738249
vt 0.441408 0.700400
vt 0.441954 0.700121
vt 0.464154 0.693177
vt 0.454485 0.694709
vt 0.457200 0.711762
vt 0.524396 0.691396
vt 0.535791 0.693490
vt 0.524411 0.691366
vt 0.480992 0.050741
vt 0.494850 0.688764
vt 0.500072 0.704569
vt 0.558889 0.700551
vt 0.552825 0.697461
vt 0.558592 0.700400
vt 0.552528 0.697310
vt 0.561218 0.701737
vt 0.572983 0.707798
vt 0.609058 0.734707
vt 0.599853 0.726103
vt 0.609043 0.734694
vt 0.599856 0.726112
vt 0.637416 0.773745
vt 0.631321 0.762717
vt 0.637406 0.773727
vt 0.631320 0.762726
vt 0.652323 0.819635
vt 0.630319 0.789784
vt 0.640775 0.854824
vt 0.595714 0.947398
vt 0.436718 0.968252
vt 0.401538 0.942397
vt 0.376053 0.907018
vt 0.362670 0.865545
vt 0.376075 0.780516
vt 0.401564 0.745152
vt 0.564022 0.718155
vt 0.599993 0.743758
vt 0.626296 0.779389
vt 0.375067 0.627495
vt 0.421415 0.627078
vt 0.433915 0.627078
vt 0.446415 0.627078
vt 0.458915 0.627078
vt 0.496415 0.627078
vt 0.508915 0.627078
vt 0.533915 0.627078
vt 0.546415 0.627078
vt 0.558915 0.627078
vt 0.571415 0.627078
vt 0.583915 0.627078
vt 0.380008 0.687500
vt 0.406254 0.687500
vt 0.418754 0.687500
vt 0.431254 0.687500
vt 0.443754 0.687500
vt 0.493754 0.687500
vt 0.506254 0.687500
vt 0.531254 0.687500
vt 0.543754 0.687500
vt 0.556254 0.687500
vt 0.568754 0.687500
vt 0.606254 0.687500
vt 0.604023 0.957284
vt 0.230053 0.282395
vt 0.523782 0.824349
vt 0.493122 0.940722
vt 0.512188 0.980485
vt 0.236835 0.276171
vt 0.338214 0.275497
vt 0.479415 0.814579
vt 0.860055 0.270470
vt 0.237860 0.276179
vt 0.347098 0.275459
vt 0.853427 0.283279
vt 0.454378 0.694726
vt 0.535248 0.693388
vt 0.628503 0.902993
vt 0.390672 0.685020
vt 0.418640 0.631456
vt 0.415672 0.685020
vt 0.443640 0.631456
vt 0.440671 0.685020
vt 0.453171 0.685020
vt 0.465671 0.685020
vt 0.478171 0.685020
vt 0.506140 0.631456
vt 0.503171 0.685020
vt 0.515671 0.685020
vt 0.543640 0.631456
vt 0.540671 0.685020
vt 0.568640 0.631456
vt 0.565671 0.685020
vt 0.578171 0.685020
vt 0.590671 0.685020
vt 0.618602 0.631450
vt 0.615671 0.685020
vt 0.560274 0.037368
vt 0.526900 0.025487
vt 0.478886 0.024644
vt 0.368394 0.177364
vt 0.439726 0.275132
vt 0.473100 0.287013
vt 0.521114 0.287856
vt 0.631689 0.176838
vt 0.532569 0.979721
vt 0.467550 0.708358
vt 0.640192 0.865956
vt 0.362327 0.275638
vt 0.157650 0.283279
vt 0.494727 0.274889
vt 0.506166 0.274871
vt 0.334517 0.274407
vt 0.544048 0.977881
vt 0.603391 0.798683
vt 0.504205 0.933884
vt 0.483905 0.997451
vt 0.499570 0.985122
vt 0.441652 0.700275
vt 0.637278 0.876709
vt 0.572354 0.963536
vt 0.490149 0.982759
vt 0.457757 0.975845
vt 0.447099 0.972268
vt 0.365448 0.876030
vt 0.362103 0.832812
vt 0.394716 0.753666
vt 0.427536 0.725314
vt 0.510972 0.704503
vt 0.543208 0.710956
vt 0.553624 0.714258
vt 0.637274 0.810789
vt 0.630763 0.129350
vt 0.387500 0.312500
vt 0.618750 0.312500
vt 0.406274 0.312500
vt 0.400000 0.312500
vt 0.403172 0.685020
vt 0.552394 0.034085
vt 0.514893 0.062218
vt 0.412500 0.312500
vt 0.512079 0.023874
vt 0.485107 0.062218
vt 0.431274 0.312500
vt 0.425000 0.312500
vt 0.428172 0.685020
vt 0.470581 0.026620
vt 0.456778 0.071423
vt 0.437500 0.312500
vt 0.431963 0.042056
vt 0.400005 0.068669
vt 0.475000 0.312500
vt 0.405968 0.141357
vt 0.405968 0.171143
vt 0.493774 0.312500
vt 0.495557 0.312500
vt 0.370370 0.185669
vt 0.487500 0.312500
vt 0.490671 0.685020
vt 0.385805 0.224287
vt 0.432681 0.223569
vt 0.512500 0.312500
vt 0.456778 0.241077
vt 0.531274 0.312500
vt 0.525000 0.312500
vt 0.528171 0.685020
vt 0.447606 0.278415
vt 0.485107 0.250282
vt 0.537500 0.312500
vt 0.487921 0.288626
vt 0.514893 0.250282
vt 0.556274 0.312500
vt 0.550000 0.312500
vt 0.553171 0.685020
vt 0.529419 0.285880
vt 0.543222 0.241077
vt 0.562500 0.312500
vt 0.568037 0.270444
vt 0.599995 0.243831
vt 0.594032 0.141357
vt 0.606274 0.312500
vt 0.600000 0.312500
vt 0.603171 0.685020
vt 0.639162 0.910073
vt 0.650403 0.880668
vt 0.618790 0.687500
vt 0.615945 0.687500
vt 0.612500 0.687500
vt 0.615671 0.685020
vt 0.578494 0.976960
vt 0.406140 0.631456
vt 0.533489 0.994696
vt 0.557742 0.986722
vt 0.415945 0.687500
vt 0.412500 0.687500
vt 0.485205 0.997657
vt 0.510735 0.997567
vt 0.431140 0.631456
vt 0.418273 0.974501
vt 0.381869 0.942846
vt 0.357028 0.901492
vt 0.346093 0.828955
vt 0.346183 0.854485
vt 0.493640 0.631456
vt 0.350394 0.806427
vt 0.369249 0.762023
vt 0.421505 0.710540
vt 0.400904 0.725619
vt 0.531140 0.631456
vt 0.466511 0.692804
vt 0.442258 0.700778
vt 0.540945 0.687500
vt 0.537500 0.687500
vt 0.514795 0.689843
vt 0.489265 0.689932
vt 0.556140 0.631456
vt 0.581727 0.712999
vt 0.618131 0.744654
vt 0.650946 0.810261
vt 0.642972 0.786008
vt 0.606140 0.631456
vt 0.653907 0.858545
vt 0.649941 0.880190
vt 0.652155 0.869607
vt 0.615817 0.946184
vt 0.522364 0.996385
vt 0.488901 0.982656
vt 0.511097 0.982656
vt 0.438369 0.985552
vt 0.428377 0.980379
vt 0.397566 0.959567
vt 0.366790 0.922245
vt 0.349054 0.877239
vt 0.350071 0.807243
vt 0.358198 0.782119
vt 0.363371 0.772127
vt 0.384183 0.741316
vt 0.477636 0.691115
vt 0.512810 0.689529
vt 0.486418 0.689787
vt 0.561631 0.701948
vt 0.571624 0.707121
vt 0.602434 0.727933
vt 0.633210 0.765255
vt 0.652327 0.867841
vt 0.652324 0.867854
vt 0.607070 0.935125
vt 0.573757 0.975897
vt 0.560072 0.980670
vt 0.573886 0.975843
vt 0.491538 0.949989
vt 0.557671 0.804222
vt 0.505686 0.936511
vt 0.518399 0.982085
vt 0.518759 0.948928
vt 0.482066 0.931684
vt 0.522429 0.955141
vt 0.253341 0.051183
vt 0.500000 0.687500
vt 0.523286 0.807685
vt 0.440128 0.814585
vt 0.977253 0.043963
vt 0.451716 0.695147
vt 0.441054 0.980840
vt 0.467640 0.979295
vt 0.471960 0.931127
vt 0.483905 0.997451
vt 0.522400 0.955199
vt 0.522715 0.815898
vt 0.288874 0.051003
vt 0.485237 0.689838
vt 0.518755 0.957060
vt 0.500000 1.000000
vt 0.511093 0.952214
vt 0.499154 0.996379
vt 0.511145 0.982907
vt 0.965162 0.067330
vt 0.444352 0.698900
vt 0.382374 0.943619
vt 0.427505 0.962221
vt 0.350066 0.880236
vt 0.350070 0.880229
vt 0.357271 0.902384
vt 0.346130 0.832118
vt 0.347678 0.819635
vt 0.350066 0.807292
vt 0.346135 0.832113
vt 0.346138 0.855408
vt 0.362594 0.773726
vt 0.382353 0.743897
vt 0.382362 0.743895
vt 0.381959 0.771387
vt 0.417967 0.712939
vt 0.426553 0.708031
vt 0.417884 0.712987
vt 0.400130 0.726125
vt 0.443630 0.699267
vt 0.052879 0.067330
vt 0.441111 0.700551
vt 0.436815 0.702740
vt 0.475620 0.691375
vt 0.475589 0.691366
vt 0.519009 0.050744
vt 0.464608 0.693106
vt 0.291359 0.050301
vt 0.533975 0.692881
vt 0.322427 0.053102
vt 0.502748 0.687935
vt 0.489194 0.704778
vt 0.573375 0.707998
vt 0.562034 0.702153
vt 0.556370 0.699267
vt 0.617625 0.743880
vt 0.573384 0.724151
vt 0.649934 0.807264
vt 0.652319 0.819614
vt 0.649930 0.807271
vt 0.642729 0.785116
vt 0.653865 0.855384
vt 0.562816 0.969549
vt 0.468486 0.979275
vt 0.394682 0.933862
vt 0.362681 0.821977
vt 0.365471 0.811496
vt 0.436715 0.719285
vt 0.446922 0.715294
vt 0.532758 0.707791
vt 0.607046 0.752380
vt 0.640188 0.821540
vt 0.418817 0.988498
vt 0.382969 0.987528
vt 0.375015 0.986260
vt 0.360964 0.015003
vt 0.417359 0.050600
vt 0.358504 0.238526
vt 0.617025 0.987895
vt 0.624987 0.986773
vt 0.581171 0.988699
vt 0.624990 0.937503
vt 0.638952 0.013623
vt 0.582481 0.050102
vt 0.582737 0.207053
vt 0.378977 0.258594
vt 0.375000 0.256419
vt 0.378889 0.256658
vt 0.417009 0.207093
vt 0.620791 0.256915
vt 0.620566 0.258891
vt 0.624527 0.256929
vt 0.136802 0.250000
vt 0.138080 0.238989
vt 0.138455 0.202745
vt 0.187500 0.250000
vt 0.187500 0.250000
vt 0.382532 0.484968
vt 0.580812 0.541827
vt 0.419034 0.541725
vt 0.418987 0.700847
vt 0.376398 0.698116
vt 0.861595 0.238976
vt 0.863012 0.249154
vt 0.802201 0.242991
vt 0.623387 0.538440
vt 0.624823 0.730011
vt 0.581027 0.701626
vt 0.135719 0.011509
vt 0.135991 0.048103
vt 0.136124 0.000024
vt 0.192997 0.010116
vt 0.618807 0.756439
vt 0.620788 0.761618
vt 0.624987 0.763227
vt 0.418695 0.312626
vt 0.375000 0.330820
vt 0.304269 0.239881
vt 0.292277 0.250000
vt 0.240558 0.242878
vt 0.308311 0.012603
vt 0.624933 0.330958
vt 0.694018 0.013420
vt 0.707766 0.250000
vt 0.695985 0.240676
vt 0.384081 0.818917
vt 0.193873 0.006904
vt 0.193914 0.000020
vt 0.243574 0.000020
vt 0.242937 0.006883
vt 0.243497 0.010085
vt 0.808291 0.011490
vt 0.806085 0.000017
vt 0.806264 0.006526
vt 0.756876 0.006494
vt 0.756425 0.000017
vt 0.375000 0.389259
vt 0.239175 0.250000
vt 0.207723 0.250000
vt 0.197637 0.242380
vt 0.382518 0.436890
vt 0.375000 0.421816
vt 0.384090 0.868577
vt 0.617330 0.861821
vt 0.246152 0.006882
vt 0.250005 0.000019
vt 0.306086 0.000020
vt 0.306260 0.007149
vt 0.618753 0.931845
vt 0.755181 0.011300
vt 0.759448 0.243495
vt 0.620592 0.871114
vt 0.624989 0.875003
vt 0.624988 0.929538
vt 0.620737 0.930387
vt 0.625000 0.389259
vt 0.760862 0.250000
vt 0.802201 0.242991
vt 0.792234 0.250000
vt 0.625000 0.421615
vt 0.580902 0.390369
vt 0.617273 0.436863
vt 0.418678 0.390388
vt 0.865016 0.015077
vt 0.861201 0.203016
vt 0.417225 0.008076
vt 0.377339 0.011595
vt 0.622573 0.010715
vt 0.582728 0.007750
vt 0.371494 0.247952
vt 0.378889 0.256658
vt 0.628519 0.248462
vt 0.641849 0.239383
vt 0.379481 0.500160
vt 0.376402 0.538103
vt 0.620202 0.500133
vt 0.617038 0.484930
vt 0.379477 0.741494
vt 0.382575 0.762874
vt 0.618807 0.756439
vt 0.620707 0.745010
vt 0.375000 0.312500
vt 0.581088 0.312684
vt 0.624573 0.312500
vt 0.187494 0.000022
vt 0.190663 0.006905
vt 0.624990 0.812500
vt 0.620596 0.816384
vt 0.617335 0.825674
vt 0.250000 0.250000
vt 0.197637 0.242380
vt 0.382665 0.924327
vt 0.379404 0.933616
vt 0.375011 0.937500
vt 0.620738 0.934369
vt 0.750000 0.250000
vt 0.812500 0.250000
vt 0.812500 0.250000
vt 0.050000 1.000000
vt 0.000000 1.000000
vt 0.200000 1.000000
vt 0.300000 1.000000
vt 0.500000 1.000000
vt 0.700000 1.000000
vt 0.800000 1.000000
vt 0.900000 1.000000
vt 1.000000 1.000000
vt 0.000000 0.800000
vt 0.050000 0.800000
vt 0.200000 0.800000
vt 0.300000 0.800000
vt 0.500000 0.800000
vt 0.700000 0.800000
vt 0.800000 0.800000
vt 0.900000 0.800000
vt 1.000000 0.800000
vt 0.000000 0.600000
vt 0.050000 0.600000
vt 0.200000 0.600000
vt 0.300000 0.600000
vt 0.500000 0.600000
vt 0.700000 0.600000
vt 0.800000 0.600000
vt 0.900000 0.600000
vt 1.000000 0.600000
vt 0.000000 0.450000
vt 0.050000 0.450000
vt 0.200000 0.450000
vt 0.300000 0.450000
vt 0.500000 0.450000
vt 0.700000 0.450000
vt 0.800000 0.450000
vt 0.900000 0.450000
vt 1.000000 0.450000
vt 0.000000 0.250000
vt 0.050000 0.250000
vt 0.200000 0.250000
vt 0.300000 0.250000
vt 0.500000 0.250000
vt 0.700000 0.250000
vt 0.800000 0.250000
vt 0.900000 0.250000
vt 1.000000 0.250000
vt 0.000000 -0.000000
vt 0.050000 -0.000000
vt 0.200000 -0.000000
vt 0.300000 -0.000000
vt 0.500000 -0.000000
vt 0.700000 -0.000000
vt 0.800000 -0.000000
vt 0.900000 -0.000000
vt 1.000000 -0.000000
vt 0.379206 0.978839
vt 0.376365 0.981757
vt 0.376008 0.875452
vt 0.379128 0.875310
vt 0.376464 0.985514
vt 0.375732 0.875588
vt 0.375000 0.765662
vt 0.375651 0.769147
vt 0.375977 0.768931
vt 0.377208 0.022682
vt 0.377154 0.005807
vt 0.386798 0.004952
vt 0.387752 0.022019
vt 0.375642 0.001682
vt 0.385512 0.000000
vt 0.398539 0.004673
vt 0.399967 0.021647
vt 0.335287 0.011811
vt 0.368350 0.024045
vt 0.376972 0.105525
vt 0.366935 0.105864
vt 0.333563 0.106225
vt 0.401280 0.977197
vt 0.400431 0.977196
vt 0.404253 0.875000
vt 0.400431 0.875000
vt 0.400433 0.794335
vt 0.404255 0.794363
vt 0.400668 0.006918
vt 0.400787 0.004612
vt 0.400268 0.000000
vt 0.420458 0.000000
vt 0.422146 0.004466
vt 0.423411 0.021374
vt 0.404266 0.105738
vt 0.400431 0.105619
vt 0.373092 0.243227
vt 0.363434 0.240377
vt 0.327230 0.241127
vt 0.329864 0.144446
vt 0.365107 0.144453
vt 0.376623 0.144441
vt 0.379046 0.293843
vt 0.379165 0.256864
vt 0.387820 0.256034
vt 0.387670 0.293906
vt 0.387973 0.230485
vt 0.399792 0.294647
vt 0.375411 0.291438
vt 0.375836 0.293894
vt 0.376079 0.375355
vt 0.375856 0.375616
vt 0.379074 0.375118
vt 0.379181 0.456372
vt 0.376404 0.456756
vt 0.376481 0.459640
vt 0.404305 0.229911
vt 0.400392 0.231295
vt 0.400380 0.144511
vt 0.404271 0.144609
vt 0.404381 0.248536
vt 0.423746 0.230084
vt 0.423664 0.248661
vt 0.400363 0.255979
vt 0.400464 0.300747
vt 0.399597 0.374884
vt 0.399781 0.455152
vt 0.164039 0.241139
vt 0.132252 0.240424
vt 0.125000 0.239471
vt 0.125242 0.133161
vt 0.132637 0.132948
vt 0.139187 0.130887
vt 0.376611 0.520439
vt 0.379302 0.493284
vt 0.387811 0.493897
vt 0.387971 0.519498
vt 0.387658 0.455974
vt 0.400345 0.493915
vt 0.400384 0.518657
vt 0.404694 0.496777
vt 0.404294 0.520044
vt 0.404357 0.501416
vt 0.423656 0.501339
vt 0.423740 0.519886
vt 0.404276 0.605407
vt 0.400384 0.605484
vt 0.379229 0.731464
vt 0.375820 0.733928
vt 0.375000 0.750000
vt 0.375000 0.656242
vt 0.375734 0.650423
vt 0.379174 0.646019
vt 0.379212 0.755727
vt 0.388011 0.756426
vt 0.387958 0.794255
vt 0.388053 0.730826
vt 0.400437 0.756730
vt 0.404274 0.731302
vt 0.400447 0.731203
vt 0.400460 0.644379
vt 0.404299 0.644399
vt 0.404262 0.756804
vt 0.423837 0.731477
vt 0.423830 0.757010
vt 0.423828 0.794478
vt 0.376810 0.124956
vt 0.388027 0.124926
vt 0.388046 0.144401
vt 0.388015 0.105425
vt 0.331764 0.125081
vt 0.249816 0.125114
vt 0.252518 0.106389
vt 0.247258 0.144432
vt 0.144050 0.125131
vt 0.621462 0.007542
vt 0.618959 0.004328
vt 0.626978 0.008608
vt 0.617304 0.004083
vt 0.617045 0.001397
vt 0.668322 0.074190
vt 0.672068 0.015152
vt 0.653069 0.000000
vt 0.827998 0.037911
vt 0.828403 0.029939
vt 0.635798 0.078703
vt 0.627071 0.089148
vt 0.627186 0.508706
vt 0.623199 0.439809
vt 0.627056 0.033340
vt 0.623677 0.130362
vt 0.620436 0.115436
vt 0.623660 0.135692
vt 0.623678 0.147501
vt 0.624855 0.142837
vt 0.610368 0.144999
vt 0.619786 0.146143
vt 0.623308 0.240886
vt 0.618231 0.239582
vt 0.611471 0.126809
vt 0.613128 0.108519
vt 0.573218 0.125229
vt 0.636063 0.245444
vt 0.670035 0.248861
vt 0.636259 0.244793
vt 0.670323 0.248698
vt 0.668019 0.250000
vt 0.669171 0.249349
vt 0.749297 0.250000
vt 0.748594 0.250000
vt 0.749824 0.250000
vt 0.829657 0.248861
vt 0.829598 0.249349
vt 0.829520 0.250000
vt 0.611313 0.256055
vt 0.613117 0.243699
vt 0.611216 0.294027
vt 0.534864 0.231021
vt 0.613459 0.493755
vt 0.611810 0.455917
vt 0.615834 0.505690
vt 0.525762 0.455307
vt 0.863761 0.245444
vt 0.875000 0.227685
vt 0.863741 0.244793
vt 0.872185 0.227654
vt 0.618601 0.508905
vt 0.621564 0.507760
vt 0.625000 0.616877
vt 0.621114 0.616453
vt 0.379239 0.626807
vt 0.388035 0.624985
vt 0.388025 0.644446
vt 0.388048 0.605577
vt 0.400422 0.624955
vt 0.871762 0.133938
vt 0.867786 0.125991
vt 0.875000 0.146048
vt 0.870617 0.137854
vt 0.868801 0.122293
vt 0.869381 0.121003
vt 0.870855 0.020772
vt 0.872237 0.016869
vt 0.875000 0.007252
vt 0.617437 0.624757
vt 0.618251 0.618317
vt 0.617805 0.644530
vt 0.572359 0.625076
vt 0.847279 0.065635
vt 0.816741 0.067680
vt 0.741593 0.392514
vt 0.722854 0.423185
vt 0.621637 0.756588
vt 0.619331 0.739304
vt 0.623367 0.793480
vt 0.615673 0.756942
vt 0.609007 0.731468
vt 0.428782 0.977027
vt 0.427771 0.977027
vt 0.427771 0.875000
vt 0.436393 0.875000
vt 0.423828 0.875000
vt 0.427772 0.794508
vt 0.428825 0.004340
vt 0.428329 0.006510
vt 0.428845 0.000000
vt 0.488109 0.000000
vt 0.489899 0.003919
vt 0.491368 0.005879
vt 0.427311 0.021301
vt 0.436407 0.106018
vt 0.427779 0.105866
vt 0.436436 0.231592
vt 0.427743 0.231678
vt 0.423809 0.144459
vt 0.427773 0.144325
vt 0.436532 0.256843
vt 0.436769 0.294582
vt 0.484136 0.232009
vt 0.484146 0.257498
vt 0.484151 0.294695
vt 0.428311 0.294772
vt 0.428493 0.375104
vt 0.436837 0.375235
vt 0.436746 0.455799
vt 0.428297 0.455389
vt 0.427744 0.256225
vt 0.423442 0.252730
vt 0.427624 0.452632
vt 0.436503 0.493270
vt 0.436412 0.518285
vt 0.484147 0.455366
vt 0.484142 0.492512
vt 0.484133 0.517955
vt 0.427728 0.518227
vt 0.436421 0.605825
vt 0.427776 0.605654
vt 0.436412 0.731709
vt 0.427785 0.731570
vt 0.423860 0.644141
vt 0.427809 0.644130
vt 0.436401 0.757205
vt 0.436395 0.794559
vt 0.484139 0.732089
vt 0.484141 0.757627
vt 0.484152 0.794791
vt 0.404268 0.125122
vt 0.423830 0.105753
vt 0.423822 0.125045
vt 0.404290 0.624970
vt 0.423813 0.605518
vt 0.423842 0.624884
vt 0.529938 0.000000
vt 0.529780 0.003849
vt 0.531129 0.005774
vt 0.517749 0.005844
vt 0.519705 0.003896
vt 0.520006 0.000000
vt 0.532089 0.976670
vt 0.532090 0.875252
vt 0.531237 0.976575
vt 0.530127 0.875014
vt 0.529933 0.794928
vt 0.531891 0.795237
vt 0.536252 0.003933
vt 0.553701 0.004141
vt 0.547373 0.021034
vt 0.542020 0.000000
vt 0.557558 0.000000
vt 0.568721 0.000000
vt 0.566391 0.003936
vt 0.560871 0.020929
vt 0.529022 0.020752
vt 0.509997 0.106515
vt 0.510838 0.106434
vt 0.573893 1.000000
vt 0.572426 0.972592
vt 0.574764 0.995962
vt 0.572038 0.003418
vt 0.572442 0.000000
vt 0.575956 0.000000
vt 0.576166 0.003366
vt 0.572011 0.020009
vt 0.571597 0.005127
vt 0.542910 0.105891
vt 0.536867 0.106169
vt 0.571652 0.970937
vt 0.571666 0.875313
vt 0.572248 0.875066
vt 0.566319 0.973645
vt 0.566341 0.875548
vt 0.566133 0.797413
vt 0.571627 0.798392
vt 0.572375 0.800637
vt 0.484967 0.231243
vt 0.490176 0.230932
vt 0.505336 0.143509
vt 0.503282 0.143606
vt 0.486678 0.246434
vt 0.493667 0.229823
vt 0.500686 0.229949
vt 0.492512 0.246512
vt 0.479198 0.254817
vt 0.429338 0.297584
vt 0.486945 0.291663
vt 0.477425 0.292349
vt 0.487070 0.373870
vt 0.476953 0.374067
vt 0.477619 0.456059
vt 0.487207 0.456377
vt 0.487147 0.254831
vt 0.514244 0.294260
vt 0.514425 0.257210
vt 0.514974 0.231929
vt 0.505292 0.230067
vt 0.526161 0.143748
vt 0.531541 0.144182
vt 0.507990 0.229967
vt 0.499743 0.246477
vt 0.497217 0.246539
vt 0.430929 0.250000
vt 0.479258 0.494412
vt 0.493669 0.520078
vt 0.486838 0.503515
vt 0.492587 0.503488
vt 0.500701 0.520022
vt 0.489506 0.518840
vt 0.484582 0.518528
vt 0.502881 0.606410
vt 0.504641 0.606541
vt 0.487038 0.494109
vt 0.514321 0.518090
vt 0.514093 0.492648
vt 0.514210 0.455436
vt 0.431675 0.500000
vt 0.497350 0.503538
vt 0.499813 0.503561
vt 0.508106 0.520081
vt 0.505442 0.520055
vt 0.531644 0.605863
vt 0.526075 0.606053
vt 0.527799 0.732303
vt 0.526244 0.732329
vt 0.510735 0.643562
vt 0.509975 0.643538
vt 0.531296 0.758029
vt 0.550937 0.758882
vt 0.551679 0.796514
vt 0.546749 0.732381
vt 0.560722 0.732535
vt 0.565464 0.759204
vt 0.529350 0.757872
vt 0.521463 0.794834
vt 0.521013 0.757758
vt 0.520207 0.732247
vt 0.573960 0.752931
vt 0.574760 0.754040
vt 0.572704 0.801452
vt 0.568098 0.730757
vt 0.536864 0.643697
vt 0.542922 0.644083
vt 0.573030 0.749639
vt 0.572304 0.730713
vt 0.577222 0.749473
vt 0.577753 0.752798
vt 0.508069 0.125036
vt 0.517187 0.143663
vt 0.517557 0.125092
vt 0.506620 0.125094
vt 0.520817 0.124977
vt 0.516169 0.143713
vt 0.525408 0.106391
vt 0.531566 0.124861
vt 0.520792 0.624910
vt 0.525441 0.643585
vt 0.516100 0.606134
vt 0.531504 0.624926
vt 0.507674 0.624981
vt 0.517825 0.643625
vt 0.517178 0.624996
vt 0.499515 0.004278
vt 0.495094 0.000000
vt 0.503033 0.006417
vt 0.492791 0.004064
vt 0.492700 0.000000
vt 0.508575 0.976890
vt 0.508575 0.875000
vt 0.503220 0.875000
vt 0.503216 0.794629
vt 0.508568 0.794626
vt 0.507042 0.004273
vt 0.505562 0.000000
vt 0.511956 0.004045
vt 0.516769 0.020897
vt 0.508193 0.021205
vt 0.508796 0.106368
vt 0.520654 0.976701
vt 0.519200 0.976704
vt 0.521613 0.874990
vt 0.519200 0.875000
vt 0.519093 0.794804
vt 0.517925 0.106469
vt 0.518498 0.106444
vt 0.508998 0.230925
vt 0.503125 0.144001
vt 0.508787 0.144008
vt 0.508928 0.256134
vt 0.518328 0.257416
vt 0.518205 0.294658
vt 0.503178 0.293514
vt 0.508810 0.293641
vt 0.503192 0.374928
vt 0.508763 0.375073
vt 0.508793 0.456476
vt 0.503117 0.256061
vt 0.503070 0.230911
vt 0.492956 0.257400
vt 0.492968 0.231867
vt 0.518474 0.231883
vt 0.518632 0.143775
vt 0.518164 0.374989
vt 0.514217 0.374821
vt 0.518151 0.455328
vt 0.503113 0.493824
vt 0.503168 0.456349
vt 0.503076 0.519006
vt 0.492955 0.492605
vt 0.492925 0.455364
vt 0.508905 0.493896
vt 0.518115 0.492594
vt 0.518103 0.518152
vt 0.508980 0.519030
vt 0.508796 0.606002
vt 0.516528 0.606417
vt 0.518264 0.606267
vt 0.508581 0.731698
vt 0.503086 0.643750
vt 0.508864 0.643721
vt 0.508549 0.757282
vt 0.518773 0.757625
vt 0.503204 0.757287
vt 0.503176 0.731708
vt 0.492945 0.757591
vt 0.492918 0.732003
vt 0.518474 0.732047
vt 0.518465 0.643563
vt 0.503075 0.125149
vt 0.503033 0.106152
vt 0.492933 0.125101
vt 0.508790 0.125277
vt 0.518387 0.624883
vt 0.503110 0.624785
vt 0.503135 0.605972
vt 0.493008 0.976689
vt 0.493008 0.875000
vt 0.491689 0.976688
vt 0.484155 0.875000
vt 0.492992 0.794804
vt 0.492875 0.020912
vt 0.492974 0.106366
vt 0.484149 0.106251
vt 0.484116 0.143817
vt 0.492894 0.143788
vt 0.492926 0.294659
vt 0.484151 0.375040
vt 0.492915 0.375014
vt 0.492968 0.518123
vt 0.492899 0.606211
vt 0.484120 0.606166
vt 0.484173 0.643692
vt 0.493003 0.643639
vt 0.484133 0.125046
vt 0.436419 0.144164
vt 0.436415 0.125108
vt 0.484149 0.624915
vt 0.436437 0.644097
vt 0.436434 0.624969
vt 0.766062 0.338063
vt 0.766403 0.337677
vt 0.853596 0.167565
vt 0.742465 0.389727
vt 0.719735 0.454642
vt 0.723396 0.441584
vt 0.703913 0.499587
vt 0.717452 0.468056
vt 0.641009 0.593578
vt 0.646136 0.505628
vt 0.624321 0.189367
vt 0.624321 0.189407
vt 0.621662 0.599028
vt 0.626052 0.602225
vt 0.622462 0.513918
vt 0.622000 0.442726
vt 0.621588 0.444443
vt 0.833851 0.021820
vt 0.865883 0.021734
vt 0.859231 0.059474
vt 0.870531 0.111128
vt 0.866266 0.104392
vt 0.833627 0.104495
vt 0.830751 0.005673
vt 0.752864 0.004958
vt 0.754782 0.021846
vt 0.674439 0.021888
vt 0.673951 0.005959
vt 0.863061 0.007807
vt 0.826626 0.000956
vt 0.859370 0.003825
vt 0.864035 0.014238
vt 0.855719 0.051968
vt 0.822248 0.172923
vt 0.814649 0.178761
vt 0.765574 0.333145
vt 0.627879 0.068280
vt 0.630890 0.019032
vt 0.639254 0.005101
vt 0.673011 0.001275
vt 0.627975 0.072719
vt 0.638587 0.022024
vt 0.671935 0.104521
vt 0.636912 0.104419
vt 0.627907 0.113326
vt 0.623111 0.238162
vt 0.623352 0.224441
vt 0.624290 0.484196
vt 0.873923 0.147814
vt 0.873904 0.147988
vt 0.829677 0.248698
vt 0.829677 0.248698
vt 0.750000 0.250000
vt 0.750000 0.250000
vt 0.863741 0.244793
vt 0.872185 0.227631
vt 0.872185 0.227624
vt 0.828894 0.247251
vt 0.862443 0.243889
vt 0.863712 0.244632
vt 0.829634 0.248658
vt 0.869429 0.227029
vt 0.872178 0.227465
vt 0.863742 0.244791
vt 0.829677 0.248698
vt 0.826370 0.225884
vt 0.826763 0.243107
vt 0.747269 0.243481
vt 0.745430 0.225820
vt 0.749287 0.248370
vt 0.669801 0.247259
vt 0.668231 0.243109
vt 0.665574 0.225884
vt 0.861195 0.226060
vt 0.828222 0.145137
vt 0.863220 0.145202
vt 0.871986 0.145417
vt 0.830989 0.125018
vt 0.749959 0.125028
vt 0.753178 0.104542
vt 0.746788 0.145117
vt 0.666157 0.145141
vt 0.668940 0.125036
vt 0.872172 0.125904
vt 0.873891 0.128577
vt 0.874723 0.145889
vt 0.865859 0.131599
vt 0.872206 0.134077
vt 0.627815 0.227670
vt 0.627815 0.227654
vt 0.624964 0.149234
vt 0.636259 0.244793
vt 0.670323 0.248698
vt 0.670323 0.248698
vt 0.634007 0.226093
vt 0.629364 0.227094
vt 0.627140 0.145535
vt 0.633568 0.145212
vt 0.636616 0.243929
vt 0.636263 0.244658
vt 0.627816 0.227536
vt 0.670323 0.248664
vt 0.636258 0.244791
vt 0.627815 0.227691
vt 0.627532 0.126181
vt 0.624967 0.129645
vt 0.624717 0.140331
vt 0.624992 0.146319
vt 0.624915 0.136772
vt 0.743857 0.380050
vt 0.765283 0.337554
vt 0.722317 0.441351
vt 0.744217 0.383925
vt 0.765624 0.338311
vt 0.854850 0.164830
vt 0.855692 0.162229
vt 0.742427 0.370742
vt 0.838083 0.064820
vt 0.808174 0.060984
vt 0.699391 0.468333
vt 0.718446 0.391151
vt 0.665670 0.511602
vt 0.678532 0.430333
vt 0.641032 0.468083
vt 0.633898 0.553933
vt 0.717338 0.446043
vt 0.621767 0.503413
vt 0.620668 0.582987
vt 0.621793 0.442987
vt 0.620921 0.510850
vt 0.620272 0.588699
vt 0.621800 0.573408
vt 0.617070 0.933229
vt 0.668033 0.071487
vt 0.637331 0.082845
vt 0.622443 0.435589
vt 0.624400 0.180802
vt 0.636259 0.244792
vt 0.627815 0.227679
vt 0.670323 0.248698
vt 0.636259 0.244793
vt 0.627815 0.227624
vt 0.624975 0.148338
vt 0.624979 0.147917
vt 0.670323 0.248698
vt 0.750000 0.250000
vt 0.750000 0.250000
vt 0.863742 0.244792
vt 0.829677 0.248698
vt 0.872185 0.227671
vt 0.863741 0.244793
vt 0.829677 0.248698
vt 0.872185 0.227660
vt 0.874302 0.147086
vt 0.624899 0.138744
vt 0.624373 0.184250
vt 0.624881 0.140325
vt 0.624349 0.186731
vt 0.871715 0.135614
vt 0.874179 0.147516
vt 0.871187 0.136626
vt 0.857850 0.010884
vt 0.826043 0.002721
vt 0.858421 0.038445
vt 0.858858 0.005203
vt 0.826440 0.001301
vt 0.821472 0.012681
vt 0.738236 0.063703
vt 0.747420 0.010504
vt 0.672731 0.013595
vt 0.638228 0.014512
vt 0.627922 0.051451
vt 0.672887 0.003628
vt 0.672940 0.001734
vt 0.639201 0.006937
vt 0.825921 0.000621
vt 0.749940 0.000000
vt 0.749910 0.000000
vt 0.749987 0.000000
vt 0.673750 0.000827
vt 0.579744 0.973148
vt 0.579033 0.984502
vt 0.579447 0.987101
vt 0.579934 0.949438
vt 0.580420 0.970083
vt 0.583160 0.971166
vt 0.578835 0.758207
vt 0.581801 0.758273
vt 0.576324 0.020527
vt 0.580796 0.003756
vt 0.586939 0.004095
vt 0.583014 0.020788
vt 0.581387 0.000000
vt 0.586264 0.000000
vt 0.591288 0.000000
vt 0.593266 0.003947
vt 0.589742 0.020817
vt 0.573460 0.020112
vt 0.550259 0.105470
vt 0.547742 0.105603
vt 0.578980 0.763773
vt 0.578196 0.753254
vt 0.576568 0.732398
vt 0.573653 0.732639
vt 0.546504 0.644040
vt 0.547657 0.644165
vt 0.550149 0.644318
vt 0.588893 0.757967
vt 0.583547 0.732228
vt 0.590508 0.732150
vt 0.595979 0.757589
vt 0.546543 0.105749
vt 0.540765 0.124913
vt 0.534963 0.144106
vt 0.535024 0.605810
vt 0.540763 0.624908
vt 0.613835 0.004112
vt 0.614857 0.000000
vt 0.614080 0.006168
vt 0.608709 0.000000
vt 0.616353 0.984153
vt 0.617000 0.972211
vt 0.616132 0.983045
vt 0.616749 0.947556
vt 0.617736 0.968078
vt 0.616917 0.799409
vt 0.617234 0.795560
vt 0.611222 0.021129
vt 0.580508 0.105420
vt 0.520116 0.248285
vt 0.529797 0.229550
vt 0.523793 0.229430
vt 0.562192 0.144820
vt 0.566041 0.144901
vt 0.525757 0.294797
vt 0.525806 0.375076
vt 0.525489 0.255871
vt 0.432093 0.253217
vt 0.520198 0.501715
vt 0.530000 0.520431
vt 0.525752 0.494088
vt 0.431655 0.449555
vt 0.535626 0.518834
vt 0.566983 0.605260
vt 0.613895 0.748627
vt 0.607659 0.729800
vt 0.599380 0.729168
vt 0.576523 0.645011
vt 0.577883 0.644878
vt 0.616202 0.763460
vt 0.614814 0.752588
vt 0.616132 0.766955
vt 0.614280 0.754239
vt 0.569694 0.124984
vt 0.577173 0.105100
vt 0.569361 0.105212
vt 0.569495 0.625133
vt 0.562446 0.605243
vt 0.555486 0.605644
vt 0.404690 0.253787
vt 0.401049 0.265147
vt 0.404731 0.258943
vt 0.401115 0.271654
vt 0.400632 0.308301
vt 0.400268 0.377256
vt 0.400464 0.453200
vt 0.423460 0.497306
vt 0.401049 0.487109
vt 0.400631 0.453181
vt 0.401114 0.485194
vt 0.404729 0.492788
vt 0.404773 0.305750
vt 0.404800 0.270699
vt 0.423553 0.254717
vt 0.423567 0.268867
vt 0.423571 0.304838
vt 0.401142 0.308570
vt 0.401079 0.379023
vt 0.400471 0.381513
vt 0.404762 0.376083
vt 0.404768 0.446229
vt 0.401138 0.448806
vt 0.404795 0.480719
vt 0.423570 0.445189
vt 0.423566 0.481148
vt 0.423551 0.495287
vt 0.427621 0.263486
vt 0.427734 0.298796
vt 0.428163 0.298692
vt 0.428214 0.263441
vt 0.427172 0.260918
vt 0.427609 0.254726
vt 0.427121 0.254719
vt 0.427621 0.297672
vt 0.427771 0.375022
vt 0.427771 0.375179
vt 0.427734 0.451241
vt 0.427610 0.304878
vt 0.427610 0.268902
vt 0.427771 0.269067
vt 0.427771 0.305084
vt 0.427128 0.304843
vt 0.427128 0.375000
vt 0.423572 0.375015
vt 0.427610 0.375000
vt 0.427610 0.445122
vt 0.427128 0.445157
vt 0.427624 0.486527
vt 0.428209 0.486402
vt 0.428161 0.451016
vt 0.427182 0.489225
vt 0.427120 0.495281
vt 0.427608 0.495274
vt 0.427610 0.481098
vt 0.427771 0.444916
vt 0.427771 0.480933
vt 0.427771 0.495233
vt 0.429330 0.452031
vt 0.428145 0.374831
vt 0.429268 0.374774
vt 0.427771 0.495228
vt 0.430723 0.500000
vt 0.430897 0.500000
vt 0.430759 0.250000
vt 0.429542 0.260927
vt 0.427771 0.254767
vt 0.427771 0.254772
vt 0.432081 0.496265
vt 0.431865 0.485058
vt 0.427771 0.490988
vt 0.427771 0.478202
vt 0.427771 0.441586
vt 0.431580 0.372928
vt 0.431649 0.296819
vt 0.431868 0.262870
vt 0.427771 0.257353
vt 0.427771 0.297289
vt 0.427771 0.265163
vt 0.427771 0.444889
vt 0.427771 0.375000
vt 0.427771 0.375000
vt 0.427771 0.305111
vt 0.427771 0.480911
vt 0.427771 0.480801
vt 0.427771 0.495200
vt 0.427771 0.444749
vt 0.427771 0.444636
vt 0.427771 0.480710
vt 0.427771 0.479107
vt 0.427771 0.444053
vt 0.427771 0.444786
vt 0.427771 0.441204
vt 0.427771 0.371118
vt 0.427771 0.368689
vt 0.427771 0.374029
vt 0.427771 0.304168
vt 0.427771 0.301678
vt 0.427771 0.269089
vt 0.427771 0.269194
vt 0.427771 0.305241
vt 0.427771 0.254820
vt 0.427771 0.269281
vt 0.427771 0.305349
vt 0.427771 0.269599
vt 0.427771 0.254793
vt 0.427771 0.495178
vt 0.427771 0.495170
vt 0.431803 0.500000
vt 0.431691 0.250000
vt 0.427771 0.254830
vt 0.431840 0.250000
vt 0.427771 0.305399
vt 0.427771 0.374991
vt 0.427771 0.374999
vt 0.427771 0.444598
vt 0.427771 0.269320
vt 0.427771 0.269306
vt 0.427771 0.305383
vt 0.427771 0.480679
vt 0.427771 0.444617
vt 0.427771 0.480694
vt 0.427771 0.495173
vt 0.431881 0.500000
vt 0.500569 0.503620
vt 0.431834 0.500000
vt 0.427771 0.495174
vt 0.427771 0.495177
vt 0.431935 0.500000
vt 0.431995 0.500000
vt 0.508919 0.520176
vt 0.510635 0.520290
vt 0.538229 0.605975
vt 0.536025 0.605899
vt 0.502179 0.503694
vt 0.514569 0.520370
vt 0.509434 0.503812
vt 0.518478 0.520439
vt 0.502141 0.246313
vt 0.431867 0.250000
vt 0.510593 0.229747
vt 0.508843 0.229860
vt 0.535985 0.144121
vt 0.538201 0.144155
vt 0.505790 0.246247
vt 0.514547 0.229652
vt 0.518460 0.229580
vt 0.509402 0.246194
vt 0.427771 0.254827
vt 0.431906 0.250000
vt 0.427771 0.254823
vt 0.427771 0.254826
vt 0.431958 0.250000
vt 0.432015 0.250000
vt 0.427771 0.305380
vt 0.427771 0.375000
vt 0.427771 0.375000
vt 0.427771 0.305366
vt 0.427771 0.375000
vt 0.427771 0.444634
vt 0.427771 0.444620
vt 0.427771 0.269293
vt 0.427771 0.269260
vt 0.427771 0.305325
vt 0.427771 0.254806
vt 0.427771 0.269223
vt 0.427771 0.305279
vt 0.427771 0.480707
vt 0.427771 0.480740
vt 0.427771 0.495185
vt 0.427771 0.444675
vt 0.427771 0.444721
vt 0.427771 0.480777
vt 0.544198 0.625208
vt 0.549695 0.625223
vt 0.555908 0.644372
vt 0.543460 0.605940
vt 0.548637 0.605853
vt 0.555111 0.625183
vt 0.870693 0.137616
vt 0.853594 0.167545
vt 0.624970 0.148453
vt 0.624965 0.149261
vt 0.624858 0.142638
vt 0.555472 0.144370
vt 0.562451 0.124741
vt 0.551586 0.144483
vt 0.558238 0.124898
vt 0.564934 0.105361
vt 0.605342 0.006210
vt 0.599897 0.987984
vt 0.600907 1.000000
vt 0.591154 0.988610
vt 0.593387 0.997153
vt 0.600615 0.003914
vt 0.599431 0.005870
vt 0.602462 0.000000
vt 0.608265 0.000000
vt 0.606280 0.004140
vt 0.592719 0.020534
vt 0.563854 0.105406
vt 0.561625 0.105423
vt 0.598964 0.974661
vt 0.599159 0.978645
vt 0.596776 0.973408
vt 0.598928 0.757438
vt 0.544249 0.124749
vt 0.549740 0.124705
vt 0.543444 0.144142
vt 0.555990 0.105427
vt 0.555142 0.124720
vt 0.520889 0.229508
vt 0.520085 0.229538
vt 0.548624 0.144172
vt 0.550647 0.144339
vt 0.511664 0.246108
vt 0.514366 0.246064
vt 0.510909 0.246146
vt 0.432108 0.250000
vt 0.432132 0.250000
vt 0.432068 0.250000
vt 0.427771 0.254797
vt 0.427771 0.254800
vt 0.427771 0.269186
vt 0.427771 0.305233
vt 0.427771 0.269171
vt 0.427771 0.305214
vt 0.427771 0.305250
vt 0.427771 0.375000
vt 0.427771 0.375000
vt 0.427771 0.375000
vt 0.427771 0.444767
vt 0.427771 0.444750
vt 0.427771 0.480814
vt 0.427771 0.495203
vt 0.427771 0.480829
vt 0.427771 0.495200
vt 0.427771 0.495194
vt 0.432104 0.500000
vt 0.432116 0.500000
vt 0.432058 0.500000
vt 0.511737 0.503927
vt 0.520939 0.520576
vt 0.514404 0.503948
vt 0.523814 0.520593
vt 0.520121 0.520517
vt 0.551630 0.605703
vt 0.550677 0.605769
vt 0.558223 0.625179
vt 0.564868 0.644594
vt 0.562441 0.625204
vt 0.563804 0.644499
vt 0.561579 0.644406
vt 0.594674 0.730088
vt 0.593369 0.732188
vt 0.598741 0.763045
vt 0.591153 0.762623
vt 0.600324 0.748871
vt 0.600259 0.752514
vt 0.605233 0.745859
vt 0.606977 1.000000
vt 0.569320 0.644665
vt 0.605661 0.748965
vt 0.601438 0.750000
vt 0.427771 0.495207
vt 0.427771 0.375000
vt 0.574440 0.802106
vt 0.572442 0.875008
vt 0.572704 0.948561
vt 0.578219 0.996775
vt 0.574756 0.767816
vt 0.578230 0.766361
vt 0.578098 0.801715
vt 0.574339 0.874832
vt 0.574450 0.947598
vt 0.578099 0.948386
vt 0.578231 0.983698
vt 0.581213 0.765595
vt 0.588740 0.766055
vt 0.579378 0.766587
vt 0.579435 0.763016
vt 0.581172 0.766785
vt 0.581154 0.802385
vt 0.588657 0.765488
vt 0.588502 0.801476
vt 0.579317 0.802071
vt 0.579296 0.875345
vt 0.578054 0.875058
vt 0.581148 0.875614
vt 0.581153 0.948690
vt 0.579317 0.948533
vt 0.581218 0.984461
vt 0.581403 0.948536
vt 0.588752 0.984389
vt 0.579378 0.983758
vt 0.581171 0.983829
vt 0.588497 0.949209
vt 0.588648 0.984935
vt 0.590718 0.952051
vt 0.588598 0.948655
vt 0.592954 0.996776
vt 0.601434 1.000000
vt 0.593396 0.753156
vt 0.600408 0.986154
vt 0.600094 0.954326
vt 0.601540 0.992924
vt 0.598421 0.986967
vt 0.598059 0.952964
vt 0.602063 0.944268
vt 0.600796 0.948230
vt 0.600757 0.875703
vt 0.602084 0.870050
vt 0.599987 0.881362
vt 0.600091 0.806821
vt 0.600784 0.803059
vt 0.601971 0.980370
vt 0.606866 0.982603
vt 0.601536 0.757399
vt 0.600405 0.770266
vt 0.598420 0.765054
vt 0.599718 0.753763
vt 0.601957 0.764739
vt 0.602046 0.797085
vt 0.606864 0.763308
vt 0.607114 0.796862
vt 0.616749 0.802444
vt 0.613884 0.754322
vt 0.606526 0.753327
vt 0.615320 0.767581
vt 0.615323 0.804187
vt 0.607199 0.870911
vt 0.607116 0.945981
vt 0.614279 0.995761
vt 0.616696 0.947150
vt 0.616482 0.754386
vt 0.616837 0.754326
vt 0.615294 0.754395
vt 0.616521 0.750000
vt 0.616847 0.750000
vt 0.616838 0.767304
vt 0.616838 0.803038
vt 0.616955 0.766858
vt 0.616955 0.802323
vt 0.616484 0.803757
vt 0.616483 0.877312
vt 0.615324 0.878842
vt 0.616837 0.875631
vt 0.616838 0.948065
vt 0.616484 0.950288
vt 0.615291 0.996565
vt 0.616481 0.996192
vt 0.616837 0.995832
vt 0.616516 1.000000
vt 0.615236 1.000000
vt 0.615320 0.986261
vt 0.615323 0.952536
vt 0.616838 0.983326
vt 0.616955 0.983142
vt 0.616955 0.995785
vt 0.606526 0.995651
vt 0.600988 1.000000
vt 0.590147 0.949224
vt 0.589959 0.874265
vt 0.588448 0.875386
vt 0.590152 0.799526
vt 0.590717 0.987105
vt 0.597774 0.996552
vt 0.592956 0.753077
vt 0.600988 0.750000
vt 0.590723 0.762307
vt 0.595676 0.796832
vt 0.613884 0.995680
vt 0.615918 0.982719
vt 0.616824 0.953784
vt 0.616696 0.802861
vt 0.615918 0.767288
vt 0.614819 0.753250
vt 0.595495 0.873895
vt 0.596217 0.986208
vt 0.616430 0.989502
vt 0.616429 0.762999
vt 0.604364 0.750000
vt 0.596217 0.762686
vt 0.596120 0.950951
vt 0.595676 0.951234
vt 0.595942 0.873063
vt 0.596655 0.986148
vt 0.599720 0.996742
vt 0.598183 0.996537
vt 0.604350 1.000000
vt 0.614968 0.999344
vt 0.614818 0.997375
vt 0.604623 1.000000
vt 0.616423 0.997375
vt 0.616822 0.997255
vt 0.616845 1.000000
vt 0.616824 0.989021
vt 0.616922 0.955481
vt 0.616955 0.987653
vt 0.616955 0.953601
vt 0.616922 0.802254
vt 0.616824 0.801530
vt 0.616822 0.753816
vt 0.616824 0.765265
vt 0.616955 0.763483
vt 0.616955 0.753371
vt 0.616422 0.753250
vt 0.615245 0.750000
vt 0.614968 0.750812
vt 0.598183 0.752979
vt 0.597776 0.753172
vt 0.596655 0.761915
vt 0.596120 0.795660
vt 0.598059 0.800572
vt 0.597938 0.877021
vt 0.605723 1.000000
vt 0.616955 0.750000
vt 0.605723 0.750000
vt 0.604627 0.750000
vt 0.616955 0.996913
vt 0.620261 0.966911
vt 0.622764 0.930927
vt 0.616955 0.798388
vt 0.616955 1.000000
vt 0.623090 0.744622
vt 0.622085 0.738205
vt 0.616955 0.947677
vt 0.616955 0.875000
vt 0.617072 0.968506
vt 0.617073 0.981135
vt 0.616955 0.754215
vt 0.618921 0.754351
vt 0.617533 0.788687
vt 0.621354 0.737214
vt 0.617894 0.977793
vt 0.624013 0.775779
vt 0.617070 0.860801
vt 0.617092 0.983032
vt 0.620288 0.742829
vt 0.854136 0.166487
vt 0.750000 0.250000
vt 0.874047 0.147528
vt 0.387614 0.374931
vt 0.387934 0.875158
vt 0.387925 0.977597
vt 0.152647 0.013743
vt 0.255878 0.013600
vt 0.147636 0.106455
vt 0.423828 0.977048
vt 0.551916 0.875608
vt 0.551901 0.975434
vt 0.503936 0.976912
vt 0.749940 0.000000
vt 0.749976 0.250000
vt 0.611222 0.374994
vt 0.623946 0.965298
vt 0.427771 0.254798
vt 0.427771 0.374994
vt 0.244899 0.241377
vt 0.376494 0.605628
vt 0.590060 0.972259
vt 0.505819 0.503754
vt 0.427771 0.375000
vt 0.427771 0.254815
vt 0.577936 0.996125
vt 0.615750 1.000000
vt 0.370232 0.007933
vt 0.367054 0.006729
vt 0.397245 0.000000
vt 0.399275 0.004612
vt 0.396635 0.000000
vt 0.375960 0.259900
vt 0.375787 0.253778
vt 0.376527 0.490573
vt 0.376643 0.496838
vt 0.375959 0.754121
vt 0.375651 0.761316
vt 0.366075 0.125019
vt 0.637311 0.015993
vt 0.638517 0.005378
vt 0.619940 0.130838
vt 0.635478 0.247396
vt 0.625000 0.244793
vt 0.634697 0.250000
vt 0.625000 0.250000
vt 0.863819 0.247396
vt 0.863897 0.250000
vt 0.875000 0.244793
vt 0.875000 0.250000
vt 0.375784 0.632123
vt 0.375000 0.639186
vt 0.375000 0.634060
vt 0.375865 0.625392
vt 0.871485 0.133214
vt 0.870867 0.133007
vt 0.875000 0.125000
vt 0.875000 0.129483
vt 0.861515 0.024589
vt 0.872237 0.013243
vt 0.862160 0.025274
vt 0.875000 0.000000
vt 0.424953 0.000000
vt 0.426879 0.004340
vt 0.425898 0.004401
vt 0.424014 0.000000
vt 0.427728 0.493794
vt 0.427777 0.757085
vt 0.400403 0.125044
vt 0.541366 0.000000
vt 0.535493 0.003849
vt 0.570528 0.000000
vt 0.571081 0.003418
vt 0.572442 0.000000
vt 0.572442 0.000000
vt 0.506417 0.624943
vt 0.505562 0.000000
vt 0.504748 0.004278
vt 0.505562 0.000000
vt 0.512483 0.003896
vt 0.505562 0.000000
vt 0.508835 0.624786
vt 0.492700 0.000000
vt 0.492195 0.003919
vt 0.492953 0.624902
vt 0.518586 0.125138
vt 0.427779 0.125075
vt 0.427798 0.624923
vt 0.638557 0.008973
vt 0.858696 0.241974
vt 0.864799 0.125014
vt 0.637663 0.242002
vt 0.635160 0.125033
vt 0.850263 0.019077
vt 0.642029 0.022999
vt 0.856545 0.002482
vt 0.642495 0.003309
vt 0.579761 0.000000
vt 0.579761 0.000000
vt 0.578077 0.002990
vt 0.577834 0.000000
vt 0.537229 0.125031
vt 0.537281 0.624966
vt 0.620909 0.000000
vt 0.618932 0.000000
vt 0.616861 0.004112
vt 0.616955 0.000000
vt 0.401325 0.276314
vt 0.401321 0.479050
vt 0.427128 0.268874
vt 0.427128 0.481126
vt 0.429524 0.488892
vt 0.427771 0.473425
vt 0.427771 0.271399
vt 0.500521 0.246398
vt 0.427771 0.269304
vt 0.427771 0.480696
vt 0.541846 0.625054
vt 0.600380 0.000000
vt 0.599574 0.003914
vt 0.596535 0.003254
vt 0.597158 0.000000
vt 0.593353 0.000000
vt 0.593937 0.000000
vt 0.541880 0.124823
vt 0.427771 0.269200
vt 0.427771 0.480800
vt 0.510965 0.503877
vt 0.557222 0.625172
vt 0.557242 0.124824
vt 0.606502 0.004140
vt 0.574765 0.982006
vt 0.600895 0.979304
vt 0.600883 0.771633
vt 0.616487 0.767543
vt 0.616487 0.984768
vt 0.379197 0.966569
vt 0.375000 0.978381
vt 0.375000 0.822920
vt 0.379800 0.819975
vt 0.375000 0.771100
vt 0.380001 0.771111
vt 0.387502 0.769591
vt 0.383596 0.141721
vt 0.380629 0.151061
vt 0.327031 0.026655
vt 0.326632 0.083033
vt 0.326198 0.136699
vt 0.325349 0.250375
vt 0.378607 0.166718
vt 0.376761 0.187854
vt 0.447322 0.711728
vt 0.388779 0.934475
vt 0.469498 0.764623
vt 0.388892 0.811186
vt 0.457800 0.666667
vt 0.375000 0.271318
vt 0.375000 0.426841
vt 0.375000 0.478682
vt 0.371287 0.263561
vt 0.379079 0.415109
vt 0.374472 0.254448
vt 0.439826 0.300068
vt 0.375000 0.503504
vt 0.377949 0.501953
vt 0.375000 0.625015
vt 0.390268 0.711578
vt 0.375000 0.685770
vt 0.375000 0.746525
vt 0.385023 0.621318
vt 0.387905 0.671784
vt 0.379268 0.485251
vt 0.446832 0.537606
vt 0.392537 0.752429
vt 0.476580 0.755700
vt 0.472059 0.764854
vt 0.615758 0.986526
vt 0.622199 0.949720
vt 0.616711 0.985900
vt 0.622733 0.949353
vt 0.674482 0.017161
vt 0.674388 0.040444
vt 0.674625 0.005168
vt 0.789931 0.017165
vt 0.674801 0.000702
vt 0.674993 0.000000
vt 0.789421 -0.000000
vt 0.789619 0.000706
vt 0.789796 0.005174
vt 0.824019 0.000686
vt 0.824212 0.005136
vt 0.790002 0.040440
vt 0.824357 0.017112
vt 0.824430 0.040376
vt 0.615979 0.001708
vt 0.635436 0.037463
vt 0.611909 0.067060
vt 0.611861 0.124835
vt 0.635036 0.076776
vt 0.635137 0.124624
vt 0.637446 0.211900
vt 0.600686 0.000621
vt 0.606436 0.001165
vt 0.594656 0.000000
vt 0.611627 0.001553
vt 0.528717 0.008804
vt 0.531916 0.001452
vt 0.531705 0.000000
vt 0.620682 0.262195
vt 0.624340 0.250845
vt 0.620280 0.299840
vt 0.512125 0.260031
vt 0.512977 0.229213
vt 0.674648 0.249035
vt 0.675637 0.244053
vt 0.790213 0.249286
vt 0.674910 0.208832
vt 0.789689 0.208794
vt 0.789598 0.244107
vt 0.823441 0.243956
vt 0.824612 0.248957
vt 0.620251 0.491665
vt 0.620280 0.450160
vt 0.620028 0.537748
vt 0.512170 0.491650
vt 0.512012 0.450160
vt 0.874667 0.124026
vt 0.861127 0.124305
vt 0.823846 0.208711
vt 0.824296 0.124538
vt 0.861314 0.078450
vt 0.824407 0.078694
vt 0.861334 0.040137
vt 0.875000 0.078128
vt 0.875000 0.039816
vt 0.616220 0.763765
vt 0.611696 0.752908
vt 0.622199 0.800280
vt 0.616702 0.763987
vt 0.602338 0.753361
vt 0.615176 0.733027
vt 0.613201 0.745264
vt 0.617140 0.709761
vt 0.611834 0.750536
vt 0.519235 0.754583
vt 0.519568 0.737236
vt 0.519126 0.711511
vt 0.518572 0.107304
vt 0.520777 0.084279
vt 0.522888 0.062456
vt 0.524813 0.043036
vt 0.526457 0.027220
vt 0.459600 0.641860
vt 0.460085 0.640400
vt 0.460473 0.639522
vt 0.460813 0.638934
vt 0.528023 0.975631
vt 0.531186 0.982131
vt 0.519873 0.952334
vt 0.532134 0.774238
vt 0.533901 0.775239
vt 0.539249 0.991913
vt 0.534731 0.987547
vt 0.532329 0.972003
vt 0.518864 0.121252
vt 0.515703 0.171133
vt 0.512012 0.299840
vt 0.440319 0.267545
vt 0.444495 0.298290
vt 0.512007 0.415432
vt 0.440561 0.491650
vt 0.439829 0.450159
vt 0.513432 0.537601
vt 0.516436 0.624931
vt 0.517977 0.671772
vt 0.518058 0.769189
vt 0.483735 0.747427
vt 0.481719 0.734576
vt 0.477437 0.710196
vt 0.538010 0.761700
vt 0.528958 0.766218
vt 0.485350 0.745289
vt 0.475485 0.729586
vt 0.526204 0.926581
vt 0.532903 0.754519
vt 0.473579 0.728938
vt 0.471998 0.729668
vt 0.602399 0.996603
vt 0.541953 0.765102
vt 0.605414 0.758688
vt 0.608523 0.800922
vt 0.605335 0.991501
vt 0.622733 0.800456
vt 0.624093 0.834777
vt 0.617820 0.766575
vt 0.622018 0.801337
vt 0.609079 0.835164
vt 0.622888 0.835235
vt 0.622034 0.948756
vt 0.608375 0.949578
vt 0.536179 0.834590
vt 0.536825 0.950629
vt 0.470589 0.725527
vt 0.470438 0.671259
vt 0.462090 0.624816
vt 0.458718 0.500988
vt 0.454276 0.409615
vt 0.439818 0.415432
vt 0.674361 0.078782
vt 0.674423 0.124645
vt 0.789990 0.078761
vt 0.789917 0.124607
vt 0.146144 0.003475
vt 0.146188 0.064230
vt 0.198072 0.003475
vt 0.198094 0.064230
vt 0.146231 0.124986
vt 0.198116 0.124986
vt 0.198159 0.246497
vt 0.146318 0.246497
vt 0.620281 0.415432
vt 0.619311 0.625149
vt 0.618474 0.671403
vt 0.623880 0.834724
vt 0.607076 1.000000
vt 0.382598 0.144778
vt 0.352134 0.049836
vt 0.380867 0.128301
vt 0.440371 0.666667
vt 0.446993 0.687611
vt 0.374517 0.230993
vt 0.379171 0.449352
vt 0.377949 0.495747
vt 0.380001 0.752680
vt 0.392118 0.737400
vt 0.387502 0.763448
vt 0.638397 0.000000
vt 0.636818 0.004621
vt 0.637601 0.000667
vt 0.636063 0.015149
vt 0.619213 0.001553
vt 0.621608 0.001165
vt 0.623444 0.000621
vt 0.625000 0.000000
vt 0.643099 0.241692
vt 0.636533 0.248389
vt 0.854991 0.240548
vt 0.861101 0.243940
vt 0.859856 0.208477
vt 0.871669 0.208424
vt 0.875000 0.000000
vt 0.875000 0.000501
vt 0.860910 -0.000000
vt 0.875000 0.004784
vt 0.861190 0.004986
vt 0.861058 0.000608
vt 0.875000 0.016628
vt 0.861287 0.016906
vt 0.823801 -0.000000
vt 0.530230 0.000000
vt 0.529521 0.003801
vt 0.530230 0.000000
vt 0.530480 0.000000
vt 0.530506 0.000890
vt 0.530230 0.000000
vt 0.527727 0.016210
vt 0.536147 0.760724
vt 0.485474 0.746996
vt 0.528316 0.951356
vt 0.541487 0.985398
vt 0.617834 0.983511
vt 0.537216 0.799991
vt 0.446993 0.687611
vt 0.483934 0.751780
vt 0.464489 0.697452
vt 0.460877 0.680829
vt 0.458923 0.671839
vt 0.414863 0.978002
vt 0.385042 0.978629
vt 0.409304 0.821839
vt 0.386676 0.825415
vt 0.387220 0.774343
vt 0.403050 0.767823
vt 0.404476 0.018328
vt 0.584402 0.070096
vt 0.404113 0.070074
vt 0.384106 0.189729
vt 0.330084 0.216535
vt 0.614958 0.978629
vt 0.585137 0.978002
vt 0.590696 0.821863
vt 0.613324 0.825415
vt 0.612780 0.774343
vt 0.608076 0.070152
vt 0.583558 0.187385
vt 0.375000 0.276292
vt 0.375000 0.420105
vt 0.375000 0.468042
vt 0.603445 0.254436
vt 0.625000 0.288269
vt 0.582842 0.420821
vt 0.625000 0.433153
vt 0.375000 0.541731
vt 0.399349 0.547891
vt 0.407465 0.546874
vt 0.405555 0.673149
vt 0.375000 0.679220
vt 0.419317 0.454264
vt 0.582848 0.457883
vt 0.604339 0.532734
vt 0.609505 0.548866
vt 0.625000 0.543215
vt 0.603154 0.673513
vt 0.588893 0.675189
vt 0.423210 0.674989
vt 0.600005 0.744278
vt 0.417940 0.417002
vt 0.670245 0.050825
vt 0.801284 0.065075
vt 0.852369 0.067216
vt 0.852250 0.204284
vt 0.801508 0.204705
vt 0.147631 0.067216
vt 0.198716 0.065075
vt 0.198492 0.204705
vt 0.147750 0.204285
vt 0.329516 0.050825
vt 0.383584 0.070134
vt 0.594471 0.018328
vt 0.404693 0.187445
vt 0.396556 0.253688
vt 0.669916 0.216535
vt 0.607402 0.189679
vt 0.399349 0.511047
vt 0.407465 0.528452
vt 0.609504 0.517982
vt 0.625000 0.481447
vt 0.399995 0.744042
vt 0.625000 0.679977
vt 0.576126 0.976429
vt 0.603789 0.957662
vt 0.616732 0.944893
vt 0.639689 0.909048
vt 0.650172 0.880429
vt 0.652241 0.868724
vt 0.653890 0.856956
vt 0.652479 0.820511
vt 0.650440 0.808762
vt 0.642863 0.785583
vt 0.637835 0.774529
vt 0.632265 0.763986
vt 0.617896 0.744283
vt 0.609698 0.735324
vt 0.601143 0.727018
vt 0.581940 0.713000
vt 0.572499 0.707559
vt 0.561833 0.702051
vt 0.551070 0.697594
vt 0.536557 0.693817
vt 0.525147 0.691535
vt 0.513803 0.689686
vt 0.498345 0.689194
vt 0.487842 0.689860
vt 0.476628 0.691245
vt 0.460498 0.693756
vt 0.448010 0.698375
vt 0.439945 0.701551
vt 0.429225 0.706679
vt 0.419736 0.711740
vt 0.400533 0.725854
vt 0.391574 0.734052
vt 0.383268 0.742607
vt 0.375730 0.752357
vt 0.368970 0.762361
vt 0.362982 0.772926
vt 0.357727 0.783629
vt 0.350232 0.806835
vt 0.347803 0.818733
vt 0.346112 0.830537
vt 0.346155 0.854923
vt 0.347521 0.866989
vt 0.349560 0.878738
vt 0.357137 0.901917
vt 0.362165 0.912971
vt 0.367735 0.923514
vt 0.382104 0.943216
vt 0.390359 0.952184
vt 0.399435 0.960575
vt 0.422154 0.975161
vt 0.434715 0.980610
vt 0.453004 0.982424
vt 0.460190 0.990437
vt 0.469372 0.988428
vt 0.477816 0.989082
vt 0.487053 0.990156
vt 0.499111 0.990352
vt 0.510916 0.990112
vt 0.520382 0.989235
vt 0.528373 0.987824
vt 0.550895 0.982301
vt 0.563870 0.981429
vt 0.503123 0.833160
vt 0.572461 0.964398
vt 0.596296 0.948090
vt 0.607810 0.935718
vt 0.629322 0.903346
vt 0.638165 0.876953
vt 0.641041 0.866089
vt 0.641692 0.854863
vt 0.641037 0.821406
vt 0.638160 0.810542
vt 0.631188 0.789458
vt 0.627074 0.778993
vt 0.620963 0.769571
vt 0.607786 0.751785
vt 0.600627 0.743123
vt 0.591900 0.736071
vt 0.573987 0.723365
vt 0.564649 0.717430
vt 0.554156 0.713381
vt 0.543861 0.710000
vt 0.532933 0.706782
vt 0.510396 0.703343
vt 0.499707 0.703463
vt 0.488970 0.703732
vt 0.466628 0.707403
vt 0.456111 0.710958
vt 0.446215 0.714415
vt 0.436003 0.718497
vt 0.426860 0.724451
vt 0.409310 0.737400
vt 0.400820 0.744420
vt 0.393851 0.752982
vt 0.387347 0.761830
vt 0.381029 0.770782
vt 0.375131 0.780042
vt 0.371144 0.790290
vt 0.364392 0.811202
vt 0.361630 0.821813
vt 0.360985 0.832763
vt 0.360987 0.854750
vt 0.361620 0.865709
vt 0.364371 0.876324
vt 0.371129 0.897226
vt 0.375111 0.907491
vt 0.381001 0.916765
vt 0.393820 0.934546
vt 0.400805 0.943127
vt 0.409370 0.950175
vt 0.427400 0.963177
vt 0.437009 0.969146
vt 0.448128 0.972795
vt 0.458609 0.976937
vt 0.470062 0.979593
vt 0.490780 0.983713
vt 0.500463 0.983458
vt 0.510334 0.983062
vt 0.531142 0.979775
vt 0.552195 0.973708
vt 0.562624 0.970328
vn 0.045006 0.890725 -0.452310
vn 0.050841 0.953166 -0.298145
vn 0.961773 -0.267039 0.060683
vn 0.087241 0.806440 -0.584845
vn 0.024228 0.891383 -0.452604
vn 0.024018 0.954628 -0.296831
vn 0.040194 0.580512 -0.813259
vn 0.043454 0.642177 -0.765324
vn 0.999461 0.032466 0.004873
vn 0.024138 0.579857 -0.814360
vn 0.024199 0.643443 -0.765112
vn 0.047649 0.297746 -0.953455
vn 0.047633 0.322295 -0.945440
vn 0.999680 0.000182 -0.025301
vn 0.024319 0.294760 -0.955262
vn 0.024169 0.325997 -0.945062
vn 0.056889 0.001578 -0.998379
vn 0.050826 0.022508 -0.998454
vn 0.999145 0.012310 0.039470
vn 0.050857 -0.019725 -0.998511
vn 0.998973 -0.007093 -0.044760
vn 0.024442 0.001889 -0.999700
vn 0.024292 0.031526 -0.999208
vn 0.024479 -0.028711 -0.999288
vn 0.056889 -0.307005 -0.950006
vn 0.050826 -0.287140 -0.956539
vn 0.997041 0.004482 0.076746
vn 0.050857 -0.327324 -0.943543
vn 0.999623 -0.008687 -0.026062
vn 0.024445 -0.307139 -0.951351
vn 0.024297 -0.278795 -0.960043
vn 0.024481 -0.336126 -0.941499
vn 0.047648 -0.596350 -0.801309
vn 0.047633 -0.575427 -0.816465
vn 0.935900 -0.040064 0.349979
vn 0.024321 -0.599562 -0.799959
vn 0.024171 -0.572945 -0.819237
vn 0.068757 -0.815516 -0.574637
vn 0.026824 -0.803686 -0.594449
vn 0.024322 -0.817415 -0.575535
vn 0.024171 -0.798062 -0.602090
vn 0.135645 -0.943521 -0.302272
vn 0.177664 -0.928589 -0.325819
vn 0.999308 -0.007411 -0.036448
vn 0.024321 -0.955257 -0.294775
vn 0.024171 -0.945059 -0.326005
vn 0.047649 -0.998799 0.011452
vn 0.047633 -0.998762 -0.014372
vn 1.000000 -0.000023 0.000007
vn 0.024322 -0.999594 0.014845
vn 0.024171 -0.999546 -0.018010
vn 0.047648 -0.946375 0.319537
vn 0.047634 -0.954320 0.294965
vn 0.996376 0.048442 0.069917
vn 0.024322 -0.946083 0.323009
vn 0.024171 -0.956190 0.291747
vn 0.150024 -0.801223 0.579254
vn 0.097093 -0.810213 0.578038
vn 0.111911 -0.800509 0.588780
vn 0.995935 -0.062889 -0.064492
vn 0.024446 -0.809873 0.586095
vn 0.024298 -0.826903 0.561820
vn 0.024481 -0.791549 0.610615
vn 0.047649 -0.577813 0.814777
vn 0.047633 -0.598684 0.799568
vn 0.999957 -0.002915 0.008768
vn 0.024321 -0.575537 0.817414
vn 0.024171 -0.602088 0.798064
vn 0.056888 -0.310022 0.949026
vn 0.050826 -0.329939 0.942633
vn 0.999918 0.001058 -0.012770
vn 0.050858 -0.289794 0.955737
vn 0.999627 -0.004274 0.026993
vn 0.024446 -0.310699 0.950194
vn 0.024298 -0.338748 0.940563
vn 0.024481 -0.281466 0.959259
vn 0.056890 -0.001596 0.998379
vn 0.050824 -0.022506 0.998454
vn 0.999941 0.000564 -0.010877
vn 0.050857 0.019725 0.998511
vn 0.999567 0.004598 0.029072
vn 0.024446 -0.001880 0.999699
vn 0.024299 -0.031526 0.999207
vn 0.024481 0.028735 0.999287
vn 0.056888 0.307004 0.950006
vn 0.050826 0.287140 0.956539
vn 0.999903 -0.001126 -0.013859
vn 0.050858 0.327324 0.943542
vn 0.999948 0.003231 0.009674
vn 0.024446 0.307144 0.951349
vn 0.024298 0.278795 0.960043
vn 0.024481 0.336133 0.941496
vn 0.047649 0.596350 0.801309
vn 0.047633 0.575433 0.816461
vn 0.999408 0.034259 -0.003152
vn 0.024322 0.599562 0.799959
vn 0.024171 0.572950 0.819234
vn 0.153793 0.809053 0.567257
vn 0.113067 0.797605 0.592489
vn 0.024321 0.817414 0.575536
vn 0.024171 0.798062 0.602090
vn 0.014156 0.953569 0.300843
vn 0.042076 0.945468 0.322987
vn 0.024322 0.955257 0.294775
vn 0.024171 0.945059 0.326005
vn 0.066858 0.956288 -0.284682
vn 0.065841 0.986005 -0.153167
vn 0.024424 0.987664 -0.154669
vn 0.064939 0.997888 0.001375
vn 0.024015 0.999711 0.001518
vn 0.070316 0.893339 -0.443849
vn 0.024202 0.809678 -0.586375
vn 0.073948 0.813142 -0.577348
vn 0.079858 0.653297 -0.752879
vn 0.081960 0.579925 -0.810537
vn 0.024422 0.455413 -0.889945
vn 0.089384 0.544877 -0.833738
vn 0.106068 0.425500 -0.898721
vn 0.113086 0.297049 -0.948142
vn 0.024418 0.158097 -0.987122
vn 0.115292 0.150364 -0.981885
vn 0.113253 0.067030 -0.991303
vn 0.113808 -0.064200 -0.991426
vn 0.024422 -0.154664 -0.987665
vn 0.115382 -0.150602 -0.981838
vn 0.111228 -0.319428 -0.941060
vn 0.085744 -0.416257 -0.905195
vn 0.024423 -0.452298 -0.891533
vn 0.083630 -0.443385 -0.892421
vn 0.082150 -0.562858 -0.822461
vn 0.080844 -0.619667 -0.780690
vn 0.024424 -0.705664 -0.708126
vn 0.078585 -0.712218 -0.697546
vn 0.074749 -0.790629 -0.607716
vn 0.072906 -0.830851 -0.551699
vn 0.024423 -0.889951 -0.455403
vn 0.070606 -0.892637 -0.445212
vn 0.067884 -0.939109 -0.336846
vn 0.066836 -0.960004 -0.271892
vn 0.024424 -0.987120 -0.158105
vn 0.065848 -0.986066 -0.152768
vn 0.064981 -0.997246 -0.035755
vn 0.065166 -0.997356 0.032175
vn 0.024424 -0.987665 0.154667
vn 0.066137 -0.985995 0.153104
vn 0.067153 -0.960940 0.268485
vn 0.068602 -0.940283 0.333409
vn 0.024423 -0.891529 0.452305
vn 0.071445 -0.892436 0.445482
vn 0.072961 -0.851344 0.519510
vn 0.077216 -0.770575 0.632654
vn 0.024423 -0.708124 0.705666
vn 0.079907 -0.712082 0.697534
vn 0.082093 -0.623035 0.777874
vn 0.084121 -0.566994 0.819415
vn 0.024424 -0.455409 0.889947
vn 0.086013 -0.445391 0.891195
vn 0.083480 -0.341667 0.936106
vn 0.070935 -0.199687 0.977289
vn 0.024424 -0.158100 0.987121
vn 0.067424 -0.154047 0.985760
vn 0.067073 -0.069803 0.995303
vn 0.067237 0.067081 0.995480
vn 0.024424 0.154669 0.987664
vn 0.067443 0.154537 0.985682
vn 0.070701 0.197711 0.977707
vn 0.083608 0.339166 0.937004
vn 0.024424 0.452301 0.891531
vn 0.085872 0.445552 0.891128
vn 0.083892 0.564036 0.821477
vn 0.082366 0.620359 0.779981
vn 0.024424 0.705660 0.708129
vn 0.079899 0.712316 0.697296
vn 0.075865 0.790597 0.607619
vn 0.073896 0.830815 0.551621
vn 0.024424 0.889950 0.455403
vn 0.071438 0.892603 0.445149
vn 0.068505 0.939088 0.336781
vn 0.067318 0.959987 0.271832
vn 0.024057 0.997193 0.070898
vn 0.065189 0.995100 0.074346
vn 0.099505 0.892678 -0.439574
vn 0.099883 0.955000 -0.279284
vn 0.098120 0.581984 -0.807259
vn 0.098389 0.658909 -0.745760
vn 0.145373 0.297101 -0.943715
vn 0.081431 0.446022 -0.891310
vn 0.112188 0.002773 -0.993683
vn 0.129321 -0.063386 -0.989575
vn 0.130908 0.002203 -0.991392
vn 0.129746 0.065112 -0.989407
vn 0.097814 -0.425447 -0.899682
vn 0.054060 -0.253577 -0.965803
vn 0.072865 -0.426378 -0.901606
vn 0.138456 -0.403074 -0.904633
vn 0.098578 -0.627820 -0.772091
vn 0.098477 -0.564219 -0.819731
vn 0.099457 -0.835014 -0.541166
vn 0.099036 -0.791055 -0.603676
vn 0.100140 -0.959575 -0.263037
vn 0.099864 -0.937000 -0.334752
vn 0.100255 -0.994291 0.036536
vn 0.100259 -0.994227 -0.038213
vn 0.099759 -0.937571 0.333180
vn 0.100054 -0.960034 0.261390
vn 0.074648 -0.813561 0.576669
vn 0.098630 -0.768321 0.632420
vn 0.099484 -0.815187 0.570590
vn 0.099550 -0.855924 0.507429
vn 0.098926 -0.569578 0.815963
vn 0.098753 -0.631480 0.769078
vn 0.077808 -0.249761 0.965176
vn 0.023166 -0.009020 0.999691
vn -0.014503 0.252706 0.967435
vn 0.028767 0.048161 0.998425
vn 0.066971 -0.002809 0.997751
vn 0.006312 0.069901 0.997534
vn 0.008468 -0.002501 0.999961
vn 0.006569 -0.071682 0.997406
vn 0.077682 0.245228 0.966348
vn 0.026723 -0.048318 0.998475
vn -0.015264 -0.252388 0.967506
vn 0.022979 0.008908 0.999696
vn 0.098802 0.630170 0.770146
vn 0.099128 0.568279 0.816843
vn 0.099344 0.834953 0.541280
vn 0.098901 0.791018 0.603746
vn 0.100095 0.959541 0.263176
vn 0.099780 0.936963 0.334880
vn 0.022485 0.957698 -0.286895
vn 0.020601 0.892251 -0.451071
vn -0.017701 0.891071 -0.453518
vn -0.017647 0.957068 -0.289326
vn -0.148845 0.884184 -0.442792
vn -0.151679 0.946830 -0.283736
vn 0.014821 0.654848 -0.755615
vn 0.013718 0.571902 -0.820207
vn -0.018066 0.571007 -0.820747
vn -0.017730 0.652683 -0.757423
vn -0.162208 0.582737 -0.796308
vn -0.146032 0.654592 -0.741744
vn -0.027615 -0.995842 -0.086808
vn -0.220975 -0.972022 -0.079643
vn -0.209091 -0.977896 0.000623
vn -0.025012 -0.999687 0.000219
vn -0.214887 -0.975091 0.054959
vn -0.025228 -0.998203 0.054360
vn -0.034558 -0.876354 -0.480426
vn 0.023463 -0.994524 -0.101839
vn 0.049851 -0.861864 -0.504683
vn -0.269412 -0.739955 -0.616347
vn -0.876849 -0.013918 -0.480565
vn -0.991541 -0.088106 -0.095312
vn -0.886302 0.017480 -0.462778
vn -0.996013 -0.005620 -0.089027
vn 0.156615 -0.134440 -0.978467
vn 0.310059 -0.944045 -0.112438
vn 0.989989 -0.057305 -0.128988
vn 0.333092 0.060970 -0.940921
vn -0.232187 0.308384 -0.922490
vn -0.162119 0.425271 -0.890428
vn 0.025351 -0.999679 0.000182
vn 0.294962 -0.955509 0.000471
vn 0.018312 -0.998007 0.060395
vn 0.302136 -0.943949 0.132947
vn -0.996160 0.000586 -0.087548
vn -1.000000 0.000040 0.000373
vn -0.999951 -0.009907 0.000258
vn -0.996021 0.007391 -0.088813
vn -0.999950 0.010000 0.000451
vn -0.998495 0.006288 0.054484
vn -0.998539 -0.000746 0.054040
vn -0.998502 -0.008560 0.054048
vn -0.886204 -0.013170 -0.463107
vn -0.876585 0.017505 -0.480928
vn -0.991440 0.089831 -0.094747
vn -0.291096 0.839740 -0.458367
vn -0.212865 0.975720 -0.051574
vn -0.025996 0.998832 -0.040740
vn -0.025067 0.999686 -0.000043
vn -0.209149 0.977884 -0.000159
vn -0.025464 0.998312 0.052204
vn -0.214251 0.975329 0.053200
vn -0.028059 0.945727 -0.323748
vn 0.001298 0.158697 -0.987327
vn -0.006063 0.238017 -0.971242
vn 0.046801 0.919723 -0.389769
vn 0.022406 0.998639 -0.047095
vn 0.989963 0.052091 -0.131381
vn 0.992738 -0.002285 -0.120279
vn 1.000000 -0.000013 0.000388
vn 0.997669 0.068241 0.000470
vn 0.997654 -0.068454 0.000789
vn 0.979576 -0.044992 0.195978
vn 0.982964 0.000632 0.183798
vn 0.979588 0.046400 0.195586
vn 0.311165 -0.059223 -0.948509
vn 0.302727 0.949453 -0.083036
vn 0.198296 0.033093 -0.979583
vn 0.343180 0.000242 -0.939270
vn -0.229079 0.044038 -0.972411
vn -0.241319 0.135379 -0.960957
vn -0.213432 -0.047084 -0.975823
vn 0.295061 0.955478 0.000562
vn 0.025080 0.999686 0.000121
vn 0.302669 0.943136 0.137425
vn 0.017797 0.998143 0.058261
vn -0.130550 -0.346846 -0.928792
vn -0.246321 -0.295950 -0.922898
vn -0.123976 -0.114007 -0.985714
vn 0.013385 -0.552222 -0.833590
vn 0.014280 -0.624598 -0.780816
vn -0.018918 -0.618609 -0.785471
vn -0.019315 -0.551917 -0.833676
vn -0.148848 -0.591369 -0.792545
vn -0.139699 -0.543878 -0.827455
vn 0.018144 -0.784923 -0.619328
vn 0.019124 -0.834970 -0.549962
vn -0.019152 -0.831127 -0.555753
vn -0.019112 -0.784767 -0.619496
vn -0.145246 -0.811144 -0.566524
vn -0.136861 -0.777086 -0.614334
vn 0.022276 -0.937455 -0.347392
vn 0.022838 -0.963613 -0.266324
vn -0.019399 -0.962215 -0.271600
vn -0.019384 -0.937909 -0.346341
vn -0.142662 -0.948496 -0.282847
vn -0.138183 -0.930379 -0.339560
vn 0.023956 -0.998804 -0.042621
vn 0.023941 -0.998811 0.042463
vn -0.019489 -0.999038 0.039279
vn -0.019499 -0.999039 -0.039266
vn -0.140221 -0.989667 0.029972
vn -0.140214 -0.989670 -0.029905
vn 0.022544 -0.963660 0.266178
vn 0.021947 -0.937518 0.347245
vn -0.019403 -0.937913 0.346329
vn -0.019441 -0.962215 0.271597
vn -0.138195 -0.930391 0.339523
vn -0.142660 -0.948491 0.282865
vn 0.018334 -0.810848 0.584969
vn 0.016645 -0.758235 0.651769
vn -0.019089 -0.760692 0.648832
vn -0.019785 -0.808569 0.588068
vn 0.019215 -0.857345 0.514384
vn -0.019212 -0.851580 0.523872
vn -0.143647 -0.793506 0.591367
vn -0.140799 -0.826626 0.544853
vn -0.141768 -0.758861 0.635635
vn 0.013580 -0.629462 0.776912
vn 0.012780 -0.560703 0.827918
vn -0.019547 -0.560040 0.828235
vn -0.019112 -0.623077 0.781927
vn -0.140486 -0.548729 0.824112
vn -0.149211 -0.593924 0.790563
vn -0.020740 0.943059 0.331979
vn 0.039603 0.897004 0.440245
vn -0.007723 0.573818 0.818947
vn -0.002662 0.621436 0.783461
vn -0.246919 0.922766 0.295861
vn -0.945503 0.034978 0.323729
vn -0.993938 0.094136 0.056799
vn -0.950913 -0.013688 0.309157
vn 0.211443 0.228151 0.950389
vn 0.284902 -0.098868 0.953444
vn -0.050886 0.289357 0.955868
vn -0.093897 0.158884 0.982822
vn -0.140591 -0.132071 0.981219
vn -0.950859 0.010863 0.309433
vn -0.945143 -0.037222 0.324530
vn -0.993762 -0.096497 0.055904
vn -0.247483 -0.923055 0.294484
vn 0.309038 0.064425 0.948865
vn 0.233418 -0.315402 0.919803
vn 0.312612 -0.017387 0.949722
vn -0.097070 0.023241 0.995006
vn -0.081617 -0.079861 0.993459
vn -0.112915 0.127862 0.985343
vn -0.020241 -0.943005 0.332162
vn 0.042542 -0.907111 0.418735
vn -0.007066 -0.575291 0.817919
vn -0.001168 -0.634120 0.773234
vn -0.061354 -0.181398 0.981494
vn -0.103015 0.199835 0.974399
vn -0.088410 -0.234876 0.967996
vn 0.012710 0.560926 0.827769
vn 0.013566 0.629465 0.776911
vn -0.018085 0.624534 0.780788
vn -0.018709 0.560721 0.827794
vn -0.147160 0.619379 0.771177
vn -0.161453 0.576259 0.801161
vn 0.017508 0.785004 0.619244
vn 0.018537 0.834997 0.549942
vn -0.017875 0.832023 0.554453
vn -0.017917 0.785134 0.619067
vn -0.149747 0.822948 0.548025
vn -0.157611 0.790677 0.591599
vn 0.021928 0.937478 0.347353
vn 0.022532 0.963630 0.266287
vn -0.017907 0.962576 0.270419
vn -0.017934 0.937899 0.346445
vn -0.153312 0.949863 0.272500
vn -0.157455 0.932748 0.324329
vn 0.040177 0.454636 -0.889771
vn 0.040177 0.157431 -0.986712
vn 0.040177 -0.155204 -0.987065
vn 0.040176 -0.452623 -0.890796
vn 0.040177 -0.705745 -0.707326
vn 0.123216 -0.883709 -0.451527
vn 0.040176 -0.986715 -0.157414
vn 0.040176 -0.987066 0.155202
vn 0.040177 -0.890795 0.452625
vn 0.040177 -0.707324 0.705747
vn 0.040176 -0.454626 0.889776
vn 0.040177 -0.157408 0.986716
vn 0.040177 0.155205 0.987065
vn 0.040176 0.452624 0.890796
vn 0.040176 0.705740 0.707331
vn 0.067480 0.888466 0.453955
vn 0.042546 0.996661 0.069687
vn 0.037835 0.999283 0.001415
vn 0.040177 0.987065 -0.155203
vn 0.098678 0.813975 -0.572458
vn 0.081038 0.570890 -0.817017
vn 0.129985 0.138918 -0.981736
vn 0.129521 -0.140254 -0.981607
vn 0.093232 -0.409039 -0.907742
vn 0.098115 -0.715561 -0.691625
vn 0.099629 -0.892949 -0.438993
vn 0.100510 -0.983577 -0.149912
vn 0.100457 -0.983395 0.151139
vn 0.099474 -0.892423 0.440098
vn 0.097911 -0.715220 0.692007
vn 0.094840 -0.416311 0.904263
vn 0.005744 -0.146942 0.989128
vn 0.005488 0.148770 0.988857
vn 0.094750 0.416662 0.904110
vn 0.097912 0.715986 0.691214
vn 0.099474 0.892918 0.439093
vn 0.099981 0.994989 0.000479
vn 0.099946 0.992089 0.075957
vn 0.100484 0.983398 -0.151103
vn -0.017517 0.809161 -0.587326
vn -0.155483 0.805937 -0.571218
vn -0.009566 0.310823 -0.950420
vn -0.147045 0.439836 -0.885958
vn -0.017981 -0.353189 -0.935379
vn -0.145850 -0.388243 -0.909942
vn -0.018358 -0.705842 -0.708131
vn -0.139187 -0.691488 -0.708852
vn -0.018653 -0.890756 -0.454099
vn -0.138571 -0.879261 -0.455738
vn -0.018819 -0.987511 -0.156424
vn -0.138282 -0.977863 -0.157044
vn -0.018833 -0.987486 0.156579
vn -0.138271 -0.977776 0.157595
vn -0.018690 -0.890684 0.454238
vn -0.138539 -0.879012 0.456228
vn -0.018422 -0.706569 0.707404
vn -0.139148 -0.691691 0.708662
vn -0.018477 -0.368198 0.929564
vn -0.147269 -0.395274 0.906681
vn -0.017781 0.368381 0.929505
vn -0.152030 0.424240 0.892697
vn -0.017277 0.707762 0.706240
vn -0.148118 0.710953 0.687464
vn -0.017265 0.891201 0.453279
vn -0.149900 0.885904 0.438982
vn -0.017452 0.996554 0.081090
vn -0.152406 0.985280 0.077435
vn -0.017454 0.999848 0.000088
vn -0.153828 0.988098 -0.000047
vn -0.017282 0.987586 -0.156125
vn -0.150948 0.976980 -0.150748
vn 0.023660 0.999720 0.000180
vn 0.023118 0.987570 -0.155471
vn 0.023578 0.996456 0.080749
vn 0.019923 0.892015 0.451567
vn 0.015065 0.709310 0.704736
vn 0.009577 0.358211 0.933591
vn 0.009624 -0.357517 0.933857
vn 0.015067 -0.709214 0.704832
vn 0.019928 -0.891958 0.451680
vn 0.022987 -0.987572 0.155479
vn 0.023146 -0.987581 -0.155398
vn 0.020389 -0.891988 -0.451600
vn 0.015774 -0.708392 -0.705643
vn 0.010111 -0.340957 -0.940025
vn 0.009158 0.363538 -0.931534
vn 0.018472 0.810753 -0.585096
vn -0.994812 -0.101731 0.000132
vn -0.994803 0.101822 0.000526
vn -0.887337 0.001652 -0.461119
vn -0.950875 -0.001218 0.309572
vn -0.544565 -0.724104 0.423229
vn -0.777421 0.108191 0.619606
vn -0.998263 -0.056506 0.016685
vn -0.596635 -0.802457 0.009478
vn -0.036629 -0.881362 0.471019
vn -0.030424 -0.999458 0.012593
vn -0.051417 0.206149 0.977169
vn 0.038048 -0.879493 0.474389
vn 0.037829 0.204779 0.978077
vn -0.055375 0.318314 0.946367
vn -0.830052 0.169542 0.531290
vn 0.571057 -0.697144 0.433456
vn 0.031809 -0.999415 0.012588
vn 0.627504 -0.778555 0.009549
vn 0.777013 0.102496 0.621085
vn 0.998548 -0.051010 0.017332
vn 0.836739 0.157054 0.524597
vn 0.034018 0.316695 0.947917
vn -0.542685 0.516974 0.661990
vn -0.067432 0.628894 0.774561
vn -0.105735 0.746459 0.656977
vn -0.702598 0.584383 0.406020
vn -0.999161 0.015530 0.037907
vn -0.015973 0.634105 0.773082
vn 0.510259 0.522595 0.683030
vn 0.999151 0.014868 0.038427
vn 0.679424 0.601763 0.419838
vn 0.000355 0.748146 0.663534
vn -0.542262 0.517027 -0.662295
vn -0.829741 0.169650 -0.531741
vn -0.998474 0.022499 -0.050427
vn -0.620944 0.580004 -0.527280
vn -0.067472 0.628966 -0.774499
vn -0.091177 0.676785 -0.730513
vn -0.055407 0.318315 -0.946364
vn -0.016012 0.634111 -0.773076
vn 0.033977 0.316684 -0.947923
vn -0.051444 0.206145 -0.977168
vn -0.776990 0.108382 -0.620113
vn 0.510801 0.522543 -0.682665
vn -0.003581 0.673812 -0.738894
vn 0.592238 0.592853 -0.545692
vn 0.836998 0.156963 -0.524210
vn 0.998487 0.021347 -0.050671
vn 0.777442 0.102300 -0.620579
vn 0.037798 0.204754 -0.978083
vn -0.544559 -0.723473 -0.424314
vn -0.036819 -0.881417 -0.470901
vn -0.030319 -0.999415 -0.015848
vn -0.600223 -0.799740 -0.012184
vn -0.998331 -0.053684 -0.021286
vn 0.037859 -0.879380 -0.474614
vn 0.571062 -0.697720 -0.432522
vn 0.998586 -0.048568 -0.021615
vn 0.630534 -0.776074 -0.011703
vn 0.031562 -0.999378 -0.015759
vn -0.835513 0.549468 -0.001958
vn -0.999991 -0.004175 -0.000077
vn 0.999993 -0.003685 -0.000093
vn 0.818884 0.573955 -0.002207
vn -0.603034 -0.797716 -0.000019
vn -0.998048 -0.062456 -0.000056
vn -0.031425 -0.999506 -0.000005
vn 0.633196 -0.773992 0.000016
vn 0.032795 -0.999462 -0.000001
vn 0.998386 -0.056787 -0.000054
vn 0.005793 0.999952 0.007851
vn -0.136351 0.990657 0.002654
vn 0.028778 -0.495382 0.868198
vn 0.029725 -0.987492 0.154839
vn -0.575700 -0.806744 0.133170
vn -0.597406 -0.408661 0.690002
vn 0.028727 -0.062136 0.997654
vn -0.574085 -0.049640 0.817289
vn 0.027871 0.747081 0.664149
vn -0.572988 0.598548 0.559843
vn 0.031197 0.909309 -0.414950
vn -0.666145 0.680268 -0.305757
vn 0.027720 0.270489 -0.962324
vn -0.573579 0.191540 -0.796442
vn 0.030468 -0.497930 -0.866682
vn -0.598039 -0.399010 -0.695083
vn 0.030218 -0.950622 -0.308877
vn -0.591512 -0.766833 -0.249161
vn -0.159320 0.974887 -0.155603
vn -0.148197 0.506306 -0.849525
vn -0.151981 0.063147 -0.986364
vn -0.145029 -0.741962 -0.654568
vn -0.150040 -0.905673 0.396540
vn -0.145000 -0.263993 0.953563
vn -0.160440 0.503189 0.849152
vn -0.159433 0.938891 0.305065
vn 0.084721 0.983943 -0.157097
vn 0.080324 0.510328 -0.856221
vn 0.081669 0.063668 -0.994624
vn 0.078059 -0.747558 -0.659594
vn 0.083266 -0.912811 0.399804
vn 0.078266 -0.265834 0.960836
vn 0.086144 0.507882 0.857108
vn 0.085265 0.947593 0.307893
vn 0.896966 -0.435134 0.078175
vn 0.924124 -0.199880 0.325643
vn 0.896956 -0.024439 0.441444
vn 0.907450 0.287053 0.306813
vn 0.967118 0.230657 -0.107149
vn 0.906583 0.062735 -0.417339
vn 0.910136 -0.200002 -0.362838
vn 0.910148 -0.394006 -0.128020
vn -0.124553 -0.989203 0.077223
vn -0.628139 -0.774130 0.078515
vn -0.620310 -0.784355 -0.001557
vn -0.129029 -0.991641 -0.000315
vn -0.880085 0.469133 0.073237
vn -0.880543 0.473966 -0.000264
vn -0.880394 0.468535 -0.073352
vn -0.628263 -0.773872 -0.080051
vn -0.124875 -0.989161 -0.077241
vn -0.069182 -0.320067 0.944866
vn -0.099928 -0.788797 0.606477
vn -0.071044 -0.777038 0.625432
vn -0.031162 -0.335935 0.941370
vn -0.091260 -0.991679 0.090801
vn -0.080829 -0.992301 0.093837
vn -0.061834 -0.769383 0.635788
vn -0.022608 -0.332972 0.942666
vn -0.590681 0.048599 0.805440
vn -0.442549 -0.028413 0.896294
vn -0.865746 0.492704 0.087904
vn -0.055823 -0.278977 0.958674
vn -0.057122 -0.994010 0.093176
vn -0.081151 -0.996702 0.000024
vn -0.057449 -0.998349 -0.000000
vn -0.080858 -0.992314 -0.093674
vn -0.057122 -0.994010 -0.093176
vn -0.012929 -0.321753 0.946735
vn -0.042776 -0.764975 0.642637
vn -0.041799 -0.754709 0.654727
vn -0.012439 -0.316592 0.948480
vn -0.056643 -0.993975 0.093842
vn -0.009214 -0.275861 0.961154
vn -0.017634 -0.284837 0.958414
vn -0.027173 0.349334 0.936604
vn -0.457654 0.529316 0.714408
vn -0.516612 0.516129 0.683171
vn -0.043415 0.315727 0.947856
vn -0.831186 0.552463 0.062562
vn -0.839771 0.538100 0.072332
vn -0.033848 0.996322 0.078716
vn -0.024230 0.768820 0.639006
vn -0.023314 0.752542 0.658132
vn -0.035364 0.995194 0.091318
vn 0.000386 0.332048 0.943262
vn -0.004250 0.322801 0.946457
vn -0.222367 0.548388 0.806116
vn -0.457841 0.879812 0.127720
vn -0.427553 0.902138 0.057842
vn -0.424620 0.905372 0.000116
vn -0.835637 0.549282 0.000057
vn -0.038471 0.999260 0.000013
vn -0.033813 0.996323 -0.078721
vn -0.427977 0.901946 -0.057700
vn -0.831234 0.552399 -0.062495
vn -0.007104 0.282495 0.959242
vn 0.003144 0.284039 0.958808
vn -0.003610 0.265865 0.964003
vn -0.026948 0.130316 0.991106
vn 0.000097 0.279023 0.960284
vn 0.013356 0.107003 0.994169
vn -0.463786 0.258541 0.847383
vn -0.935692 0.330562 0.123326
vn -0.030145 0.136834 0.990135
vn -0.457045 0.529241 -0.714852
vn -0.515765 0.516362 -0.683635
vn -0.839734 0.538157 -0.072351
vn -0.026917 0.349379 -0.936595
vn -0.043056 0.316096 -0.947750
vn -0.023923 0.768751 -0.639100
vn -0.023053 0.753347 -0.657219
vn 0.000518 0.332303 -0.943173
vn -0.035210 0.995189 -0.091429
vn -0.457682 0.879975 -0.127167
vn -0.222268 0.550040 -0.805017
vn -0.004139 0.323135 -0.946344
vn -0.027156 0.130118 -0.991127
vn -0.463522 0.258498 -0.847541
vn -0.030144 0.136512 -0.990180
vn -0.935622 0.330972 -0.122754
vn -0.007195 0.282640 -0.959199
vn 0.013014 0.106529 -0.994224
vn -0.000033 0.279119 -0.960257
vn -0.003693 0.265872 -0.964001
vn 0.003312 0.284180 -0.958765
vn -0.069414 -0.321324 -0.944422
vn -0.590840 0.045945 -0.805480
vn -0.441788 -0.030502 -0.896601
vn -0.055720 -0.279637 -0.958488
vn -0.865902 0.492412 -0.088001
vn -0.100820 -0.789963 -0.604809
vn -0.071402 -0.777930 -0.624281
vn -0.091344 -0.991697 -0.090515
vn -0.031308 -0.336414 -0.941194
vn -0.022700 -0.333085 -0.942624
vn -0.062023 -0.769614 -0.635490
vn -0.012925 -0.321800 -0.946720
vn -0.017649 -0.284890 -0.958398
vn -0.009212 -0.275863 -0.961153
vn -0.042781 -0.765146 -0.642434
vn -0.041783 -0.754563 -0.654896
vn -0.056643 -0.993975 -0.093843
vn -0.012432 -0.316515 -0.948506
vn -0.051146 -0.006616 0.998669
vn -0.008787 -0.006485 0.999940
vn 0.001023 0.291294 0.956633
vn -0.025258 -0.287412 0.957474
vn -0.001101 0.003407 0.999994
vn -0.853118 0.516413 0.074218
vn -0.853500 0.521093 0.000005
vn -0.861731 0.507365 -0.000132
vn -0.847319 0.531085 0.000020
vn -0.853040 0.516524 -0.074331
vn 0.001493 -0.729702 0.683764
vn -0.065724 -0.405779 0.911605
vn 0.001079 -0.415833 0.909440
vn 0.203542 -0.663296 0.720145
vn 0.194470 -0.979009 0.061020
vn 0.406299 -0.911316 0.066516
vn -0.030455 -0.998599 0.043271
vn 0.030803 -0.998582 0.043412
vn 0.030554 -0.998590 -0.043419
vn -0.030641 -0.998657 -0.041773
vn 0.193722 -0.979060 -0.062559
vn -0.026089 -0.770649 0.636725
vn -0.106523 -0.992850 0.053862
vn -0.080829 -0.687599 0.721578
vn -0.007740 -0.354263 0.935114
vn -0.018479 -0.346840 0.937742
vn -0.033754 -0.373695 0.926937
vn -0.022630 -0.321528 0.946630
vn -0.049013 -0.364208 0.930027
vn -0.004380 -0.309001 0.951052
vn 0.000342 -0.001377 0.999999
vn -0.010764 -0.305587 0.952103
vn -0.000698 -0.000046 1.000000
vn 0.000707 0.311016 0.950404
vn 0.000112 0.311086 0.950382
vn 0.009656 0.309929 0.950711
vn 0.000854 0.364311 0.931277
vn 0.011601 0.362863 0.931770
vn 0.028909 0.300363 0.953387
vn 0.038954 0.347799 0.936760
vn 0.010871 -0.035531 0.999310
vn 0.028000 0.295426 0.954955
vn 0.011997 -0.048259 0.998763
vn -0.006956 -0.376031 0.926581
vn 0.001547 0.799784 0.600286
vn 0.000193 0.364309 0.931278
vn 0.000413 0.799608 0.600522
vn 0.001496 0.995917 0.090259
vn 0.000401 0.995916 0.090280
vn 0.123993 0.988191 0.090030
vn 0.020637 0.995725 0.090027
vn 0.019441 0.999811 -0.000324
vn 0.120658 0.992693 -0.001589
vn 0.001406 0.999999 -0.000058
vn 0.001297 0.995905 -0.090399
vn 0.018024 0.995697 -0.090899
vn 0.117120 0.988699 -0.093578
vn 0.105224 0.764897 0.635500
vn 0.628144 0.768629 0.121012
vn 0.447198 0.614014 0.650385
vn 0.043654 0.342377 0.938548
vn 0.069027 0.763134 -0.642543
vn -0.010310 0.349042 -0.937050
vn 0.005318 0.344548 -0.938754
vn 0.444449 0.615905 -0.650481
vn 0.627114 0.769999 -0.117601
vn 0.000615 0.799749 -0.600335
vn 0.000348 0.995909 -0.090358
vn 0.000179 0.799852 -0.600197
vn -0.000453 0.364594 -0.931167
vn -0.000194 0.364711 -0.931121
vn -0.005747 0.363182 -0.931701
vn -0.007373 0.310840 -0.950434
vn -0.020122 0.302748 -0.952858
vn -0.000640 0.311899 -0.950115
vn -0.050531 -0.006437 -0.998702
vn -0.008625 -0.005939 -0.999945
vn -0.025282 -0.287570 -0.957426
vn 0.001154 0.291640 -0.956528
vn -0.000850 0.003112 -0.999995
vn -0.001136 0.001015 -0.999999
vn -0.000359 0.312025 -0.950074
vn -0.001486 0.001274 -0.999998
vn -0.005192 -0.308345 -0.951260
vn -0.011153 -0.305248 -0.952208
vn -0.032011 -0.318810 -0.947278
vn -0.008368 -0.353356 -0.935452
vn -0.041215 -0.371544 -0.927500
vn -0.074589 -0.352106 -0.932983
vn -0.085766 -0.394384 -0.914935
vn -0.033796 -0.026962 -0.999065
vn -0.028784 -0.362453 -0.931557
vn -0.024092 -0.041043 -0.998867
vn -0.010965 0.298358 -0.954391
vn -0.026757 -0.769045 -0.638634
vn -0.018786 -0.346185 -0.937978
vn -0.082003 -0.685745 -0.723208
vn -0.106762 -0.992896 -0.052526
vn -0.004187 -0.726120 -0.687555
vn 0.405563 -0.911526 -0.068113
vn 0.199860 -0.659204 -0.724918
vn -0.014229 -0.402721 -0.915212
vn -0.056577 -0.993837 0.095327
vn -0.056508 -0.993941 0.094277
vn -0.056821 -0.998384 0.000000
vn -0.056897 -0.998380 0.000000
vn -0.056971 -0.998376 -0.000000
vn -0.056508 -0.993941 -0.094277
vn -0.056577 -0.993837 -0.095327
vn -0.040634 -0.732922 0.679098
vn -0.056804 -0.993770 0.095889
vn -0.040315 -0.723840 0.688789
vn -0.011549 -0.291129 0.956614
vn -0.011541 -0.284969 0.958467
vn -0.012096 -0.307751 0.951390
vn -0.008592 -0.264354 0.964387
vn -0.008841 -0.271520 0.962392
vn -0.008257 -0.250342 0.968122
vn -0.002684 0.285432 0.958395
vn 0.005900 0.291221 0.956638
vn 0.002635 0.260572 0.965451
vn -0.001163 0.249246 0.968439
vn -0.000403 0.264791 0.964306
vn -0.012776 0.697630 0.716345
vn -0.002586 0.285727 0.958308
vn -0.016569 0.726565 0.686898
vn -0.019070 0.994519 0.102800
vn -0.024078 0.994828 0.098682
vn 0.605547 0.778071 0.167087
vn -0.019048 0.999819 0.000331
vn 0.608030 0.793914 0.000016
vn -0.018975 0.994662 -0.101427
vn 0.607370 0.776862 -0.166094
vn 0.206730 0.378282 0.902311
vn 0.111290 0.037688 0.993073
vn 0.007708 0.142014 0.989835
vn 0.547319 -0.818069 0.176651
vn 0.206428 0.375895 -0.903377
vn 0.110724 0.038039 -0.993123
vn 0.546285 -0.818420 -0.178217
vn 0.007490 0.141992 -0.989839
vn -0.012666 0.697139 -0.716824
vn -0.023974 0.994962 -0.097349
vn -0.016343 0.726363 -0.687117
vn -0.002675 0.285017 -0.958519
vn -0.002536 0.285292 -0.958437
vn 0.005774 0.290782 -0.956772
vn 0.002719 0.260415 -0.965493
vn -0.000501 0.264791 -0.964306
vn -0.001176 0.249098 -0.968478
vn -0.011554 -0.291159 -0.956605
vn -0.012111 -0.307764 -0.951386
vn -0.008568 -0.264338 -0.964392
vn -0.008259 -0.250324 -0.968127
vn -0.008851 -0.271475 -0.962405
vn -0.040643 -0.733100 -0.678905
vn -0.011548 -0.284928 -0.958480
vn -0.040310 -0.723766 -0.688867
vn -0.056804 -0.993770 -0.095889
vn -0.001321 -0.007893 0.999968
vn -0.001116 0.009192 0.999957
vn -0.001392 -0.007674 -0.999970
vn -0.001235 0.008954 -0.999959
vn -0.031464 -0.994587 0.099027
vn -0.019290 -0.680869 0.732151
vn -0.024751 -0.701832 0.711913
vn -0.037650 -0.994510 0.097630
vn -0.000328 -0.257772 0.966206
vn -0.001719 -0.263263 0.964723
vn 0.101052 -0.989891 0.099519
vn -0.031923 -0.999490 0.000118
vn 0.099722 -0.995015 0.000373
vn -0.031660 -0.994652 -0.098315
vn 0.100800 -0.990115 -0.097531
vn 0.045045 -0.290974 0.955670
vn 0.091374 -0.741676 0.664505
vn 0.103141 -0.702076 0.704593
vn 0.054061 -0.298287 0.952944
vn 0.116132 -0.987591 0.105722
vn 0.088432 -0.988374 0.123684
vn 0.073017 -0.690026 0.720092
vn 0.046726 -0.318121 0.946898
vn 0.038759 -0.247184 0.968193
vn 0.002512 -0.223286 0.974750
vn -0.335879 -0.076062 0.938829
vn -0.921354 -0.150309 0.358488
vn -0.907169 -0.297305 0.297748
vn -0.368370 -0.135875 0.919697
vn 0.025536 -0.319740 0.947161
vn -0.034971 -0.433283 0.900579
vn 0.089619 -0.251273 0.963758
vn 0.035668 -0.314307 0.948651
vn 0.093352 -0.024855 0.995323
vn 0.026578 -0.298191 0.954136
vn 0.042486 -0.282206 0.958413
vn -0.141129 -0.963003 0.229582
vn -0.179351 -0.983785 -0.000266
vn -0.987557 -0.157262 -0.000652
vn 0.086887 -0.996218 0.000456
vn 0.088592 -0.988690 -0.121009
vn -0.140905 -0.963180 -0.228977
vn -0.921576 -0.149487 -0.358263
vn -0.019836 0.245704 0.969142
vn 0.003750 0.262936 0.964806
vn 0.006812 0.231544 0.972801
vn -0.012715 0.225862 0.974076
vn -0.149967 -0.108410 0.982729
vn -0.021486 0.241021 0.970282
vn -0.029975 0.056314 0.997963
vn -0.015168 0.241565 0.970266
vn -0.004411 0.053751 0.998545
vn -0.625884 -0.753977 0.199469
vn -0.122462 -0.107161 0.986671
vn -0.288943 -0.951306 0.107373
vn -0.045609 0.990945 0.126282
vn -0.631335 -0.775489 0.005657
vn -0.047894 0.998852 -0.000866
vn -0.635982 -0.745393 -0.199791
vn -0.045555 0.990697 -0.128234
vn -0.024469 0.629070 0.776963
vn -0.011749 0.678775 0.734252
vn 0.004504 0.263858 0.964551
vn -0.024869 0.993971 0.106790
vn -0.011256 0.246797 0.969002
vn -0.016114 0.231511 0.972699
vn -0.012227 0.240631 0.970540
vn -0.003777 0.050210 0.998732
vn -0.009651 0.251727 0.967750
vn -0.003931 0.081726 0.996647
vn -0.003688 0.118237 0.992979
vn -0.009479 0.113797 0.993459
vn -0.149167 -0.068847 -0.986412
vn -0.291849 -0.951013 -0.101971
vn -0.126274 -0.104627 -0.986462
vn -0.019460 0.246339 -0.968988
vn -0.024715 0.091630 -0.995486
vn -0.015214 0.240773 -0.970462
vn 0.003390 0.089820 -0.995952
vn -0.006453 0.242832 -0.970047
vn -0.011887 0.265635 -0.964000
vn -0.013865 0.224267 -0.974429
vn -0.009426 0.232846 -0.972468
vn -0.035362 0.629275 -0.776378
vn -0.021959 0.685968 -0.727301
vn -0.025543 0.993777 -0.108418
vn -0.011355 0.266577 -0.963747
vn 0.003992 0.081805 -0.996640
vn -0.006546 0.134242 -0.990927
vn -0.000845 0.135300 -0.990804
vn 0.000418 0.250681 -0.968070
vn 0.004760 0.105986 -0.994356
vn 0.003544 0.256294 -0.966592
vn -0.000452 0.243610 -0.969873
vn -0.007898 0.231775 -0.972737
vn 0.045694 -0.307481 -0.950457
vn -0.009241 -0.266870 -0.963688
vn -0.008694 -0.232462 -0.972567
vn 0.040458 -0.264666 -0.963491
vn 0.091144 -0.747724 -0.657724
vn 0.103488 -0.708328 -0.698256
vn 0.115919 -0.987882 -0.103207
vn 0.057086 -0.314086 -0.947677
vn 0.050256 -0.330920 -0.942320
vn 0.074315 -0.694621 -0.715527
vn -0.021154 -0.685224 -0.728025
vn -0.026525 -0.705161 -0.708551
vn -0.010461 -0.270140 -0.962764
vn -0.037830 -0.994556 -0.097093
vn -0.336042 -0.076659 -0.938722
vn -0.369347 -0.135707 -0.919329
vn -0.907440 -0.297090 -0.297138
vn 0.031337 -0.329440 -0.943656
vn 0.046748 -0.295874 -0.954083
vn 0.033140 -0.308285 -0.950717
vn -0.031657 -0.438899 -0.897978
vn 0.092148 -0.258896 -0.961500
vn 0.094611 -0.026150 -0.995171
vn 0.042533 -0.322248 -0.945699
vn 0.008371 0.021147 0.999741
vn 0.007859 -0.000565 0.999969
vn 0.001430 -0.227456 0.973787
vn 0.006352 0.230780 0.972985
vn 0.007299 -0.032912 0.999432
vn 0.003619 -0.017717 0.999837
vn -0.019338 0.228635 0.973320
vn 0.044503 -0.260026 0.964576
vn 0.004856 -0.037749 0.999276
vn 0.008227 -0.044611 -0.998971
vn 0.009109 -0.028135 -0.999563
vn 0.048314 -0.276514 -0.959795
vn -0.013392 0.226558 -0.973906
vn 0.011594 -0.044703 -0.998933
vn -0.008447 0.017435 -0.999812
vn -0.009044 -0.003294 -0.999954
vn -0.009983 0.231999 -0.972665
vn -0.009692 -0.234222 -0.972135
vn -0.072842 -0.719367 0.690801
vn -0.043133 -0.280605 0.958854
vn -0.027917 -0.273471 0.961475
vn -0.053182 -0.710296 0.701891
vn -0.094973 -0.990836 0.096041
vn -0.071581 -0.992736 0.096707
vn -0.113000 -0.988935 0.096116
vn -0.095178 -0.995460 -0.000000
vn -0.113794 -0.993504 0.000000
vn -0.094973 -0.990836 -0.096041
vn -0.113000 -0.988935 -0.096115
vn -0.077485 -0.716521 0.693249
vn -0.092063 -0.991094 0.096219
vn -0.061696 -0.717607 0.693710
vn -0.013866 -0.282476 0.959174
vn -0.004168 -0.276380 0.961039
vn -0.006372 -0.244539 0.969619
vn -0.043005 -0.241716 0.969394
vn -0.092783 -0.995686 0.000006
vn -0.037986 -0.999278 0.000091
vn -0.092110 -0.991093 -0.096184
vn 0.003692 -0.236767 0.971559
vn -0.039591 0.276448 0.960213
vn 0.089779 0.268195 0.959172
vn 0.070143 0.235842 0.969257
vn -0.026122 0.242214 0.969871
vn -0.138947 0.675210 0.724421
vn -0.043996 0.281787 0.958468
vn -0.166753 0.724668 0.668618
vn -0.206240 0.972897 0.104577
vn -0.234346 0.967213 0.097881
vn 0.364390 0.925576 0.102611
vn -0.206894 0.978363 0.000027
vn 0.366076 0.930585 0.000113
vn -0.205914 0.972996 -0.104302
vn 0.364718 0.925523 -0.101916
vn 0.252166 0.647767 0.718895
vn 0.214570 0.971597 0.099793
vn 0.155276 0.723498 0.672636
vn 0.049690 0.277383 0.959473
vn -0.034691 0.240895 0.969931
vn -0.025660 0.999670 -0.001122
vn -0.235982 0.971758 0.000024
vn -0.234685 0.967164 -0.097552
vn 0.252621 0.648388 -0.718175
vn 0.089883 0.268278 -0.959139
vn 0.049813 0.277371 -0.959471
vn 0.155530 0.723622 -0.672444
vn 0.214517 0.971655 -0.099344
vn -0.139633 0.675261 -0.724241
vn -0.171423 0.725009 -0.667065
vn -0.040874 0.276459 -0.960156
vn -0.052060 0.282111 -0.957968
vn -0.027291 0.242186 -0.969846
vn 0.070305 0.235998 -0.969207
vn -0.041912 0.241077 -0.969601
vn -0.014263 -0.282631 -0.959123
vn -0.043040 -0.280574 -0.958867
vn -0.042882 -0.241698 -0.969403
vn -0.006871 -0.244705 -0.969573
vn -0.077535 -0.716621 -0.693140
vn -0.007712 -0.276942 -0.960856
vn -0.062266 -0.717837 -0.693421
vn -0.072828 -0.719260 -0.690913
vn -0.071580 -0.992736 -0.096707
vn -0.053179 -0.710237 -0.701951
vn -0.027970 -0.273480 -0.961471
vn -0.001126 -0.237296 -0.971437
vn -0.001816 -0.018047 0.999836
vn 0.044322 0.236313 0.970666
vn 0.005761 0.013329 0.999895
vn -0.025526 -0.234432 0.971797
vn -0.002823 -0.016346 0.999862
vn -0.002488 0.010317 0.999944
vn -0.003768 -0.016640 -0.999854
vn -0.010048 0.010274 -0.999897
vn -0.001576 -0.017778 -0.999841
vn -0.025629 -0.234466 -0.971786
vn 0.005750 0.013386 -0.999894
vn 0.044389 0.236397 -0.970642
vn -0.057130 -0.998367 0.000000
vn -0.071796 -0.997419 -0.000000
vn -0.008354 -0.245011 0.969484
vn -0.000767 0.246429 0.969161
vn 0.215671 0.976466 0.000093
vn -0.024289 0.999705 0.000326
vn -0.000767 0.246278 -0.969199
vn -0.008370 -0.244992 -0.969489
vn -0.000926 0.004600 0.999989
vn -0.001156 -0.006504 0.999978
vn -0.000969 0.004375 -0.999990
vn -0.001170 -0.006180 -0.999980
vn -0.091471 -0.255316 -0.962521
vn -0.068088 -0.243641 -0.967472
vn -0.141964 -0.169250 -0.975295
vn 0.029645 -0.244638 -0.969161
vn 0.068377 -0.152916 -0.985871
vn -0.118487 0.012568 -0.992876
vn 0.095724 -0.023398 -0.995133
vn -0.970728 0.233691 -0.055461
vn -0.649583 0.131379 -0.748854
vn -0.679679 0.240113 -0.693096
vn -0.940544 0.336180 -0.048578
vn -0.115894 0.042183 -0.992366
vn -0.970924 0.233169 0.054210
vn -0.092000 -0.255383 0.962453
vn -0.068552 -0.243370 0.967508
vn -0.118334 0.012512 0.992895
vn -0.649996 0.129632 0.748800
vn -0.680031 0.238807 0.693202
vn -0.115679 0.041962 0.992400
vn -0.940678 0.335909 0.047845
vn -0.142082 -0.169395 0.975253
vn 0.095706 -0.023265 0.995138
vn 0.068705 -0.153059 0.985826
vn 0.029651 -0.244630 0.969163
vn 0.996625 0.003904 -0.082002
vn 0.413378 -0.283976 -0.865145
vn 0.364064 -0.279036 -0.888592
vn 0.995857 0.013813 -0.089874
vn 0.025487 -0.320456 -0.946920
vn 0.025233 -0.312092 -0.949717
vn 0.933376 -0.345347 -0.097696
vn 0.999793 0.020327 -0.000009
vn 0.937841 -0.347064 -0.000065
vn 0.996628 0.003847 0.081964
vn 0.933389 -0.345338 0.097607
vn 0.018776 -0.061319 -0.997942
vn 0.508374 -0.239817 -0.827070
vn 0.373226 -0.166933 -0.912598
vn 0.001682 -0.008139 -0.999966
vn 0.912613 -0.396852 -0.098214
vn -0.038771 -0.048693 -0.998061
vn -0.000375 -0.320135 -0.947372
vn -0.080077 -0.180718 -0.980270
vn 0.005281 -0.318414 -0.947937
vn 0.507572 -0.239584 0.827629
vn 0.372561 -0.166409 0.912966
vn 0.912666 -0.396760 0.098092
vn 0.018483 -0.061249 0.997951
vn 0.001448 -0.007757 0.999969
vn 0.025283 -0.320714 0.946839
vn 0.412577 -0.284351 0.865405
vn 0.363171 -0.279205 0.888905
vn 0.024981 -0.311907 0.949784
vn 0.995859 0.013788 0.089863
vn -0.000372 -0.320349 0.947299
vn -0.038759 -0.048493 0.998071
vn 0.005364 -0.318616 0.947869
vn -0.079136 -0.180234 0.980435
vn -0.000434 0.365188 -0.930934
vn -0.001024 0.314403 -0.949289
vn 0.000000 0.995914 -0.090307
vn 0.000377 1.000000 -0.000033
vn 0.000000 1.000000 0.000000
vn 0.000000 0.995914 0.090307
vn 0.000018 0.799455 -0.600726
vn 0.000310 0.995914 -0.090308
vn 0.000233 0.799623 -0.600502
vn 0.000180 0.365275 -0.930900
vn 0.069562 0.994853 -0.073685
vn 0.054955 0.810298 -0.583436
vn 0.038376 0.806385 -0.590144
vn 0.048207 0.995063 -0.086752
vn 0.038396 0.373397 -0.926877
vn 0.016892 0.372871 -0.927729
vn 0.012473 0.371299 -0.928429
vn 0.033240 0.807086 -0.589497
vn 0.041674 0.995080 -0.089879
vn 0.992426 0.103568 -0.066062
vn 0.379072 0.923596 -0.057230
vn 0.373614 0.927584 -0.000143
vn 0.995078 0.099097 -0.000115
vn 0.072513 0.997368 -0.000086
vn 0.069578 0.994888 0.073196
vn 0.379295 0.923547 0.056535
vn 0.992485 0.103276 0.065635
vn 0.412044 0.349788 -0.841349
vn 0.380476 0.311069 -0.870904
vn 0.039305 0.323287 -0.945484
vn 0.993875 0.075504 -0.080692
vn 0.996254 0.041366 -0.075943
vn 0.999099 0.042439 -0.000017
vn 0.999422 0.033996 -0.000001
vn 0.998176 0.060365 -0.000075
vn 0.993921 0.075295 0.080328
vn 0.996255 0.041473 0.075873
vn 0.031678 -0.022906 -0.999236
vn 0.004078 -0.036918 -0.999310
vn 0.014430 0.319088 -0.947615
vn -0.000144 -0.310564 -0.950552
vn 0.004178 -0.305793 -0.952089
vn 0.000851 -0.028911 -0.999582
vn 0.009651 0.316478 -0.948551
vn -0.000600 0.365186 0.930934
vn -0.001354 0.313761 0.949501
vn 0.000018 0.799851 0.600199
vn 0.000075 0.365250 0.930909
vn 0.000244 0.799759 0.600321
vn 0.000310 0.995914 0.090308
vn 0.412405 0.349631 0.841237
vn 0.380770 0.311222 0.870721
vn 0.038485 0.373456 0.926849
vn 0.039421 0.323756 0.945319
vn 0.055003 0.810578 0.583042
vn 0.038330 0.806731 0.589674
vn 0.016907 0.373043 0.927660
vn 0.048176 0.995092 0.086440
vn 0.041639 0.995098 0.089699
vn 0.033179 0.807550 0.588865
vn 0.012438 0.371563 0.928325
vn 0.031575 -0.021412 0.999272
vn 0.004099 -0.034519 0.999396
vn -0.000191 -0.310202 0.950671
vn 0.014485 0.319763 0.947387
vn 0.009619 0.317108 0.948341
vn 0.000894 -0.027468 0.999622
vn 0.004238 -0.305383 0.952220
vn 0.213011 -0.160449 -0.963785
vn 0.262919 -0.052384 -0.963395
vn 0.116803 -0.252567 -0.960503
vn 0.086387 -0.246485 -0.965289
vn -0.530297 -0.826169 -0.190340
vn -0.118800 -0.038077 -0.992188
vn -0.641320 -0.754359 -0.140181
vn 0.972481 -0.169492 -0.159854
vn -0.534393 -0.845232 -0.002664
vn 0.985855 -0.167603 0.000440
vn -0.527928 -0.828216 0.188016
vn 0.972843 -0.167489 0.159764
vn 0.624061 -0.123565 -0.771544
vn 0.628880 -0.372730 -0.682336
vn 0.242145 -0.138198 -0.960347
vn 0.849889 -0.504214 -0.153154
vn 0.214249 -0.160779 0.963456
vn 0.117185 -0.252461 0.960485
vn 0.263892 -0.052307 0.963133
vn 0.628290 -0.122322 0.768303
vn 0.630760 -0.372124 0.680930
vn 0.849866 -0.504097 0.153670
vn 0.243004 -0.138107 0.960143
vn -0.640564 -0.755590 0.136976
vn -0.118497 -0.037310 0.992253
vn 0.086610 -0.246253 0.965328
vn 0.001603 0.799988 0.600014
vn 0.002058 0.995912 0.090309
vn 0.001127 0.365274 0.930899
vn 0.001713 0.313830 0.949478
vn 0.041850 0.999124 -0.000036
vn 0.002064 0.999998 0.000000
vn 0.002058 0.995912 -0.090309
vn 0.001621 0.799968 -0.600041
vn 0.001219 0.365250 -0.930909
vn 0.001851 0.313658 -0.949534
vn 0.014303 -0.012497 0.999820
vn 0.000041 0.314112 0.949386
vn 0.001807 0.010812 0.999940
vn 0.010780 -0.236545 0.971561
vn 0.014291 -0.013127 -0.999812
vn 0.010914 -0.236808 -0.971495
vn 0.002425 0.010939 -0.999937
vn 0.000280 0.314392 -0.949293
vn -0.147914 -0.985258 -0.085960
vn -0.101378 -0.560531 -0.821904
vn -0.015850 -0.614340 -0.788883
vn -0.009585 -0.995539 -0.093861
vn -0.043816 0.007786 -0.999009
vn 0.032055 -0.580053 -0.813948
vn 0.041810 -0.994548 -0.095529
vn -0.151648 -0.988434 -0.000173
vn -0.638300 -0.769784 -0.002401
vn -0.147861 -0.985289 0.085687
vn -0.100714 -0.559284 0.822836
vn -0.015594 -0.613071 0.789874
vn -0.043752 0.008376 0.999007
vn -0.009466 -0.995550 0.093756
vn 0.041824 -0.994542 0.095592
vn 0.031941 -0.578583 0.814998
vn 0.542467 -0.836515 -0.077281
vn 0.545447 -0.838145 -0.000168
vn 0.047399 -0.998876 -0.000011
vn 0.916215 -0.400687 -0.000095
vn 0.542823 -0.836301 0.077090
vn 0.999877 0.015609 0.001294
vn 0.722074 -0.008529 0.691764
vn 0.482559 0.172137 0.858782
vn 0.862992 0.505121 0.009867
vn 0.079075 -0.058118 0.995173
vn 0.544241 -0.838913 0.005277
vn 0.974620 0.007220 -0.223750
vn 0.468772 -0.796403 -0.382094
vn 0.179666 -0.983728 0.000197
vn 0.158003 -0.944045 -0.289506
vn 0.000931 -0.350940 0.936397
vn 0.081506 -0.698584 0.710871
vn 0.045784 -0.736586 0.674793
vn -0.006759 -0.349167 0.937036
vn 0.117976 -0.993016 0.000251
vn 0.053165 -0.998584 0.001900
vn 0.000130 -0.737099 0.675785
vn -0.015400 -0.340577 0.940090
vn 0.029199 -0.338024 0.940684
vn 0.017428 -0.310666 0.950359
vn 0.022420 -0.305698 0.951864
vn -0.001179 -0.313643 0.949540
vn 0.829106 0.440309 -0.344545
vn 0.079853 -0.057817 -0.995128
vn 0.007540 -0.353736 -0.935315
vn 0.035715 -0.343895 -0.938329
vn 0.025445 -0.316159 -0.948365
vn 0.007339 -0.316459 -0.948578
vn 0.030968 -0.313096 -0.949216
vn -0.000479 -0.348169 -0.937432
vn 0.102093 -0.961452 -0.255318
vn -0.009508 -0.335701 -0.941920
vn 0.039614 -0.967589 -0.249402
vn 0.000824 -0.032364 0.999476
vn -0.002202 -0.059858 0.998205
vn -0.011044 0.240974 0.970469
vn 0.011272 -0.035825 -0.999295
vn 0.010408 -0.060551 -0.998111
vn 0.002009 0.245179 -0.969476
vn 0.320603 -0.202687 0.925274
vn 0.187605 -0.313118 0.931000
vn 0.087844 -0.288911 0.953317
vn 0.135473 -0.222899 0.965382
vn 0.308297 0.000944 0.951290
vn 0.087845 -0.089657 0.992091
vn 0.771073 0.144998 0.620018
vn 0.297406 0.021619 0.954506
vn 0.786636 0.229090 0.573343
vn 0.973249 0.219021 0.069393
vn 0.953120 0.295995 0.062840
vn 0.973394 0.218357 -0.069465
vn 0.136374 -0.305404 0.942407
vn 0.002899 0.295719 0.955271
vn 0.061704 0.148694 0.986956
vn 0.005996 0.085584 0.996313
vn -0.007260 0.285781 0.958268
vn -0.003385 0.279842 0.960040
vn 0.864325 0.486628 0.127025
vn 0.592187 0.395903 0.701837
vn 0.039602 0.131856 0.990478
vn 0.069067 0.126202 -0.989597
vn 0.013501 0.299087 -0.954130
vn 0.005656 0.289322 -0.957215
vn 0.013798 0.063698 -0.997874
vn 0.043574 0.113804 -0.992547
vn 0.594885 0.380937 -0.707813
vn 0.865272 0.485126 -0.126322
vn 0.007310 0.284569 -0.958628
vn 0.319985 -0.192755 -0.927607
vn 0.307818 0.001443 -0.951444
vn 0.087670 -0.088869 -0.992178
vn 0.135303 -0.212654 -0.967715
vn 0.191051 -0.296066 -0.935866
vn 0.092832 -0.273266 -0.957449
vn 0.141547 -0.287821 -0.947166
vn 0.769409 0.143267 -0.622482
vn 0.953194 0.295838 -0.062460
vn 0.786177 0.228180 -0.574334
vn 0.297130 0.021408 -0.954597
vn 0.014381 -0.015064 0.999783
vn -0.009516 0.276230 0.961045
vn 0.002394 0.001718 0.999996
vn 0.062553 -0.275959 0.959132
vn 0.024421 -0.002412 -0.999699
vn 0.069769 -0.260120 -0.963052
vn 0.014987 0.013870 -0.999792
vn 0.003411 0.281019 -0.959696
vn -0.460698 0.349674 0.815773
vn -0.936519 0.331899 0.113031
vn -0.033598 0.270781 0.962054
vn -0.460316 0.349577 -0.816030
vn -0.033668 0.271005 -0.961989
vn -0.936564 0.331806 -0.112927
vn -0.066089 0.987000 0.146502
vn -0.048862 0.724017 0.688050
vn -0.036090 0.745431 0.665605
vn -0.046834 0.986895 0.154420
vn -0.004576 0.272589 0.962120
vn -0.469166 0.876717 0.106068
vn -0.474010 0.880520 0.000174
vn -0.945286 0.326244 0.000092
vn -0.070271 0.997528 -0.000013
vn -0.066080 0.986986 -0.146604
vn -0.469577 0.876518 -0.105893
vn -0.048785 0.723679 -0.688410
vn -0.035986 0.745219 -0.665848
vn -0.004817 0.272947 -0.962017
vn -0.046793 0.986890 -0.154461
vn 0.001741 -0.034810 0.999392
vn 0.024285 -0.992142 0.122741
vn 0.014051 -0.992856 0.118486
vn -0.002145 -0.038476 0.999257
vn 0.007647 0.232733 0.972511
vn -0.005356 0.215773 0.976429
vn 0.535302 -0.844660 -0.001245
vn 0.024372 -0.999703 -0.000030
vn 0.024111 -0.992315 -0.121366
vn -0.033050 0.985662 0.165465
vn -0.024025 0.731229 0.681709
vn -0.024462 0.729959 0.683053
vn -0.033775 0.985626 0.165534
vn -0.006457 0.213250 0.976976
vn -0.034419 0.985895 0.163787
vn -0.034903 0.999391 0.000001
vn -0.048089 0.998843 0.000007
vn -0.033563 0.999437 0.000000
vn -0.033050 0.985662 -0.165465
vn -0.034410 0.985896 -0.163786
vn 0.001756 -0.035207 -0.999379
vn -0.002219 -0.038696 -0.999249
vn 0.014007 -0.993078 -0.116620
vn 0.007718 0.233468 -0.972334
vn -0.005287 0.215769 -0.976430
vn -0.024006 0.730873 -0.682091
vn -0.024439 0.729403 -0.683648
vn -0.006490 0.213101 -0.977009
vn -0.033775 0.985626 -0.165534
vn -0.287062 -0.957907 0.003119
vn 0.014772 -0.999891 0.000195
vn -0.028720 0.207499 -0.977813
vn -0.027941 0.207035 0.977935
vn 0.618612 0.364153 -0.696212
vn 0.927639 0.354361 -0.117958
vn 0.037655 0.245135 -0.968758
vn 0.617318 0.365447 0.696683
vn 0.036971 0.246531 0.968430
vn 0.927576 0.354587 0.117773
vn -0.084856 0.981990 -0.168808
vn -0.034304 0.999411 0.000000
vn -0.086292 0.996270 0.000000
vn -0.084859 0.981989 0.168809
vn -0.058381 0.700622 -0.711140
vn -0.120370 0.682622 -0.720790
vn -0.047843 0.223290 -0.973577
vn -0.178271 0.969476 -0.168330
vn -0.138259 0.975609 -0.170503
vn -0.091624 0.670865 -0.735898
vn -0.019183 0.228248 -0.973414
vn 0.035710 0.676019 -0.736018
vn 0.007151 0.246528 -0.969109
vn 0.015036 0.701038 -0.712965
vn 0.050192 0.987127 -0.151857
vn 0.021439 0.986745 -0.160858
vn 0.615371 0.781216 -0.104981
vn 0.617796 0.786338 -0.000465
vn 0.936840 0.349760 0.000027
vn 0.055306 0.998469 -0.000205
vn 0.049912 0.987181 0.151600
vn 0.614646 0.781858 0.104442
vn -0.058420 0.701144 0.710622
vn -0.120380 0.682757 0.720661
vn -0.178279 0.969473 0.168340
vn -0.046895 0.221747 0.973976
vn -0.019518 0.226348 0.973851
vn -0.091601 0.670833 0.735930
vn -0.138250 0.975608 0.170515
vn 0.035252 0.675969 0.736087
vn 0.021386 0.986765 0.160744
vn 0.014950 0.701053 0.712952
vn 0.006814 0.247672 0.968820
vn -0.004840 0.226049 -0.974104
vn -0.005179 0.224535 0.974452
vn -0.025614 0.984942 0.170976
vn -0.025933 0.999664 -0.000003
vn -0.140538 0.990075 -0.000001
vn -0.025625 0.984942 -0.170977
vn -0.017347 0.671010 0.741245
vn 0.007377 0.658693 0.752376
vn 0.012227 0.984967 0.172312
vn -0.000154 0.221156 0.975239
vn -0.017371 0.671043 -0.741215
vn 0.007372 0.658733 -0.752340
vn 0.000057 0.222523 -0.974927
vn 0.012225 0.984967 -0.172312
vn 0.001264 0.117981 -0.993015
vn 0.001034 0.135823 -0.990733
vn 0.003971 0.071627 -0.997424
vn 0.001001 0.137475 -0.990505
vn 0.004036 0.067139 -0.997736
vn 0.000631 0.227467 -0.973786
vn 0.000605 0.231398 -0.972859
vn 0.003914 0.257582 -0.966249
vn 0.002137 0.252889 -0.967493
vn 0.003972 0.261421 -0.965217
vn 0.002184 0.257325 -0.966323
vn 0.004279 0.072249 -0.997378
vn 0.003770 0.267096 -0.963663
vn 0.004472 0.081191 -0.996689
vn 0.003587 0.273021 -0.962001
vn -0.003588 0.048521 0.998816
vn -0.003782 0.051912 0.998645
vn -0.001741 0.129159 0.991622
vn -0.001792 0.124638 0.992201
vn -0.002124 0.099711 0.995014
vn -0.009460 0.256933 0.966383
vn -0.009222 0.252958 0.967433
vn -0.011074 0.248403 0.968594
vn -0.011277 0.252718 0.967474
vn -0.009727 0.262781 0.964806
vn -0.003909 0.067328 0.997723
vn -0.009891 0.268832 0.963136
vn -0.003920 0.083023 0.996540
vn 0.000046 0.226399 0.974035
vn 0.000202 0.230785 0.973005
vn 0.015291 0.985282 0.170254
vn 0.015558 0.999879 0.000000
vn 0.012492 0.999922 -0.000000
vn 0.015248 0.985379 0.169693
vn 0.015540 0.999879 -0.000001
vn 0.015248 0.985379 -0.169694
vn 0.015292 0.985282 -0.170255
vn 0.009680 0.679039 0.734039
vn 0.009616 0.677865 0.735124
vn 0.015235 0.985318 0.170050
vn 0.000215 0.232425 0.972614
vn 0.000158 0.233241 0.972419
vn 0.009546 0.673232 0.739370
vn 0.015246 0.985157 0.170980
vn 0.009681 0.679044 -0.734033
vn 0.009617 0.677864 -0.735124
vn 0.000535 0.232610 -0.972570
vn 0.015235 0.985317 -0.170052
vn 0.015249 0.985155 -0.170988
vn 0.009551 0.673222 -0.739379
vn 0.000454 0.232990 -0.972479
vn 0.005798 -0.007987 -0.999951
vn 0.006050 -0.015711 -0.999858
vn 0.002287 -0.307620 -0.951507
vn 0.002036 0.261074 -0.965317
vn 0.001924 0.265220 -0.964186
vn 0.005942 -0.013839 -0.999887
vn -0.002658 -0.293974 -0.955810
vn -0.009714 0.020241 -0.999748
vn -0.010443 0.019318 0.999759
vn -0.013822 0.023108 0.999637
vn -0.047509 -0.258158 0.964934
vn -0.012226 0.272100 0.962191
vn -0.706467 -0.293444 0.644046
vn -0.965352 -0.260875 0.006262
vn -0.987418 0.158071 0.004477
vn -0.549838 -0.117269 0.826998
vn -0.229339 -0.203701 0.951793
vn -0.234003 -0.196297 0.952213
vn -0.167503 -0.287899 0.942898
vn -0.071600 -0.280792 0.957094
vn -0.053698 -0.327372 0.943368
vn -0.030354 -0.287509 0.957297
vn -0.010641 -0.298847 0.954242
vn -0.357021 -0.934069 0.007179
vn -0.334733 -0.891138 -0.306312
vn -0.935593 -0.280793 -0.214060
vn -0.007409 -0.010675 0.999916
vn -0.007439 -0.020107 0.999770
vn -0.011475 0.256221 0.966550
vn -0.006095 -0.308418 0.951231
vn -0.007494 -0.020392 0.999764
vn -0.011621 0.260166 0.965494
vn -0.009948 0.276581 0.960939
vn -0.009919 0.273298 0.961878
vn -0.011799 0.264936 0.964194
vn -0.003860 0.064988 0.997879
vn -0.003710 0.082315 0.996599
vn -0.001762 0.141879 0.989883
vn -0.002094 0.113611 0.993523
vn -0.002159 0.110653 0.993857
vn 0.000173 0.236611 0.971604
vn 0.000392 0.248788 0.968558
vn 0.010070 0.707700 0.706442
vn 0.015232 0.985942 0.166393
vn 0.015295 0.985222 0.170600
vn 0.015566 0.999879 -0.000004
vn 0.015544 0.999879 -0.000001
vn 0.015529 0.999879 -0.000007
vn 0.015231 0.985937 -0.166420
vn 0.015302 0.985218 -0.170624
vn 0.010065 0.707633 -0.706509
vn 0.000641 0.247943 -0.968775
vn 0.000433 0.235999 -0.971753
vn 0.000975 0.135470 -0.990781
vn 0.001415 0.108703 -0.994073
vn 0.001508 0.110663 -0.993857
vn 0.004231 0.074962 -0.997177
vn 0.004060 0.050777 -0.998702
vn 0.003491 0.280303 -0.959905
vn 0.003527 0.277263 -0.960788
vn 0.001841 0.269902 -0.962886
vn 0.001201 0.276785 -0.960931
vn -0.000569 0.032342 -0.999477
vn -0.039756 -0.246031 -0.968446
vn -0.022964 -0.279202 -0.959958
vn -0.066130 -0.268688 -0.960954
vn -0.048501 -0.319152 -0.946462
vn -0.229549 -0.203057 -0.951880
vn -0.234306 -0.196353 -0.952127
vn -0.936642 0.064740 -0.344253
vn -0.167439 -0.279896 -0.945316
vn -0.273164 -0.686096 -0.674280
vn -0.355998 -0.923251 -0.144472
vn -0.355774 -0.923378 0.144212
vn -0.274013 -0.688593 0.671384
vn 0.024041 -0.652749 -0.757193
vn -0.039089 -0.989352 -0.140200
vn -0.039444 -0.989332 0.140234
vn 0.022189 -0.655402 0.754954
vn 0.073120 -0.571611 -0.817260
vn -0.036356 0.950828 -0.307578
vn 0.048499 -0.605942 -0.794029
vn -0.044237 0.999020 0.001237
vn 0.063541 -0.987350 -0.145266
vn 0.020462 -0.605935 -0.795251
vn 0.041191 -0.988232 -0.147313
vn 0.046507 -0.987875 -0.148124
vn 0.046016 -0.998941 0.000040
vn -0.043482 -0.999054 0.000028
vn 0.063433 -0.997986 0.000352
vn 0.063831 -0.987134 0.146604
vn 0.046645 -0.987841 0.148303
vn -0.005699 0.458980 0.888428
vn -0.054727 0.408555 0.911092
vn -0.103469 0.994632 0.001150
vn 0.073193 -0.574988 0.814881
vn 0.048847 -0.607268 0.792994
vn 0.041424 -0.988021 0.148657
vn 0.020938 -0.604364 0.796433
vn -0.102572 0.939116 -0.327934
vn -0.647721 -0.257144 0.717171
vn -0.259117 -0.052417 0.964423
vn -0.648607 -0.256253 -0.716689
vn -0.259216 -0.052389 -0.964397
vn -0.741059 -0.388217 0.547830
vn -0.235457 -0.361008 0.902349
vn -0.245962 -0.138958 0.959267
vn -0.755180 -0.249666 0.606111
vn -0.945047 -0.312463 0.096194
vn -0.957664 -0.263588 0.115761
vn -0.133242 -0.985869 0.101533
vn -0.627065 -0.775047 0.078044
vn -0.629522 -0.776982 0.001164
vn -0.131072 -0.991373 0.000052
vn -0.951999 -0.306100 0.000411
vn -0.945397 -0.311592 -0.095573
vn -0.629358 -0.773337 -0.076543
vn -0.133232 -0.985846 -0.101773
vn -0.200142 -0.812462 0.547584
vn -0.062385 -0.989663 0.129134
vn -0.041979 -0.774891 0.630700
vn 0.007759 -0.286534 0.958039
vn -0.741663 -0.386937 -0.547919
vn -0.957749 -0.263402 -0.115481
vn -0.755433 -0.249407 -0.605901
vn -0.235239 -0.360089 -0.902773
vn -0.245878 -0.138746 -0.959319
vn -0.199874 -0.811028 -0.549804
vn 0.008004 -0.286016 -0.958192
vn -0.041537 -0.774058 -0.631751
vn -0.062228 -0.989661 -0.129222
vn 0.644882 0.309259 -0.698918
vn 0.219642 0.107341 -0.969657
vn 0.895989 0.435631 -0.086195
vn 0.038408 -0.798134 -0.601254
vn -0.023412 -0.991752 -0.126016
vn 0.111001 -0.259312 -0.959394
vn 0.643638 0.309213 0.700084
vn 0.895935 0.435696 0.086433
vn 0.218989 0.107211 0.969819
vn 0.149758 -0.241686 -0.958728
vn 0.124335 -0.022535 -0.991984
vn 0.064698 -0.041176 -0.997055
vn 0.152889 -0.263380 -0.952500
vn 0.026592 -0.105413 -0.994073
vn 0.411396 -0.662420 -0.626062
vn 0.164431 -0.244911 -0.955501
vn 0.410701 -0.627901 -0.661109
vn 0.522089 -0.841067 -0.141525
vn 0.539431 -0.829459 -0.144954
vn 0.386090 -0.910657 -0.147101
vn 0.388268 -0.921546 -0.000009
vn -0.031983 -0.999488 -0.000030
vn 0.527445 -0.849589 0.000021
vn 0.522082 -0.841059 0.141596
vn 0.385917 -0.910723 0.147146
vn -0.023547 -0.991758 0.125943
vn 0.149634 -0.241524 0.958789
vn 0.152792 -0.263220 0.952560
vn 0.026972 -0.105757 0.994026
vn 0.064585 -0.041476 0.997050
vn 0.110881 -0.259627 0.959322
vn 0.124075 -0.022766 0.992012
vn 0.038067 -0.798618 0.600633
vn 0.411220 -0.662107 0.626508
vn 0.539422 -0.829470 0.144927
vn 0.410598 -0.627734 0.661331
vn 0.164387 -0.244861 0.955521
vn -0.904584 -0.399318 0.149242
vn 0.041533 -0.999137 0.000398
vn -0.914589 -0.404383 -0.000296
vn -0.904770 -0.398779 -0.149555
vn -0.953245 -0.272811 0.129996
vn -0.738654 -0.178408 0.650047
vn -0.250015 -0.018778 0.968060
vn -0.250110 -0.018763 -0.968036
vn -0.738872 -0.178160 -0.649867
vn -0.953217 -0.272532 -0.130781
vn 0.220435 0.132325 0.966384
vn 0.479851 0.375339 0.793009
vn 0.792779 0.598551 0.115061
vn 0.793306 0.598291 -0.112757
vn 0.482405 0.375354 -0.791451
vn 0.221203 0.132430 -0.966194
vn -0.964297 -0.242449 0.106540
vn -0.960171 -0.279413 -0.000427
vn -0.968314 -0.249734 0.000016
vn -0.964314 -0.242421 -0.106449
vn -0.804873 -0.154845 0.572889
vn -0.253308 0.028545 0.966965
vn 0.019384 0.123005 0.992217
vn 0.041357 0.070347 0.996665
vn 0.137237 0.173087 0.975298
vn -0.055907 0.193503 0.979506
vn -0.161700 0.114621 0.980161
vn -0.473261 0.506590 0.720688
vn -0.142865 0.089507 0.985687
vn -0.568611 0.417495 0.708787
vn -0.622517 0.780120 0.062333
vn -0.784362 0.617550 0.058373
vn -0.622427 0.780395 -0.059734
vn -0.473205 0.507783 -0.719884
vn -0.784321 0.617729 -0.057020
vn -0.568856 0.418270 -0.708134
vn -0.161977 0.114727 -0.980103
vn -0.143041 0.089542 -0.985658
vn -0.055241 0.194072 -0.979431
vn 0.137828 0.173433 -0.975154
vn 0.019395 0.123164 -0.992197
vn 0.041595 0.070398 -0.996651
vn -0.253275 0.028703 -0.966969
vn -0.804989 -0.154765 -0.572749
vn -0.036040 0.999350 -0.000004
vn -0.464755 0.885439 0.000283
vn -0.092160 -0.995744 -0.000011
vn 0.114449 -0.993429 0.000469
vn -0.011007 -0.999939 -0.000111
vn 0.048782 0.998809 -0.000059
vn -0.354439 -0.935079 0.000154
vn 0.635920 0.771754 0.001233
vn -0.945916 0.324411 0.000300
vn 0.875919 0.482457 0.000894
vn -0.060191 0.037876 0.997468
vn -0.181330 0.983422 0.000002
vn -0.060360 0.059684 -0.996391
vn 0.005236 0.135186 0.990806
vn 0.022446 0.999748 -0.000084
vn 0.008582 0.124459 -0.992188
vn -0.064309 -0.997930 -0.000006
vn 0.001277 0.124317 -0.992242
vn 0.015536 0.999879 -0.000000
vn -0.001965 0.118789 0.992918
vn -0.935705 -0.352785 -0.000141
vn 0.091168 -0.071739 -0.993248
vn 0.091209 -0.071751 0.993244
vn 0.013721 0.035072 0.999291
vn 0.013792 0.035065 -0.999290
vn 0.009307 -0.056108 0.998381
vn 0.009384 -0.056037 -0.998385
vn -0.965481 -0.260475 0.000133
vn 0.034968 -0.097333 0.994637
vn 0.545047 -0.838406 -0.000047
vn 0.034753 -0.097159 -0.994662
vn 0.106745 -0.057587 0.992617
vn 0.859495 -0.511145 0.000330
vn 0.106726 -0.057661 -0.992615
vn 0.000311 1.000000 0.000000
vn -0.443600 -0.667863 0.597644
vn -0.305579 0.783773 0.540668
vn -0.305823 0.783273 -0.541254
vn -0.445127 -0.669249 -0.594952
vn -0.530217 0.257817 0.807713
vn -0.024064 -0.790904 0.611468
vn 0.005466 -0.006084 0.999967
vn 0.021107 0.798262 0.601941
vn 0.008362 0.797446 -0.603332
vn -0.527987 0.256800 -0.809496
vn -0.010510 -0.001525 -0.999944
vn -0.025954 -0.790492 -0.611922
vn -0.041489 -0.749360 0.660862
vn -0.041517 -0.749454 -0.660753
vn -0.001338 -0.003050 0.999995
vn -0.001006 -0.002821 -0.999996
vn 0.262696 0.787019 -0.558205
vn 0.417368 0.001221 -0.908737
vn 0.263257 0.787137 0.557773
vn 0.416865 0.001820 0.908967
vn 0.374685 -0.584074 -0.720048
vn 0.374909 -0.582720 0.721028
vn 0.247969 -0.535293 0.807448
vn -0.319486 0.711023 0.626398
vn -0.319804 0.710260 -0.627102
vn -0.025797 0.743624 0.668100
vn -0.025768 0.743618 -0.668108
vn 0.459632 0.663248 -0.590627
vn 0.457367 0.663714 0.591861
vn 0.009714 0.673811 0.738840
vn 0.009718 0.673825 -0.738827
vn 0.006345 -0.015478 -0.999860
vn -0.237570 -0.630080 0.739297
vn -0.005742 -0.017544 0.999830
vn 0.009711 0.678510 0.734527
vn 0.009725 0.678471 -0.734563
vn 0.004603 -0.001391 -0.999988
vn -0.008699 -0.009142 0.999920
vn -0.557604 -0.718960 0.414938
vn -0.560834 -0.715006 -0.417411
vn 0.326572 -0.705858 -0.628581
vn 0.326195 -0.705588 0.629081
vn -0.996422 -0.048584 0.069151
vn -0.995733 -0.010974 0.091624
vn -0.999927 -0.012050 0.000008
vn -0.998525 -0.054296 0.000007
vn -0.847455 -0.519712 0.108261
vn -0.871179 -0.490966 0.000190
vn -0.982580 -0.009805 -0.185583
vn -0.988417 -0.042157 -0.145792
vn -0.806888 -0.545339 -0.227017
vn -0.164861 -0.010856 0.986257
vn -0.168354 -0.003922 0.985719
vn -0.995087 -0.004018 0.098923
vn -0.167371 0.002253 0.985892
vn -0.995098 0.001998 0.098876
vn -0.163048 0.016380 0.986482
vn -0.996331 0.018471 0.083565
vn -0.976392 -0.145652 0.159511
vn -0.990795 -0.135311 -0.004026
vn -0.936013 -0.157352 -0.314833
vn -0.243619 -0.145794 0.958850
vn -0.170178 -0.007549 0.985385
vn 0.062792 0.010276 0.997974
vn 0.001849 -0.144397 0.989518
vn -0.162647 -0.042678 0.985761
vn -0.009256 -0.042346 0.999060
vn -0.009976 -0.011124 0.999888
vn -0.607308 0.775540 0.172381
vn -0.648275 0.761406 0.000120
vn -0.999782 0.020894 0.000019
vn -0.531719 0.762790 -0.368003
vn -0.985073 0.015813 -0.171408
vn -0.188635 0.178231 0.965739
vn -0.008776 0.017025 0.999817
vn -0.006821 0.184922 0.982729
vn -0.009005 0.978749 0.204865
vn -0.163006 0.016374 -0.986489
vn -0.167325 0.002249 -0.985899
vn -0.980061 0.001804 -0.198690
vn -0.168223 -0.003924 -0.985741
vn -0.980031 -0.003591 -0.198815
vn -0.164711 -0.010855 -0.986282
vn -0.188651 0.178243 -0.965733
vn -0.008143 0.912439 -0.409131
vn -0.006823 0.184965 -0.982721
vn -0.008772 0.017029 -0.999817
vn -0.243393 -0.145965 -0.958882
vn -0.162423 -0.042676 -0.985798
vn -0.009068 -0.042449 -0.999057
vn 0.001948 -0.144484 -0.989505
vn -0.009872 -0.011183 -0.999889
vn -0.172498 -0.009099 -0.984968
vn 0.062005 0.009384 -0.998032
vn 0.353090 -0.871555 0.340176
vn 0.077571 -0.197827 0.977163
vn -0.002412 0.004565 0.999987
vn 0.306300 -0.770441 0.559108
vn 0.378239 -0.924113 0.054320
vn 0.370360 -0.926342 0.068727
vn 0.980163 -0.145593 0.134477
vn 0.919436 -0.365841 0.144211
vn 0.930927 -0.365205 -0.000118
vn 0.989707 -0.143112 -0.000134
vn 0.988712 -0.094164 0.116540
vn 0.995659 -0.093073 -0.000145
vn 0.613334 -0.782883 0.104479
vn 0.379213 -0.925309 0.000681
vn 0.617467 -0.786596 -0.000317
vn 0.375819 -0.918276 -0.124619
vn 0.609364 -0.761495 -0.220909
vn 0.886760 -0.353430 -0.297898
vn 0.949501 -0.144611 -0.278451
vn 0.965467 -0.093733 -0.243079
vn 0.027703 -0.007515 0.999588
vn 0.577640 -0.058850 0.814168
vn 0.580183 -0.050061 0.812946
vn 0.030192 -0.003747 0.999537
vn 0.556891 -0.041386 0.829554
vn 0.028304 0.001300 0.999599
vn 0.990970 -0.084215 0.104339
vn 0.992461 -0.076644 0.095636
vn 0.994529 -0.059187 0.086078
vn 0.553018 -0.026654 0.832743
vn 0.025556 0.015898 0.999547
vn 0.012933 -0.043211 0.998982
vn 0.022013 -0.020687 0.999544
vn -0.004661 -0.030310 0.999530
vn -0.016463 -0.113122 0.993445
vn 0.000487 -0.008472 0.999964
vn 0.002440 -0.043430 0.999053
vn -0.044163 0.013524 0.998933
vn -0.043953 0.125063 0.991175
vn 0.023596 0.195647 0.980391
vn 0.061158 0.978859 0.195178
vn 0.003637 0.978418 0.206602
vn 0.002763 0.187073 0.982342
vn 0.003488 0.017769 0.999836
vn 0.967605 0.234965 0.092372
vn 0.975520 0.219912 -0.000271
vn 0.065671 0.997841 -0.000330
vn 0.998283 -0.058583 -0.000038
vn 0.981123 -0.059367 -0.184046
vn 0.942895 0.251043 -0.218922
vn 0.054332 0.915761 -0.398032
vn 0.024260 0.195676 -0.980368
vn 0.026198 0.015876 -0.999531
vn 0.003625 0.017772 -0.999836
vn 0.002926 0.187119 -0.982333
vn 0.003432 0.911175 -0.412006
vn 0.555869 -0.026882 -0.830835
vn 0.559681 -0.041509 -0.827668
vn 0.028893 0.001289 -0.999582
vn 0.976644 -0.075688 -0.201092
vn 0.972199 -0.083285 -0.218845
vn 0.581796 -0.050049 -0.811794
vn 0.578566 -0.058741 -0.813517
vn 0.030578 -0.003767 -0.999525
vn 0.027862 -0.007573 -0.999583
vn 0.353271 -0.871666 -0.339702
vn 0.367634 -0.918819 -0.143586
vn 0.306089 -0.770203 -0.559551
vn 0.076519 -0.194877 -0.977838
vn -0.003756 0.010883 -0.999934
vn 0.012229 -0.044347 -0.998941
vn 0.000130 -0.047835 -0.998855
vn -0.047140 0.010823 -0.998830
vn -0.016794 -0.112679 -0.993490
vn -0.045528 0.133752 -0.989969
vn 0.021903 -0.020838 -0.999543
vn -0.004676 -0.030540 -0.999523
vn 0.000538 -0.008569 -0.999963
vn -0.061111 -0.998123 0.003938
vn -0.064304 -0.690131 0.720822
vn 0.093368 -0.782709 0.615345
vn 0.099091 -0.995078 0.000268
vn -0.978065 -0.205928 0.031354
vn -0.070742 -0.978204 -0.195223
vn -0.925354 -0.200763 -0.321579
vn -0.309304 0.950960 0.002567
vn -0.309656 0.949122 -0.057288
vn -0.302355 0.918198 0.255919
vn 0.011031 0.971401 0.237190
vn -0.019476 0.091546 0.995610
vn 0.013232 0.999911 -0.001887
vn 0.100890 -0.982951 -0.153716
vn -0.020565 0.090437 -0.995690
vn 0.007123 0.998632 -0.051793
vn 0.931729 -0.355578 -0.073798
vn 0.931907 -0.362695 -0.000973
vn -0.354390 -0.301285 -0.885232
vn -0.352298 -0.297538 0.887332
vn -0.831775 -0.496411 -0.248448
vn -0.058699 -0.225823 -0.972398
vn -0.182946 -0.976807 -0.111264
vn -0.838143 -0.533806 0.112106
vn -0.184333 -0.981430 0.053068
vn -0.057319 -0.221575 0.973457
vn 0.231776 -0.783028 -0.577188
vn 0.292065 -0.947517 -0.130033
vn 0.288839 -0.957378 -0.000045
vn -0.185209 -0.982699 -0.000376
vn 0.290232 -0.955025 0.060772
vn 0.232226 -0.783165 0.576822
vn -0.833590 -0.552375 -0.003116
vn 0.996465 -0.084011 -0.000118
vn 0.997052 -0.076725 -0.000100
vn -0.999990 -0.004410 0.000001
vn -0.999998 0.002175 -0.000002
vn 0.003790 0.002886 0.999989
vn 0.002834 -0.003002 0.999992
vn 0.003833 0.999993 -0.000158
vn 0.002920 -0.003035 -0.999991
vn 0.003912 0.002882 -0.999988
vn 0.371152 -0.928572 -0.000307
vn -0.010063 0.002500 0.999946
vn -0.010489 -0.004000 0.999937
vn -0.009461 0.999955 -0.000004
vn -0.010441 -0.004026 -0.999937
vn -0.010049 0.002493 -0.999946
vn 0.429281 -0.613783 0.662562
vn 0.542935 -0.245244 0.803167
vn 0.567680 -0.095189 0.817728
vn 0.549617 0.094430 0.830063
vn 0.552612 0.093884 -0.828134
vn 0.429927 -0.613471 -0.662432
vn 0.543239 -0.244769 -0.803106
vn 0.568117 -0.094940 -0.817453
vn -0.528849 -0.146437 0.835988
vn 0.889999 -0.317230 0.327516
vn -0.143775 -0.892396 0.427736
vn -0.998053 0.032056 0.053507
vn -0.999954 -0.007007 -0.006626
vn -0.162424 -0.939196 0.302537
vn -0.987138 -0.037885 -0.155318
vn -0.112717 -0.991944 0.057803
vn -0.071878 -0.311079 0.947662
vn 0.143845 -0.892392 0.427722
vn 0.071905 -0.311121 0.947646
vn -0.936539 0.084586 0.340205
vn -0.067183 0.665583 0.743294
vn -0.846444 0.496089 0.193462
vn -0.898190 0.429604 -0.093243
vn 0.998045 0.032176 0.053586
vn 0.162473 -0.939189 0.302534
vn 0.999954 -0.006910 -0.006678
vn 0.112850 -0.991930 0.057796
vn 0.987099 -0.037808 -0.155585
vn 0.936359 0.084725 0.340667
vn 0.897985 0.430017 -0.093318
vn 0.846181 0.496370 0.193893
vn 0.067286 0.665474 0.743382
vn -0.158499 0.958181 -0.238259
vn -0.192477 0.909532 -0.368380
vn -0.897172 0.412585 -0.157657
vn -0.116905 0.805678 -0.580703
vn -0.877791 0.382578 -0.288302
vn 0.158607 0.958170 -0.238231
vn 0.896950 0.412989 -0.157863
vn 0.192386 0.909545 -0.368395
vn 0.877381 0.383237 -0.288674
vn 0.117021 0.805781 -0.580536
vn -0.814163 0.333533 -0.475283
vn -0.929873 -0.144942 -0.338124
vn -0.062548 0.215102 -0.974587
vn -0.070017 -0.835316 -0.545293
vn 0.062833 0.215165 -0.974554
vn 0.813683 0.334278 -0.475582
vn 0.929739 -0.144922 -0.338501
vn 0.070189 -0.835276 -0.545333
vn -0.992788 0.115104 0.033509
vn -0.973904 0.226811 -0.008198
vn -0.992993 0.114236 0.030259
vn -0.946348 0.323149 -0.000132
vn -0.947029 0.320599 -0.018778
vn -0.947657 0.317252 -0.036022
vn -0.949598 0.308681 -0.054583
vn -0.951649 0.298982 -0.070529
vn -0.956079 0.279244 -0.089089
vn -0.957865 0.270827 -0.095648
vn -0.961177 0.256269 -0.102301
vn -0.964294 0.241789 -0.108056
vn -0.966867 0.230242 -0.110257
vn -0.969841 0.216724 -0.111526
vn -0.971868 0.207491 -0.111443
vn -0.974118 0.197615 -0.109742
vn -0.976390 0.187626 -0.107044
vn -0.978852 0.176657 -0.103160
vn -0.979679 0.173086 -0.101347
vn -0.982438 0.161162 -0.094038
vn -0.984827 0.150240 -0.086859
vn -0.985510 0.147266 -0.084160
vn -0.987950 0.136800 -0.072399
vn -0.989696 0.128737 -0.062678
vn -0.990130 0.126862 -0.059567
vn -0.991702 0.120242 -0.045496
vn -0.992785 0.115134 -0.033491
vn -0.992991 0.114260 -0.030221
vn -0.993595 0.111930 -0.015490
vn -0.993907 0.110213 -0.001649
vn -0.993906 0.110217 0.001665
vn -0.993592 0.111949 0.015599
vn -0.991693 0.120276 0.045597
vn -0.990287 0.126178 0.058402
vn -0.989860 0.127956 0.061682
vn -0.989584 0.129227 0.063437
vn -0.987943 0.136792 0.072501
vn -0.985530 0.147129 0.084166
vn -0.984876 0.149989 0.086735
vn -0.982529 0.160742 0.093800
vn -0.979778 0.172663 0.101107
vn -0.979023 0.175928 0.102779
vn -0.976834 0.185756 0.106252
vn -0.974605 0.195695 0.108855
vn -0.972010 0.207184 0.110774
vn -0.969514 0.218479 0.110952
vn -0.967157 0.229013 0.110272
vn -0.964647 0.240200 0.108447
vn -0.963850 0.243893 0.107284
vn -0.961037 0.256908 0.102007
vn -0.957935 0.270495 0.095880
vn -0.957183 0.273956 0.093536
vn -0.954548 0.286330 0.082785
vn -0.951975 0.297544 0.072187
vn -0.951405 0.300178 0.068710
vn -0.949651 0.308625 0.053985
vn -0.947925 0.316005 0.039731
vn -0.947623 0.317410 0.035510
vn -0.946648 0.322127 0.009622
vn -0.406705 0.586201 -0.700685
vn -0.403066 0.641844 -0.652360
vn -0.390803 0.773153 -0.499508
vn -0.387138 0.836840 -0.387070
vn -0.381394 0.889880 -0.250303
vn -0.381262 0.915001 -0.131955
vn -0.378251 0.925703 0.000382
vn -0.379908 0.922626 0.066574
vn -0.381187 0.891118 0.246179
vn -0.382248 0.882054 0.275441
vn -0.387189 0.837889 0.384743
vn -0.389626 0.781934 0.486591
vn -0.391743 0.764642 0.511722
vn -0.399206 0.689622 0.604199
vn -0.403964 0.606674 0.684660
vn -0.407156 0.583047 0.703051
vn -0.416824 0.479431 0.772272
vn -0.419355 0.369724 0.829123
vn -0.422920 0.431572 0.796796
vn -0.456307 0.325398 0.828191
vn -0.471412 0.196984 0.859633
vn -0.480869 0.108821 0.870013
vn -0.492711 0.014722 0.870068
vn -0.498996 -0.144772 0.854426
vn -0.480627 -0.235444 0.844727
vn -0.477166 -0.183048 0.859538
vn -0.492855 -0.305226 0.814820
vn -0.502324 -0.416025 0.758020
vn -0.507024 -0.443128 0.739300
vn -0.520257 -0.546045 0.656634
vn -0.525429 -0.624755 0.577586
vn -0.528632 -0.642011 0.555311
vn -0.532503 -0.659446 0.530634
vn -0.541218 -0.724011 0.427658
vn -0.544357 -0.778806 0.311666
vn -0.546430 -0.789576 0.279256
vn -0.552980 -0.819777 0.148926
vn -0.551525 -0.833979 0.017330
vn -0.551530 -0.833980 -0.017084
vn -0.553167 -0.819870 -0.147717
vn -0.546767 -0.789412 -0.279059
vn -0.544687 -0.778617 -0.311565
vn -0.541710 -0.724309 -0.426529
vn -0.531153 -0.652352 -0.540660
vn -0.527412 -0.632008 -0.567805
vn -0.520961 -0.546174 -0.655968
vn -0.507704 -0.442309 -0.739323
vn -0.502888 -0.414344 -0.758566
vn -0.493263 -0.303113 -0.815361
vn -0.481375 -0.200963 -0.853166
vn -0.492124 -0.273213 -0.826540
vn -0.519039 -0.146855 -0.842041
vn -0.512237 0.029884 -0.858324
vn -0.499917 0.114822 -0.858428
vn -0.490680 0.193941 -0.849483
vn -0.469958 0.335244 -0.816548
vn -0.439470 0.443513 -0.781129
vn -0.418362 0.498137 -0.759495
s 1
g group2_pCylinder1
usemtl initialShadingGroup
f 131/98/1 1/437/2 347/484/3 318/3/4
f 1/1/2 131/99/1 19/37/5 229/344/6
f 320/4/7 2/102/8 318/3/4 133/104/9
f 2/5/8 320/441/7 321/442/10 132/103/11
f 323/403/12 3/443/13 133/104/9 322/444/14
f 3/6/13 323/445/12 270/385/15 135/107/16
f 137/108/17 4/446/18 322/444/14 136/109/19
f 325/7/20 137/108/17 136/109/19 324/447/21
f 4/8/18 137/110/17 138/111/22 230/345/23
f 137/110/17 325/449/20 326/450/24 138/111/22
f 141/112/25 5/451/26 324/447/21 139/113/27
f 328/9/28 141/112/25 139/113/27 327/452/29
f 5/10/26 141/116/25 142/117/30 231/346/31
f 141/116/25 328/453/28 272/387/32 142/117/30
f 145/11/33 6/454/34 327/452/29 143/118/35
f 6/12/34 145/121/33 273/388/36 232/347/37
f 147/13/38 7/455/39 143/118/35 318/3/4
f 7/14/39 147/124/38 274/389/40 233/348/41
f 329/15/42 8/125/43 318/3/4 330/457/44
f 8/16/43 329/456/42 275/390/45 149/128/46
f 333/17/47 9/129/48 330/457/44 331/458/49
f 9/18/48 333/462/47 334/463/50 150/130/51
f 153/19/52 332/461/53 331/458/49 151/131/54
f 332/460/53 153/134/52 277/392/55 234/349/56
f 155/135/57 10/464/58 151/131/54 318/3/4
f 336/20/59 155/135/57 318/3/4 335/465/60
f 10/21/58 155/138/57 156/139/61 235/350/62
f 155/138/57 336/466/59 278/393/63 156/139/61
f 338/22/64 11/140/65 335/465/60 337/467/66
f 11/23/65 338/469/64 339/470/67 157/141/68
f 160/142/69 12/471/70 337/467/66 158/143/71
f 341/407/72 160/142/69 158/143/71 340/472/73
f 12/24/70 160/146/69 161/147/74 236/351/75
f 160/146/69 341/473/72 280/395/76 161/147/74
f 163/148/77 13/474/78 340/472/73 162/149/79
f 343/25/80 163/148/77 162/149/79 342/475/81
f 13/26/78 163/150/77 164/151/82 237/352/83
f 163/150/77 343/477/80 344/478/84 164/151/82
f 167/152/85 14/479/86 342/475/81 165/153/87
f 346/27/88 167/152/85 165/153/87 345/480/89
f 14/28/86 167/156/85 168/157/90 238/353/91
f 167/156/85 346/481/88 282/397/92 168/157/90
f 171/29/93 15/482/94 345/480/89 169/158/95
f 15/30/94 171/161/93 283/398/96 239/354/97
f 173/31/98 16/483/99 169/158/95 318/3/4
f 16/32/99 173/164/98 284/399/100 240/355/101
f 348/33/102 17/165/103 318/3/4 347/484/3
f 17/34/103 348/486/102 349/487/104 174/166/105
f 229/100/6 175/167/106 360/490/107 285/400/108
f 285/400/108 360/490/107 350/491/109 286/493/110
f 241/356/111 19/37/5 268/383/112 176/170/113
f 176/169/113 268/383/112 132/103/11 177/171/114
f 178/172/115 321/442/10 351/495/116 242/357/117
f 242/357/117 351/495/116 135/107/16 179/174/118
f 352/498/119 270/385/15 269/384/120 243/358/121
f 243/358/121 269/384/120 230/345/23 180/176/122
f 181/178/123 326/450/24 353/502/124 244/359/125
f 244/359/125 353/502/124 231/346/31 182/180/126
f 183/183/127 272/387/32 271/386/128 245/360/129
f 245/360/129 271/386/128 232/347/37 184/185/130
f 185/186/131 273/388/36 186/188/132 217/86/133
f 217/86/133 186/188/132 233/348/41 187/189/134
f 188/191/135 274/389/40 189/193/136 218/87/137
f 218/87/137 189/193/136 149/128/46 190/194/138
f 191/196/139 275/390/45 192/198/140 219/88/141
f 219/88/141 192/198/140 150/130/51 193/199/142
f 194/201/143 334/463/50 354/508/144 246/361/145
f 246/361/145 354/508/144 234/349/56 195/203/146
f 196/205/147 277/392/55 276/391/148 247/362/149
f 247/362/149 276/391/148 235/350/62 197/207/150
f 198/209/151 278/393/63 199/211/152 220/89/153
f 220/89/153 199/211/152 157/141/68 200/212/154
f 201/214/155 339/470/67 355/513/156 248/363/157
f 248/363/157 355/513/156 236/351/75 202/216/158
f 356/516/159 280/395/76 279/394/160 249/364/161
f 249/364/161 279/394/160 237/352/83 203/219/162
f 204/221/163 344/478/84 357/520/164 250/365/165
f 250/365/165 357/520/164 238/353/91 205/223/166
f 206/226/167 282/397/92 281/396/168 251/366/169
f 251/366/169 281/396/168 239/354/97 207/228/170
f 208/229/171 283/398/96 209/231/172 221/90/173
f 221/90/173 209/231/172 240/355/101 210/232/174
f 211/234/175 284/399/100 212/236/176 222/91/177
f 222/91/177 212/236/176 174/166/105 213/237/178
f 214/239/179 349/487/104 358/525/180 252/367/181
f 252/367/181 358/525/180 286/401/110 350/492/109
f 175/489/106 241/488/111 1987/2431/182 1988/2432/183
f 177/38/114 178/494/115 1984/2428/184 1985/2429/185
f 179/497/118 352/496/119 2043/2487/186 2044/2488/187
f 223/177/188 181/500/123 2039/2483/189 2040/2484/190
f 180/501/122 223/177/188 2040/2484/190 2041/2485/191
f 224/182/192 183/533/127 2035/2479/193 2036/2480/194
f 182/39/126 224/182/192 2036/2480/194 2037/2481/195
f 184/503/130 185/535/131 2032/2476/196 2033/2477/197
f 187/504/134 188/536/135 2029/2473/198 2030/2474/199
f 190/505/138 191/537/139 2026/2470/200 2027/2471/201
f 193/507/142 194/506/143 2023/2467/202 2024/2468/203
f 195/509/146 196/539/147 2020/2464/204 2021/2465/205
f 225/208/206 198/541/151 2016/2460/207 2017/2461/208
f 197/510/150 225/208/206 2017/2461/208 2018/2462/209
f 200/512/154 201/511/155 2013/2457/210 2014/2458/211
f 226/218/212 356/514/159 2009/2453/213 2010/2454/214
f 202/515/158 226/218/212 2010/2454/214 2011/2455/215
f 227/220/216 204/518/163 2005/2449/217 2006/2450/218
f 203/519/162 227/220/216 2006/2450/218 2007/2451/219
f 228/225/220 206/545/167 2001/2445/221 2002/2446/222
f 205/40/166 228/225/220 2002/2446/222 2003/2447/223
f 207/521/170 208/547/171 1998/2442/224 1999/2443/225
f 210/522/174 211/548/175 1995/2439/226 1996/2440/227
f 213/524/178 214/523/179 1992/2436/228 1993/2437/229
f 359/527/230 48/244/231 50/246/232 21/42/233
f 21/42/233 50/246/232 2050/2494/234 2051/2495/235
f 22/43/236 369/552/237 371/554/238 253/368/239
f 253/368/239 371/554/238 2047/2491/240 2048/2492/241
f 373/557/242 372/555/243 52/248/244 254/369/245
f 254/369/245 52/248/244 36/69/246 53/250/247
f 299/418/248 373/557/242 300/419/249 54/252/250
f 372/556/243 55/253/251 374/558/252 255/370/253
f 255/370/253 374/558/252 362/532/254 375/559/255
f 257/372/256 256/371/257 383/573/258 303/422/259
f 54/252/250 257/372/256 2102/2546/260 2103/2547/261
f 256/371/257 300/560/249 57/255/262 296/413/263
f 296/413/263 57/255/262 37/72/264 411/611/265
f 375/559/255 301/257/266 258/373/267 259/374/268
f 301/257/266 377/561/269 58/258/270 258/373/267
f 258/373/267 58/258/270 33/60/271 59/260/272
f 259/374/268 258/373/267 59/260/272 376/562/273
f 377/564/269 361/531/274 60/262/275 260/375/276
f 260/375/276 60/262/275 61/263/277 378/565/278
f 378/44/278 302/264/279 62/265/280 261/376/281
f 261/376/281 62/265/280 31/54/282 379/566/283
f 63/266/284 381/569/285 72/280/286 64/268/287
f 302/264/279 63/266/284 64/268/287 382/570/288
f 385/576/289 65/270/290 262/377/291 263/378/292
f 65/270/290 383/572/258 66/272/293 262/377/291
f 262/377/291 66/272/293 34/64/294 67/274/295
f 263/378/292 262/377/291 67/274/295 384/574/296
f 387/579/297 385/576/289 386/578/298 68/276/299
f 303/422/259 69/277/300 2100/2544/301 2101/2545/302
f 69/277/300 387/579/297 2099/2543/303 2100/2544/301
f 382/45/288 386/578/298 71/279/304 264/379/305
f 264/379/305 71/279/304 32/57/306 389/581/307
f 68/276/299 64/269/287 2097/2541/308 2098/2542/309
f 64/269/287 72/280/286 2096/2540/310 2097/2541/308
f 23/46/311 75/283/312 77/285/313 24/47/314
f 24/47/314 77/285/313 2093/2537/315 2094/2538/316
f 25/48/317 79/287/318 81/289/319 390/583/320
f 390/583/320 81/289/319 2090/2534/321 2091/2535/322
f 26/49/323 392/585/324 393/586/325 394/587/326
f 394/587/326 393/586/325 2087/2531/327 2088/2532/328
f 27/50/329 395/588/330 398/591/331 399/592/332
f 399/592/332 398/591/331 2084/2528/333 2085/2529/334
f 363/538/335 87/295/336 89/297/337 397/590/338
f 397/590/338 89/297/337 2081/2525/339 2082/2526/340
f 91/299/341 401/594/342 402/595/343 93/301/344
f 28/51/345 91/299/341 93/301/344 29/52/346
f 29/52/346 93/301/344 2078/2522/347 2079/2523/348
f 93/301/344 402/595/343 2077/2521/349 2078/2522/347
f 30/53/350 404/597/351 406/599/352 407/600/353
f 407/600/353 406/599/352 2074/2518/354 2075/2519/355
f 98/306/356 31/55/282 389/601/307 304/603/357
f 96/304/358 98/306/356 304/603/357 408/604/359
f 379/608/283 99/308/360 409/605/361 410/606/362
f 410/606/362 409/605/361 365/544/363 33/62/271
f 265/380/364 32/58/306 384/575/296 35/68/365
f 408/604/359 304/423/357 2071/2515/366 2072/2516/367
f 304/423/357 265/380/364 2070/2514/368 2071/2515/366
f 376/63/273 364/543/369 101/311/370 103/313/371
f 103/313/371 101/311/370 102/312/372 36/71/246
f 412/612/373 34/66/294 411/610/265 266/381/374
f 35/68/365 104/315/375 2068/2512/376 2069/2513/377
f 104/315/375 412/612/373 2067/2511/378 2068/2512/376
f 53/616/247 106/317/379 107/319/380 37/74/264
f 106/317/379 415/615/381 108/321/382 107/319/380
f 266/381/374 107/320/380 2065/2509/383 2066/2510/384
f 107/320/380 108/321/382 2064/2508/385 2065/2509/383
f 38/76/386 111/324/387 113/326/388 39/77/389
f 39/77/389 113/326/388 2061/2505/390 2062/2506/391
f 40/78/392 115/328/393 117/330/394 416/617/395
f 416/617/395 117/330/394 2058/2502/396 2059/2503/397
f 41/79/398 418/619/399 420/621/400 421/622/401
f 421/622/401 420/621/400 2055/2499/402 2056/2500/403
f 131/99/1 318/438/4 268/383/112 19/37/5
f 318/438/4 2/5/8 132/103/11 268/383/112
f 320/441/7 287/440/404 351/495/116 321/442/10
f 287/440/404 3/6/13 135/107/16 351/495/116
f 323/445/12 134/105/405 269/384/120 270/385/15
f 134/105/405 4/8/18 230/345/23 269/384/120
f 325/449/20 288/448/406 353/502/124 326/450/24
f 288/448/406 5/10/26 231/346/31 353/502/124
f 328/453/28 140/114/407 271/386/128 272/387/32
f 140/114/407 6/12/34 232/347/37 271/386/128
f 145/121/33 144/119/408 186/188/132 273/388/36
f 144/119/408 7/14/39 233/348/41 186/188/132
f 147/124/38 146/122/409 189/193/136 274/389/40
f 146/122/409 8/16/43 149/128/46 189/193/136
f 329/456/42 148/126/410 192/198/140 275/390/45
f 148/126/410 9/18/48 150/130/51 192/198/140
f 333/462/47 289/459/411 354/508/144 334/463/50
f 289/459/411 332/460/53 234/349/56 354/508/144
f 153/134/52 152/132/412 276/391/148 277/392/55
f 152/132/412 10/21/58 235/350/62 276/391/148
f 336/466/59 154/136/413 199/211/152 278/393/63
f 154/136/413 11/23/65 157/141/68 199/211/152
f 338/469/64 290/468/414 355/513/156 339/470/67
f 290/468/414 12/24/70 236/351/75 355/513/156
f 341/473/72 159/144/415 279/394/160 280/395/76
f 159/144/415 13/26/78 237/352/83 279/394/160
f 343/477/80 291/476/416 357/520/164 344/478/84
f 291/476/416 14/28/86 238/353/91 357/520/164
f 346/481/88 166/154/417 281/396/168 282/397/92
f 166/154/417 15/30/94 239/354/97 281/396/168
f 171/161/93 170/159/418 209/231/172 283/398/96
f 170/159/418 16/32/99 240/355/101 209/231/172
f 173/164/98 172/162/419 212/236/176 284/399/100
f 172/162/419 17/34/103 174/166/105 212/236/176
f 348/486/102 292/485/420 358/525/180 349/487/104
f 292/485/420 18/36/421 286/401/110 358/525/180
f 18/36/421 319/439/422 285/400/108 286/401/110
f 319/439/422 1/2/2 229/100/6 285/400/108
f 133/104/9 3/443/13 287/402/404 320/4/7
f 322/444/14 4/446/18 134/106/405 323/403/12
f 324/447/21 5/451/26 288/404/406 325/7/20
f 327/452/29 6/454/34 140/115/407 328/9/28
f 143/118/35 7/455/39 144/120/408 145/11/33
f 318/3/4 8/125/43 146/123/409 147/13/38
f 330/457/44 9/129/48 148/127/410 329/15/42
f 331/458/49 332/461/53 289/405/411 333/17/47
f 151/131/54 10/464/58 152/133/412 153/19/52
f 335/465/60 11/140/65 154/137/413 336/20/59
f 337/467/66 12/471/70 290/406/414 338/22/64
f 340/472/73 13/474/78 159/145/415 341/407/72
f 342/475/81 14/479/86 291/408/416 343/25/80
f 345/480/89 15/482/94 166/155/417 346/27/88
f 169/158/95 16/483/99 170/160/418 171/29/93
f 318/3/4 17/165/103 172/163/419 173/31/98
f 347/484/3 18/35/421 292/409/420 348/33/102
f 347/484/3 1/437/2 319/101/422 18/35/421
f 241/488/111 176/529/113 1986/2430/423 1987/2431/182
f 176/529/113 177/38/114 1985/2429/185 1986/2430/423
f 242/175/117 179/497/118 2044/2488/187 2045/2489/424
f 178/494/115 242/175/117 2045/2489/424 1984/2428/184
f 243/530/121 180/501/122 2041/2485/191 2042/2486/425
f 352/496/119 243/530/121 2042/2486/425 2043/2487/186
f 244/181/125 182/39/126 2037/2481/195 2038/2482/426
f 181/500/123 244/181/125 2038/2482/426 2039/2483/189
f 245/534/129 184/503/130 2033/2477/197 2034/2478/427
f 183/533/127 245/534/129 2034/2478/427 2035/2479/193
f 217/190/133 187/504/134 2030/2474/199 2031/2475/428
f 185/535/131 217/190/133 2031/2475/428 2032/2476/196
f 218/195/137 190/505/138 2027/2471/201 2028/2472/429
f 188/536/135 218/195/137 2028/2472/429 2029/2473/198
f 219/200/141 193/507/142 2024/2468/203 2025/2469/430
f 191/537/139 219/200/141 2025/2469/430 2026/2470/200
f 246/204/145 195/509/146 2021/2465/205 2022/2466/431
f 194/506/143 246/204/145 2022/2466/431 2023/2467/202
f 247/540/149 197/510/150 2018/2462/209 2019/2463/432
f 196/539/147 247/540/149 2019/2463/432 2020/2464/204
f 220/213/153 200/512/154 2014/2458/211 2015/2459/433
f 198/541/151 220/213/153 2015/2459/433 2016/2460/207
f 248/217/157 202/515/158 2011/2455/215 2012/2456/434
f 201/511/155 248/217/157 2012/2456/434 2013/2457/210
f 249/542/161 203/519/162 2007/2451/219 2008/2452/435
f 356/514/159 249/542/161 2008/2452/435 2009/2453/213
f 250/224/165 205/40/166 2003/2447/223 2004/2448/436
f 204/518/163 250/224/165 2004/2448/436 2005/2449/217
f 251/546/169 207/521/170 1999/2443/225 2000/2444/437
f 206/545/167 251/546/169 2000/2444/437 2001/2445/221
f 221/233/173 210/522/174 1996/2440/227 1997/2441/438
f 208/547/171 221/233/173 1997/2441/438 1998/2442/224
f 222/238/177 213/524/178 1993/2437/229 1994/2438/439
f 211/548/175 222/238/177 1994/2438/439 1995/2439/226
f 252/241/181 350/526/109 1990/2434/440 1991/2435/441
f 214/523/179 252/241/181 1991/2435/441 1992/2436/228
f 360/528/107 175/489/106 1988/2432/183 1989/2433/442
f 350/526/109 360/528/107 1989/2433/442 1990/2434/440
f 50/246/232 49/245/443 2049/2493/444 2050/2494/234
f 49/245/443 253/368/239 2048/2492/241 2049/2493/444
f 371/554/238 370/553/445 2104/2548/446 2047/2491/240
f 370/553/445 54/252/250 2103/2547/261 2104/2548/446
f 257/372/256 303/422/259 2101/2545/302 2102/2546/260
f 387/579/297 68/276/299 2098/2542/309 2099/2543/303
f 72/280/286 73/281/447 2095/2539/448 2096/2540/310
f 73/281/447 24/47/314 2094/2538/316 2095/2539/448
f 77/285/313 76/284/449 2092/2536/450 2093/2537/315
f 76/284/449 390/583/320 2091/2535/322 2092/2536/450
f 81/289/319 80/288/451 2089/2533/452 2090/2534/321
f 80/288/451 394/587/326 2088/2532/328 2089/2533/452
f 393/586/325 83/291/453 2086/2530/454 2087/2531/327
f 83/291/453 399/592/332 2085/2529/334 2086/2530/454
f 398/591/331 396/589/455 2083/2527/456 2084/2528/333
f 396/589/455 397/590/338 2082/2526/340 2083/2527/456
f 89/297/337 88/296/457 2080/2524/458 2081/2525/339
f 88/296/457 29/52/346 2079/2523/348 2080/2524/458
f 402/595/343 92/300/459 2076/2520/460 2077/2521/349
f 92/300/459 407/600/353 2075/2519/355 2076/2520/460
f 406/599/352 405/598/461 2073/2517/462 2074/2518/354
f 405/598/461 408/604/359 2072/2516/367 2073/2517/462
f 265/380/364 35/68/365 2069/2513/377 2070/2514/368
f 412/612/373 266/381/374 2066/2510/384 2067/2511/378
f 108/321/382 109/322/463 2063/2507/464 2064/2508/385
f 109/322/463 39/77/389 2062/2506/391 2063/2507/464
f 113/326/388 112/325/465 2060/2504/466 2061/2505/390
f 112/325/465 416/617/395 2059/2503/397 2060/2504/466
f 117/330/394 116/329/467 2057/2501/468 2058/2502/396
f 116/329/467 421/622/401 2056/2500/403 2057/2501/468
f 420/621/400 419/620/469 2054/2498/470 2055/2499/402
f 419/620/469 422/623/471 2053/2497/472 2054/2498/470
f 422/623/471 367/550/473 2052/2496/474 2053/2497/472
f 367/550/473 21/42/233 2051/2495/235 2052/2496/474
f 42/80/475 366/549/476 367/550/473 422/623/471
f 366/549/476 359/527/230 21/42/233 367/550/473
f 418/619/399 118/331/477 419/620/469 420/621/400
f 118/331/477 42/80/475 422/623/471 419/620/469
f 115/328/393 114/327/478 116/329/467 117/330/394
f 114/327/478 41/79/398 421/622/401 116/329/467
f 111/324/387 110/323/479 112/325/465 113/326/388
f 110/323/479 40/78/392 416/617/395 112/325/465
f 415/615/381 414/614/480 109/322/463 108/321/382
f 414/614/480 38/76/386 39/77/389 109/322/463
f 95/303/481 96/304/358 408/604/359 405/598/461
f 404/597/351 95/303/481 405/598/461 406/599/352
f 90/298/482 30/53/350 407/600/353 92/300/459
f 401/594/342 90/298/482 92/300/459 402/595/343
f 400/593/483 28/51/345 29/52/346 88/296/457
f 87/295/336 400/593/483 88/296/457 89/297/337
f 85/293/484 363/538/335 397/590/338 396/589/455
f 395/588/330 85/293/484 396/589/455 398/591/331
f 82/290/485 27/50/329 399/592/332 83/291/453
f 392/585/324 82/290/485 83/291/453 393/586/325
f 78/286/486 26/49/323 394/587/326 80/288/451
f 79/287/318 78/286/486 80/288/451 81/289/319
f 74/282/487 25/48/317 390/583/320 76/284/449
f 75/283/312 74/282/487 76/284/449 77/285/313
f 380/568/488 23/46/311 24/47/314 73/281/447
f 381/569/285 380/568/488 73/281/447 72/280/286
f 369/552/237 51/247/489 370/553/445 371/554/238
f 51/247/489 299/418/248 54/252/250 370/553/445
f 20/41/490 22/43/236 253/368/239 49/245/443
f 48/244/231 20/41/490 49/245/443 50/246/232
f 384/574/296 32/57/306 71/279/304 263/378/292
f 263/378/292 71/279/304 386/578/298 385/576/289
f 411/611/265 34/65/294 66/273/293 296/413/263
f 296/413/263 66/273/293 383/573/258 256/371/257
f 53/250/247 37/73/264 57/256/262 254/369/245
f 254/369/245 57/256/262 300/419/249 373/557/242
f 389/602/307 31/54/282 62/265/280 264/414/305
f 264/414/305 62/265/280 302/264/279 382/570/288
f 376/562/273 103/314/371 297/415/491 259/374/268
f 103/314/371 36/70/246 52/249/244 297/415/491
f 297/415/491 52/249/244 372/556/243 255/370/253
f 259/374/268 297/415/491 255/370/253 375/559/255
f 379/609/283 410/607/362 298/416/492 261/417/281
f 410/607/362 33/61/271 58/259/270 298/416/492
f 298/416/492 58/259/270 377/564/269 260/375/276
f 261/417/281 298/416/492 260/375/276 378/565/278
f 175/168/106 229/344/6 19/37/5 241/356/111
f 177/171/114 132/103/11 321/442/10 178/173/115
f 179/174/118 135/107/16 270/385/15 352/499/119
f 180/176/122 230/345/23 138/111/22 223/92/188
f 223/92/188 138/111/22 326/450/24 181/179/123
f 182/180/126 231/346/31 142/117/30 224/93/192
f 224/93/192 142/117/30 272/387/32 183/184/127
f 184/185/130 232/347/37 273/388/36 185/187/131
f 187/189/134 233/348/41 274/389/40 188/192/135
f 190/194/138 149/128/46 275/390/45 191/197/139
f 193/199/142 150/130/51 334/463/50 194/202/143
f 195/203/146 234/349/56 277/392/55 196/206/147
f 197/207/150 235/350/62 156/139/61 225/94/206
f 225/94/206 156/139/61 278/393/63 198/210/151
f 200/212/154 157/141/68 339/470/67 201/215/155
f 202/216/158 236/351/75 161/147/74 226/95/212
f 226/95/212 161/147/74 280/395/76 356/517/159
f 203/219/162 237/352/83 164/151/82 227/96/216
f 227/96/216 164/151/82 344/478/84 204/222/163
f 205/223/166 238/353/91 168/157/90 228/97/220
f 228/97/220 168/157/90 282/397/92 206/227/167
f 207/228/170 239/354/97 283/398/96 208/230/171
f 210/232/174 240/355/101 284/399/100 211/235/175
f 213/237/178 174/166/105 349/487/104 214/240/179
f 345/480/89 165/153/87 318/3/4 169/158/95
f 342/475/81 162/149/79 318/3/4 165/153/87
f 340/472/73 158/143/71 318/3/4 162/149/79
f 337/467/66 335/465/60 318/3/4 158/143/71
f 331/458/49 330/457/44 318/3/4 151/131/54
f 327/452/29 139/113/27 318/3/4 143/118/35
f 324/447/21 136/109/19 318/3/4 139/113/27
f 322/444/14 133/104/9 318/3/4 136/109/19
f 372/556/243 373/557/242 299/418/248 55/253/251
f 256/371/257 257/372/256 54/252/250 300/419/249
f 375/559/255 362/532/254 215/242/493 301/420/266
f 301/420/266 215/242/493 361/531/274 377/564/269
f 378/565/278 61/263/277 63/267/284 302/421/279
f 383/573/258 65/271/290 69/277/300 303/422/259
f 65/271/290 385/577/289 387/579/297 69/277/300
f 386/578/298 382/571/288 64/269/287 68/276/299
f 379/567/283 31/56/282 98/307/356 99/309/360
f 32/59/306 265/380/364 304/423/357 389/582/307
f 33/62/271 365/544/363 216/243/494 59/261/272
f 59/261/272 216/243/494 364/543/369 376/563/273
f 34/67/294 412/612/373 104/315/375 67/275/295
f 67/275/295 104/315/375 35/68/365 384/575/296
f 36/71/246 102/312/372 106/318/379 53/251/247
f 411/610/265 37/75/264 107/320/380 266/381/374
s 20
f 461/635/495 433/636/496 440/755/497 474/754/498
f 467/634/499 461/635/495 474/754/498 475/753/500
f 476/638/501 467/727/499 477/730/502 452/645/503
f 433/637/496 476/638/501 480/650/504 450/639/505
f 468/640/506 477/642/502 443/710/507 447/756/508
f 451/641/509 468/640/506 447/756/508 460/643/510
f 452/645/503 451/644/509 481/734/511 478/646/512
f 462/647/513 479/649/514 490/677/515 458/678/516
f 450/648/505 462/647/513 458/678/516 471/743/517
f 479/732/514 480/650/504 478/646/512 453/651/518
f 463/652/519 481/653/511 473/745/520 459/683/521
f 453/651/518 463/652/519 459/683/521 472/744/522
f 464/655/523 482/656/524 494/752/525 454/657/526
f 455/654/527 464/655/523 454/657/526 483/658/528
f 485/661/529 455/659/527 486/738/530 484/660/531
f 482/736/524 485/661/529 434/662/532 456/663/533
f 465/664/534 486/665/530 499/759/535 449/758/536
f 457/726/537 465/664/534 449/758/536 487/666/538
f 484/660/531 457/667/537 435/668/539 488/669/540
f 469/670/541 489/672/542 492/746/543 491/747/544
f 456/671/533 469/670/541 491/747/544 436/673/545
f 489/740/542 434/662/532 488/669/540 470/674/546
f 466/675/547 435/676/539 437/748/548 444/749/549
f 470/674/546 466/675/547 444/749/549 493/750/550
f 471/679/517 458/680/516 445/751/551 438/681/552
f 459/685/521 473/686/520 497/712/553 448/757/554
f 436/673/545 491/688/544 495/691/555 439/692/556
f 491/688/544 492/689/543 496/690/557 495/691/555
f 493/694/550 444/695/549 446/696/558 442/697/559
f 444/695/549 437/693/548 441/711/560 446/696/558
f 438/681/552 445/699/551 454/700/526 494/701/525
f 439/692/556 495/706/555 474/709/498 440/682/497
f 495/706/555 496/707/557 475/708/500 474/709/498
f 442/705/559 446/713/558 447/716/508 443/710/507
f 446/713/558 441/714/560 460/715/510 447/716/508
f 448/718/554 497/712/553 487/719/538 449/720/536
f 472/744/522 459/683/521 448/717/554 498/722/561
f 458/678/516 490/677/515 500/724/562 445/698/551
f 498/722/561 448/717/554 449/721/536 499/723/535
f 445/698/551 500/724/562 483/702/528 454/703/526
f 476/638/501 452/645/503 478/646/512 480/650/504
f 479/732/514 453/651/518 472/744/522 490/677/515
f 485/661/529 484/660/531 488/669/540 434/662/532
f 475/753/500 443/710/507 477/642/502 467/634/499
f 451/644/509 460/684/510 473/686/520 481/734/511
f 471/679/517 440/682/497 433/637/496 450/639/505
f 456/671/533 436/673/545 494/752/525 482/656/524
f 489/740/542 470/674/546 493/750/550 492/687/543
f 487/719/538 437/693/548 435/725/539 457/726/537
f 483/702/528 499/723/535 486/738/530 455/659/527
f 438/681/552 439/692/556 440/682/497 471/679/517
f 496/704/557 442/705/559 443/710/507 475/753/500
f 473/686/520 460/684/510 441/711/560 497/712/553
f 490/677/515 472/744/522 498/722/561 500/724/562
f 494/752/525 436/673/545 439/692/556 438/681/552
f 500/724/562 498/722/561 499/723/535 483/702/528
f 497/712/553 441/711/560 437/693/548 487/719/538
f 492/687/543 493/750/550 442/705/559 496/704/557
f 476/638/501 433/637/496 461/728/495 467/727/499
f 452/645/503 477/730/502 468/729/506 451/644/509
f 480/650/504 479/732/514 462/731/513 450/639/505
f 478/646/512 481/734/511 463/733/519 453/651/518
f 485/661/529 482/736/524 464/735/523 455/659/527
f 484/660/531 486/738/530 465/737/534 457/667/537
f 434/662/532 489/740/542 469/739/541 456/663/533
f 488/669/540 435/668/539 466/742/547 470/741/546
s 22
f 534/760/563 533/761/564 501/769/565 502/770/566
f 535/762/567 534/760/563 502/770/566 503/771/568
f 536/763/569 535/762/567 503/771/568 504/772/570
f 537/764/571 536/763/569 504/772/570 505/773/572
f 538/765/573 537/764/571 505/773/572 506/774/574
f 539/766/575 538/765/573 506/774/574 507/775/576
f 540/767/577 539/766/575 507/775/576 508/776/578
f 533/768/564 540/767/577 508/776/578 501/777/565
f 502/770/566 501/769/565 509/778/579 510/779/580
f 503/771/568 502/770/566 510/779/580 511/780/581
f 504/772/570 503/771/568 511/780/581 512/781/582
f 505/773/572 504/772/570 512/781/582 513/782/583
f 506/774/574 505/773/572 513/782/583 514/783/584
f 507/775/576 506/774/574 514/783/584 515/784/585
f 508/776/578 507/775/576 515/784/585 516/785/586
f 501/777/565 508/776/578 516/785/586 509/786/579
f 510/779/580 509/778/579 517/787/587 518/788/588
f 511/780/581 510/779/580 518/788/588 519/789/589
f 512/781/582 511/780/581 519/789/589 520/790/590
f 513/782/583 512/781/582 520/790/590 521/791/591
f 514/783/584 513/782/583 521/791/591 522/792/592
f 515/784/585 514/783/584 522/792/592 523/793/593
f 516/785/586 515/784/585 523/793/593 524/794/594
f 509/786/579 516/785/586 524/794/594 517/795/587
f 518/788/588 517/787/587 525/796/595 526/797/596
f 519/789/589 518/788/588 526/797/596 527/798/597
f 520/790/590 519/789/589 527/798/597 528/799/598
f 521/791/591 520/790/590 528/799/598 529/800/599
f 522/792/592 521/791/591 529/800/599 530/801/600
f 523/793/593 522/792/592 530/801/600 531/802/601
f 524/794/594 523/793/593 531/802/601 532/803/602
f 517/795/587 524/794/594 532/803/602 525/804/595
f 526/797/596 525/796/595 533/805/564 534/806/563
f 527/798/597 526/797/596 534/806/563 535/807/567
f 528/799/598 527/798/597 535/807/567 536/808/569
f 529/800/599 528/799/598 536/808/569 537/809/571
f 530/801/600 529/800/599 537/809/571 538/810/573
f 531/802/601 530/801/600 538/810/573 539/811/575
f 532/803/602 531/802/601 539/811/575 540/812/577
f 525/804/595 532/803/602 540/812/577 533/813/564
s 23
f 541/814/603 1164/815/604 1636/816/605 1167/817/606
f 1164/815/604 543/818/607 1165/819/608 1636/816/605
f 1636/816/605 1165/819/608 561/820/609 1166/821/610
f 1167/817/606 1636/816/605 1166/821/610 560/822/611
f 542/823/612 1168/824/613 1637/825/614 1171/826/615
f 1168/824/613 541/827/603 1169/828/616 1637/825/614
f 1637/825/614 1169/828/616 1175/2020/617 1170/829/618
f 1171/826/615 1637/825/614 1170/829/618 546/830/619
f 543/831/607 1172/832/620 1174/834/621 566/835/622
f 1172/832/620 542/823/612 1173/833/623 1174/834/621
f 544/836/624 1175/837/617 1176/839/625 1177/838/626
f 1177/838/626 1176/839/625 564/840/627 563/841/628
f 545/842/629 1178/843/630 1180/846/631 582/847/632
f 1178/843/630 544/844/624 1179/845/633 1180/846/631
f 546/830/619 545/842/629 1181/848/634 1182/849/635
f 547/850/636 1183/851/637 1185/854/638 565/855/639
f 1183/851/637 549/852/640 1184/853/641 1185/854/638
f 548/856/642 1186/857/643 1638/858/644 1188/859/645
f 1186/857/643 547/850/636 1187/860/646 1638/858/644
f 1638/858/644 1187/860/646 1193/871/647 1197/877/648
f 1188/859/645 1638/858/644 1197/877/648 552/861/649
f 549/862/640 1189/863/650 1639/864/651 1192/865/652
f 1189/863/650 548/856/642 1190/866/653 1639/864/651
f 1639/864/651 1190/866/653 554/867/654 1191/868/655
f 1192/865/652 1639/864/651 1191/868/655 553/869/656
f 550/870/657 1193/871/647 1194/872/658 589/873/659
f 551/874/660 550/870/657 1195/875/661 1196/876/662
f 552/861/649 1197/877/648 1628/1551/663 714/878/664
f 1197/877/648 551/874/660 713/1550/665 1628/1551/663
f 553/881/656 1199/882/666 1201/885/667 576/886/668
f 1199/882/666 555/883/669 1200/884/670 1201/885/667
f 555/887/669 1202/888/671 1640/889/672 1205/890/673
f 1202/888/671 554/867/654 1203/891/674 1640/889/672
f 1640/889/672 1203/891/674 558/880/675 1204/892/676
f 1205/890/673 1640/889/672 1204/892/676 557/893/677
f 1206/896/678 1204/892/676 1633/1558/679 715/894/680
f 1204/892/676 558/880/675 716/1556/681 1633/1558/679
f 556/895/682 1206/896/678 1207/897/683 586/898/684
f 557/893/677 556/895/682 1208/899/685 1209/900/686
f 559/901/687 1210/902/688 1212/905/689 575/906/690
f 1210/902/688 561/903/609 1211/904/691 1212/905/689
f 560/822/611 1213/907/692 1641/908/693 1216/909/694
f 1213/907/692 559/901/687 1214/910/695 1641/908/693
f 1641/908/693 1214/910/695 1217/913/696 1215/911/697
f 1216/909/694 1641/908/693 1215/911/697 564/840/627
f 562/912/698 1217/913/696 1218/914/699 590/915/700
f 563/841/628 1219/916/701 1221/918/702 588/919/703
f 1219/916/701 562/912/698 1220/917/704 1221/918/702
f 565/855/639 1222/920/705 1642/921/706 1224/922/707
f 1222/920/705 1173/833/623 1223/923/708 1642/921/706
f 1642/921/706 1223/923/708 1182/849/635 1714/2057/709
f 1224/922/707 1642/921/706 1714/2057/709 1194/872/658
f 566/835/622 1225/924/710 1643/925/711 1228/926/712
f 1225/924/710 1184/853/641 1226/927/713 1643/925/711
f 1643/925/711 1226/927/713 576/886/668 1227/928/714
f 1228/926/712 1643/925/711 1227/928/714 1211/1997/691
f 1229/929/715 568/931/716 1608/1518/717 1230/932/718
f 1231/930/719 1229/929/715 1230/932/718 703/933/720
f 567/934/721 1232/935/722 1233/938/723 1277/1003/724
f 1232/935/722 1231/936/719 580/937/725 1233/938/723
f 1234/939/726 567/934/721 1469/1300/727 1235/941/728
f 1236/940/729 1234/939/726 1235/941/728 654/942/730
f 568/931/716 1237/943/731 1238/945/732 1246/954/733
f 1237/943/731 1236/940/729 570/944/734 1238/945/732
f 1239/946/735 570/944/734 1470/1302/736 1240/948/737
f 1241/947/738 1239/946/735 1240/948/737 1518/1381/739
f 1242/950/740 1241/947/738 571/951/741 1243/952/742
f 569/949/743 1242/950/740 1243/952/742 1255/969/744
f 1244/953/745 569/949/743 1612/1524/746 1245/955/747
f 1246/954/733 1244/953/745 1245/955/747 1609/1519/748
f 1247/956/749 571/951/741 1517/1380/750 1248/958/751
f 1249/957/752 1247/956/749 1248/958/751 670/959/753
f 572/960/754 1250/961/755 1644/962/756 1253/963/757
f 1250/961/755 1249/957/752 1251/964/758 1644/962/756
f 1644/962/756 1251/964/758 573/965/759 1252/966/760
f 1253/963/757 1644/962/756 1252/966/760 1257/967/761
f 1254/968/762 572/970/754 706/1525/763 1614/1527/764
f 1255/969/744 1254/968/762 1614/1527/764 705/971/765
f 1256/972/766 574/974/767 1616/1533/768 1615/1531/769
f 1257/973/761 1256/972/766 1615/1531/769 708/975/770
f 1258/976/771 573/965/759 1493/1342/772 1259/978/773
f 1260/977/774 1258/976/771 1259/978/773 663/979/775
f 574/974/767 1261/980/776 1262/983/777 1274/999/778
f 1261/980/776 1260/981/774 578/982/779 1262/983/777
f 575/906/690 1263/984/780 1645/985/781 1266/986/782
f 1263/984/780 1200/2009/670 1264/987/783 1645/985/781
f 1645/985/781 1264/987/783 1209/900/686 1265/988/784
f 1266/986/782 1645/985/781 1265/988/784 1218/914/699
f 1267/989/785 578/991/779 1492/1340/786 1268/992/787
f 1269/990/788 1267/989/785 1268/992/787 1465/1293/789
f 1270/994/790 1269/990/788 579/995/791 1271/996/792
f 577/993/793 1270/994/790 1271/996/792 1280/997/794
f 1272/998/795 577/1000/793 1620/1539/796 1273/1001/797
f 1274/999/778 1272/998/795 1273/1001/797 1617/1534/798
f 1275/1002/799 579/995/791 1464/1292/800 1276/1004/801
f 1277/1003/724 1275/1002/799 1276/1004/801 653/1005/802
f 1278/1006/803 580/1008/725 1607/1517/804 1279/1009/805
f 1280/1007/794 1278/1006/803 1279/1009/805 710/1010/806
f 581/1011/807 1281/1012/808 1646/1013/809 1284/1014/810
f 1281/1012/808 1179/1998/633 1282/1015/811 1646/1013/809
f 1646/1013/809 1282/1015/811 588/919/703 1283/1016/812
f 1284/1014/810 1646/1013/809 1283/1016/812 1309/1056/813
f 1285/1017/814 581/1019/807 635/1020/815 1286/1021/816
f 1287/1018/817 1285/1017/814 1286/1021/816 637/1022/818
f 582/847/632 1288/1023/819 1290/1025/820 1311/1061/821
f 1288/1023/819 1287/1018/817 1289/1024/822 1290/1025/820
f 583/1026/823 1291/1027/824 1292/1029/825 1459/1286/826
f 1291/1027/824 1195/875/661 649/1028/827 1292/1029/825
f 1293/1030/828 583/1026/823 640/1032/829 1294/1033/830
f 1295/1031/831 1293/1030/828 1294/1033/830 639/1034/832
f 584/1035/833 1295/1031/831 1296/1037/834 1647/1036/835
f 1647/1036/835 1296/1037/834 585/1038/836 1297/1039/837
f 1196/876/662 1298/1040/838 893/1581/839 722/1041/840
f 1298/1040/838 584/1035/833 896/1584/841 893/1581/839
f 1297/1039/837 1712/2055/842 907/1601/843 727/1042/844
f 1712/2055/842 1207/897/683 1632/1557/845 907/1601/843
f 1299/1043/846 585/1038/836 641/1045/847 1300/1046/848
f 1301/1044/849 1299/1043/846 1300/1046/848 643/1047/850
f 586/898/684 1302/1048/851 1304/1050/852 1314/1064/853
f 1302/1048/851 1301/1044/849 1303/1049/854 1304/1050/852
f 587/1051/855 1305/1052/856 1306/1054/857 1462/1289/858
f 1305/1052/856 1220/917/704 650/1053/859 1306/1054/857
f 1307/1055/860 587/1051/855 646/1057/861 1308/1058/862
f 1309/1056/813 1307/1055/860 1308/1058/862 645/1059/863
f 589/873/659 1310/1060/864 1312/1062/865 649/1028/827
f 1310/1060/864 1181/848/634 1311/1061/821 1312/1062/865
f 590/915/700 1313/1063/866 1315/1065/867 650/1053/859
f 1313/1063/866 1208/899/685 1314/1064/853 1315/1065/867
f 591/1066/868 1316/1067/869 1318/1070/870 619/1071/871
f 1316/1067/869 593/1068/872 1317/1069/873 1318/1070/870
f 592/1072/874 591/1074/868 1319/1075/875 1648/1073/876
f 1648/1073/876 1319/1075/875 609/1076/877 1320/1077/878
f 1325/1086/879 1321/1078/880 1649/1079/881 1324/1080/882
f 1321/1078/880 592/1081/874 1322/1082/883 1649/1079/881
f 1649/1079/881 1322/1082/883 596/1083/884 1323/1084/885
f 1324/1080/882 1649/1079/881 1323/1084/885 595/1085/886
f 593/1068/872 1325/1086/879 1326/1087/887 615/1088/888
f 594/1089/889 597/1090/890 802/1818/891 1327/1091/892
f 1331/1097/893 1328/1092/894 1330/1095/895 697/1096/896
f 1328/1092/894 594/1093/889 1329/1094/897 1330/1095/895
f 595/1085/886 1331/1097/893 1332/1098/898 701/1099/899
f 597/1090/890 1333/1100/900 1650/1101/901 1336/1102/902
f 1333/1100/900 596/1103/884 1334/1104/903 1650/1101/901
f 1650/1101/901 1334/1104/903 612/1105/904 1335/1106/905
f 1336/1102/902 1650/1101/901 1335/1106/905 611/1107/906
f 598/1108/907 600/1109/908 1337/1110/909 1338/1111/910
f 1341/1116/911 598/1108/907 1339/1113/912 1651/1112/913
f 1651/1112/913 1339/1113/912 602/1114/914 1340/1115/915
f 1342/1119/916 1341/1116/911 918/1615/917 732/1117/918
f 599/1118/919 1342/1119/916 1343/1121/920 1344/1120/921
f 1344/1120/921 1343/1121/920 605/1122/922 604/1123/923
f 600/1109/908 1345/1124/924 1347/1126/925 623/1127/926
f 1345/1124/924 599/1118/919 1346/1125/927 1347/1126/925
f 601/1128/928 602/1114/914 1348/1129/929 1349/1130/930
f 1352/1133/931 601/1128/928 1350/1131/932 1351/1132/933
f 1340/1115/915 1352/1133/931 744/1659/934 743/1134/935
f 1353/1135/936 605/1122/922 912/1608/937 1737/2100/938
f 1356/1141/939 1353/1135/936 1354/1137/940 1355/1136/941
f 1355/1136/941 1354/1137/940 607/1138/942 606/1139/943
f 603/1140/944 1356/1141/939 1357/1142/945 616/1143/946
f 604/1123/923 1358/1144/947 1360/1146/948 628/1147/949
f 1358/1144/947 603/1140/944 1359/1145/950 1360/1146/948
f 1362/1149/951 607/1138/942 742/1613/952 1361/1148/953
f 1363/1152/954 1362/1149/951 751/1150/955 750/1151/956
f 606/1139/943 1363/1152/954 1364/1153/957 702/1154/958
f 608/1155/959 610/1156/960 1365/1157/961 1366/1158/962
f 1320/1077/878 1367/1159/963 1652/1160/964 1370/1161/965
f 1367/1159/963 608/1155/959 1368/1162/966 1652/1160/964
f 1652/1160/964 1368/1162/966 613/1163/967 1369/1164/968
f 1370/1161/965 1652/1160/964 1369/1164/968 612/1105/904
f 610/1156/960 1371/1165/969 1373/1167/970 631/1168/971
f 1371/1165/969 609/1076/877 1372/1166/972 1373/1167/970
f 611/1107/906 1374/1169/973 1375/1170/974 801/1171/975
f 614/1172/976 613/1163/967 1376/1173/977 1377/1174/978
f 1374/1169/973 1378/1175/979 1380/1177/980 698/1178/981
f 1378/1175/979 614/1172/976 1379/1176/982 1380/1177/980
f 615/1088/888 1381/1179/983 1383/1181/984 1406/1215/985
f 1381/1179/983 1337/1110/909 1382/1180/986 1383/1181/984
f 1338/1111/910 1384/1182/987 1653/1183/988 1387/1184/989
f 1384/1182/987 1326/1087/887 1385/1185/990 1653/1183/988
f 1653/1183/988 1385/1185/990 701/1099/899 1386/1186/991
f 1387/1184/989 1653/1183/988 1386/1186/991 1348/1129/929
f 1366/1158/962 1715/2064/992 1654/1187/993 1390/1188/994
f 1715/2064/992 1357/1142/945 1388/1189/995 1654/1187/993
f 1654/1187/993 1388/1189/995 702/1154/958 1389/1190/996
f 1390/1188/994 1654/1187/993 1389/1190/996 1376/1173/977
f 616/1143/946 1391/1191/997 1393/1193/998 1428/1247/999
f 1391/1191/997 1365/1157/961 1392/1192/1000 1393/1193/998
f 1394/1194/1001 618/1196/1002 1447/1272/1003 1395/1197/1004
f 1396/1195/1005 1394/1194/1001 1395/1197/1004 636/1198/1006
f 617/1199/1007 1396/2001/1005 1397/1201/1008 1655/1200/1009
f 1655/1200/1009 1397/1201/1008 630/1202/1010 1398/1203/1011
f 1399/1204/1012 617/1205/1007 1403/2069/1013 1400/1206/1014
f 1401/1208/1015 1399/1204/1012 1400/1206/1014 620/1207/1016
f 618/1196/1002 1401/1208/1015 1402/1209/1017 1440/1261/1018
f 619/1210/871 1403/1211/1013 1404/1213/1019 1405/1212/1020
f 1405/1212/1020 1404/1213/1019 632/1214/1021 1372/1166/972
f 620/1207/1016 1317/1069/873 1406/1215/985 1407/1216/1022
f 621/1217/1023 1416/1229/1024 633/1218/1025 1408/1219/1026
f 1409/1220/1027 621/1217/1023 1417/1232/1028 1410/1221/1029
f 1411/1224/1030 1409/1220/1027 1410/1221/1029 624/1222/1031
f 622/1223/1032 1411/1224/1030 1412/1226/1033 1413/1225/1034
f 1413/1225/1034 1412/1226/1033 625/1227/1035 1423/1238/1036
f 1414/1228/1037 622/1223/1032 1451/1277/1038 1415/1230/1039
f 1416/1229/1024 1414/1228/1037 1415/1230/1039 638/1231/1040
f 623/1127/926 1417/1232/1028 1418/1233/1041 1382/1180/986
f 624/1222/1031 1346/1125/927 1419/1235/1042 1656/1234/1043
f 1656/1234/1043 1419/1235/1042 628/1147/949 1420/1236/1044
f 1421/1237/1045 626/1239/1046 1454/1280/1047 1422/1240/1048
f 1423/1238/1036 1421/1237/1045 1422/1240/1048 642/1241/1049
f 1424/1242/1050 625/1227/1035 1420/1236/1044 1425/1243/1051
f 1426/1245/1052 1424/1242/1050 1425/1243/1051 627/1244/1053
f 626/1239/1046 1426/1245/1052 1427/1246/1054 1444/1266/1055
f 627/1244/1053 1359/1145/950 1428/1247/999 1429/1248/1056
f 629/1249/1057 1435/1255/1058 634/1250/1059 1430/1251/1060
f 1431/1252/1061 629/1249/1057 1436/1258/1062 1432/1253/1063
f 1398/1203/1011 1431/1252/1061 1432/1253/1063 632/1214/1021
f 1433/1254/1064 630/1202/1010 1446/1271/1065 1434/1256/1066
f 1435/1255/1058 1433/1254/1064 1434/1256/1066 644/1257/1067
f 631/1168/971 1436/1258/1062 1437/1259/1068 1392/1192/1000
f 1438/1260/1069 633/1218/1025 1450/1276/1070 1439/1262/1071
f 1440/1261/1018 1438/1260/1069 1439/1262/1071 1448/1273/1072
f 1441/1263/1073 1402/1209/1017 1407/1216/1022 1718/2074/1074
f 1408/1219/1026 1441/1263/1073 1718/2074/1074 1418/1233/1041
f 1716/2070/1075 1427/1246/1054 1429/1248/1056 1442/1264/1076
f 1430/1251/1060 1716/2070/1075 1442/1264/1076 1437/1259/1068
f 1443/1265/1077 634/1250/1059 1457/1284/1078 1717/2073/1079
f 1444/1266/1055 1443/1265/1077 1717/2073/1079 1455/1281/1080
f 636/1267/1006 635/1269/815 1445/1270/1081 1657/1268/1082
f 1657/1268/1082 1445/1270/1081 645/1059/863 1446/1271/1065
f 637/1022/818 1447/1272/1003 1448/1273/1072 647/1274/1083
f 638/1231/1040 640/1032/829 1449/1275/1084 1450/1276/1070
f 639/1034/832 1451/1277/1038 1452/1279/1085 1453/1278/1086
f 1453/1278/1086 1452/1279/1085 642/1241/1049 641/1045/847
f 643/1047/850 1454/1280/1047 1455/1281/1080 648/1282/1087
f 644/1257/1067 646/1057/861 1456/1283/1088 1457/1284/1078
f 647/1274/1083 1458/1285/1089 1460/1287/1090 1289/1024/822
f 1458/1285/1089 1449/1275/1084 1459/1286/826 1460/1287/1090
f 648/1282/1087 1461/1288/1091 1463/1290/1092 1303/1049/854
f 1461/1288/1091 1456/1283/1088 1462/1289/858 1463/1290/1092
f 651/1291/1093 1464/1292/800 1465/1293/789 992/1730/1094
f 1466/1294/1095 651/1291/1093 872/1404/1096 1533/1403/1097
f 1467/1295/1098 1466/1294/1095 1533/1403/1097 873/1296/1099
f 652/1297/1100 1468/1298/1101 1151/1974/1102 1157/1985/1103
f 1468/1298/1101 1467/1295/1098 866/1975/1104 1151/1974/1102
f 653/1005/802 652/1297/1100 655/1299/1105 1469/1300/727
f 654/942/730 1473/1306/1106 874/1301/1107 1470/1302/736
f 656/1303/1108 1471/1304/1109 1148/1970/1110 1156/1984/1111
f 1471/1304/1109 655/1299/1105 865/1971/1112 1148/1970/1110
f 1472/1305/1113 656/1303/1108 869/1421/1114 1543/1420/1115
f 1473/1306/1106 1472/1305/1113 1543/1420/1115 870/1307/1116
f 657/1308/1117 1474/1309/1118 1476/1312/1119 668/1313/1120
f 1474/1309/1118 659/1310/1121 1475/1311/1122 1476/1312/1119
f 658/1314/1123 657/1308/1117 1477/1316/1124 1658/1315/1125
f 1658/1315/1125 1477/1316/1124 660/1317/1126 1478/1318/1127
f 1482/1323/1128 1479/1319/1129 1481/1321/1130 692/1322/1131
f 1479/1319/1129 658/1314/1123 1480/1320/1132 1481/1321/1130
f 659/1310/1121 1482/1323/1128 1483/1325/1133 1484/1324/1134
f 1484/1324/1134 1483/1325/1133 1536/1407/1135 677/1326/1136
f 1478/1318/1127 1721/2077/1137 1486/1329/1138 694/1330/1139
f 1721/2077/1137 662/1327/1140 1485/1328/1141 1486/1329/1138
f 661/1331/1142 1487/1332/1143 1489/1334/1144 675/1335/1145
f 1487/1332/1143 660/1317/1126 1488/1333/1146 1489/1334/1144
f 662/1327/1140 661/1331/1142 1490/1337/1147 1659/1336/1148
f 1659/1336/1148 1490/1337/1147 1548/1426/1149 1491/1338/1150
f 663/979/775 1497/1346/1151 763/1339/1152 1492/1340/786
f 664/1341/1153 1493/1342/772 1494/1344/1154 1495/1343/1155
f 1495/1343/1155 1494/1344/1154 670/959/753 1520/1383/1156
f 1496/1345/1157 664/1341/1153 877/1442/1158 1558/1441/1159
f 1497/1346/1151 1496/1345/1157 1558/1441/1159 878/1347/1160
f 665/1348/1161 1498/1349/1162 1660/1350/1163 1501/1351/1164
f 1498/1349/1162 667/1352/1165 1499/1353/1166 1660/1350/1163
f 1660/1350/1163 1499/1353/1166 1560/1443/1167 1500/1354/1168
f 1501/1351/1164 1660/1350/1163 1500/1354/1168 685/1355/1169
f 666/1356/1170 1502/1357/1171 1661/1358/1172 1505/1359/1173
f 1502/1357/1171 665/1348/1161 1503/1360/1174 1661/1358/1172
f 1661/1358/1172 1503/1360/1174 673/1361/1175 1504/1362/1176
f 1505/1359/1173 1661/1358/1172 1504/1362/1176 672/1363/1177
f 667/1352/1165 1506/1364/1178 1508/1366/1179 669/1367/1180
f 1506/1364/1178 666/1356/1170 1507/1365/1181 1508/1366/1179
f 668/1313/1120 1509/1368/1182 1662/1369/1183 1512/1370/1184
f 1509/1368/1182 1507/1365/1181 1510/1371/1185 1662/1369/1183
f 1662/1369/1183 1510/1371/1185 676/1372/1186 1511/1373/1187
f 1512/1370/1184 1662/1369/1183 1511/1373/1187 1488/1333/1146
f 669/1367/1180 1513/1374/1188 1663/1375/1189 1516/1376/1190
f 1513/1374/1188 1475/1311/1122 1514/1377/1191 1663/1375/1189
f 1663/1375/1189 1514/1377/1191 1535/1406/1192 1515/1378/1193
f 1516/1376/1190 1663/1375/1189 1515/1378/1193 1561/1444/1194
f 671/1379/1195 1517/1380/750 1518/1381/739 993/1732/1196
f 1519/1382/1197 671/1379/1195 875/1432/1198 1551/1431/1199
f 1520/1383/1156 1519/1382/1197 1551/1431/1199 876/1384/1200
f 672/1363/1177 1521/1385/1201 1523/1388/1202 676/1372/1186
f 1521/1385/1201 674/1386/1203 1522/1387/1204 1523/1388/1202
f 674/1386/1203 1524/1389/1205 1664/1390/1206 1527/1391/1207
f 1524/1389/1205 673/1361/1175 1525/1392/1208 1664/1390/1206
f 1664/1390/1206 1525/1392/1208 1554/1435/1209 1526/1393/1210
f 1527/1391/1207 1664/1390/1206 1526/1393/1210 683/1394/1211
f 675/1335/1145 1528/1395/1212 1665/1396/1213 1531/1397/1214
f 1528/1395/1212 1522/1387/1204 1529/1398/1215 1665/1396/1213
f 1665/1396/1213 1529/1398/1215 1553/1434/1216 1530/1399/1217
f 1531/1397/1214 1665/1396/1213 1530/1399/1217 1549/1427/1218
f 1532/1400/1219 679/1402/1220 873/1296/1099 1533/1403/1097
f 1534/1401/1221 1532/1400/1219 1533/1403/1097 872/1404/1096
f 677/1326/1136 1534/1401/1221 688/1405/1222 1535/1406/1192
f 1538/1411/1223 1536/1407/1135 1537/1408/1224 689/1409/1225
f 678/1410/1226 1538/1411/1223 1539/1413/1227 1540/1412/1228
f 1540/1412/1228 1539/1413/1227 681/1414/1229 680/1415/1230
f 679/1402/1220 1541/1416/1231 1154/1981/1232 1160/1988/1233
f 1541/1416/1231 678/1410/1226 871/1982/1234 1154/1981/1232
f 1542/1417/1235 682/1419/1236 870/1307/1116 1543/1420/1115
f 1544/1418/1237 1542/1417/1235 1543/1420/1115 869/1421/1114
f 680/1415/1230 1545/1422/1238 1153/1978/1239 868/1423/1240
f 1545/1422/1238 1544/1418/1237 867/1979/1241 1153/1978/1239
f 1491/1338/1150 681/1414/1229 1546/1424/1242 1547/1425/1243
f 682/1419/1236 1548/1426/1149 1549/1427/1218 1564/1446/1244
f 1550/1428/1245 684/1430/1246 876/1384/1200 1551/1431/1199
f 1552/1429/1247 1550/1428/1245 1551/1431/1199 875/1432/1198
f 683/1394/1211 1552/1429/1247 687/1433/1248 1553/1434/1216
f 684/1430/1246 1554/1435/1209 1555/1437/1249 1556/1436/1250
f 1556/1436/1250 1555/1437/1249 685/1355/1169 1559/1439/1251
f 1557/1438/1252 686/1440/1253 878/1347/1160 1558/1441/1159
f 1559/1439/1251 1557/1438/1252 1558/1441/1159 877/1442/1158
f 686/1440/1253 1560/1443/1167 1561/1444/1194 1567/1450/1254
f 1562/1445/1255 687/1433/1248 764/1731/1256 1563/1447/1257
f 1564/1446/1244 1562/1445/1255 1563/1447/1257 765/1448/1258
f 1565/1449/1259 688/1405/1222 1161/1989/1260 1566/1451/1261
f 1567/1450/1254 1565/1449/1259 1566/1451/1261 1163/1991/1262
f 1571/1457/1263 1726/2082/1264 1666/1452/1265 1570/1453/1266
f 1726/2082/1264 1537/1408/1224 1568/1454/1267 1666/1452/1265
f 1666/1452/1265 1568/1454/1267 692/1322/1131 1569/1455/1268
f 1570/1453/1266 1666/1452/1265 1569/1455/1268 691/1456/1269
f 689/1409/1225 1571/1457/1263 1572/1459/1270 1573/1458/1271
f 1573/1458/1271 1572/1459/1270 690/1460/1272 1546/1424/1242
f 1547/1425/1243 1727/2083/1273 1667/1461/1274 1576/1462/1275
f 1727/2083/1273 690/1460/1272 1574/1463/1276 1667/1461/1274
f 1667/1461/1274 1574/1463/1276 693/1464/1277 1575/1465/1278
f 1576/1462/1275 1667/1461/1274 1575/1465/1278 1485/1328/1141
f 691/1456/1269 1577/1466/1279 1668/1467/1280 1580/1468/1281
f 1577/1466/1279 1480/1320/1132 1578/1469/1282 1668/1467/1280
f 1668/1467/1280 1578/1469/1282 694/1330/1139 1579/1470/1283
f 1580/1468/1281 1668/1467/1280 1579/1470/1283 693/1464/1277
f 695/1471/1284 1581/1472/1285 1582/1473/1286 809/1474/1287
f 1581/1472/1285 1329/2014/897 1056/1819/1288 1582/1473/1286
f 1583/1475/1289 695/1471/1284 1592/1491/1290 1584/1477/1291
f 1585/1476/1292 1583/1475/1289 1584/1477/1291 700/1478/1293
f 696/1479/1294 1586/1480/1295 1669/1481/1296 1588/1482/1297
f 1586/1480/1295 1585/1483/1292 1695/1484/1298 1669/1481/1296
f 1669/1481/1296 1695/1484/1298 768/1485/1299 1587/1486/1300
f 1588/1482/1297 1669/1481/1296 1587/1486/1300 767/1487/1301
f 697/1096/896 1589/1488/1302 1591/1490/1303 1597/1502/1304
f 1589/1488/1302 696/1479/1294 1590/1489/1305 1591/1490/1303
f 698/1178/981 1592/1491/1290 1062/1830/1306 806/1492/1307
f 699/1493/1308 1593/1494/1309 1594/1496/1310 762/1497/1311
f 1593/1494/1309 1379/1176/982 761/1495/1312 1594/1496/1310
f 700/1478/1293 699/1493/1308 1595/1499/1313 1670/1498/1314
f 1670/1498/1314 1595/1499/1313 785/1500/1315 1596/1501/1316
f 1349/1130/930 1731/2090/1317 1598/1503/1318 770/1504/1319
f 1731/2090/1317 1332/1098/898 1597/1502/1304 1598/1503/1318
f 1377/1174/978 1732/2091/1320 1600/1506/1321 761/1495/1312
f 1732/2091/1320 1364/1153/957 1599/1505/1322 1600/1506/1321
f 1601/1507/1323 704/1509/1324 790/1739/1325 1003/2119/1326
f 1602/1508/1327 1601/1507/1323 1003/2119/1326 789/1510/1328
f 1603/1511/1329 1602/2015/1327 823/1882/1330 1604/1513/1331
f 1605/1512/1332 1603/1511/1329 1604/1513/1331 824/1514/1333
f 703/1515/720 1605/1512/1332 1606/1516/1334 1607/1517/804
f 704/1509/1324 1608/1518/717 1609/1519/748 1625/1545/1335
f 1611/1521/1336 1610/1520/1337 1017/1766/1338 800/1522/1339
f 705/971/765 1611/1521/1336 711/1523/1340 1612/1524/746
f 1614/1527/764 706/1525/763 735/1624/1341 925/1625/1342
f 1610/1520/1337 1614/1527/764 925/1625/1342 734/1528/1343
f 707/1529/1344 709/1530/1345 793/1794/1346 794/1793/1347
f 1615/1531/769 707/1529/1344 921/1618/1348 922/1619/1349
f 708/975/770 1615/1531/769 922/1619/1349 733/1532/1350
f 709/1530/1345 1616/1533/768 1617/1534/798 1627/1548/1351
f 1618/1535/1352 1623/1541/1353 1052/1812/1354 1049/1809/1355
f 1619/1536/1356 1618/1535/1352 1049/1809/1355 791/1537/1357
f 710/1010/806 1619/1536/1356 712/1538/1358 1620/1539/796
f 1621/1540/1359 1606/1516/1334 820/1875/1360 1622/1542/1361
f 1623/1541/1353 1621/1540/1359 1622/1542/1361 819/1543/1362
f 1624/1544/1363 711/1523/1340 995/1734/1364 996/1735/1365
f 1625/1545/1335 1624/1544/1363 996/1735/1365 766/1546/1366
f 1626/1547/1367 712/1538/1358 1051/1811/1368 1041/1800/1369
f 1627/1548/1351 1626/1547/1367 1041/1800/1369 792/1549/1370
f 714/878/664 1628/1551/663 1630/1553/1371 718/1554/1372
f 1628/1551/663 713/1550/665 1629/1552/1373 1630/1553/1371
f 715/894/680 1633/1558/679 1635/1560/1374 720/1561/1375
f 1633/1558/679 716/1556/681 1634/1559/1376 1635/1560/1374
f 717/1562/1377 881/1563/1378 883/1565/1379 725/1566/1380
f 881/1563/1378 1629/1552/1373 882/1564/1381 883/1565/1379
f 718/1554/1372 884/1567/1382 1671/1568/1383 887/1569/1384
f 884/1567/1382 717/1562/1377 885/1570/1385 1671/1568/1383
f 1671/1568/1383 885/1570/1385 719/1571/1386 886/1572/1387
f 887/1569/1384 1671/1568/1383 886/1572/1387 1634/1559/1376
f 720/1561/1375 888/1573/1388 890/1575/1389 729/1576/1390
f 888/1573/1388 719/1571/1386 889/1574/1391 890/1575/1389
f 721/1577/1392 723/1578/1393 891/1579/1394 892/1580/1395
f 722/1041/840 893/1581/839 895/1583/1396 882/1564/1381
f 893/1581/839 721/1577/1392 894/1582/1397 895/1583/1396
f 723/1578/1393 896/1584/841 897/1586/1398 898/1585/1399
f 898/1585/1399 897/1586/1398 727/1042/844 726/1587/1400
f 724/1588/1401 899/1589/1402 900/1590/1403 740/1591/1404
f 899/1589/1402 894/1582/1397 920/1616/1405 900/1590/1403
f 725/1566/1380 901/1592/1406 1672/1593/1407 904/1594/1408
f 901/1592/1406 724/1588/1401 902/1595/1409 1672/1593/1407
f 1672/1593/1407 902/1595/1409 730/1596/1410 903/1597/1411
f 904/1594/1408 1672/1593/1407 903/1597/1411 889/1574/1391
f 726/1587/1400 905/1598/1412 906/1599/1413 731/1600/1414
f 905/1598/1412 907/1601/843 908/1602/1415 728/1603/1416
f 907/1601/843 1632/1557/845 729/1576/1390 908/1602/1415
f 728/1603/1416 909/1604/1417 911/1606/1418 736/1607/1419
f 909/1604/1417 730/1596/1410 910/1605/1420 911/1606/1418
f 731/1600/1414 912/1608/937 913/1610/1421 914/1609/1422
f 914/1609/1422 913/1610/1421 732/1117/918 891/1579/1394
f 1737/2100/938 906/1599/1413 736/1607/1419 915/1611/1423
f 892/1580/1395 918/1615/917 919/1617/1424 920/1616/1405
f 733/1532/1350 922/1619/1349 923/1621/1425 738/1622/1426
f 922/1619/1349 921/1618/1348 739/1620/1427 923/1621/1425
f 734/1528/1343 925/1625/1342 927/1628/1428 928/1626/1429
f 925/1625/1342 735/1624/1341 926/1627/1430 927/1628/1428
f 737/1629/1431 910/1605/1420 929/1631/1432 1673/1630/1433
f 1673/1630/1433 929/1631/1432 740/1591/1404 930/1632/1434
f 915/1611/1423 931/1633/1435 1674/1634/1436 934/1635/1437
f 931/1633/1435 737/1629/1431 932/1636/1438 1674/1634/1436
f 1674/1634/1436 932/1636/1438 747/1637/1439 933/1638/1440
f 934/1635/1437 1674/1634/1436 933/1638/1440 945/1656/1441
f 935/1639/1442 739/1620/1427 1053/1814/1443 1031/1785/1444
f 936/1640/1445 935/1639/1442 1031/1785/1444 796/1641/1446
f 738/1622/1426 937/1642/1447 1675/1643/1448 940/1644/1449
f 937/1642/1447 936/1640/1445 938/1645/1450 1675/1643/1448
f 1675/1643/1448 938/1645/1450 741/1646/1451 939/1647/1452
f 940/1644/1449 1675/1643/1448 939/1647/1452 926/1627/1430
f 930/1632/1434 941/1648/1453 1676/1649/1454 943/1650/1455
f 941/1648/1453 919/1617/1424 1693/2006/1456 1676/1649/1454
f 1676/1649/1454 1693/2006/1456 746/1651/1457 942/1652/1458
f 943/1650/1455 1676/1649/1454 942/1652/1458 745/1653/1459
f 944/1654/1460 741/1646/1451 798/1776/1461 1024/1775/1462
f 928/1626/1429 944/1654/1460 1024/1775/1462 797/1655/1463
f 1361/1148/953 742/1613/952 945/1656/1441 946/1657/1464
f 743/1134/935 744/1659/934 948/1660/1465 746/1651/1457
f 745/1653/1459 950/1662/1466 951/1664/1467 952/1663/1468
f 952/1663/1468 951/1664/1467 748/1665/1469 747/1637/1439
f 950/1662/1466 953/1666/1470 954/1667/1471 756/1668/1472
f 953/1666/1470 948/1660/1465 974/1698/1473 954/1667/1471
f 946/1657/1464 955/1669/1474 957/1671/1475 758/1672/1476
f 955/1669/1474 748/1665/1469 956/1670/1477 957/1671/1475
f 947/1658/1478 959/1675/1479 958/1674/1480 751/1150/955
f 959/1675/1479 749/1673/1481 965/1684/1482 958/1674/1480
f 749/1673/1481 959/1675/1479 960/1676/1483 760/1677/1484
f 959/1675/1479 947/1658/1478 758/1672/1476 960/1676/1483
f 750/1151/956 962/1680/1485 964/1683/1486 1599/1505/1322
f 962/1680/1485 752/1681/1487 963/1682/1488 964/1683/1486
f 752/1681/1487 965/1684/1482 1696/2011/1489 966/1685/1490
f 966/1685/1490 1696/2011/1489 782/1686/1491 781/1687/1492
f 1740/2103/1493 754/1688/1494 755/1699/1495 967/1689/1496
f 1351/1132/933 1740/2103/1493 967/1689/1496 949/1661/1497
f 753/1690/1498 968/1691/1499 969/1692/1500 769/1693/1501
f 968/1691/1499 1350/1131/932 770/1504/1319 969/1692/1500
f 754/1688/1494 753/1690/1498 970/1695/1502 1677/1694/1503
f 1677/1694/1503 970/1695/1502 773/1696/1504 971/1697/1505
f 949/1661/1497 967/1689/1496 973/1701/1506 974/1698/1473
f 967/1689/1496 755/1699/1495 972/1700/1507 973/1701/1506
f 756/1668/1472 976/1704/1508 1678/1705/1509 979/1706/1510
f 976/1704/1508 757/1707/1511 977/1708/1512 1678/1705/1509
f 1678/1705/1509 977/1708/1512 759/1709/1513 978/1710/1514
f 979/1706/1510 1678/1705/1509 978/1710/1514 956/1670/1477
f 757/1707/1511 980/1711/1515 1679/1712/1516 982/1713/1517
f 980/1711/1515 972/1700/1507 1698/2013/1518 1679/1712/1516
f 1679/1712/1516 1698/2013/1518 776/1714/1519 981/1715/1520
f 982/1713/1517 1679/1712/1516 981/1715/1520 775/1716/1521
f 760/1677/1484 983/1717/1522 1680/1718/1523 986/1719/1524
f 983/1717/1522 759/1709/1513 984/1720/1525 1680/1718/1523
f 1680/1718/1523 984/1720/1525 778/1721/1526 985/1722/1527
f 986/1719/1524 1680/1718/1523 985/1722/1527 1034/1787/1528
f 762/1497/1311 987/1723/1529 1681/1724/1530 990/1725/1531
f 987/1723/1529 963/1682/1488 988/1726/1532 1681/1724/1530
f 1681/1724/1530 988/1726/1532 784/1727/1533 989/1728/1534
f 990/1725/1531 1681/1724/1530 989/1728/1534 1045/1802/1535
f 991/1729/1536 763/1339/1152 1163/1991/1262 1566/1451/1261
f 992/1730/1094 991/1729/1536 1566/1451/1261 1161/1989/1260
f 765/1448/1258 1563/1447/1257 994/1733/1537 874/1301/1107
f 1563/1447/1257 764/1731/1256 993/1732/1196 994/1733/1537
f 766/1546/1366 996/1735/1365 998/1737/1538 788/1738/1539
f 996/1735/1365 995/1734/1364 997/1736/1540 998/1737/1538
f 999/1740/1541 1009/1753/1542 1073/1848/1543 1000/1742/1544
f 1001/1741/1545 999/1740/1541 1000/1742/1544 813/1743/1546
f 1002/1744/1547 1001/1746/1545 789/1747/1328 1003/1748/1326
f 1004/1745/1548 1002/1744/1547 1003/1748/1326 790/1739/1325
f 767/1487/1301 1005/1749/1549 1006/1750/1550 787/1751/1551
f 1005/1749/1549 1004/1745/1548 788/1738/1539 1006/1750/1550
f 1007/1752/1552 768/1754/1299 1596/1501/1316 1008/1755/1553
f 1009/1753/1542 1007/1752/1552 1008/1755/1553 1047/1805/1554
f 769/1693/1501 1010/1756/1555 1682/1757/1556 1013/1758/1557
f 1010/1756/1555 1590/1489/1305 1011/1759/1558 1682/1757/1556
f 1682/1757/1556 1011/1759/1558 787/1751/1551 1012/1760/1559
f 1013/1758/1557 1682/1757/1556 1012/1760/1559 1015/1763/1560
f 771/1761/1561 1014/1762/1562 1016/1764/1563 997/1736/1540
f 1014/1762/1562 773/1696/1504 1015/1763/1560 1016/1764/1563
f 772/1765/1564 771/1761/1561 800/1522/1339 1017/1766/1338
f 1018/1767/1565 772/1765/1564 1019/1768/1566 1020/1770/1567
f 971/1697/1505 1018/1767/1565 1020/1770/1567 774/1703/1568
f 774/1703/1568 1020/1770/1567 1022/1772/1569 776/1714/1519
f 1020/1770/1567 1019/1768/1566 1021/1771/1570 1022/1772/1569
f 1023/1773/1571 1021/1771/1570 797/1655/1463 1024/1775/1462
f 1025/1774/1572 1023/1773/1571 1024/1775/1462 798/1776/1461
f 775/1716/1521 1026/1777/1573 1683/1778/1574 1029/1779/1575
f 1026/1777/1573 1025/1774/1572 1027/1780/1576 1683/1778/1574
f 1683/1778/1574 1027/1780/1576 777/1781/1577 1028/1782/1578
f 1029/1779/1575 1683/1778/1574 1028/1782/1578 778/1721/1526
f 1030/1783/1579 777/1781/1577 796/1641/1446 1031/1785/1444
f 1032/1784/1580 1030/1783/1579 1031/1785/1444 1053/1814/1443
f 1033/1786/1581 1032/1784/1580 779/1788/1582 1035/1790/1583
f 1034/1787/1528 1033/1786/1581 1035/1790/1583 780/1679/1584
f 780/1679/1584 1035/1790/1583 1748/2116/1585 782/1686/1491
f 1035/1790/1583 779/1788/1582 1036/1791/1586 1748/2116/1585
f 1037/1792/1587 1036/1791/1586 794/1793/1347 793/1794/1346
f 781/1687/1492 1038/1795/1588 1039/1797/1589 784/1727/1533
f 1038/1795/1588 1037/1792/1587 783/1796/1590 1039/1797/1589
f 1040/1798/1591 783/1796/1590 792/1549/1370 1041/1800/1369
f 1042/1799/1592 1040/1798/1591 1041/1800/1369 1051/1811/1368
f 1043/1801/1593 1042/1799/1592 786/1803/1594 1044/1804/1595
f 1045/1802/1535 1043/1801/1593 1044/1804/1595 785/1500/1315
f 1047/1805/1554 1050/1808/1596 814/1852/1597 1046/1806/1598
f 1048/1807/1599 786/1803/1594 791/1537/1357 1049/1809/1355
f 1050/1808/1596 1048/1807/1599 1049/1809/1355 1052/1812/1354
f 801/1171/975 1375/1170/974 1057/1820/1600 803/1816/1601
f 1327/1091/892 802/1818/891 804/1824/1602 1751/2120/1603
f 803/1816/1601 1057/1820/1600 808/1821/1604 807/1822/1605
f 1751/2120/1603 804/1824/1602 1059/1825/1606 1060/1826/1607
f 806/1492/1307 1062/1830/1306 1061/1829/1608 808/1821/1604
f 1062/1830/1306 805/1827/1609 1063/1831/1610 1061/1829/1608
f 805/1827/1609 1062/1830/1306 809/1474/1287 1070/1842/1611
f 1064/1832/1612 1063/1831/1610 834/1833/1613 833/1834/1614
f 807/1822/1605 1065/1835/1615 1684/1836/1616 1068/1837/1617
f 1065/1835/1615 1064/1832/1612 1066/1838/1618 1684/1836/1616
f 1684/1836/1616 1066/1838/1618 811/1839/1619 1067/1840/1620
f 1068/1837/1617 1684/1836/1616 1067/1840/1620 1059/1825/1606
f 1070/1842/1611 1069/1841/1621 812/1843/1622 1074/1849/1623
f 1069/1841/1621 1582/1473/1286 1071/1844/1624 810/1845/1625
f 1582/1473/1286 1056/1819/1288 1060/1826/1607 1071/1844/1624
f 810/1845/1625 811/1839/1619 831/1846/1626 1072/1847/1627
f 1074/1849/1623 1073/1848/1543 1046/1806/1598 815/1828/1628
f 813/1743/1546 1000/1742/1544 1112/1915/1629 830/1850/1630
f 1000/1742/1544 812/1843/1622 1072/1847/1627 1112/1915/1629
f 815/1828/1628 1046/1806/1598 1114/1919/1631 834/1833/1613
f 1046/1806/1598 814/1852/1597 1113/1917/1632 1114/1919/1631
f 1075/1853/1633 1076/1855/1634 849/1937/1635 1077/1856/1636
f 1078/1854/1637 1075/1853/1633 1077/1856/1636 848/1857/1638
f 816/1858/1639 1079/1859/1640 1685/1860/1641 1082/1861/1642
f 1079/1859/1640 1078/1854/1637 1080/1862/1643 1685/1860/1641
f 1685/1860/1641 1080/1862/1643 818/1863/1644 1081/1864/1645
f 1082/1861/1642 1685/1860/1641 1081/1864/1645 1089/1872/1646
f 1083/1865/1647 816/1858/1639 829/1881/1648 1084/1866/1649
f 1076/1855/1634 1083/1865/1647 1084/1866/1649 1109/1909/1650
f 1085/1868/1651 818/1863/1644 855/1963/1652 1086/1869/1653
f 817/1867/1654 1085/1868/1651 1086/1869/1653 854/1870/1655
f 1087/1871/1656 817/1867/1654 821/1877/1657 1088/1873/1658
f 1089/1872/1646 1087/1871/1656 1088/1873/1658 822/1874/1659
f 819/1543/1362 1622/1542/1361 1118/1925/1660 836/1876/1661
f 1622/1542/1361 820/1875/1360 1117/1924/1662 1118/1925/1660
f 822/1874/1659 1088/1873/1658 1090/1878/1663 825/1879/1664
f 1088/1873/1658 821/1877/1657 1093/1886/1665 1090/1878/1663
f 824/1514/1333 1604/1513/1331 1116/1922/1666 835/1883/1667
f 1604/1513/1331 823/1882/1330 1115/1921/1668 1116/1922/1666
f 1092/1884/1669 1093/1886/1665 853/1957/1670 1094/1887/1671
f 1095/1885/1672 1092/1884/1669 1094/1887/1671 852/1888/1673
f 1096/1889/1674 1095/1885/1672 862/1980/1675 1097/1891/1676
f 1098/1890/1677 1096/1889/1674 1097/1891/1676 863/1892/1678
f 825/1879/1664 1099/1893/1679 1686/1894/1680 1102/1895/1681
f 1099/1893/1679 1098/1890/1677 1100/1896/1682 1686/1894/1680
f 1686/1894/1680 1100/1896/1682 827/1897/1683 1101/1898/1684
f 1102/1895/1681 1686/1894/1680 1101/1898/1684 1106/1905/1685
f 1103/1900/1686 828/1901/1687 851/1945/1688 1104/1902/1689
f 826/1899/1690 1103/1900/1686 1104/1902/1689 850/1903/1691
f 1105/1904/1692 826/1899/1690 1109/1909/1650 1084/1866/1649
f 1106/1905/1685 1105/1904/1692 1084/1866/1649 829/1881/1648
f 1107/1906/1693 827/1897/1683 861/1976/1694 1108/1907/1695
f 828/1901/1687 1107/1906/1693 1108/1907/1695 860/1908/1696
f 832/1911/1697 831/1846/1626 1110/1913/1698 1687/1912/1699
f 1687/1912/1699 1110/1913/1698 833/1834/1614 1111/1914/1700
f 1112/1915/1629 832/1911/1697 1124/1934/1701 1120/1928/1702
f 830/1850/1630 1112/1915/1629 1120/1928/1702 839/1916/1703
f 1114/1919/1631 1113/1917/1632 1142/1960/1704 1123/1932/1705
f 1111/1914/1700 1114/1919/1631 1123/1932/1705 842/1920/1706
f 1116/1922/1666 1115/1921/1668 1129/1941/1707 1121/1929/1708
f 835/1883/1667 1116/1922/1666 1121/1929/1708 840/1923/1709
f 1118/1925/1660 1117/1924/1662 1137/1951/1710 1122/1930/1711
f 836/1876/1661 1118/1925/1660 1122/1930/1711 841/1926/1712
f 845/1933/1713 1124/1934/1701 1119/1927/1714 1125/1935/1715
f 1125/1935/1715 1119/1927/1714 842/1920/1706 1145/1962/1716
f 1126/1936/1717 845/1933/1713 848/1857/1638 1077/1856/1636
f 1127/1938/1718 1126/1936/1717 1077/1856/1636 849/1937/1635
f 839/1916/1703 1127/1938/1718 856/1942/1719 1128/1939/1720
f 1130/1940/1721 1129/1941/1707 1128/1939/1720 856/1942/1719
f 1131/1943/1722 1130/1940/1721 850/1903/1691 1104/1902/1689
f 1132/1944/1723 1131/1943/1722 1104/1902/1689 851/1945/1688
f 1133/1946/1724 1132/1944/1723 858/1969/1725 1134/1948/1726
f 1135/1947/1727 1133/1946/1724 1134/1948/1726 857/1949/1728
f 840/1923/1709 1135/1947/1727 1136/1950/1729 1137/1951/1710
f 1138/1953/1730 1136/1950/1729 1149/1972/1731 1139/1954/1732
f 846/1952/1733 1138/1953/1730 1139/1954/1732 859/1955/1734
f 1140/1956/1735 846/1952/1733 852/1888/1673 1094/1887/1671
f 1141/1958/1736 1140/1956/1735 1094/1887/1671 853/1957/1670
f 841/1926/1712 1141/1958/1736 1147/1968/1737 847/1931/1738
f 1143/1959/1739 1142/1960/1704 847/1931/1738 1147/1968/1737
f 1144/1961/1740 1143/1959/1739 854/1870/1655 1086/1869/1653
f 1145/1962/1716 1144/1961/1740 1086/1869/1653 855/1963/1652
f 857/1949/1728 1134/1948/1726 1148/1970/1110 865/1971/1112
f 1134/1948/1726 858/1969/1725 1156/1984/1111 1148/1970/1110
f 859/1955/1734 1139/1954/1732 1151/1974/1102 866/1975/1104
f 1139/1954/1732 1149/1972/1731 1157/1985/1103 1151/1974/1102
f 860/1908/1696 1108/1907/1695 1153/1978/1239 867/1979/1241
f 1108/1907/1695 861/1976/1694 868/1423/1240 1153/1978/1239
f 863/1892/1678 1097/1891/1676 1154/1981/1232 871/1982/1234
f 1097/1891/1676 862/1980/1675 1160/1988/1233 1154/1981/1232
f 542/823/612 1171/826/615 1223/923/708 1173/833/623
f 1171/826/615 546/830/619 1182/849/635 1223/923/708
f 548/856/642 1188/859/645 1688/1992/1741 1190/866/653
f 1188/859/645 552/861/649 1198/879/1742 1688/1992/1741
f 1688/1992/1741 1198/879/1742 558/880/675 1203/891/674
f 1190/866/653 1688/1992/1741 1203/891/674 554/867/654
f 1266/986/782 1218/914/699 1217/913/696 1214/910/695
f 575/906/690 1266/986/782 1214/910/695 559/901/687
f 560/822/611 1216/909/694 1689/1993/1743 1167/817/606
f 1216/909/694 564/840/627 1176/839/625 1689/1993/1743
f 1689/1993/1743 1176/839/625 1175/837/617 1169/1994/616
f 1167/817/606 1689/1993/1743 1169/1994/616 541/814/603
f 660/1317/1126 1477/1316/1124 1512/1370/1184 1488/1333/1146
f 1477/1316/1124 657/1308/1117 668/1313/1120 1512/1370/1184
f 561/1995/609 1165/1996/608 1228/926/712 1211/1997/691
f 1165/1996/608 543/831/607 566/835/622 1228/926/712
f 1311/1061/821 1181/848/634 545/842/629 582/847/632
f 719/1571/1386 885/1570/1385 904/1594/1408 889/1574/1391
f 885/1570/1385 717/1562/1377 725/1566/1380 904/1594/1408
f 562/912/698 590/915/700 650/1053/859 1220/917/704
f 544/836/624 1177/838/626 1282/1015/811 1179/1998/633
f 1177/838/626 563/841/628 588/919/703 1282/1015/811
f 1385/1185/990 1326/1087/887 1325/1086/879 1324/1080/882
f 701/1099/899 1385/1185/990 1324/1080/882 595/1085/886
f 608/1155/959 1366/1158/962 1390/1188/994 1368/1162/966
f 1368/1162/966 1390/1188/994 1376/1173/977 613/1163/967
f 592/1072/874 1648/1073/876 1690/1999/1744 1322/2000/883
f 1648/1073/876 1320/1077/878 1370/1161/965 1690/1999/1744
f 1690/1999/1744 1370/1161/965 612/1105/904 1334/1104/903
f 1322/2000/883 1690/1999/1744 1334/1104/903 596/1103/884
f 1407/1216/1022 1402/1209/1017 1401/1208/1015 620/1207/1016
f 1412/1226/1033 1411/1224/1030 624/1222/1031 1656/1234/1043
f 625/1227/1035 1412/1226/1033 1656/1234/1043 1420/1236/1044
f 629/1249/1057 1430/1251/1060 1437/1259/1068 1436/1258/1062
f 1655/1200/1009 1398/1203/1011 632/1214/1021 1404/1213/1019
f 617/1199/1007 1655/1200/1009 1404/1213/1019 1403/1211/1013
f 1440/1261/1018 1448/1273/1072 1447/1272/1003 618/1196/1002
f 642/1241/1049 1452/1279/1085 1413/1225/1034 1423/1238/1036
f 1452/1279/1085 1451/1277/1038 622/1223/1032 1413/1225/1034
f 644/1257/1067 1457/1284/1078 634/1250/1059 1435/1255/1058
f 636/1267/1006 1657/1268/1082 1397/1201/1008 1396/2001/1005
f 1657/1268/1082 1446/1271/1065 630/1202/1010 1397/1201/1008
f 615/1088/888 1406/1215/985 1317/1069/873 593/1068/872
f 1419/1235/1042 1346/1125/927 599/1118/919 1344/1120/921
f 628/1147/949 1419/1235/1042 1344/1120/921 604/1123/923
f 631/1168/971 1392/1192/1000 1365/1157/961 610/1156/960
f 1405/1212/1020 1372/1166/972 609/1076/877 1319/1075/875
f 619/1210/871 1405/1212/1020 1319/1075/875 591/1074/868
f 647/1274/1083 1289/1024/822 1287/1018/817 637/1022/818
f 1296/1037/834 1295/1031/831 639/1034/832 1453/1278/1086
f 585/1038/836 1296/1037/834 1453/1278/1086 641/1045/847
f 587/1051/855 1462/1289/858 1456/1283/1088 646/1057/861
f 1284/1014/810 1309/1056/813 645/1059/863 1445/1270/1081
f 581/1011/807 1284/1014/810 1445/1270/1081 635/1269/815
f 567/934/721 1277/1003/724 653/1005/802 1469/1300/727
f 579/995/791 1269/990/788 1465/1293/789 1464/1292/800
f 1251/964/758 1249/957/752 670/959/753 1494/1344/1154
f 573/965/759 1251/964/758 1494/1344/1154 1493/1342/772
f 654/942/730 1470/1302/736 570/944/734 1236/940/729
f 690/1460/1272 1572/1459/1270 1691/2002/1745 1574/1463/1276
f 1572/1459/1270 1571/1457/1263 1570/1453/1266 1691/2002/1745
f 1691/2002/1745 1570/1453/1266 691/1456/1269 1580/1468/1281
f 1574/1463/1276 1691/2002/1745 1580/1468/1281 693/1464/1277
f 1531/1397/1214 1549/1427/1218 1548/1426/1149 1490/1337/1147
f 675/1335/1145 1531/1397/1214 1490/1337/1147 661/1331/1142
f 685/1355/1169 1555/1437/1249 1692/2003/1746 1501/1351/1164
f 1555/1437/1249 1554/1435/1209 1525/1392/1208 1692/2003/1746
f 1692/2003/1746 1525/1392/1208 673/1361/1175 1503/1360/1174
f 1501/1351/1164 1692/2003/1746 1503/1360/1174 665/1348/1161
f 677/1326/1136 1535/1406/1192 1514/1377/1191 1484/1324/1134
f 1484/1324/1134 1514/1377/1191 1475/1311/1122 659/1310/1121
f 681/1414/1229 1539/1413/1227 1573/1458/1271 1546/1424/1242
f 1539/1413/1227 1538/1411/1223 689/1409/1225 1573/1458/1271
f 1536/1407/1135 1483/1325/1133 1568/1454/1267 1537/1408/1224
f 1483/1325/1133 1482/1323/1128 692/1322/1131 1568/1454/1267
f 658/1314/1123 1658/1315/1125 1578/1469/1282 1480/1320/1132
f 1658/1315/1125 1478/1318/1127 694/1330/1139 1578/1469/1282
f 662/1327/1140 1659/1336/1148 1576/1462/1275 1485/1328/1141
f 1659/1336/1148 1491/1338/1150 1547/1425/1243 1576/1462/1275
f 697/1096/896 1597/1502/1304 1332/1098/898 1331/1097/893
f 614/1172/976 1377/1174/978 761/1495/1312 1379/1176/982
f 804/1824/1602 1058/1823/1747 1068/1837/1617 1059/1825/1606
f 1058/1823/1747 803/1816/1601 807/1822/1605 1068/1837/1617
f 1246/954/733 1609/1519/748 1608/1518/717 568/931/716
f 708/975/770 1613/1526/1748 1253/2004/757 1257/973/761
f 1613/1526/1748 706/1525/763 572/970/754 1253/2004/757
f 710/1010/806 1620/1539/796 577/1000/793 1280/1007/794
f 703/1515/720 1607/1517/804 580/1008/725 1231/2005/719
f 558/880/675 1198/879/1742 1631/1555/1749 716/1556/681
f 1198/879/1742 552/861/649 714/878/664 1631/1555/1749
f 551/874/660 1196/876/662 722/1041/840 713/1550/665
f 584/1035/833 1647/1036/835 897/1586/1398 896/1584/841
f 1647/1036/835 1297/1039/837 727/1042/844 897/1586/1398
f 1207/897/683 1206/896/678 715/894/680 1632/1557/845
f 716/1556/681 1631/1555/1749 887/1569/1384 1634/1559/1376
f 1631/1555/1749 714/878/664 718/1554/1372 887/1569/1384
f 1632/1557/845 715/894/680 720/1561/1375 729/1576/1390
f 735/1624/1341 924/1623/1750 940/1644/1449 926/1627/1430
f 924/1623/1750 733/1532/1350 738/1622/1426 940/1644/1449
f 713/1550/665 722/1041/840 882/1564/1381 1629/1552/1373
f 723/1578/1393 898/1585/1399 914/1609/1422 891/1579/1394
f 898/1585/1399 726/1587/1400 731/1600/1414 914/1609/1422
f 905/1598/1412 728/1603/1416 736/1607/1419 906/1599/1413
f 730/1596/1410 902/1595/1409 929/1631/1432 910/1605/1420
f 902/1595/1409 724/1588/1401 740/1591/1404 929/1631/1432
f 894/1582/1397 721/1577/1392 892/1580/1395 920/1616/1405
f 919/1617/1424 918/1615/917 917/1614/1751 1693/2006/1456
f 1693/2006/1456 917/1614/1751 743/1134/935 746/1651/1457
f 737/1629/1431 1673/1630/1433 1694/2007/1752 932/1636/1438
f 1673/1630/1433 930/1632/1434 943/1650/1455 1694/2007/1752
f 1694/2007/1752 943/1650/1455 745/1653/1459 952/1663/1468
f 932/1636/1438 1694/2007/1752 952/1663/1468 747/1637/1439
f 1737/2100/938 915/1611/1423 934/1635/1437 916/1612/1753
f 916/1612/1753 934/1635/1437 945/1656/1441 742/1613/952
f 732/1117/918 913/1610/1421 1343/1121/920 1342/1119/916
f 913/1610/1421 912/1608/937 605/1122/922 1343/1121/920
f 1737/2100/938 916/1612/1753 1354/1137/940 1353/1135/936
f 916/1612/1753 742/1613/952 607/1138/942 1354/1137/940
f 733/1532/1350 924/1623/1750 1613/1526/1748 708/975/770
f 924/1623/1750 735/1624/1341 706/1525/763 1613/1526/1748
f 1340/1115/915 743/1134/935 917/1614/1751 1651/1112/913
f 1651/1112/913 917/1614/1751 918/1615/917 1341/1116/911
f 1362/1149/951 1361/1148/953 947/1658/1478 751/1150/955
f 1351/1132/933 949/1661/1497 744/1659/934 1352/1133/931
f 948/1660/1465 744/1659/934 949/1661/1497 974/1698/1473
f 748/1665/1469 951/1664/1467 979/1706/1510 956/1670/1477
f 951/1664/1467 950/1662/1466 756/1668/1472 979/1706/1510
f 1361/1148/953 946/1657/1464 758/1672/1476 947/1658/1478
f 1226/927/713 1184/853/641 549/852/640 1192/2008/652
f 576/886/668 1226/927/713 1192/2008/652 553/881/656
f 555/887/669 1205/890/673 1264/987/783 1200/2009/670
f 1205/890/673 557/893/677 1209/900/686 1264/987/783
f 1314/1064/853 1208/899/685 556/895/682 586/898/684
f 648/1282/1087 1303/1049/854 1301/1044/849 643/1047/850
f 1444/1266/1055 1455/1281/1080 1454/1280/1047 626/1239/1046
f 1429/1248/1056 1427/1246/1054 1426/1245/1052 627/1244/1053
f 616/1143/946 1428/1247/999 1359/1145/950 603/1140/944
f 1388/1189/995 1357/1142/945 1356/1141/939 1355/1136/941
f 702/1154/958 1388/1189/995 1355/1136/941 606/1139/943
f 750/1151/956 1599/1505/1322 1364/1153/957 1363/1152/954
f 1274/999/778 1617/1534/798 1616/1533/768 574/974/767
f 663/979/775 1492/1340/786 578/991/779 1260/977/774
f 1516/1376/1190 1561/1444/1194 1560/1443/1167 1499/1353/1166
f 669/1367/1180 1516/1376/1190 1499/1353/1166 667/1352/1165
f 1510/1371/1185 1507/1365/1181 666/1356/1170 1505/1359/1173
f 676/1372/1186 1510/1371/1185 1505/1359/1173 672/1363/1177
f 683/1394/1211 1553/1434/1216 1529/1398/1215 1527/1391/1207
f 1527/1391/1207 1529/1398/1215 1522/1387/1204 674/1386/1203
f 571/951/741 1241/947/738 1518/1381/739 1517/1380/750
f 705/971/765 1612/1524/746 569/949/743 1255/969/744
f 601/1128/928 1349/1130/930 770/1504/1319 1350/1131/932
f 598/1108/907 1338/1111/910 1387/1184/989 1339/1113/912
f 1339/1113/912 1387/1184/989 1348/1129/929 602/1114/914
f 623/1127/926 1382/1180/986 1337/1110/909 600/1109/908
f 621/1217/1023 1408/1219/1026 1418/1233/1041 1417/1232/1028
f 638/1231/1040 1450/1276/1070 633/1218/1025 1416/1229/1024
f 583/1026/823 1459/1286/826 1449/1275/1084 640/1032/829
f 550/870/657 589/873/659 649/1028/827 1195/875/661
f 1224/922/707 1194/872/658 1193/871/647 1187/860/646
f 565/855/639 1224/922/707 1187/860/646 547/850/636
f 1625/1545/1335 766/1546/1366 790/1739/1325 704/1509/1324
f 800/1522/1339 995/1734/1364 711/1523/1340 1611/1521/1336
f 734/1528/1343 799/1769/1754 1017/1766/1338 1610/1520/1337
f 797/1655/1463 799/1769/1754 734/1528/1343 928/1626/1429
f 796/1641/1446 1054/1815/1755 938/1645/1450 936/1640/1445
f 1054/1815/1755 798/1776/1461 741/1646/1451 938/1645/1450
f 795/1789/1756 1053/1814/1443 739/1620/1427 921/1618/1348
f 794/1793/1347 795/1789/1756 921/1618/1348 707/1529/1344
f 1627/1548/1351 792/1549/1370 793/1794/1346 709/1530/1345
f 791/1537/1357 1051/1811/1368 712/1538/1358 1619/1536/1356
f 829/1881/1648 1091/1880/1757 1102/1895/1681 1106/1905/1685
f 1091/1880/1757 822/1874/1659 825/1879/1664 1102/1895/1681
f 767/1487/1301 787/1751/1551 1011/1759/1558 1588/1482/1297
f 1588/1482/1297 1011/1759/1558 1590/1489/1305 696/1479/1294
f 1585/1476/1292 700/1478/1293 1670/1498/1314 1695/2010/1298
f 1695/2010/1298 1670/1498/1314 1596/1501/1316 768/1754/1299
f 699/1493/1308 762/1497/1311 990/1725/1531 1595/1499/1313
f 1595/1499/1313 990/1725/1531 1045/1802/1535 785/1500/1315
f 781/1687/1492 784/1727/1533 988/1726/1532 966/1685/1490
f 966/1685/1490 988/1726/1532 963/1682/1488 752/1681/1487
f 965/1684/1482 749/1673/1481 961/1678/1758 1696/2011/1489
f 1696/2011/1489 961/1678/1758 780/1679/1584 782/1686/1491
f 749/1673/1481 760/1677/1484 986/1719/1524 961/1678/1758
f 961/1678/1758 986/1719/1524 1034/1787/1528 780/1679/1584
f 759/1709/1513 977/1708/1512 1697/2012/1759 984/1720/1525
f 977/1708/1512 757/1707/1511 982/1713/1517 1697/2012/1759
f 1697/2012/1759 982/1713/1517 775/1716/1521 1029/1779/1575
f 984/1720/1525 1697/2012/1759 1029/1779/1575 778/1721/1526
f 972/1700/1507 755/1699/1495 975/1702/1760 1698/2013/1518
f 1698/2013/1518 975/1702/1760 774/1703/1568 776/1714/1519
f 971/1697/1505 774/1703/1568 975/1702/1760 1677/1694/1503
f 1677/1694/1503 975/1702/1760 755/1699/1495 754/1688/1494
f 753/1690/1498 769/1693/1501 1013/1758/1557 970/1695/1502
f 970/1695/1502 1013/1758/1557 1015/1763/1560 773/1696/1504
f 597/1090/890 1336/1102/902 1055/1817/1761 802/1818/891
f 1336/1102/902 611/1107/906 801/1171/975 1055/1817/1761
f 1374/1169/973 698/1178/981 806/1492/1307 1375/1170/974
f 1592/1491/1290 695/1471/1284 809/1474/1287 1062/1830/1306
f 1329/2014/897 594/1089/889 1327/1091/892 1056/1819/1288
f 1009/1753/1542 1047/1805/1554 1046/1806/1598 1073/1848/1543
f 838/1813/1762 1052/1812/1354 1623/1541/1353 819/1543/1362
f 1606/1516/1334 1605/1512/1332 824/1514/1333 820/1875/1360
f 1602/2015/1327 789/1810/1328 837/1851/1763 823/1882/1330
f 802/1818/891 1055/1817/1761 1058/1823/1747 804/1824/1602
f 1055/1817/1761 801/1171/975 803/1816/1601 1058/1823/1747
f 1056/1819/1288 1327/1091/892 1751/2120/1603 1060/1826/1607
f 1375/1170/974 806/1492/1307 808/1821/1604 1057/1820/1600
f 805/1827/1609 1070/1842/1611 1074/1849/1623 815/1828/1628
f 1069/1841/1621 810/1845/1625 1072/1847/1627 812/1843/1622
f 1066/1838/1618 1064/1832/1612 833/1834/1614 1110/1913/1698
f 811/1839/1619 1066/1838/1618 1110/1913/1698 831/1846/1626
f 1063/1831/1610 805/1827/1609 815/1828/1628 834/1833/1613
f 823/1882/1330 837/1851/1763 843/1910/1764 1115/1921/1668
f 820/1875/1360 824/1514/1333 835/1883/1667 1117/1924/1662
f 844/1918/1765 838/1813/1762 819/1543/1362 836/1876/1661
f 1115/1921/1668 843/1910/1764 1128/1939/1720 1129/1941/1707
f 1117/1924/1662 835/1883/1667 840/1923/1709 1137/1951/1710
f 847/1931/1738 844/1918/1765 836/1876/1661 841/1926/1712
f 1687/1912/1699 1111/1914/1700 842/1920/1706 1119/1927/1714
f 832/1911/1697 1687/1912/1699 1119/1927/1714 1124/1934/1701
f 850/1903/1691 879/1965/1766 1109/1909/1650 826/1899/1690
f 821/1877/1657 880/1967/1767 853/1957/1670 1093/1886/1665
f 848/1857/1638 1146/1964/1768 1080/1862/1643 1078/1854/1637
f 1146/1964/1768 855/1963/1652 818/1863/1644 1080/1862/1643
f 1136/1950/1729 1135/1947/1727 857/1949/1728 1149/1972/1731
f 1150/1973/1769 851/1945/1688 828/1901/1687 860/1908/1696
f 1100/1896/1682 1098/1890/1677 863/1892/1678 1152/1977/1770
f 827/1897/1683 1100/1896/1682 1152/1977/1770 861/1976/1694
f 1095/1885/1672 852/1888/1673 864/1966/1771 862/1980/1675
f 1149/1972/1731 857/1949/1728 865/1971/1112 1157/1985/1103
f 1159/1987/1772 1150/1973/1769 860/1908/1696 867/1979/1241
f 861/1976/1694 1152/1977/1770 1158/1986/1773 868/1423/1240
f 1152/1977/1770 863/1892/1678 871/1982/1234 1158/1986/1773
f 862/1980/1675 864/1966/1771 1155/1983/1774 1160/1988/1233
f 1157/1985/1103 865/1971/1112 655/1299/1105 652/1297/1100
f 1160/1988/1233 1155/1983/1774 873/1296/1099 679/1402/1220
f 1158/1986/1773 871/1982/1234 678/1410/1226 1540/1412/1228
f 868/1423/1240 1158/1986/1773 1540/1412/1228 680/1415/1230
f 869/1421/1114 1159/1987/1772 867/1979/1241 1544/1418/1237
f 1564/1446/1244 765/1448/1258 870/1307/1116 682/1419/1236
f 875/1432/1198 764/1731/1256 687/1433/1248 1552/1429/1247
f 877/1442/1158 1162/1990/1775 1556/1436/1250 1559/1439/1251
f 1162/1990/1775 876/1384/1200 684/1430/1246 1556/1436/1250
f 1567/1450/1254 1163/1991/1262 878/1347/1160 686/1440/1253
f 872/1404/1096 1161/1989/1260 688/1405/1222 1534/1401/1221
f 790/1739/1325 766/1546/1366 788/1738/1539 1004/1745/1548
f 837/1851/1763 789/1810/1328 1001/1741/1545 813/1743/1546
f 843/1910/1764 837/1851/1763 813/1743/1546 830/1850/1630
f 1128/1939/1720 843/1910/1764 830/1850/1630 839/1916/1703
f 1109/1909/1650 879/1965/1766 849/1937/1635 1076/1855/1634
f 1082/1861/1642 1089/1872/1646 822/1874/1659 1091/1880/1757
f 816/1858/1639 1082/1861/1642 1091/1880/1757 829/1881/1648
f 854/1870/1655 880/1967/1767 821/1877/1657 817/1867/1654
f 1113/1917/1632 844/1918/1765 847/1931/1738 1142/1960/1704
f 814/1852/1597 838/1813/1762 844/1918/1765 1113/1917/1632
f 1050/1808/1596 1052/1812/1354 838/1813/1762 814/1852/1597
f 786/1803/1594 1042/1799/1592 1051/1811/1368 791/1537/1357
f 793/1794/1346 792/1549/1370 783/1796/1590 1037/1792/1587
f 1036/1791/1586 779/1788/1582 795/1789/1756 794/1793/1347
f 779/1788/1582 1032/1784/1580 1053/1814/1443 795/1789/1756
f 1027/1780/1576 1025/1774/1572 798/1776/1461 1054/1815/1755
f 777/1781/1577 1027/1780/1576 1054/1815/1755 796/1641/1446
f 1021/1771/1570 1019/1768/1566 799/1769/1754 797/1655/1463
f 1017/1766/1338 799/1769/1754 1019/1768/1566 772/1765/1564
f 771/1761/1561 997/1736/1540 995/1734/1364 800/1522/1339
f 870/1307/1116 765/1448/1258 874/1301/1107 1473/1306/1106
f 1156/1984/1111 1159/1987/1772 869/1421/1114 656/1303/1108
f 858/1969/1725 1150/1973/1769 1159/1987/1772 1156/1984/1111
f 1132/1944/1723 851/1945/1688 1150/1973/1769 858/1969/1725
f 1130/1940/1721 856/1942/1719 879/1965/1766 850/1903/1691
f 849/1937/1635 879/1965/1766 856/1942/1719 1127/1938/1718
f 1125/1935/1715 1145/1962/1716 855/1963/1652 1146/1964/1768
f 845/1933/1713 1125/1935/1715 1146/1964/1768 848/1857/1638
f 1143/1959/1739 1147/1968/1737 880/1967/1767 854/1870/1655
f 853/1957/1670 880/1967/1767 1147/1968/1737 1141/1958/1736
f 864/1966/1771 852/1888/1673 846/1952/1733 859/1955/1734
f 1155/1983/1774 864/1966/1771 859/1955/1734 866/1975/1104
f 873/1296/1099 1155/1983/1774 866/1975/1104 1467/1295/1098
f 651/1291/1093 992/1730/1094 1161/1989/1260 872/1404/1096
f 878/1347/1160 1163/1991/1262 763/1339/1152 1497/1346/1151
f 1495/1343/1155 1520/1383/1156 876/1384/1200 1162/1990/1775
f 664/1341/1153 1495/1343/1155 1162/1990/1775 877/1442/1158
f 671/1379/1195 993/1732/1196 764/1731/1256 875/1432/1198
f 541/827/603 1168/824/613 1699/2016/1776 1164/2017/604
f 542/823/612 1172/832/620 1699/2016/1776 1168/824/613
f 543/831/607 1164/2017/604 1699/2016/1776 1172/832/620
f 544/2018/624 1178/2019/630 1170/829/618 1175/2020/617
f 1178/2019/630 545/842/629 546/830/619 1170/829/618
f 547/850/636 1186/857/643 1700/2021/1777 1183/2022/637
f 548/856/642 1189/863/650 1700/2021/1777 1186/857/643
f 549/862/640 1183/2022/637 1700/2021/1777 1189/863/650
f 550/870/657 551/874/660 1197/877/648 1193/871/647
f 553/869/656 1191/868/655 1701/2023/1778 1199/2024/666
f 554/867/654 1202/888/671 1701/2023/1778 1191/868/655
f 555/887/669 1199/2024/666 1701/2023/1778 1202/888/671
f 556/895/682 557/893/677 1204/892/676 1206/896/678
f 559/901/687 1213/907/692 1702/2025/1779 1210/902/688
f 560/822/611 1166/2026/610 1702/2025/1779 1213/907/692
f 561/903/609 1210/902/688 1702/2025/1779 1166/2026/610
f 562/912/698 1219/916/701 1215/911/697 1217/913/696
f 1219/916/701 563/841/628 564/840/627 1215/911/697
f 565/855/639 1185/854/638 1703/2027/1780 1222/920/705
f 1185/854/638 1184/853/641 1225/924/710 1703/2027/1780
f 1703/2027/1780 1225/924/710 566/835/622 1174/834/621
f 1222/920/705 1703/2027/1780 1174/834/621 1173/833/623
f 1231/936/719 1232/935/722 1704/2028/1781 1229/2029/715
f 1232/935/722 567/934/721 1234/939/726 1704/2028/1781
f 1704/2028/1781 1234/939/726 1236/940/729 1237/943/731
f 1229/2029/715 1704/2028/1781 1237/943/731 568/931/716
f 1241/947/738 1242/950/740 1705/2030/1782 1239/946/735
f 1242/950/740 569/949/743 1244/953/745 1705/2030/1782
f 1705/2030/1782 1244/953/745 1246/954/733 1238/945/732
f 1239/946/735 1705/2030/1782 1238/945/732 570/944/734
f 571/951/741 1247/956/749 1706/2031/1783 1243/2032/742
f 1247/956/749 1249/957/752 1250/961/755 1706/2031/1783
f 1706/2031/1783 1250/961/755 572/960/754 1254/2033/762
f 1243/2032/742 1706/2031/1783 1254/2033/762 1255/2034/744
f 1257/967/761 1252/966/760 1707/2035/1784 1256/2036/766
f 1252/966/760 573/965/759 1258/976/771 1707/2035/1784
f 1707/2035/1784 1258/976/771 1260/977/774 1261/2037/776
f 1256/2036/766 1707/2035/1784 1261/2037/776 574/2038/767
f 575/906/690 1212/905/689 1708/2039/1785 1263/984/780
f 1212/905/689 1211/904/691 1227/2040/714 1708/2039/1785
f 1708/2039/1785 1227/2040/714 576/2041/668 1201/2042/667
f 1263/984/780 1708/2039/1785 1201/2042/667 1200/2009/670
f 1269/990/788 1270/994/790 1709/2043/1786 1267/989/785
f 1270/994/790 577/993/793 1272/2044/795 1709/2043/1786
f 1709/2043/1786 1272/2044/795 1274/2045/778 1262/2046/777
f 1267/989/785 1709/2043/1786 1262/2046/777 578/991/779
f 579/995/791 1275/1002/799 1710/2047/1787 1271/2048/792
f 1275/1002/799 1277/1003/724 1233/938/723 1710/2047/1787
f 1710/2047/1787 1233/938/723 580/937/725 1278/2049/803
f 1271/2048/792 1710/2047/1787 1278/2049/803 1280/2050/794
f 581/2051/807 1285/2052/814 1711/2053/1788 1281/2054/808
f 1285/2052/814 1287/1018/817 1288/1023/819 1711/2053/1788
f 1711/2053/1788 1288/1023/819 582/847/632 1180/846/631
f 1281/2054/808 1711/2053/1788 1180/846/631 1179/845/633
f 583/1026/823 1293/1030/828 1298/1040/838 1291/1027/824
f 1295/1031/831 584/1035/833 1298/1040/838 1293/1030/828
f 1195/875/661 1291/1027/824 1298/1040/838 1196/876/662
f 585/1038/836 1299/1043/846 1712/2055/842 1297/1039/837
f 1301/1044/849 1302/1048/851 1712/2055/842 1299/1043/846
f 586/898/684 1207/897/683 1712/2055/842 1302/1048/851
f 587/1051/855 1307/1055/860 1713/2056/1789 1305/1052/856
f 1307/1055/860 1309/1056/813 1283/1016/812 1713/2056/1789
f 1713/2056/1789 1283/1016/812 588/919/703 1221/918/702
f 1305/1052/856 1713/2056/1789 1221/918/702 1220/917/704
f 1182/849/635 1181/848/634 1310/1060/864 1714/2057/709
f 1714/2057/709 1310/1060/864 589/873/659 1194/872/658
f 590/915/700 1218/914/699 1265/988/784 1313/1063/866
f 1313/1063/866 1265/988/784 1209/900/686 1208/899/685
f 591/2058/868 592/1081/874 1321/1078/880 1316/2059/869
f 1316/2059/869 1321/1078/880 1325/1086/879 593/1068/872
f 595/1085/886 1323/1084/885 1328/2061/894 1331/1097/893
f 596/1083/884 1333/2062/900 1328/2061/894 1323/1084/885
f 597/2063/890 594/2060/889 1328/2061/894 1333/2062/900
f 599/1118/919 1345/1124/924 1341/1116/911 1342/1119/916
f 600/1109/908 598/1108/907 1341/1116/911 1345/1124/924
f 601/1128/928 1352/1133/931 1340/1115/915 602/1114/914
f 603/1140/944 1358/1144/947 1353/1135/936 1356/1141/939
f 604/1123/923 605/1122/922 1353/1135/936 1358/1144/947
f 1362/1149/951 1363/1152/954 606/1139/943 607/1138/942
f 1367/1159/963 1320/1077/878 609/1076/877 1371/1165/969
f 608/1155/959 1367/1159/963 1371/1165/969 610/1156/960
f 611/1107/906 1335/1106/905 1378/1175/979 1374/1169/973
f 612/1105/904 1369/1164/968 1378/1175/979 1335/1106/905
f 613/1163/967 614/1172/976 1378/1175/979 1369/1164/968
f 615/1088/888 1326/1087/887 1384/1182/987 1381/1179/983
f 1381/1179/983 1384/1182/987 1338/1111/910 1337/1110/909
f 1366/1158/962 1365/1157/961 1391/1191/997 1715/2064/992
f 1715/2064/992 1391/1191/997 616/1143/946 1357/1142/945
f 1396/2065/1005 617/1205/1007 1399/1204/1012 1394/2066/1001
f 1394/2066/1001 1399/1204/1012 1401/1208/1015 618/1196/1002
f 619/2067/871 1318/2068/870 1400/1206/1014 1403/2069/1013
f 1318/2068/870 1317/1069/873 620/1207/1016 1400/1206/1014
f 1409/1220/1027 1411/1224/1030 622/1223/1032 1414/1228/1037
f 621/1217/1023 1409/1220/1027 1414/1228/1037 1416/1229/1024
f 623/1127/926 1347/1126/925 1410/1221/1029 1417/1232/1028
f 1347/1126/925 1346/1125/927 624/1222/1031 1410/1221/1029
f 1423/1238/1036 625/1227/1035 1424/1242/1050 1421/1237/1045
f 1421/1237/1045 1424/1242/1050 1426/1245/1052 626/1239/1046
f 1425/1243/1051 1420/1236/1044 628/1147/949 1360/1146/948
f 627/1244/1053 1425/1243/1051 1360/1146/948 1359/1145/950
f 1431/1252/1061 1398/1203/1011 630/1202/1010 1433/1254/1064
f 629/1249/1057 1431/1252/1061 1433/1254/1064 1435/1255/1058
f 631/1168/971 1373/1167/970 1432/1253/1063 1436/1258/1062
f 1373/1167/970 1372/1166/972 632/1214/1021 1432/1253/1063
f 1440/1261/1018 1402/1209/1017 1441/1263/1073 1438/1260/1069
f 1438/1260/1069 1441/1263/1073 1408/1219/1026 633/1218/1025
f 1430/1251/1060 634/1250/1059 1443/1265/1077 1716/2070/1075
f 1716/2070/1075 1443/1265/1077 1444/1266/1055 1427/1246/1054
f 635/2071/815 636/1198/1006 1395/1197/1004 1286/2072/816
f 1286/2072/816 1395/1197/1004 1447/1272/1003 637/1022/818
f 1415/1230/1039 1451/1277/1038 639/1034/832 1294/1033/830
f 638/1231/1040 1415/1230/1039 1294/1033/830 640/1032/829
f 641/1045/847 642/1241/1049 1422/1240/1048 1300/1046/848
f 1300/1046/848 1422/1240/1048 1454/1280/1047 643/1047/850
f 1434/1256/1066 1446/1271/1065 645/1059/863 1308/1058/862
f 644/1257/1067 1434/1256/1066 1308/1058/862 646/1057/861
f 647/1274/1083 1448/1273/1072 1439/1262/1071 1458/1285/1089
f 1458/1285/1089 1439/1262/1071 1450/1276/1070 1449/1275/1084
f 1457/1284/1078 1456/1283/1088 1461/1288/1091 1717/2073/1079
f 1717/2073/1079 1461/1288/1091 648/1282/1087 1455/1281/1080
f 1407/1216/1022 1406/1215/985 1383/1181/984 1718/2074/1074
f 1718/2074/1074 1383/1181/984 1382/1180/986 1418/1233/1041
f 1392/1192/1000 1437/1259/1068 1442/1264/1076 1393/1193/998
f 1393/1193/998 1442/1264/1076 1429/1248/1056 1428/1247/999
f 1311/1061/821 1290/1025/820 1719/2075/1790 1312/1062/865
f 1290/1025/820 1289/1024/822 1460/1287/1090 1719/2075/1790
f 1719/2075/1790 1460/1287/1090 1459/1286/826 1292/1029/825
f 1312/1062/865 1719/2075/1790 1292/1029/825 649/1028/827
f 1462/1289/858 1306/1054/857 1720/2076/1791 1463/1290/1092
f 1306/1054/857 650/1053/859 1315/1065/867 1720/2076/1791
f 1720/2076/1791 1315/1065/867 1314/1064/853 1304/1050/852
f 1463/1290/1092 1720/2076/1791 1304/1050/852 1303/1049/854
f 651/1291/1093 1466/1294/1095 1276/1004/801 1464/1292/800
f 1467/1295/1098 1468/1298/1101 1276/1004/801 1466/1294/1095
f 652/1297/1100 653/1005/802 1276/1004/801 1468/1298/1101
f 655/1299/1105 1471/1304/1109 1235/941/728 1469/1300/727
f 656/1303/1108 1472/1305/1113 1235/941/728 1471/1304/1109
f 1473/1306/1106 654/942/730 1235/941/728 1472/1305/1113
f 657/1308/1117 658/1314/1123 1479/1319/1129 1474/1309/1118
f 1474/1309/1118 1479/1319/1129 1482/1323/1128 659/1310/1121
f 1478/1318/1127 660/1317/1126 1487/1332/1143 1721/2077/1137
f 1721/2077/1137 1487/1332/1143 661/1331/1142 662/1327/1140
f 1259/978/773 1493/1342/772 664/1341/1153 1496/1345/1157
f 663/979/775 1259/978/773 1496/1345/1157 1497/1346/1151
f 665/1348/1161 1502/1357/1171 1722/2078/1792 1498/1349/1162
f 666/1356/1170 1506/1364/1178 1722/2078/1792 1502/1357/1171
f 667/1352/1165 1498/1349/1162 1722/2078/1792 1506/1364/1178
f 668/1313/1120 1476/1312/1119 1723/2079/1793 1509/1368/1182
f 1476/1312/1119 1475/1311/1122 1513/1374/1188 1723/2079/1793
f 1723/2079/1793 1513/1374/1188 669/1367/1180 1508/1366/1179
f 1509/1368/1182 1723/2079/1793 1508/1366/1179 1507/1365/1181
f 1248/958/751 1517/1380/750 671/1379/1195 1519/1382/1197
f 670/959/753 1248/958/751 1519/1382/1197 1520/1383/1156
f 672/1363/1177 1504/1362/1176 1724/2080/1794 1521/1385/1201
f 673/1361/1175 1524/1389/1205 1724/2080/1794 1504/1362/1176
f 674/1386/1203 1521/1385/1201 1724/2080/1794 1524/1389/1205
f 675/1335/1145 1489/1334/1144 1725/2081/1795 1528/1395/1212
f 1489/1334/1144 1488/1333/1146 1511/1373/1187 1725/2081/1795
f 1725/2081/1795 1511/1373/1187 676/1372/1186 1523/1388/1202
f 1528/1395/1212 1725/2081/1795 1523/1388/1202 1522/1387/1204
f 1534/1401/1221 677/1326/1136 1536/1407/1135 1532/1400/1219
f 678/1410/1226 1541/1416/1231 1536/1407/1135 1538/1411/1223
f 679/1402/1220 1532/1400/1219 1536/1407/1135 1541/1416/1231
f 1544/1418/1237 1545/1422/1238 1491/1338/1150 1542/1417/1235
f 680/1415/1230 681/1414/1229 1491/1338/1150 1545/1422/1238
f 682/1419/1236 1542/1417/1235 1491/1338/1150 1548/1426/1149
f 1552/1429/1247 683/1394/1211 1526/1393/1210 1550/1428/1245
f 1550/1428/1245 1526/1393/1210 1554/1435/1209 684/1430/1246
f 1559/1439/1251 685/1355/1169 1500/1354/1168 1557/1438/1252
f 1557/1438/1252 1500/1354/1168 1560/1443/1167 686/1440/1253
f 1564/1446/1244 1549/1427/1218 1530/1399/1217 1562/1445/1255
f 1562/1445/1255 1530/1399/1217 1553/1434/1216 687/1433/1248
f 1567/1450/1254 1561/1444/1194 1515/1378/1193 1565/1449/1259
f 1565/1449/1259 1515/1378/1193 1535/1406/1192 688/1405/1222
f 689/1409/1225 1537/1408/1224 1726/2082/1264 1571/1457/1263
f 1546/1424/1242 690/1460/1272 1727/2083/1273 1547/1425/1243
f 691/1456/1269 1569/1455/1268 1728/2084/1796 1577/1466/1279
f 692/1322/1131 1481/1321/1130 1728/2084/1796 1569/1455/1268
f 1480/1320/1132 1577/1466/1279 1728/2084/1796 1481/1321/1130
f 693/1464/1277 1579/1470/1283 1729/2085/1797 1575/1465/1278
f 694/1330/1139 1486/1329/1138 1729/2085/1797 1579/1470/1283
f 1485/1328/1141 1575/1465/1278 1729/2085/1797 1486/1329/1138
f 695/2086/1284 1583/2087/1289 1730/2088/1798 1581/2089/1285
f 1585/1483/1292 1586/1480/1295 1730/2088/1798 1583/2087/1289
f 696/1479/1294 1589/1488/1302 1730/2088/1798 1586/1480/1295
f 697/1096/896 1330/1095/895 1730/2088/1798 1589/1488/1302
f 1329/1094/897 1581/2089/1285 1730/2088/1798 1330/1095/895
f 698/1178/981 1380/1177/980 1584/1477/1291 1592/1491/1290
f 1379/1176/982 1593/1494/1309 1584/1477/1291 1380/1177/980
f 699/1493/1308 700/1478/1293 1584/1477/1291 1593/1494/1309
f 1349/1130/930 1348/1129/929 1386/1186/991 1731/2090/1317
f 1731/2090/1317 1386/1186/991 701/1099/899 1332/1098/898
f 1377/1174/978 1376/1173/977 1389/1190/996 1732/2091/1320
f 1732/2091/1320 1389/1190/996 702/1154/958 1364/1153/957
f 1602/2092/1327 1603/2093/1329 1230/932/718 1601/2094/1323
f 1605/2095/1332 703/933/720 1230/932/718 1603/2093/1329
f 704/1509/1324 1601/2094/1323 1230/932/718 1608/1518/717
f 1611/1521/1336 705/971/765 1614/1527/764 1610/1520/1337
f 709/1530/1345 707/1529/1344 1615/1531/769 1616/1533/768
f 1619/1536/1356 710/1010/806 1279/1009/805 1618/1535/1352
f 1606/1516/1334 1621/1540/1359 1279/1009/805 1607/1517/804
f 1623/1541/1353 1618/1535/1352 1279/1009/805 1621/1540/1359
f 1625/1545/1335 1609/1519/748 1245/955/747 1624/1544/1363
f 1624/1544/1363 1245/955/747 1612/1524/746 711/1523/1340
f 1627/1548/1351 1617/1534/798 1273/1001/797 1626/1547/1367
f 1626/1547/1367 1273/1001/797 1620/1539/796 712/1538/1358
f 1629/1552/1373 881/1563/1378 1733/2096/1799 1630/1553/1371
f 717/1562/1377 884/1567/1382 1733/2096/1799 881/1563/1378
f 718/1554/1372 1630/1553/1371 1733/2096/1799 884/1567/1382
f 1634/1559/1376 886/1572/1387 1734/2097/1800 1635/1560/1374
f 719/1571/1386 888/1573/1388 1734/2097/1800 886/1572/1387
f 720/1561/1375 1635/1560/1374 1734/2097/1800 888/1573/1388
f 723/1578/1393 721/1577/1392 893/1581/839 896/1584/841
f 724/1588/1401 901/1592/1406 1735/2098/1801 899/1589/1402
f 901/1592/1406 725/1566/1380 883/1565/1379 1735/2098/1801
f 1735/2098/1801 883/1565/1379 882/1564/1381 895/1583/1396
f 899/1589/1402 1735/2098/1801 895/1583/1396 894/1582/1397
f 726/1587/1400 727/1042/844 907/1601/843 905/1598/1412
f 728/1603/1416 908/1602/1415 1736/2099/1802 909/1604/1417
f 908/1602/1415 729/1576/1390 890/1575/1389 1736/2099/1802
f 1736/2099/1802 890/1575/1389 889/1574/1391 903/1597/1411
f 909/1604/1417 1736/2099/1802 903/1597/1411 730/1596/1410
f 731/1600/1414 906/1599/1413 1737/2100/938 912/1608/937
f 891/1579/1394 732/1117/918 918/1615/917 892/1580/1395
f 736/1607/1419 911/1606/1418 931/1633/1435 915/1611/1423
f 911/1606/1418 910/1605/1420 737/1629/1431 931/1633/1435
f 936/1640/1445 937/1642/1447 1738/2101/1803 935/1639/1442
f 738/1622/1426 923/1621/1425 1738/2101/1803 937/1642/1447
f 739/1620/1427 935/1639/1442 1738/2101/1803 923/1621/1425
f 740/1591/1404 900/1590/1403 941/1648/1453 930/1632/1434
f 900/1590/1403 920/1616/1405 919/1617/1424 941/1648/1453
f 928/1626/1429 927/1628/1428 1739/2102/1804 944/1654/1460
f 926/1627/1430 939/1647/1452 1739/2102/1804 927/1628/1428
f 741/1646/1451 944/1654/1460 1739/2102/1804 939/1647/1452
f 745/1653/1459 942/1652/1458 953/1666/1470 950/1662/1466
f 942/1652/1458 746/1651/1457 948/1660/1465 953/1666/1470
f 945/1656/1441 933/1638/1440 955/1669/1474 946/1657/1464
f 933/1638/1440 747/1637/1439 748/1665/1469 955/1669/1474
f 750/1151/956 751/1150/955 958/1674/1480 962/1680/1485
f 962/1680/1485 958/1674/1480 965/1684/1482 752/1681/1487
f 1351/1132/933 1350/1131/932 968/1691/1499 1740/2103/1493
f 1740/2103/1493 968/1691/1499 753/1690/1498 754/1688/1494
f 756/1668/1472 954/1667/1471 1741/2104/1805 976/1704/1508
f 954/1667/1471 974/1698/1473 973/1701/1506 1741/2104/1805
f 1741/2104/1805 973/1701/1506 972/1700/1507 980/1711/1515
f 976/1704/1508 1741/2104/1805 980/1711/1515 757/1707/1511
f 758/1672/1476 957/1671/1475 1742/2105/1806 960/1676/1483
f 957/1671/1475 956/1670/1477 978/1710/1514 1742/2105/1806
f 1742/2105/1806 978/1710/1514 759/1709/1513 983/1717/1522
f 960/1676/1483 1742/2105/1806 983/1717/1522 760/1677/1484
f 761/1495/1312 1600/1506/1321 1743/2106/1807 1594/1496/1310
f 1600/1506/1321 1599/1505/1322 964/1683/1486 1743/2106/1807
f 1743/2106/1807 964/1683/1486 963/1682/1488 987/1723/1529
f 1594/1496/1310 1743/2106/1807 987/1723/1529 762/1497/1311
f 1268/992/787 1492/1340/786 763/1339/1152 991/1729/1536
f 1465/1293/789 1268/992/787 991/1729/1536 992/1730/1094
f 1001/2107/1545 1002/2108/1547 1744/2109/1808 999/2110/1541
f 1004/1745/1548 1005/1749/1549 1744/2109/1808 1002/2108/1547
f 767/1487/1301 1587/1486/1300 1744/2109/1808 1005/1749/1549
f 768/1485/1299 1007/2111/1552 1744/2109/1808 1587/1486/1300
f 1009/2112/1542 999/2110/1541 1744/2109/1808 1007/2111/1552
f 769/1693/1501 969/1692/1500 1745/2113/1809 1010/1756/1555
f 969/1692/1500 770/1504/1319 1598/1503/1318 1745/2113/1809
f 1745/2113/1809 1598/1503/1318 1597/1502/1304 1591/1490/1303
f 1010/1756/1555 1745/2113/1809 1591/1490/1303 1590/1489/1305
f 771/1761/1561 772/1765/1564 1018/1767/1565 1014/1762/1562
f 1014/1762/1562 1018/1767/1565 971/1697/1505 773/1696/1504
f 1021/1771/1570 1023/1773/1571 1746/2114/1810 1022/1772/1569
f 1023/1773/1571 1025/1774/1572 1026/1777/1573 1746/2114/1810
f 1746/2114/1810 1026/1777/1573 775/1716/1521 981/1715/1520
f 1022/1772/1569 1746/2114/1810 981/1715/1520 776/1714/1519
f 777/1781/1577 1030/1783/1579 1747/2115/1811 1028/1782/1578
f 1030/1783/1579 1032/1784/1580 1033/1786/1581 1747/2115/1811
f 1747/2115/1811 1033/1786/1581 1034/1787/1528 985/1722/1527
f 1028/1782/1578 1747/2115/1811 985/1722/1527 778/1721/1526
f 1036/1791/1586 1037/1792/1587 1038/1795/1588 1748/2116/1585
f 1748/2116/1585 1038/1795/1588 781/1687/1492 782/1686/1491
f 783/1796/1590 1040/1798/1591 1749/2117/1812 1039/1797/1589
f 1040/1798/1591 1042/1799/1592 1043/1801/1593 1749/2117/1812
f 1749/2117/1812 1043/1801/1593 1045/1802/1535 989/1728/1534
f 1039/1797/1589 1749/2117/1812 989/1728/1534 784/1727/1533
f 785/1500/1315 1044/1804/1595 1008/1755/1553 1596/1501/1316
f 786/1803/1594 1048/1807/1599 1008/1755/1553 1044/1804/1595
f 1050/1808/1596 1047/1805/1554 1008/1755/1553 1048/1807/1599
f 997/1736/1540 1016/1764/1563 1750/2118/1813 998/1737/1538
f 1016/1764/1563 1015/1763/1560 1012/1760/1559 1750/2118/1813
f 1750/2118/1813 1012/1760/1559 787/1751/1551 1006/1750/1550
f 998/1737/1538 1750/2118/1813 1006/1750/1550 788/1738/1539
f 1064/1832/1612 1065/1835/1615 1061/1829/1608 1063/1831/1610
f 1065/1835/1615 807/1822/1605 808/1821/1604 1061/1829/1608
f 1070/1842/1611 809/1474/1287 1582/1473/1286 1069/1841/1621
f 1071/1844/1624 1060/1826/1607 1059/1825/1606 1067/1840/1620
f 810/1845/1625 1071/1844/1624 1067/1840/1620 811/1839/1619
f 1074/1849/1623 812/1843/1622 1000/1742/1544 1073/1848/1543
f 1078/1854/1637 1079/1859/1640 1752/2121/1814 1075/1853/1633
f 816/1858/1639 1083/1865/1647 1752/2121/1814 1079/1859/1640
f 1076/1855/1634 1075/1853/1633 1752/2121/1814 1083/1865/1647
f 817/1867/1654 1087/1871/1656 1753/2122/1815 1085/1868/1651
f 1089/1872/1646 1081/1864/1645 1753/2122/1815 1087/1871/1656
f 818/1863/1644 1085/1868/1651 1753/2122/1815 1081/1864/1645
f 1095/1885/1672 1096/1889/1674 1754/2123/1816 1092/1884/1669
f 1096/1889/1674 1098/1890/1677 1099/1893/1679 1754/2123/1816
f 1754/2123/1816 1099/1893/1679 825/1879/1664 1090/1878/1663
f 1092/1884/1669 1754/2123/1816 1090/1878/1663 1093/1886/1665
f 826/1899/1690 1105/1904/1692 1755/2124/1817 1103/1900/1686
f 1105/1904/1692 1106/1905/1685 1101/1898/1684 1755/2124/1817
f 1755/2124/1817 1101/1898/1684 827/1897/1683 1107/1906/1693
f 1103/1900/1686 1755/2124/1817 1107/1906/1693 828/1901/1687
f 831/1846/1626 832/1911/1697 1112/1915/1629 1072/1847/1627
f 833/1834/1614 834/1833/1613 1114/1919/1631 1111/1914/1700
f 845/1933/1713 1126/1936/1717 1120/1928/1702 1124/1934/1701
f 1126/1936/1717 1127/1938/1718 839/1916/1703 1120/1928/1702
f 1130/1940/1721 1131/1943/1722 1121/1929/1708 1129/1941/1707
f 1132/1944/1723 1133/1946/1724 1121/1929/1708 1131/1943/1722
f 1135/1947/1727 840/1923/1709 1121/1929/1708 1133/1946/1724
f 846/1952/1733 1140/1956/1735 1122/1930/1711 1138/1953/1730
f 1141/1958/1736 841/1926/1712 1122/1930/1711 1140/1956/1735
f 1136/1950/1729 1138/1953/1730 1122/1930/1711 1137/1951/1710
f 1143/1959/1739 1144/1961/1740 1123/1932/1705 1142/1960/1704
f 1144/1961/1740 1145/1962/1716 842/1920/1706 1123/1932/1705
f 993/1732/1196 1518/1381/739 1240/948/737 994/1733/1537
f 994/1733/1537 1240/948/737 1470/1302/736 874/1301/1107
s 62
f 1875/2125/1818 1756/2126/1819 1791/2127/1820 1839/2128/1821
f 1794/2141/1822 1875/2125/1818 1839/2128/1821 1795/2143/1823
f 1839/2128/1821 1791/2127/1820 1880/2129/1824 1836/2130/1825
f 1795/2143/1823 1839/2128/1821 1836/2130/1825 1859/2131/1826
f 1756/2134/1819 1757/2133/1827 1878/2138/1828 1877/2135/1829
f 1877/2135/1829 1878/2138/1828 1793/2139/1830 1876/2136/1831
f 1876/2136/1831 1793/2139/1830 1855/2319/1832 1759/2137/1833
f 1758/2140/1834 1794/2141/1822 1795/2143/1823 1840/2142/1835
f 1840/2142/1835 1795/2143/1823 1859/2324/1826 1883/2164/1836
f 1792/2132/1837 1838/2361/1838 1784/2275/1839 1824/2364/1840
f 1757/2133/1827 1854/2314/1841 1874/2365/1842 1775/2144/1843
f 1854/2314/1841 1792/2132/1837 1824/2364/1840 1874/2365/1842
f 1759/2145/1833 1760/2148/1844 1796/2149/1845 1841/2146/1846
f 1841/2146/1846 1796/2149/1845 1856/2320/1847 1879/2147/1848
f 1797/2150/1849 1855/2319/1832 1921/2257/1850 1920/2256/1851
f 1760/2148/1844 1797/2150/1849 1920/2256/1851 1776/2151/1852
f 1879/2152/1848 1857/2153/1853 1881/2158/1854 1842/2154/1855
f 1842/2154/1855 1881/2158/1854 1882/2159/1856 1832/2156/1857
f 1832/2156/1857 1882/2159/1856 1761/2155/1858 1880/2157/1824
f 1798/2160/1859 1856/2320/1847 1922/2260/1860 1779/2259/1861
f 1857/2321/1853 1798/2160/1859 1779/2259/1861 1777/2161/1862
f 1799/2162/1863 1858/2323/1864 1927/2266/1865 1780/2265/1866
f 1858/2323/1864 1761/2155/1858 1774/2267/1867 1927/2266/1865
f 1800/2163/1868 1799/2162/1863 1780/2265/1866 1869/2356/1869
f 1884/2165/1870 1809/2313/1871 1785/2276/1872 1885/2167/1873
f 1801/2166/1874 1884/2165/1870 1885/2167/1873 1772/2168/1875
f 1886/2169/1876 1802/2171/1877 1844/2177/1878 1845/2172/1879
f 1891/2170/1880 1886/2169/1876 1845/2172/1879 1890/2180/1881
f 1887/2173/1882 1801/2174/1874 1803/2175/1883 1843/2176/1884
f 1802/2171/1877 1887/2173/1882 1843/2176/1884 1844/2177/1878
f 1843/2176/1884 1803/2175/1883 1909/2347/1885 1888/2178/1886
f 1844/2177/1878 1843/2176/1884 1888/2178/1886 1804/2179/1887
f 1845/2172/1879 1844/2177/1878 1804/2179/1887 1889/2181/1888
f 1890/2180/1881 1845/2172/1879 1889/2181/1888 1764/2182/1889
f 1762/2183/1890 1892/2184/1891 1833/2187/1892 1893/2185/1893
f 1893/2185/1893 1833/2187/1892 1846/2188/1894 1806/2186/1895
f 1892/2184/1891 1891/2170/1880 1834/2297/1896 1833/2187/1892
f 1833/2187/1892 1834/2297/1896 1851/2298/1897 1846/2188/1894
f 1846/2188/1894 1851/2298/1897 1900/2205/1898 1805/2189/1899
f 1806/2186/1895 1846/2188/1894 1805/2189/1899 1811/2198/1900
f 1807/2191/1901 1895/2193/1902 1913/2354/1903 1808/2194/1904
f 1895/2193/1902 1762/2183/1890 1765/2240/1905 1913/2354/1903
f 1809/2192/1871 1894/2190/1906 1896/2195/1907 1827/2196/1908
f 1894/2190/1906 1807/2191/1901 1808/2194/1904 1896/2195/1907
f 1810/2197/1909 1763/2199/1910 1766/2255/1911 1897/2200/1912
f 1811/2198/1900 1810/2197/1909 1897/2200/1912 1898/2201/1913
f 1763/2202/1910 1899/2203/1914 1847/2207/1915 1814/2204/1916
f 1899/2203/1914 1900/2205/1898 1812/2206/1917 1847/2207/1915
f 1847/2207/1915 1812/2206/1917 1903/2217/1918 1813/2208/1919
f 1814/2204/1916 1847/2207/1915 1813/2208/1919 1817/2209/1920
f 1815/2210/1921 1901/2212/1922 1923/2261/1923 1816/2213/1924
f 1817/2211/1920 1815/2210/1921 1816/2213/1924 1902/2214/1925
f 1901/2338/1922 1863/2337/1926 1848/2216/1927 1907/2215/1928
f 1863/2337/1926 1903/2217/1918 1904/2218/1929 1848/2216/1927
f 1848/2216/1927 1904/2218/1929 1905/2220/1930 1849/2219/1931
f 1849/2219/1931 1905/2220/1930 1764/2182/1889 1818/2221/1932
f 1907/2215/1928 1848/2216/1927 1849/2219/1931 1906/2222/1933
f 1906/2222/1933 1849/2219/1931 1818/2221/1932 1823/2223/1934
f 1908/2224/1935 1909/2226/1885 1770/2281/1936 1819/2227/1937
f 1820/2225/1938 1908/2224/1935 1819/2227/1937 1769/2228/1939
f 1821/2230/1940 1911/2232/1941 1868/2355/1942 1822/2233/1943
f 1911/2232/1941 1820/2225/1938 1781/2268/1944 1868/2355/1942
f 1823/2231/1934 1910/2229/1945 1912/2234/1946 1767/2235/1947
f 1910/2229/1945 1821/2230/1940 1822/2233/1943 1912/2234/1946
f 1808/2238/1904 1913/2239/1903 1874/2241/1842 1824/2242/1840
f 1913/2239/1903 1765/2240/1905 1775/2144/1843 1874/2241/1842
f 1825/2236/1948 1867/2237/1949 1914/2243/1950 1940/2244/1951
f 1867/2237/1949 1808/2238/1904 1824/2242/1840 1914/2243/1950
f 1915/2245/1952 1825/2247/1948 1926/2264/1953 1916/2248/1954
f 1917/2246/1955 1915/2245/1952 1916/2248/1954 1768/2249/1956
f 1827/2250/1908 1918/2251/1957 1870/2357/1958 1826/2252/1959
f 1918/2251/1957 1917/2246/1955 1782/2272/1960 1870/2357/1958
f 1897/2200/1912 1766/2255/1911 1776/2151/1852 1920/2256/1851
f 1898/2201/1913 1897/2200/1912 1920/2256/1851 1921/2257/1850
f 1816/2213/1924 1923/2261/1923 1777/2161/1862 1779/2259/1861
f 1902/2214/1925 1816/2213/1924 1779/2259/1861 1922/2260/1860
f 1822/2233/1943 1926/2264/1953 1873/2362/1961 1780/2265/1866
f 1767/2235/1947 1912/2234/1946 1927/2266/1865 1774/2267/1867
f 1912/2234/1946 1822/2233/1943 1780/2265/1866 1927/2266/1865
f 1768/2249/1956 1781/2268/1944 1783/2273/1962 1928/2269/1963
f 1928/2269/1963 1929/2270/1964 1930/2271/1965 1782/2272/1960
f 1869/2356/1869 1783/2273/1962 1786/2277/1966 1800/2163/1868
f 1826/2252/1959 1784/2275/1839 1838/2361/1838 1831/2358/1967
f 1872/2360/1968 1786/2277/1966 1771/2278/1969 1932/2279/1970
f 1831/2358/1967 1939/2290/1971 1936/2288/1972 1933/2280/1973
f 1769/2228/1939 1819/2227/1937 1934/2283/1974 1771/2278/1969
f 1819/2227/1937 1770/2281/1936 1935/2284/1975 1934/2283/1974
f 1932/2279/1970 1935/2284/1975 1788/2286/1976 1937/2285/1977
f 1937/2285/1977 1788/2286/1976 1773/2287/1978 1936/2288/1972
f 1772/2168/1875 1885/2167/1873 1871/2359/1979 1773/2287/1978
f 1885/2167/1873 1785/2276/1872 1933/2280/1973 1871/2359/1979
f 1883/2164/1836 1872/2360/1968 1938/2289/1980 1840/2142/1835
f 1840/2142/1835 1938/2289/1980 1939/2290/1971 1758/2140/1834
f 1929/2270/1964 1873/2362/1961 1940/2291/1951 1930/2271/1965
f 1891/2170/1880 1890/2180/1881 1835/2299/1981 1834/2297/1896
f 1834/2297/1896 1835/2299/1981 1850/2300/1982 1851/2298/1897
f 1890/2180/1881 1764/2182/1889 1905/2220/1930 1835/2299/1981
f 1835/2299/1981 1905/2220/1930 1904/2218/1929 1850/2300/1982
f 1850/2300/1982 1904/2218/1929 1903/2217/1918 1812/2206/1917
f 1851/2298/1897 1850/2300/1982 1812/2206/1917 1900/2205/1898
f 1880/2301/1824 1791/2303/1820 1852/2304/1983 1832/2302/1857
f 1832/2302/1857 1852/2304/1983 1853/2306/1984 1842/2305/1855
f 1791/2303/1820 1756/2134/1819 1877/2135/1829 1852/2304/1983
f 1852/2304/1983 1877/2135/1829 1876/2136/1831 1853/2306/1984
f 1853/2306/1984 1876/2136/1831 1759/2137/1833 1841/2307/1846
f 1842/2305/1855 1853/2306/1984 1841/2307/1846 1879/2308/1848
f 1898/2201/1913 1828/2254/1985 1806/2186/1895 1811/2198/1900
f 1919/2253/1986 1765/2240/1905 1762/2183/1890 1893/2185/1893
f 1828/2254/1985 1919/2253/1986 1893/2185/1893 1806/2186/1895
f 1902/2214/1925 1778/2258/1987 1814/2309/1916 1817/2211/1920
f 1778/2258/1987 1766/2255/1911 1763/2199/1910 1814/2309/1916
f 1925/2263/1988 1924/2262/1989 1907/2310/1928 1906/2311/1933
f 1767/2235/1947 1925/2263/1988 1906/2311/1933 1823/2231/1934
f 1924/2262/1989 1923/2261/1923 1901/2212/1922 1907/2310/1928
f 1939/2290/1971 1938/2289/1980 1937/2285/1977 1936/2288/1972
f 1938/2289/1980 1872/2360/1968 1932/2279/1970 1937/2285/1977
f 1917/2246/1955 1768/2249/1956 1928/2269/1963 1782/2272/1960
f 1781/2268/1944 1820/2225/1938 1769/2228/1939 1783/2273/1962
f 1803/2312/1883 1801/2166/1874 1772/2168/1875 1787/2282/1990
f 1909/2226/1885 1803/2312/1883 1787/2282/1990 1770/2281/1936
f 1809/2313/1871 1827/2250/1908 1826/2252/1959 1785/2276/1872
f 1785/2276/1872 1826/2252/1959 1831/2358/1967 1933/2280/1973
f 1770/2281/1936 1787/2282/1990 1788/2286/1976 1935/2284/1975
f 1787/2282/1990 1772/2168/1875 1773/2287/1978 1788/2286/1976
f 1783/2273/1962 1769/2228/1939 1771/2278/1969 1786/2277/1966
f 1921/2257/1850 1789/2295/1991 1828/2254/1985 1898/2201/1913
f 1943/2294/1992 1775/2144/1843 1765/2240/1905 1919/2253/1986
f 1789/2295/1991 1943/2294/1992 1919/2253/1986 1828/2254/1985
f 1922/2260/1860 1790/2296/1993 1778/2258/1987 1902/2214/1925
f 1790/2296/1993 1776/2151/1852 1766/2255/1911 1778/2258/1987
f 1941/2292/1994 1942/2293/1995 1924/2262/1989 1925/2263/1988
f 1774/2267/1867 1941/2292/1994 1925/2263/1988 1767/2235/1947
f 1942/2293/1995 1777/2161/1862 1923/2261/1923 1924/2262/1989
f 1940/2291/1951 1873/2362/1961 1926/2264/1953 1825/2247/1948
f 1793/2139/1830 1878/2138/1828 1943/2294/1992 1789/2295/1991
f 1878/2138/1828 1757/2133/1827 1775/2144/1843 1943/2294/1992
f 1855/2319/1832 1793/2139/1830 1789/2295/1991 1921/2257/1850
f 1796/2149/1845 1760/2148/1844 1776/2151/1852 1790/2296/1993
f 1856/2320/1847 1796/2149/1845 1790/2296/1993 1922/2260/1860
f 1881/2158/1854 1857/2321/1853 1777/2161/1862 1942/2293/1995
f 1761/2155/1858 1882/2159/1856 1941/2292/1994 1774/2267/1867
f 1882/2159/1856 1881/2158/1854 1942/2293/1995 1941/2292/1994
f 1756/2134/1819 1875/2315/1818 1854/2314/1841 1757/2133/1827
f 1875/2315/1818 1794/2316/1822 1792/2132/1837 1854/2314/1841
f 1758/2317/1834 1838/2318/1838 1792/2132/1837 1794/2316/1822
f 1759/2137/1833 1855/2319/1832 1797/2150/1849 1760/2148/1844
f 1879/2147/1848 1856/2320/1847 1798/2160/1859 1857/2321/1853
f 1880/2157/1824 1761/2155/1858 1858/2323/1864 1836/2322/1825
f 1836/2322/1825 1858/2323/1864 1799/2162/1863 1859/2324/1826
f 1883/2164/1836 1859/2324/1826 1799/2162/1863 1800/2163/1868
f 1801/2174/1874 1887/2173/1882 1862/2327/1996 1884/2325/1870
f 1887/2173/1882 1802/2171/1877 1860/2326/1997 1862/2327/1996
f 1802/2171/1877 1886/2169/1876 1861/2328/1998 1860/2326/1997
f 1886/2169/1876 1891/2170/1880 1892/2184/1891 1861/2328/1998
f 1861/2328/1998 1892/2184/1891 1762/2183/1890 1895/2329/1902
f 1860/2326/1997 1861/2328/1998 1895/2329/1902 1807/2330/1901
f 1862/2327/1996 1860/2326/1997 1807/2330/1901 1894/2331/1906
f 1884/2325/1870 1862/2327/1996 1894/2331/1906 1809/2332/1871
f 1811/2198/1900 1805/2189/1899 1829/2333/1999 1810/2334/1909
f 1900/2205/1898 1899/2203/1914 1829/2333/1999 1805/2189/1899
f 1763/2202/1910 1810/2334/1909 1829/2333/1999 1899/2203/1914
f 1817/2209/1920 1813/2208/1919 1830/2335/2000 1815/2336/1921
f 1903/2217/1918 1863/2337/1926 1830/2335/2000 1813/2208/1919
f 1901/2338/1922 1815/2336/1921 1830/2335/2000 1863/2337/1926
f 1820/2339/1938 1911/2340/1941 1866/2344/2001 1908/2341/1935
f 1911/2340/1941 1821/2342/1940 1864/2343/2002 1866/2344/2001
f 1821/2342/1940 1910/2345/1945 1865/2346/2003 1864/2343/2002
f 1910/2345/1945 1823/2223/1934 1818/2221/1932 1865/2346/2003
f 1864/2343/2002 1865/2346/2003 1889/2181/1888 1804/2179/1887
f 1865/2346/2003 1818/2221/1932 1764/2182/1889 1889/2181/1888
f 1908/2341/1935 1866/2344/2001 1888/2178/1886 1909/2347/1885
f 1866/2344/2001 1864/2343/2002 1804/2179/1887 1888/2178/1886
f 1917/2350/1955 1918/2351/1957 1837/2352/2004 1915/2353/1952
f 1918/2351/1957 1827/2196/1908 1896/2195/1907 1837/2352/2004
f 1837/2352/2004 1896/2195/1907 1808/2194/1904 1867/2349/1949
f 1915/2353/1952 1837/2352/2004 1867/2349/1949 1825/2348/1948
f 1916/2248/1954 1926/2264/1953 1822/2233/1943 1868/2355/1942
f 1768/2249/1956 1916/2248/1954 1868/2355/1942 1781/2268/1944
f 1929/2270/1964 1928/2269/1963 1783/2273/1962 1869/2356/1869
f 1931/2274/2005 1784/2275/1839 1826/2252/1959 1870/2357/1958
f 1930/2271/1965 1931/2274/2005 1870/2357/1958 1782/2272/1960
f 1932/2279/1970 1771/2278/1969 1934/2283/1974 1935/2284/1975
f 1936/2288/1972 1773/2287/1978 1871/2359/1979 1933/2280/1973
f 1883/2164/1836 1800/2163/1868 1786/2277/1966 1872/2360/1968
f 1758/2140/1834 1939/2290/1971 1831/2358/1967 1838/2361/1838
f 1929/2270/1964 1869/2356/1869 1780/2265/1866 1873/2362/1961
f 1930/2271/1965 1940/2291/1951 1914/2363/1950 1931/2274/2005
f 1931/2274/2005 1914/2363/1950 1824/2364/1840 1784/2275/1839
s 71
f 1944/2366/2006 1954/2367/2007 1955/2369/2008 1962/2368/2009
f 1962/2368/2009 1955/2369/2008 1979/2370/2010 1971/2371/2011
f 1972/2374/2012 1944/2372/2006 1973/2417/2013 1956/2373/2014
f 1967/2416/2015 1972/2374/2012 1968/2418/2016 1957/2375/2017
f 1954/2415/2007 1967/2416/2015 1957/2375/2017 1945/2376/2018
f 1974/2377/2019 1973/2378/2013 1958/2379/2020 1963/2380/2021
f 1963/2380/2021 1958/2379/2020 1983/2404/2022 1970/2381/2023
f 1959/2382/2024 1974/2406/2019 1948/2420/2025 1969/2421/2026
f 1956/2373/2014 1959/2382/2024 1969/2421/2026 1975/2383/2027
f 1945/2384/2018 1976/2419/2028 1966/2405/2029 1964/2385/2030
f 1964/2385/2030 1966/2405/2029 1980/2396/2031 1947/2386/2032
f 1976/2419/2028 1968/2418/2016 1975/2383/2027 1946/2387/2033
f 1946/2387/2033 1948/2388/2025 1977/2390/2034 1965/2389/2035
f 1965/2389/2035 1977/2390/2034 1981/2425/2036 1950/2397/2037
f 1947/2391/2032 1960/2392/2038 1949/2394/2039 1979/2395/2010
f 1960/2392/2038 1978/2393/2040 1953/2403/2041 1949/2394/2039
f 1978/2423/2040 1980/2396/2031 1950/2397/2037 1951/2398/2042
f 1951/2398/2042 1961/2399/2043 1952/2401/2044 1982/2402/2045
f 1961/2399/2043 1981/2400/2036 1970/2427/2023 1952/2401/2044
f 1971/2426/2011 1953/2403/2041 1982/2402/2045 1983/2404/2022
f 1972/2374/2012 1956/2373/2014 1975/2383/2027 1968/2418/2016
f 1976/2419/2028 1946/2387/2033 1965/2389/2035 1966/2405/2029
f 1966/2405/2029 1965/2389/2035 1950/2397/2037 1980/2396/2031
f 1978/2423/2040 1951/2398/2042 1982/2402/2045 1953/2403/2041
f 1971/2426/2011 1983/2404/2022 1958/2379/2020 1962/2368/2009
f 1962/2368/2009 1958/2379/2020 1973/2378/2013 1944/2366/2006
f 1963/2407/2021 1970/2408/2023 1981/2409/2036 1977/2410/2034
f 1974/2406/2019 1963/2407/2021 1977/2410/2034 1948/2420/2025
f 1955/2412/2008 1954/2415/2007 1945/2376/2018 1964/2413/2030
f 1979/2411/2010 1955/2412/2008 1964/2413/2030 1947/2414/2032
f 1944/2372/2006 1972/2374/2012 1967/2416/2015 1954/2415/2007
f 1973/2417/2013 1974/2406/2019 1959/2382/2024 1956/2373/2014
f 1976/2419/2028 1945/2376/2018 1957/2375/2017 1968/2418/2016
f 1946/2387/2033 1975/2383/2027 1969/2421/2026 1948/2420/2025
f 1980/2396/2031 1978/2423/2040 1960/2422/2038 1947/2386/2032
f 1950/2397/2037 1981/2425/2036 1961/2424/2043 1951/2398/2042
f 1971/2426/2011 1979/2395/2010 1949/2394/2039 1953/2403/2041
f 1983/2404/2022 1982/2402/2045 1952/2401/2044 1970/2427/2023
s 1
f 1985/2429/185 1984/2428/184 369/552/237 22/43/236
f 1986/2430/423 1985/2429/185 22/43/236 20/41/490
f 1987/2431/182 1986/2430/423 20/41/490 48/244/231
f 1988/2432/183 1987/2431/182 48/244/231 359/527/230
f 1989/2433/442 1988/2432/183 359/527/230 366/549/476
f 1990/2434/440 1989/2433/442 366/549/476 42/80/475
f 1991/2435/441 1990/2434/440 42/80/475 118/331/477
f 1992/2436/228 1991/2435/441 118/331/477 418/619/399
f 1993/2437/229 1992/2436/228 418/619/399 41/79/398
f 1994/2438/439 1993/2437/229 41/79/398 114/327/478
f 1995/2439/226 1994/2438/439 114/327/478 115/328/393
f 1996/2440/227 1995/2439/226 115/328/393 40/78/392
f 1997/2441/438 1996/2440/227 40/78/392 110/323/479
f 1998/2442/224 1997/2441/438 110/323/479 111/324/387
f 1999/2443/225 1998/2442/224 111/324/387 38/76/386
f 2000/2444/437 1999/2443/225 38/76/386 414/614/480
f 2001/2445/221 2000/2444/437 414/614/480 415/615/381
f 2002/2446/222 2001/2445/221 415/615/381 106/318/379
f 2003/2447/223 2002/2446/222 106/318/379 102/312/372
f 2004/2448/436 2003/2447/223 102/312/372 101/311/370
f 2005/2449/217 2004/2448/436 101/311/370 364/543/369
f 2006/2450/218 2005/2449/217 364/543/369 216/243/494
f 2007/2451/219 2006/2450/218 216/243/494 365/544/363
f 2008/2452/435 2007/2451/219 365/544/363 409/605/361
f 2009/2453/213 2008/2452/435 409/605/361 99/309/360
f 2010/2454/214 2009/2453/213 99/309/360 98/307/356
f 2011/2455/215 2010/2454/214 98/307/356 96/304/358
f 2012/2456/434 2011/2455/215 96/304/358 95/303/481
f 2013/2457/210 2012/2456/434 95/303/481 404/597/351
f 2014/2458/211 2013/2457/210 404/597/351 30/53/350
f 2015/2459/433 2014/2458/211 30/53/350 90/298/482
f 2016/2460/207 2015/2459/433 90/298/482 401/594/342
f 2017/2461/208 2016/2460/207 401/594/342 91/299/341
f 2018/2462/209 2017/2461/208 91/299/341 28/51/345
f 2019/2463/432 2018/2462/209 28/51/345 400/593/483
f 2020/2464/204 2019/2463/432 400/593/483 87/295/336
f 2021/2465/205 2020/2464/204 87/295/336 363/538/335
f 2022/2466/431 2021/2465/205 363/538/335 85/293/484
f 2023/2467/202 2022/2466/431 85/293/484 395/588/330
f 2024/2468/203 2023/2467/202 395/588/330 27/50/329
f 2025/2469/430 2024/2468/203 27/50/329 82/290/485
f 2026/2470/200 2025/2469/430 82/290/485 392/585/324
f 2027/2471/201 2026/2470/200 392/585/324 26/49/323
f 2028/2472/429 2027/2471/201 26/49/323 78/286/486
f 2029/2473/198 2028/2472/429 78/286/486 79/287/318
f 2030/2474/199 2029/2473/198 79/287/318 25/48/317
f 2031/2475/428 2030/2474/199 25/48/317 74/282/487
f 2032/2476/196 2031/2475/428 74/282/487 75/283/312
f 2033/2477/197 2032/2476/196 75/283/312 23/46/311
f 2034/2478/427 2033/2477/197 23/46/311 380/568/488
f 2035/2479/193 2034/2478/427 380/568/488 381/569/285
f 2036/2480/194 2035/2479/193 381/569/285 63/267/284
f 2037/2481/195 2036/2480/194 63/267/284 61/263/277
f 2038/2482/426 2037/2481/195 61/263/277 60/262/275
f 2039/2483/189 2038/2482/426 60/262/275 361/531/274
f 2040/2484/190 2039/2483/189 361/531/274 215/242/493
f 2041/2485/191 2040/2484/190 215/242/493 362/532/254
f 2042/2486/425 2041/2485/191 362/532/254 374/558/252
f 2043/2487/186 2042/2486/425 374/558/252 55/253/251
f 2044/2488/187 2043/2487/186 55/253/251 299/418/248
f 2045/2489/424 2044/2488/187 299/418/248 51/247/489
f 1984/2428/184 2045/2489/424 51/247/489 369/552/237
s 72
f 45/83/2046 2046/2490/2047 427/628/2048
f 120/333/2049 295/412/2050 2046/2490/2047
f 2046/2490/2047 295/412/2050 305/424/2051
f 2046/2490/2047 305/424/2051 267/382/2052
f 2046/2490/2047 267/382/2052 368/551/2053
f 2046/2490/2047 368/551/2053 121/334/2054
f 2046/2490/2047 121/334/2054 306/425/2055
f 2046/2490/2047 306/425/2055 423/624/2056
f 2046/2490/2047 423/624/2056 56/254/2057
f 2046/2490/2047 56/254/2057 293/410/2058
f 2046/2490/2047 293/410/2058 388/580/2059
f 2046/2490/2047 388/580/2059 70/278/2060
f 2046/2490/2047 70/278/2060 307/426/2061
f 2046/2490/2047 307/426/2061 424/625/2062
f 2046/2490/2047 424/625/2062 308/427/2063
f 2046/2490/2047 308/427/2063 309/428/2064
f 2046/2490/2047 309/428/2064 122/335/2065
f 2046/2490/2047 122/335/2065 391/584/2066
f 2046/2490/2047 391/584/2066 43/81/2067
f 2046/2490/2047 43/81/2067 123/336/2068
f 2046/2490/2047 123/336/2068 425/626/2069
f 2046/2490/2047 425/626/2069 44/82/2070
f 2046/2490/2047 44/82/2070 124/337/2071
f 2046/2490/2047 124/337/2071 84/292/2072
f 2046/2490/2047 84/292/2072 310/429/2073
f 2046/2490/2047 310/429/2073 125/338/2074
f 2046/2490/2047 125/338/2074 86/294/2075
f 2046/2490/2047 86/294/2075 311/430/2076
f 2046/2490/2047 311/430/2076 426/627/2077
f 2046/2490/2047 426/627/2077 427/628/2048
f 126/339/2078 2046/2490/2047 45/83/2046
f 403/596/2079 2046/2490/2047 126/339/2078
f 94/302/2080 2046/2490/2047 403/596/2079
f 312/431/2081 2046/2490/2047 94/302/2080
f 127/340/2082 2046/2490/2047 312/431/2081
f 97/305/2083 2046/2490/2047 127/340/2082
f 313/432/2084 2046/2490/2047 97/305/2083
f 428/629/2085 2046/2490/2047 313/432/2084
f 429/630/2086 2046/2490/2047 428/629/2085
f 100/310/2087 2046/2490/2047 429/630/2086
f 294/411/2088 2046/2490/2047 100/310/2087
f 413/613/2089 2046/2490/2047 294/411/2088
f 105/316/2090 2046/2490/2047 413/613/2089
f 314/433/2091 2046/2490/2047 105/316/2090
f 430/631/2092 2046/2490/2047 314/433/2091
f 315/434/2093 2046/2490/2047 430/631/2092
f 316/435/2094 2046/2490/2047 315/434/2093
f 128/341/2095 2046/2490/2047 316/435/2094
f 417/618/2096 2046/2490/2047 128/341/2095
f 46/84/2097 2046/2490/2047 417/618/2096
f 129/342/2098 2046/2490/2047 46/84/2097
f 431/632/2099 2046/2490/2047 129/342/2098
f 47/85/2100 2046/2490/2047 431/632/2099
f 130/343/2101 2046/2490/2047 47/85/2100
f 119/332/2102 2046/2490/2047 130/343/2101
f 317/436/2103 2046/2490/2047 119/332/2102
f 432/633/2104 2046/2490/2047 317/436/2103
f 120/333/2049 2046/2490/2047 432/633/2104
s 1
f 2048/2492/241 2047/2491/240 306/425/2105 121/334/2106
f 2049/2493/444 2048/2492/241 121/334/2106 368/551/2107
f 2050/2494/234 2049/2493/444 368/551/2107 267/382/2108
f 2051/2495/235 2050/2494/234 267/382/2108 305/424/2109
f 2052/2496/474 2051/2495/235 305/424/2109 295/412/2110
f 2053/2497/472 2052/2496/474 295/412/2110 120/333/2111
f 2054/2498/470 2053/2497/472 120/333/2111 432/633/2112
f 2055/2499/402 2054/2498/470 432/633/2112 317/436/2113
f 2056/2500/403 2055/2499/402 317/436/2113 119/332/2114
f 2057/2501/468 2056/2500/403 119/332/2114 130/343/2115
f 2058/2502/396 2057/2501/468 130/343/2115 47/85/2116
f 2059/2503/397 2058/2502/396 47/85/2116 431/632/2117
f 2060/2504/466 2059/2503/397 431/632/2117 129/342/2118
f 2061/2505/390 2060/2504/466 129/342/2118 46/84/2119
f 2062/2506/391 2061/2505/390 46/84/2119 417/618/2120
f 2063/2507/464 2062/2506/391 417/618/2120 128/341/2121
f 2064/2508/385 2063/2507/464 128/341/2121 316/435/2122
f 2065/2509/383 2064/2508/385 316/435/2122 315/434/2123
f 2066/2510/384 2065/2509/383 315/434/2123 430/631/2124
f 2067/2511/378 2066/2510/384 430/631/2124 314/433/2125
f 2068/2512/376 2067/2511/378 314/433/2125 105/316/2126
f 2069/2513/377 2068/2512/376 105/316/2126 413/613/2127
f 2070/2514/368 2069/2513/377 413/613/2127 294/411/2128
f 2071/2515/366 2070/2514/368 294/411/2128 100/310/2129
f 2072/2516/367 2071/2515/366 100/310/2129 429/630/2130
f 2073/2517/462 2072/2516/367 429/630/2130 428/629/2131
f 2074/2518/354 2073/2517/462 428/629/2131 313/432/2132
f 2075/2519/355 2074/2518/354 313/432/2132 97/305/2133
f 2076/2520/460 2075/2519/355 97/305/2133 127/340/2134
f 2077/2521/349 2076/2520/460 127/340/2134 312/431/2135
f 2078/2522/347 2077/2521/349 312/431/2135 94/302/2136
f 2079/2523/348 2078/2522/347 94/302/2136 403/596/2137
f 2080/2524/458 2079/2523/348 403/596/2137 126/339/2138
f 2081/2525/339 2080/2524/458 126/339/2138 45/83/2139
f 2082/2526/340 2081/2525/339 45/83/2139 427/628/2140
f 2083/2527/456 2082/2526/340 427/628/2140 426/627/2141
f 2084/2528/333 2083/2527/456 426/627/2141 311/430/2142
f 2085/2529/334 2084/2528/333 311/430/2142 86/294/2143
f 2086/2530/454 2085/2529/334 86/294/2143 125/338/2144
f 2087/2531/327 2086/2530/454 125/338/2144 310/429/2145
f 2088/2532/328 2087/2531/327 310/429/2145 84/292/2146
f 2089/2533/452 2088/2532/328 84/292/2146 124/337/2147
f 2090/2534/321 2089/2533/452 124/337/2147 44/82/2148
f 2091/2535/322 2090/2534/321 44/82/2148 425/626/2149
f 2092/2536/450 2091/2535/322 425/626/2149 123/336/2150
f 2093/2537/315 2092/2536/450 123/336/2150 43/81/2151
f 2094/2538/316 2093/2537/315 43/81/2151 391/584/2152
f 2095/2539/448 2094/2538/316 391/584/2152 122/335/2153
f 2096/2540/310 2095/2539/448 122/335/2153 309/428/2154
f 2097/2541/308 2096/2540/310 309/428/2154 308/427/2155
f 2098/2542/309 2097/2541/308 308/427/2155 424/625/2156
f 2099/2543/303 2098/2542/309 424/625/2156 307/426/2157
f 2100/2544/301 2099/2543/303 307/426/2157 70/278/2158
f 2101/2545/302 2100/2544/301 70/278/2158 388/580/2159
f 2102/2546/260 2101/2545/302 388/580/2159 293/410/2160
f 2103/2547/261 2102/2546/260 293/410/2160 56/254/2161
f 2104/2548/446 2103/2547/261 56/254/2161 423/624/2162
f 2047/2491/240 2104/2548/446 423/624/2162 306/425/2105
