# This file uses centimeters as units for non-parametric coordinates.

mtllib screwer.mtl
g default
v 0.776469 0.946674 -0.278371
v 0.633437 0.946679 -0.527455
v 0.413839 0.946685 -0.712597
v 0.144162 0.946692 -0.811466
v -0.143066 0.946699 -0.812139
v -0.413203 0.946706 -0.714532
v -0.633665 0.946711 -0.530420
v -0.777861 0.946714 -0.282009
v -0.828400 0.946714 0.000739
v -0.779186 0.946712 0.283721
v -0.636153 0.946707 0.532805
v -0.416555 0.946701 0.717947
v -0.146879 0.946694 0.816816
v 0.140350 0.946686 0.817489
v 0.410487 0.946680 0.719882
v 0.630949 0.946675 0.535770
v 0.775145 0.946672 0.287359
v 0.825684 0.946672 0.004611
v -0.500000 4.168975 -0.866025
v -0.173648 4.168975 -0.984808
v 0.173648 4.168975 -0.984808
v 0.454629 4.168975 -0.786828
v 0.697906 4.168975 -0.582695
v 0.856693 4.168975 -0.307667
v 1.000000 4.168975 0.000000
v 0.939693 4.168975 0.342020
v 0.766044 4.168975 0.642788
v 0.454629 4.168975 0.796993
v 0.156207 4.168975 0.905610
v -0.161368 4.168975 0.905610
v -0.500000 4.168975 0.866025
v -0.766045 4.168975 0.642787
v -0.939693 4.168975 0.342020
v -0.917000 4.168975 0.005083
v -0.861854 4.168975 -0.307667
v -0.703066 4.168975 -0.582695
v -0.405555 5.234688 -0.702230
v -0.140129 5.234688 -0.797994
v 0.142043 5.234688 -0.797201
v 0.406927 5.234688 -0.699948
v 0.622574 5.234688 -0.517964
v 0.762974 5.234688 -0.273200
v 0.811192 5.234688 0.004823
v 0.761413 5.234688 0.282571
v 0.619640 5.234688 0.526543
v 0.402975 5.234688 0.707312
v 0.137548 5.234688 0.803076
v -0.144624 5.234688 0.802284
v -0.409507 5.234688 0.705030
v -0.625154 5.234688 0.523046
v -0.765554 5.234688 0.278282
v -0.813772 5.234688 0.000259
v -0.763993 5.234688 -0.277488
v -0.622221 5.234688 -0.521460
v -0.500000 4.564305 -0.866026
v -0.173648 4.564305 -0.984808
v 0.173648 4.564305 -0.984808
v 0.454629 4.564305 -0.786828
v 0.697906 4.564305 -0.582695
v 0.856693 4.564305 -0.307667
v 1.000000 4.564305 0.000000
v 0.939693 4.564305 0.342020
v 0.766044 4.564305 0.642788
v 0.454629 4.564305 0.796993
v 0.156207 4.564305 0.905610
v -0.161368 4.564305 0.905610
v -0.500000 4.564305 0.866025
v -0.766045 4.564305 0.642787
v -0.939693 4.564305 0.342020
v -0.917000 4.564305 0.005083
v -0.861854 4.564305 -0.307667
v -0.703066 4.564305 -0.582695
v -0.397200 5.740947 -0.689504
v -0.136534 5.740947 -0.783551
v 0.140577 5.740947 -0.782772
v 0.400710 5.740947 -0.687262
v 0.612488 5.740947 -0.508544
v 0.750369 5.740947 -0.268169
v 0.797723 5.740947 0.004867
v 0.748837 5.740947 0.277633
v 0.609608 5.740947 0.517229
v 0.396828 5.740947 0.694756
v 0.136163 5.740947 0.788803
v -0.140947 5.740947 0.788024
v -0.401081 5.740947 0.692514
v -0.612860 5.740947 0.513795
v -0.750741 5.740947 0.273421
v -0.798095 5.740947 0.000385
v -0.749209 5.740947 -0.272381
v -0.609979 5.740947 -0.511977
v -0.356592 5.740947 -0.618711
v -0.122588 5.740947 -0.703138
v 0.126179 5.740947 -0.702439
v 0.359705 5.740947 -0.616699
v 0.549822 5.740947 -0.456260
v 0.673600 5.740947 -0.240471
v 0.716111 5.740947 0.004638
v 0.672225 5.740947 0.249505
v 0.547236 5.740947 0.464594
v 0.356220 5.740947 0.623963
v 0.122217 5.740947 0.708390
v -0.126550 5.740947 0.707691
v -0.360076 5.740947 0.621951
v -0.550194 5.740947 0.461512
v -0.673972 5.740947 0.245723
v -0.716482 5.740947 0.000614
v -0.672597 5.740947 -0.244252
v -0.547608 5.740947 -0.459342
v -0.356592 5.816330 -0.618711
v -0.122588 5.816330 -0.703138
v 0.126179 5.816330 -0.702439
v 0.359705 5.816330 -0.616699
v 0.549822 5.816330 -0.456260
v 0.673600 5.816330 -0.240471
v 0.716111 5.816330 0.004638
v 0.672225 5.816330 0.249505
v 0.547236 5.816330 0.464594
v 0.356220 5.816330 0.623963
v 0.122217 5.816330 0.708390
v -0.126550 5.816330 0.707691
v -0.360076 5.816330 0.621951
v -0.550194 5.816330 0.461512
v -0.673972 5.816330 0.245723
v -0.716482 5.816330 0.000614
v -0.672597 5.816330 -0.244252
v -0.547608 5.816330 -0.459342
v -0.397668 5.816330 -0.690320
v -0.136694 5.816330 -0.784478
v 0.140743 5.816330 -0.783698
v 0.401182 5.816330 -0.688076
v 0.613211 5.816330 -0.509147
v 0.751254 5.816330 -0.268488
v 0.798664 5.816330 0.004869
v 0.749721 5.816330 0.277957
v 0.610327 5.816330 0.517836
v 0.397296 5.816330 0.695572
v 0.136324 5.816330 0.789730
v -0.141113 5.816330 0.788950
v -0.401554 5.816330 0.693328
v -0.613582 5.816330 0.514398
v -0.751626 5.816330 0.273741
v -0.799035 5.816330 0.000382
v -0.750092 5.816330 -0.272705
v -0.610698 5.816330 -0.512584
v -0.397668 6.632449 -0.690320
v -0.136694 6.632449 -0.784478
v 0.140743 6.632449 -0.783698
v 0.401182 6.632449 -0.688076
v 0.613211 6.632449 -0.509147
v 0.751254 6.632449 -0.268488
v 0.798664 6.632449 0.004869
v 0.749721 6.632449 0.277957
v 0.610327 6.632449 0.517836
v 0.397296 6.632449 0.695572
v 0.136324 6.632449 0.789730
v -0.141113 6.632449 0.788950
v -0.401554 6.632449 0.693328
v -0.613582 6.632449 0.514398
v -0.751626 6.632449 0.273741
v -0.799035 6.632449 0.000382
v -0.750092 6.632449 -0.272705
v -0.610698 6.632449 -0.512584
v -0.370827 6.781631 -0.643527
v -0.127476 6.781631 -0.731326
v 0.131227 6.781631 -0.730599
v 0.374079 6.781631 -0.641434
v 0.571789 6.781631 -0.474588
v 0.700511 6.781631 -0.250180
v 0.744719 6.781631 0.004718
v 0.699081 6.781631 0.259365
v 0.569100 6.781631 0.483045
v 0.370455 6.781631 0.648779
v 0.127106 6.781631 0.736579
v -0.131597 6.781631 0.735852
v -0.374450 6.781631 0.646686
v -0.572161 6.781631 0.479840
v -0.700883 6.781631 0.255433
v -0.745091 6.781631 0.000534
v -0.699453 6.781631 -0.254113
v -0.569472 6.781631 -0.477793
v -0.310458 6.927411 -0.538283
v -0.106744 6.927411 -0.611782
v 0.109822 6.927411 -0.611174
v 0.313120 6.927411 -0.536531
v 0.478628 6.927411 -0.396861
v 0.586384 6.927411 -0.209004
v 0.623391 6.927411 0.004377
v 0.585186 6.927411 0.217548
v 0.476376 6.927411 0.404796
v 0.310086 6.927411 0.543535
v 0.106373 6.927411 0.617034
v -0.110193 6.927411 0.616426
v -0.313491 6.927411 0.541784
v -0.478999 6.927411 0.402112
v -0.586755 6.927411 0.214256
v -0.623763 6.927411 0.000875
v -0.585558 6.927411 -0.212296
v -0.476748 6.927411 -0.399544
v -0.231301 7.004026 -0.400286
v -0.079559 7.004026 -0.455034
v 0.081757 7.004026 -0.454581
v 0.233189 7.004026 -0.398982
v 0.356473 7.004026 -0.294944
v 0.436738 7.004026 -0.155013
v 0.464304 7.004026 0.003931
v 0.435846 7.004026 0.162717
v 0.354796 7.004026 0.302194
v 0.230930 7.004026 0.405539
v 0.079188 7.004026 0.460287
v -0.082128 7.004026 0.459833
v -0.233561 7.004026 0.404234
v -0.356844 7.004026 0.300195
v -0.437110 7.004026 0.160265
v -0.464676 7.004026 0.001321
v -0.436218 7.004026 -0.157465
v -0.355167 7.004026 -0.296942
v -0.117013 7.061481 -0.201043
v -0.040308 7.061481 -0.228718
v 0.041236 7.061481 -0.228489
v 0.117784 7.061481 -0.200384
v 0.180103 7.061481 -0.147793
v 0.220676 7.061481 -0.077059
v 0.234611 7.061481 0.003285
v 0.220225 7.061481 0.083551
v 0.179255 7.061481 0.154056
v 0.116642 7.061481 0.206296
v 0.039937 7.061481 0.233970
v -0.041607 7.061481 0.233741
v -0.118155 7.061481 0.205636
v -0.180474 7.061481 0.153045
v -0.221048 7.061481 0.082312
v -0.234982 7.061481 0.001966
v -0.220597 7.061481 -0.078299
v -0.179627 7.061481 -0.148803
v -0.117013 11.855882 -0.201043
v -0.040308 11.855882 -0.228718
v 0.041236 11.855882 -0.228489
v 0.117784 11.855882 -0.200384
v 0.180103 11.855882 -0.147793
v 0.220676 11.855882 -0.077059
v 0.234611 11.855882 0.003285
v 0.220225 11.855882 0.083551
v 0.179255 11.855882 0.154056
v 0.116642 11.855882 0.206296
v 0.039937 11.855882 0.233970
v -0.041607 11.855882 0.233741
v -0.118155 11.855882 0.205636
v -0.180474 11.855882 0.153045
v -0.221048 11.855882 0.082312
v -0.234982 11.855882 0.001966
v -0.220597 11.855882 -0.078299
v -0.179627 11.855882 -0.148803
v 0.707448 0.946676 -0.253432
v 0.577108 0.946680 -0.480413
v 0.376996 0.946686 -0.649127
v 0.131250 0.946692 -0.739223
v -0.130492 0.946699 -0.739836
v -0.376658 0.946705 -0.650890
v -0.577557 0.946709 -0.483116
v -0.708958 0.946712 -0.256747
v -0.755012 0.946712 0.000911
v -0.710165 0.946710 0.258782
v -0.579825 0.946706 0.485764
v -0.379713 0.946700 0.654477
v -0.133966 0.946694 0.744573
v 0.127775 0.946687 0.745186
v 0.373941 0.946681 0.656240
v 0.574841 0.946677 0.488466
v 0.706242 0.946674 0.262097
v 0.752296 0.946674 0.004439
v 0.707448 0.881039 -0.253432
v 0.577108 0.881043 -0.480413
v 0.376996 0.881049 -0.649127
v 0.131250 0.881055 -0.739223
v -0.130492 0.881062 -0.739836
v -0.376658 0.881068 -0.650890
v -0.577557 0.881072 -0.483116
v -0.708958 0.881075 -0.256747
v -0.755012 0.881075 0.000911
v -0.710165 0.881073 0.258782
v -0.579825 0.881069 0.485764
v -0.379713 0.881063 0.654477
v -0.133966 0.881057 0.744573
v 0.127775 0.881050 0.745186
v 0.373941 0.881044 0.656240
v 0.574841 0.881039 0.488466
v 0.706242 0.881037 0.262097
v 0.752296 0.881037 0.004439
v 0.769475 0.881043 -0.275844
v 0.627729 0.881046 -0.522688
v 0.410106 0.881050 -0.706165
v 0.142854 0.881055 -0.804145
v -0.141792 0.881061 -0.804812
v -0.409500 0.881065 -0.708083
v -0.627979 0.881069 -0.525627
v -0.770879 0.881071 -0.279449
v -0.820964 0.881071 0.000757
v -0.772191 0.881069 0.281194
v -0.630445 0.881066 0.528038
v -0.412822 0.881062 0.711515
v -0.145570 0.881056 0.809495
v 0.139076 0.881051 0.810162
v 0.406783 0.881047 0.713433
v 0.625263 0.881043 0.530977
v 0.768163 0.881041 0.284799
v 0.818247 0.881041 0.004593
v 0.769475 0.106003 -0.275844
v 0.627729 0.106006 -0.522687
v 0.410106 0.106011 -0.706165
v 0.142854 0.106016 -0.804145
v -0.141792 0.106021 -0.804811
v -0.409500 0.106026 -0.708083
v -0.627979 0.106029 -0.525626
v -0.770879 0.106031 -0.279449
v -0.820964 0.106031 0.000757
v -0.772191 0.106030 0.281194
v -0.630445 0.106026 0.528038
v -0.412822 0.106022 0.711515
v -0.145570 0.106017 0.809496
v 0.139076 0.106012 0.810162
v 0.406783 0.106007 0.713433
v 0.625263 0.106003 0.530977
v 0.768163 0.106002 0.284799
v 0.818247 0.106001 0.004593
v 0.697940 -0.037444 -0.249997
v 0.569348 -0.037442 -0.473933
v 0.371921 -0.037437 -0.640383
v 0.129471 -0.037432 -0.729271
v -0.128760 -0.037428 -0.729875
v -0.371623 -0.037424 -0.642123
v -0.569828 -0.037420 -0.476599
v -0.699466 -0.037419 -0.253267
v -0.744902 -0.037419 0.000935
v -0.700656 -0.037420 0.255347
v -0.572065 -0.037423 0.479284
v -0.374637 -0.037427 0.645734
v -0.132187 -0.037432 0.734621
v 0.126043 -0.037437 0.735226
v 0.368907 -0.037441 0.647473
v 0.567111 -0.037444 0.481949
v 0.696750 -0.037446 0.258617
v 0.742186 -0.037446 0.004415
v 0.548686 -0.116379 -0.196068
v 0.447540 -0.116378 -0.372209
v 0.292251 -0.116374 -0.503133
v 0.101547 -0.116370 -0.573049
v -0.101568 -0.116367 -0.573524
v -0.292596 -0.116364 -0.504501
v -0.448497 -0.116361 -0.374305
v -0.550466 -0.116360 -0.198640
v -0.586205 -0.116360 0.001307
v -0.551402 -0.116361 0.201418
v -0.450257 -0.116363 0.377559
v -0.294967 -0.116367 0.508483
v -0.104264 -0.116370 0.578399
v 0.098852 -0.116374 0.578875
v 0.289880 -0.116377 0.509852
v 0.445781 -0.116379 0.379656
v 0.547750 -0.116381 0.203991
v 0.583489 -0.116381 0.004044
v -0.001358 -0.116370 0.002675
v -0.130287 7.054807 -0.224185
v -0.044867 7.054807 -0.255004
v 0.045942 7.054807 -0.254749
v 0.131188 7.054807 -0.223451
v 0.200588 7.054807 -0.164885
v 0.245772 7.054807 -0.086113
v 0.261289 7.054807 0.003360
v 0.245270 7.054807 0.092746
v 0.199644 7.054807 0.171262
v 0.129916 7.054807 0.229438
v 0.044496 7.054807 0.260257
v -0.046313 7.054807 0.260002
v -0.131559 7.054807 0.228703
v -0.200959 7.054807 0.170137
v -0.246143 7.054807 0.091366
v -0.261661 7.054807 0.001892
v -0.245641 7.054807 -0.087494
v -0.200016 7.054807 -0.166010
v -0.117013 7.077548 -0.201043
v -0.040308 7.077548 -0.228718
v 0.041236 7.077548 -0.228489
v 0.117784 7.077548 -0.200384
v 0.180103 7.077548 -0.147793
v 0.220676 7.077548 -0.077059
v 0.234611 7.077548 0.003285
v 0.220225 7.077548 0.083551
v 0.179255 7.077548 0.154056
v 0.116642 7.077548 0.206296
v 0.039937 7.077548 0.233970
v -0.041607 7.077548 0.233741
v -0.118155 7.077548 0.205636
v -0.180474 7.077548 0.153045
v -0.221048 7.077548 0.082312
v -0.234982 7.077548 0.001966
v -0.220597 7.077548 -0.078299
v -0.179627 7.077548 -0.148803
v -0.117013 7.510872 -0.201043
v -0.040308 7.510872 -0.228718
v 0.041236 7.510872 -0.228489
v 0.117784 7.510872 -0.200384
v 0.180103 7.510872 -0.147793
v 0.220676 7.510872 -0.077059
v 0.234611 7.510872 0.003285
v 0.220225 7.510872 0.083551
v 0.179255 7.510872 0.154056
v 0.116642 7.510872 0.206296
v 0.039937 7.510872 0.233970
v -0.041607 7.510872 0.233741
v -0.118155 7.510872 0.205636
v -0.180474 7.510872 0.153045
v -0.221048 7.510872 0.082312
v -0.234982 7.510872 0.001966
v -0.220597 7.510872 -0.078299
v -0.179627 7.510872 -0.148803
v -0.117013 9.718943 -0.201043
v -0.040308 9.718943 -0.228718
v 0.041236 9.718943 -0.228489
v 0.117784 9.718943 -0.200384
v 0.180103 9.718943 -0.147793
v 0.220676 9.718943 -0.077059
v 0.234611 9.718943 0.003285
v 0.220225 9.718943 0.083551
v 0.179255 9.718943 0.154056
v 0.116642 9.718943 0.206296
v 0.039937 9.718943 0.233970
v -0.041607 9.718943 0.233741
v -0.118155 9.718943 0.205636
v -0.180474 9.718943 0.153045
v -0.221048 9.718943 0.082312
v -0.234982 9.718943 0.001966
v -0.220597 9.718943 -0.078299
v -0.179627 9.718943 -0.148803
v -0.103863 7.580731 -0.178119
v -0.035792 7.580731 -0.202678
v -0.103863 9.649085 -0.178119
v -0.035792 9.649085 -0.202678
v 0.036573 7.580731 -0.202475
v 0.036573 9.649085 -0.202475
v 0.104505 7.580731 -0.177534
v 0.104505 9.649085 -0.177534
v 0.159810 7.580731 -0.130862
v 0.159810 9.649085 -0.130862
v 0.195817 7.580731 -0.068090
v 0.195817 9.649085 -0.068090
v 0.208183 7.580731 0.003211
v 0.208183 9.649085 0.003211
v 0.195416 7.580731 0.074442
v 0.195416 9.649085 0.074442
v 0.159058 7.580731 0.137011
v 0.159058 9.649085 0.137011
v 0.103492 7.580731 0.183371
v 0.103492 9.649085 0.183371
v 0.035421 7.580731 0.207931
v 0.035421 9.649085 0.207931
v -0.036945 7.580731 0.207727
v -0.036945 9.649085 0.207727
v -0.104877 7.580731 0.182786
v -0.104877 9.649085 0.182786
v -0.160181 7.580731 0.136115
v -0.160181 9.649085 0.136115
v -0.196188 7.580731 0.073342
v -0.196188 9.649085 0.073342
v -0.208554 7.580731 0.002041
v -0.208554 9.649085 0.002041
v -0.195788 7.580731 -0.069190
v -0.195788 9.649085 -0.069190
v -0.159429 7.580731 -0.131759
v -0.159429 9.649085 -0.131759
v -0.077518 11.855882 -0.132191
v -0.026744 11.855882 -0.150510
v 0.027233 11.855882 -0.150358
v 0.077903 11.855882 -0.131754
v 0.119154 11.855882 -0.096942
v 0.146012 11.855882 -0.050121
v 0.155235 11.855882 0.003062
v 0.145713 11.855882 0.056194
v 0.118593 11.855882 0.102864
v 0.077147 11.855882 0.137443
v 0.026373 11.855882 0.155762
v -0.027604 11.855882 0.155610
v -0.078274 11.855882 0.137007
v -0.119526 11.855882 0.102195
v -0.146383 11.855882 0.055373
v -0.155607 11.855882 0.002189
v -0.146085 11.855882 -0.050941
v -0.118965 11.855882 -0.097611
v -0.040855 12.397996 -0.068274
v -0.012643 12.397996 -0.069200
v 0.009300 12.397996 -0.050298
v 0.036441 12.397996 -0.060403
v 0.062575 12.397996 -0.049737
v 0.068386 12.397996 -0.022114
v 0.053581 12.397996 0.002777
v 0.068246 12.397996 0.027751
v 0.062280 12.397996 0.055341
v 0.040484 12.397996 0.073527
v 0.012271 12.397996 0.074453
v -0.009671 12.397996 0.055550
v -0.036812 12.397996 0.065656
v -0.062947 12.397996 0.054989
v -0.068758 12.397996 0.027366
v -0.053953 12.397996 0.002475
v -0.068618 12.397996 -0.022499
v -0.062652 12.397996 -0.050089
v -0.000186 12.441467 0.002626
v -0.077518 12.087006 -0.132191
v -0.026744 12.087006 -0.150510
v 0.027233 12.001440 -0.150358
v 0.077903 12.087006 -0.131754
v 0.119154 12.087006 -0.096942
v 0.146012 12.087006 -0.050121
v 0.155235 12.001440 0.003062
v 0.145713 12.087006 0.056194
v 0.118593 12.087006 0.102864
v 0.077147 12.087006 0.137443
v 0.026373 12.087006 0.155762
v -0.027604 12.001440 0.155610
v -0.078274 12.087006 0.137007
v -0.119526 12.087006 0.102195
v -0.146383 12.087006 0.055373
v -0.155607 12.001440 0.002189
v -0.146085 12.087006 -0.050941
v -0.118965 12.087006 -0.097611
v -0.092666 11.855882 -0.158598
v -0.031947 11.855882 -0.180505
v 0.032603 11.855882 -0.180324
v 0.093198 11.855882 -0.158076
v 0.142530 11.855882 -0.116445
v 0.174648 11.855882 -0.060453
v 0.185678 11.855882 0.003148
v 0.174291 11.855882 0.066686
v 0.141859 11.855882 0.122497
v 0.092294 11.855882 0.163850
v 0.031575 11.855882 0.185758
v -0.032975 11.855882 0.185576
v -0.093570 11.855882 0.163328
v -0.142902 11.855882 0.121698
v -0.175020 11.855882 0.065705
v -0.186050 11.855882 0.002104
v -0.174663 11.855882 -0.061434
v -0.142231 11.855882 -0.117245
v -0.077518 12.097410 -0.132191
v -0.023873 12.097410 -0.133952
v 0.017850 12.097410 -0.098008
v 0.069459 12.097410 -0.117224
v 0.119154 12.097410 -0.096942
v 0.130204 12.097410 -0.044417
v 0.102052 12.097410 0.002913
v 0.129937 12.097410 0.050401
v 0.118593 12.097410 0.102864
v 0.077147 12.097410 0.137443
v 0.023501 12.097410 0.139204
v -0.018222 12.097410 0.103261
v -0.069831 12.097410 0.122476
v -0.119526 12.097410 0.102195
v -0.130575 12.097410 0.049670
v -0.102423 12.097410 0.002339
v -0.130309 12.097410 -0.045149
v -0.118965 12.097410 -0.097611
v -0.062004 12.346117 -0.105144
v -0.019121 12.346117 -0.106552
v 0.014232 12.346117 -0.077819
v 0.055487 12.346117 -0.093180
v 0.095213 12.346117 -0.076967
v 0.104045 12.346117 -0.034980
v 0.081541 12.346117 0.002856
v 0.103833 12.346117 0.040817
v 0.094764 12.346117 0.082754
v 0.061633 12.346117 0.110397
v 0.018749 12.346117 0.111804
v -0.014604 12.346117 0.083072
v -0.055859 12.346117 0.098433
v -0.095584 12.346117 0.082220
v -0.104417 12.346117 0.040232
v -0.081913 12.346117 0.002397
v -0.104204 12.346117 -0.035565
v -0.095136 12.346117 -0.077502
vt 0.293972 0.001878
vt 0.321831 0.001878
vt 0.297248 0.362284
vt 0.328009 0.362284
vt 0.262321 0.001877
vt 0.342539 0.001879
vt 0.297248 0.406501
vt 0.262836 0.362284
vt 0.350841 0.362284
vt 0.328009 0.406501
vt 0.262836 0.406501
vt 0.224582 0.362284
vt 0.320769 0.481482
vt 0.262297 0.481482
vt 0.224582 0.406501
vt 0.230696 0.001877
vt 0.350841 0.406501
vt 0.341124 0.481482
vt 0.293393 0.481482
vt 0.190942 0.362284
vt 0.190942 0.406501
vt 0.372985 0.362284
vt 0.339705 0.538105
vt 0.319716 0.538105
vt 0.262292 0.538105
vt 0.231231 0.481482
vt 0.202912 0.001878
vt 0.353597 0.001880
vt 0.372985 0.406501
vt 0.292830 0.538105
vt 0.231784 0.538105
vt 0.203944 0.481482
vt 0.352001 0.481482
vt 0.204985 0.538105
vt 0.185130 0.538105
vt 0.183725 0.481482
vt 0.173695 0.406501
vt 0.673133 0.362281
vt 0.706764 0.001879
vt 0.703894 0.362281
vt 0.678980 0.001879
vt 0.738389 0.001879
vt 0.673133 0.406498
vt 0.658387 0.001878
vt 0.738875 0.362281
vt 0.703894 0.406498
vt 0.641443 0.406498
vt 0.641443 0.362281
vt 0.770040 0.001879
vt 0.707270 0.481479
vt 0.659763 0.481479
vt 0.776560 0.362281
vt 0.738875 0.406498
vt 0.738335 0.481479
vt 0.679982 0.481479
vt 0.797899 0.001878
vt 0.707841 0.538102
vt 0.681043 0.538102
vt 0.810200 0.362281
vt 0.776560 0.406498
vt 0.769431 0.481479
vt 0.738349 0.538102
vt 0.661187 0.538102
vt 0.818607 0.001877
vt 0.835169 0.362281
vt 0.810200 0.406498
vt 0.796808 0.481479
vt 0.768888 0.538102
vt 0.835169 0.406498
vt 0.817162 0.481479
vt 0.795773 0.538102
vt 0.815762 0.538102
vt 0.655086 0.771509
vt 0.655086 0.747373
vt 0.663517 0.771509
vt 0.663517 0.747373
vt 0.663517 0.798923
vt 0.655086 0.729428
vt 0.655086 0.798923
vt 0.663517 0.729428
vt 0.663517 0.826311
vt 0.655086 0.826311
vt 0.663517 0.850368
vt 0.655086 0.850368
vt 0.663517 0.868194
vt 0.655086 0.868194
vt 0.670678 0.771508
vt 0.670678 0.747373
vt 0.679109 0.771508
vt 0.679109 0.747373
vt 0.679109 0.798923
vt 0.670678 0.729428
vt 0.670678 0.798923
vt 0.679109 0.729428
vt 0.679109 0.826311
vt 0.670678 0.826311
vt 0.679109 0.850368
vt 0.670678 0.850368
vt 0.679109 0.868193
vt 0.670678 0.868193
vt 0.366641 0.771717
vt 0.366641 0.744800
vt 0.457922 0.771717
vt 0.457922 0.744800
vt 0.457922 0.802291
vt 0.366641 0.724787
vt 0.474607 0.773765
vt 0.366641 0.802291
vt 0.474607 0.802274
vt 0.457922 0.724787
vt 0.474607 0.748665
vt 0.457922 0.832836
vt 0.474607 0.830756
vt 0.490913 0.778370
vt 0.490913 0.802236
vt 0.366641 0.832836
vt 0.490913 0.826079
vt 0.474607 0.730004
vt 0.490913 0.757359
vt 0.457922 0.859665
vt 0.474607 0.855774
vt 0.490913 0.847022
vt 0.366641 0.859665
vt 0.457922 0.879545
vt 0.474607 0.874311
vt 0.366641 0.879545
vt 0.497221 0.771717
vt 0.497221 0.744800
vt 0.588502 0.771717
vt 0.588502 0.744800
vt 0.588502 0.802291
vt 0.497221 0.724787
vt 0.605187 0.773765
vt 0.497221 0.802291
vt 0.605187 0.802274
vt 0.588502 0.724787
vt 0.605187 0.748665
vt 0.588502 0.832836
vt 0.605187 0.830756
vt 0.621493 0.778370
vt 0.621493 0.802236
vt 0.497221 0.832836
vt 0.621493 0.826079
vt 0.605187 0.730004
vt 0.621493 0.757359
vt 0.588502 0.859665
vt 0.605187 0.855774
vt 0.621493 0.847022
vt 0.497221 0.859665
vt 0.588502 0.879545
vt 0.605187 0.874311
vt 0.497221 0.879545
vt 0.067012 0.001877
vt 0.074923 0.001877
vt 0.067012 0.003675
vt 0.074923 0.003675
vt 0.058025 0.003675
vt 0.080805 0.001877
vt 0.067012 0.052141
vt 0.058025 0.001877
vt 0.058025 0.052141
vt 0.080805 0.003675
vt 0.074923 0.052141
vt 0.049048 0.003675
vt 0.049048 0.052141
vt 0.066008 0.059954
vt 0.058034 0.059954
vt 0.049048 0.001877
vt 0.050067 0.059954
vt 0.080805 0.052141
vt 0.073029 0.059954
vt 0.041162 0.003675
vt 0.041162 0.052141
vt 0.043068 0.059954
vt 0.066008 0.291295
vt 0.058034 0.291295
vt 0.050067 0.291295
vt 0.041162 0.001877
vt 0.043068 0.291295
vt 0.078249 0.059954
vt 0.073029 0.291295
vt 0.035319 0.003675
vt 0.035319 0.052141
vt 0.037883 0.059954
vt 0.037883 0.291295
vt 0.067012 0.299108
vt 0.058025 0.299108
vt 0.049048 0.299108
vt 0.041162 0.299108
vt 0.035319 0.001877
vt 0.035319 0.299108
vt 0.078249 0.291295
vt 0.074923 0.299108
vt 0.067012 0.538120
vt 0.058025 0.538120
vt 0.049048 0.538120
vt 0.041162 0.538120
vt 0.035319 0.538120
vt 0.080805 0.299108
vt 0.074923 0.538120
vt 0.080805 0.538120
vt 0.152766 0.001877
vt 0.160677 0.001877
vt 0.152766 0.003675
vt 0.160677 0.003675
vt 0.143779 0.003675
vt 0.166559 0.001877
vt 0.152766 0.052141
vt 0.143779 0.001877
vt 0.143779 0.052141
vt 0.166559 0.003675
vt 0.160677 0.052141
vt 0.134802 0.003675
vt 0.134802 0.052141
vt 0.151762 0.059954
vt 0.143787 0.059954
vt 0.134802 0.001877
vt 0.135820 0.059954
vt 0.166559 0.052141
vt 0.158783 0.059954
vt 0.126916 0.003675
vt 0.126916 0.052141
vt 0.128822 0.059954
vt 0.151762 0.291295
vt 0.143787 0.291295
vt 0.135820 0.291295
vt 0.126916 0.001877
vt 0.128822 0.291295
vt 0.164003 0.059954
vt 0.158783 0.291295
vt 0.121073 0.003675
vt 0.121073 0.052141
vt 0.123637 0.059954
vt 0.123637 0.291295
vt 0.152766 0.299108
vt 0.143779 0.299108
vt 0.134802 0.299108
vt 0.126916 0.299108
vt 0.121073 0.001877
vt 0.121073 0.299108
vt 0.164003 0.291295
vt 0.160677 0.299108
vt 0.152766 0.538120
vt 0.143779 0.538120
vt 0.134802 0.538120
vt 0.126916 0.538120
vt 0.121073 0.538120
vt 0.166559 0.299108
vt 0.160677 0.538120
vt 0.166559 0.538120
vt 0.635142 0.748298
vt 0.635142 0.773686
vt 0.627801 0.748298
vt 0.627801 0.773686
vt 0.627802 0.729428
vt 0.635142 0.802528
vt 0.635143 0.729428
vt 0.627800 0.802528
vt 0.635142 0.831347
vt 0.627800 0.831347
vt 0.635142 0.856665
vt 0.627801 0.856665
vt 0.635143 0.875431
vt 0.627801 0.875431
vt 0.648786 0.802528
vt 0.648786 0.831347
vt 0.641445 0.802528
vt 0.641445 0.831347
vt 0.641444 0.773686
vt 0.648786 0.856665
vt 0.648786 0.773686
vt 0.641444 0.856665
vt 0.641444 0.748298
vt 0.648785 0.875431
vt 0.648785 0.748298
vt 0.641444 0.875431
vt 0.641443 0.729428
vt 0.648785 0.729428
vt 0.251089 0.732952
vt 0.251089 0.760560
vt 0.164403 0.732952
vt 0.164403 0.760560
vt 0.164403 0.712430
vt 0.251089 0.791927
vt 0.148359 0.738405
vt 0.251090 0.712430
vt 0.148359 0.719788
vt 0.164402 0.791927
vt 0.148358 0.763451
vt 0.251089 0.823267
vt 0.164402 0.823267
vt 0.148358 0.791907
vt 0.251089 0.850801
vt 0.164403 0.850801
vt 0.148358 0.820339
vt 0.251089 0.871209
vt 0.164403 0.871209
vt 0.148358 0.845318
vt 0.148359 0.863831
vt 0.360231 0.804073
vt 0.360231 0.835414
vt 0.273545 0.804073
vt 0.273545 0.835414
vt 0.273545 0.772707
vt 0.360231 0.862948
vt 0.257501 0.804053
vt 0.360231 0.772707
vt 0.257500 0.775598
vt 0.273545 0.862948
vt 0.257500 0.832485
vt 0.273545 0.745098
vt 0.257500 0.750551
vt 0.360231 0.883355
vt 0.360231 0.745098
vt 0.273545 0.883355
vt 0.257500 0.857464
vt 0.273544 0.724577
vt 0.257500 0.731934
vt 0.360230 0.724577
vt 0.257500 0.875978
vt 0.834980 0.843049
vt 0.840217 0.843049
vt 0.834980 0.868899
vt 0.840217 0.868899
vt 0.829032 0.859329
vt 0.844111 0.843049
vt 0.829032 0.843049
vt 0.834342 0.870063
vt 0.844111 0.868899
vt 0.823089 0.843049
vt 0.829049 0.870063
vt 0.823089 0.868899
vt 0.833287 0.897880
vt 0.823737 0.870063
vt 0.817869 0.868899
vt 0.837983 0.897880
vt 0.829055 0.897880
vt 0.824809 0.897880
vt 0.817869 0.843049
vt 0.840217 0.870063
vt 0.834937 0.903683
vt 0.831848 0.903683
vt 0.820118 0.897880
vt 0.814002 0.868899
vt 0.829064 0.903683
vt 0.826270 0.903683
vt 0.817869 0.870063
vt 0.823185 0.903683
vt 0.814002 0.843049
vt 0.814002 0.870063
vt 0.829081 0.908545
vt 0.817027 0.897880
vt 0.798736 0.843049
vt 0.803973 0.843049
vt 0.798736 0.868899
vt 0.803973 0.868899
vt 0.792788 0.859329
vt 0.807867 0.843049
vt 0.792788 0.843049
vt 0.798098 0.870063
vt 0.807867 0.868899
vt 0.786845 0.843049
vt 0.792804 0.870063
vt 0.786845 0.868899
vt 0.797042 0.897880
vt 0.787493 0.870063
vt 0.781625 0.868899
vt 0.801739 0.897880
vt 0.792811 0.897880
vt 0.788565 0.897880
vt 0.781625 0.843049
vt 0.803973 0.870063
vt 0.798693 0.903683
vt 0.795604 0.903683
vt 0.783874 0.897880
vt 0.777757 0.868899
vt 0.792819 0.903683
vt 0.790026 0.903683
vt 0.781625 0.870063
vt 0.786940 0.903683
vt 0.777757 0.843049
vt 0.777757 0.870063
vt 0.792836 0.908545
vt 0.780782 0.897880
vt 0.657471 0.888992
vt 0.655619 0.890156
vt 0.657454 0.879422
vt 0.651598 0.890156
vt 0.652554 0.917973
vt 0.649340 0.917973
vt 0.648376 0.923776
vt 0.646262 0.923776
vt 0.640127 0.888992
vt 0.638275 0.890156
vt 0.640110 0.879422
vt 0.634255 0.890156
vt 0.635210 0.917973
vt 0.631997 0.917973
vt 0.631033 0.923776
vt 0.628919 0.923776
vt 0.440630 0.646591
vt 0.430111 0.675746
vt 0.431636 0.645031
vt 0.422193 0.671204
vt 0.431558 0.617207
vt 0.410255 0.699545
vt 0.440543 0.615597
vt 0.404368 0.692569
vt 0.421968 0.591088
vt 0.383457 0.715118
vt 0.429860 0.586502
vt 0.380311 0.706549
vt 0.404023 0.569824
vt 0.352949 0.720585
vt 0.409871 0.562815
vt 0.352923 0.711457
vt 0.379888 0.555980
vt 0.322410 0.715289
vt 0.382986 0.547393
vt 0.325508 0.706703
vt 0.352473 0.551225
vt 0.295525 0.699867
vt 0.352447 0.542097
vt 0.301372 0.692858
vt 0.325085 0.556134
vt 0.275535 0.676180
vt 0.321939 0.547565
vt 0.283428 0.671594
vt 0.301028 0.570113
vt 0.264853 0.647085
vt 0.295141 0.563137
vt 0.273838 0.645475
vt 0.283203 0.591478
vt 0.264766 0.616091
vt 0.275285 0.586936
vt 0.273760 0.617651
vt 0.455863 0.645137
vt 0.465306 0.671309
vt 0.446765 0.646714
vt 0.457296 0.675904
vt 0.446852 0.615684
vt 0.483131 0.692674
vt 0.455941 0.617313
vt 0.477176 0.699731
vt 0.457547 0.586554
vt 0.507188 0.706654
vt 0.465531 0.591193
vt 0.504006 0.715321
vt 0.477560 0.562839
vt 0.534576 0.711562
vt 0.483476 0.569929
vt 0.534550 0.720796
vt 0.504477 0.547399
vt 0.561991 0.706808
vt 0.507611 0.556085
vt 0.565124 0.715493
vt 0.535052 0.542097
vt 0.586126 0.692963
vt 0.535026 0.551330
vt 0.592041 0.700053
vt 0.565596 0.547571
vt 0.604071 0.671699
vt 0.562414 0.556239
vt 0.612054 0.676338
vt 0.592426 0.563162
vt 0.613661 0.645580
vt 0.586471 0.570218
vt 0.622749 0.647209
vt 0.612305 0.586989
vt 0.613739 0.617756
vt 0.604296 0.591583
vt 0.622836 0.616178
vt 0.059819 0.863241
vt 0.037034 0.855020
vt 0.062860 0.845709
vt 0.030282 0.866792
vt 0.045888 0.839586
vt 0.080903 0.845658
vt 0.057501 0.876612
vt 0.008064 0.848255
vt 0.018435 0.839503
vt 0.066740 0.823336
vt 0.084042 0.863173
vt 0.076897 0.823308
vt 0.032034 0.828027
vt 0.057186 0.819889
vt 0.097840 0.839440
vt 0.086431 0.819807
vt 0.086436 0.876530
vt 0.006265 0.818559
vt 0.067250 0.820396
vt 0.076371 0.820371
vt 0.106780 0.854824
vt 0.084932 0.817227
vt 0.022969 0.812427
vt 0.049387 0.813382
vt 0.058671 0.817301
vt 0.111629 0.827803
vt 0.094194 0.813257
vt 0.091902 0.811345
vt 0.113598 0.866557
vt 0.001992 0.794717
vt 0.125292 0.839203
vt 0.019786 0.794667
vt 0.044284 0.804601
vt 0.051668 0.811458
vt 0.120607 0.812152
vt 0.099247 0.804446
vt 0.096441 0.803433
vt 0.135712 0.847896
vt 0.006131 0.770851
vt 0.137344 0.818191
vt 0.022869 0.776889
vt 0.042492 0.794603
vt 0.047085 0.803572
vt 0.123690 0.794375
vt 0.100983 0.794439
vt 0.097999 0.794447
vt 0.018184 0.749839
vt 0.141483 0.794325
vt 0.031846 0.761238
vt 0.044228 0.784596
vt 0.045476 0.794595
vt 0.120507 0.776615
vt 0.099191 0.784441
vt 0.096390 0.785470
vt 0.036695 0.734217
vt 0.137210 0.770482
vt 0.029877 0.722484
vt 0.045635 0.749602
vt 0.049282 0.775785
vt 0.047035 0.785608
vt 0.111441 0.761015
vt 0.094088 0.775659
vt 0.091808 0.777584
vt 0.007764 0.741146
vt 0.057040 0.712511
vt 0.059434 0.725869
vt 0.125040 0.749539
vt 0.062573 0.743383
vt 0.057044 0.769235
vt 0.051573 0.777697
vt 0.097587 0.749456
vt 0.086289 0.769153
vt 0.084804 0.771741
vt 0.085975 0.712430
vt 0.083656 0.725801
vt 0.106441 0.734022
vt 0.080615 0.743333
vt 0.066578 0.765734
vt 0.058543 0.771815
vt 0.135411 0.740787
vt 0.076735 0.765706
vt 0.076225 0.768646
vt 0.113193 0.722250
vt 0.067105 0.768671
vt 0.847579 0.563596
vt 0.875439 0.547598
vt 0.852841 0.569896
vt 0.878228 0.555318
vt 0.833971 0.592278
vt 0.907090 0.542094
vt 0.826872 0.588158
vt 0.907070 0.550302
vt 0.823894 0.619765
vt 0.938714 0.547746
vt 0.815813 0.618320
vt 0.935889 0.555453
vt 0.823825 0.649040
vt 0.966498 0.563874
vt 0.815738 0.650446
vt 0.961208 0.570150
vt 0.833773 0.676573
vt 0.987091 0.588533
vt 0.826655 0.680660
vt 0.979973 0.592620
vt 0.852539 0.699043
vt 0.998008 0.618747
vt 0.847247 0.705318
vt 0.989921 0.620153
vt 0.877857 0.713740
vt 0.997933 0.650873
vt 0.875032 0.721447
vt 0.989852 0.649428
vt 0.906676 0.718891
vt 0.986874 0.681035
vt 0.906656 0.727099
vt 0.979775 0.676915
vt 0.935518 0.713875
vt 0.966167 0.705597
vt 0.938307 0.721595
vt 0.960905 0.699297
vt 0.773320 0.569066
vt 0.747932 0.554488
vt 0.778048 0.563404
vt 0.750439 0.547550
vt 0.798569 0.587745
vt 0.719090 0.549471
vt 0.792190 0.591448
vt 0.719073 0.542095
vt 0.809528 0.617636
vt 0.690272 0.554623
vt 0.802267 0.618934
vt 0.687732 0.547697
vt 0.809603 0.649473
vt 0.664953 0.569320
vt 0.802335 0.648209
vt 0.660198 0.563680
vt 0.798784 0.679416
vt 0.646188 0.591790
vt 0.792387 0.675742
vt 0.639791 0.588116
vt 0.778377 0.703852
vt 0.636239 0.619323
vt 0.773622 0.698212
vt 0.628972 0.618059
vt 0.750842 0.719835
vt 0.636308 0.648598
vt 0.748303 0.712909
vt 0.629046 0.649896
vt 0.719502 0.725437
vt 0.646385 0.676084
vt 0.719485 0.718060
vt 0.640005 0.679787
vt 0.688136 0.719982
vt 0.665255 0.698466
vt 0.690642 0.713044
vt 0.660527 0.704128
vt 0.123389 0.561443
vt 0.148436 0.547060
vt 0.134767 0.575067
vt 0.154468 0.563754
vt 0.120123 0.592436
vt 0.176891 0.542111
vt 0.176696 0.625275
vt 0.104772 0.583525
vt 0.176850 0.559861
vt 0.112303 0.613765
vt 0.205323 0.547193
vt 0.199213 0.563859
vt 0.094830 0.610642
vt 0.112250 0.636483
vt 0.218861 0.575264
vt 0.119970 0.657849
vt 0.230302 0.561693
vt 0.233423 0.592701
vt 0.094762 0.639525
vt 0.134532 0.675286
vt 0.248816 0.583862
vt 0.241143 0.614067
vt 0.154180 0.686691
vt 0.104577 0.666688
vt 0.258631 0.611025
vt 0.241090 0.636785
vt 0.176543 0.690689
vt 0.123091 0.688857
vt 0.258563 0.639908
vt 0.233270 0.658114
vt 0.198925 0.686796
vt 0.148070 0.703357
vt 0.248621 0.667025
vt 0.218626 0.675483
vt 0.176502 0.708439
vt 0.230004 0.689107
vt 0.204957 0.703490
vt 0.715357 0.902934
vt 0.712261 0.911513
vt 0.709964 0.901999
vt 0.707514 0.908790
vt 0.709944 0.894779
vt 0.706418 0.918516
vt 0.706609 0.901417
vt 0.715331 0.893813
vt 0.706592 0.895380
vt 0.702888 0.914334
vt 0.704560 0.907096
vt 0.707455 0.888002
vt 0.704511 0.889712
vt 0.698533 0.923099
vt 0.712187 0.885252
vt 0.696646 0.917961
vt 0.700693 0.911732
vt 0.702799 0.882484
vt 0.700618 0.885099
vt 0.689555 0.924708
vt 0.706305 0.878282
vt 0.689540 0.919235
vt 0.695473 0.914765
vt 0.696536 0.878892
vt 0.695381 0.882095
vt 0.680569 0.923149
vt 0.698394 0.873744
vt 0.682426 0.918001
vt 0.689530 0.915830
vt 0.689423 0.877658
vt 0.689432 0.881063
vt 0.672657 0.918611
vt 0.689408 0.872185
vt 0.676163 0.914409
vt 0.683582 0.914798
vt 0.682316 0.878932
vt 0.683490 0.882128
vt 0.666775 0.911641
vt 0.680430 0.873794
vt 0.671507 0.908891
vt 0.678345 0.911794
vt 0.676074 0.882559
vt 0.678270 0.885161
vt 0.663632 0.903079
vt 0.672544 0.878376
vt 0.669019 0.902114
vt 0.674451 0.907180
vt 0.671449 0.888103
vt 0.674402 0.889797
vt 0.663606 0.893959
vt 0.666701 0.885380
vt 0.668998 0.894894
vt 0.672370 0.901513
vt 0.672353 0.895476
vt 0.592225 0.894206
vt 0.600155 0.898755
vt 0.598121 0.901193
vt 0.600259 0.895600
vt 0.601187 0.904826
vt 0.604436 0.896324
vt 0.598145 0.893146
vt 0.604279 0.901121
vt 0.599275 0.890110
vt 0.598082 0.887187
vt 0.602941 0.887979
vt 0.601128 0.883536
vt 0.622783 0.894156
vt 0.616926 0.901176
vt 0.615733 0.898253
vt 0.612067 0.900383
vt 0.616864 0.895217
vt 0.613881 0.904826
vt 0.614749 0.892763
vt 0.614853 0.889607
vt 0.616887 0.887170
vt 0.610572 0.892038
vt 0.613821 0.883536
vt 0.610729 0.887242
vt 0.549474 0.888150
vt 0.547849 0.889095
vt 0.545580 0.883536
vt 0.586090 0.884174
vt 0.583086 0.889411
vt 0.584322 0.883536
vt 0.567811 0.888756
vt 0.566047 0.889404
vt 0.564778 0.883536
vt 0.535551 0.884481
vt 0.537176 0.883536
vt 0.539445 0.889095
vt 0.573947 0.888773
vt 0.576950 0.883536
vt 0.575715 0.889411
vt 0.555609 0.884184
vt 0.557374 0.883536
vt 0.558643 0.889404
vt 0.872348 0.362283
vt 0.842185 0.362282
vt 0.876910 0.001878
vt 0.600452 0.538104
vt 0.568326 0.538103
vt 0.603750 0.177699
vt 0.564906 0.177699
vt 0.538112 0.538102
vt 0.603750 0.133482
vt 0.528404 0.177699
vt 0.564906 0.133482
vt 0.568655 0.058501
vt 0.528404 0.133482
vt 0.600215 0.058501
vt 0.538967 0.058501
vt 0.569057 0.001878
vt 0.539902 0.001878
vt 0.600051 0.001878
vt 0.629842 0.058501
vt 0.629146 0.001878
vt 0.635177 0.133482
vt 0.419779 0.001879
vt 0.418159 0.362284
vt 0.389617 0.001880
vt 0.451905 0.001879
vt 0.380284 0.362284
vt 0.453679 0.362284
vt 0.380284 0.406501
vt 0.482119 0.001878
vt 0.418159 0.406501
vt 0.487057 0.362284
vt 0.453679 0.406501
vt 0.390405 0.481481
vt 0.506778 0.001877
vt 0.451592 0.481481
vt 0.420032 0.481481
vt 0.521888 0.362284
vt 0.487057 0.406501
vt 0.391347 0.538105
vt 0.481279 0.481481
vt 0.420443 0.538105
vt 0.521888 0.406501
vt 0.451437 0.538105
vt 0.505513 0.481481
vt 0.480592 0.538105
vt 0.873244 0.896992
vt 0.873244 0.923165
vt 0.864813 0.896992
vt 0.864813 0.923165
vt 0.864813 0.869168
vt 0.873244 0.869168
vt 0.864813 0.843049
vt 0.873244 0.843049
vt 0.850246 0.869221
vt 0.850246 0.843049
vt 0.858678 0.869221
vt 0.858678 0.843049
vt 0.858678 0.897045
vt 0.850246 0.897045
vt 0.858678 0.923165
vt 0.850246 0.923165
vt 0.715458 0.837395
vt 0.686269 0.837395
vt 0.715458 0.746114
vt 0.686269 0.746114
vt 0.746489 0.746114
vt 0.716489 0.729428
vt 0.746489 0.837395
vt 0.745425 0.729428
vt 0.689271 0.729428
vt 0.775619 0.746114
vt 0.772587 0.729428
vt 0.775619 0.837395
vt 0.841928 0.731091
vt 0.871117 0.731091
vt 0.841928 0.822372
vt 0.871117 0.822372
vt 0.810897 0.822372
vt 0.840897 0.839057
vt 0.810897 0.731091
vt 0.811962 0.839057
vt 0.868115 0.839057
vt 0.781768 0.822372
vt 0.784799 0.839057
vt 0.781768 0.731091
vt 0.010571 0.538120
vt 0.001992 0.538120
vt 0.010571 0.536323
vt 0.001992 0.536323
vt 0.019692 0.536323
vt 0.010571 0.487856
vt 0.019692 0.538120
vt 0.019692 0.487856
vt 0.001992 0.487856
vt 0.028253 0.536323
vt 0.028253 0.487856
vt 0.011076 0.480043
vt 0.019170 0.480043
vt 0.028253 0.538120
vt 0.026768 0.480043
vt 0.003463 0.480043
vt 0.011076 0.248703
vt 0.019170 0.248703
vt 0.026768 0.248703
vt 0.003463 0.248703
vt 0.010571 0.240889
vt 0.019692 0.240889
vt 0.028253 0.240889
vt 0.001992 0.240889
vt 0.010571 0.001877
vt 0.019692 0.001877
vt 0.028253 0.001877
vt 0.001992 0.001877
vt 0.105623 0.001877
vt 0.114202 0.001877
vt 0.105623 0.003675
vt 0.114202 0.003675
vt 0.096503 0.003675
vt 0.105623 0.052141
vt 0.096503 0.001877
vt 0.096503 0.052141
vt 0.114202 0.052141
vt 0.087941 0.003675
vt 0.087941 0.052141
vt 0.105118 0.059954
vt 0.097024 0.059954
vt 0.087941 0.001877
vt 0.089426 0.059954
vt 0.112731 0.059954
vt 0.105118 0.291295
vt 0.097024 0.291295
vt 0.089426 0.291295
vt 0.112731 0.291295
vt 0.105623 0.299108
vt 0.096503 0.299108
vt 0.087941 0.299108
vt 0.114202 0.299108
vt 0.105623 0.538120
vt 0.096503 0.538120
vt 0.087941 0.538120
vt 0.114202 0.538120
vt 0.892860 0.865301
vt 0.892860 0.837815
vt 0.900201 0.865301
vt 0.900202 0.837815
vt 0.900200 0.894576
vt 0.892859 0.894576
vt 0.900199 0.922109
vt 0.892858 0.922109
vt 0.886722 0.894623
vt 0.886723 0.922109
vt 0.879381 0.894623
vt 0.879382 0.922109
vt 0.879380 0.865348
vt 0.886721 0.865348
vt 0.879379 0.837815
vt 0.886721 0.837815
vt 0.939046 0.731092
vt 0.968937 0.731092
vt 0.939046 0.817778
vt 0.968937 0.817779
vt 0.907209 0.817778
vt 0.937549 0.833822
vt 0.907209 0.731091
vt 0.908667 0.833822
vt 0.964666 0.833823
vt 0.877266 0.817777
vt 0.881503 0.833822
vt 0.877266 0.731091
vt 0.936229 0.940546
vt 0.906337 0.940547
vt 0.936229 0.853860
vt 0.906337 0.853861
vt 0.968066 0.853859
vt 0.937725 0.837816
vt 0.968065 0.940546
vt 0.966608 0.837815
vt 0.910608 0.837816
vt 0.998008 0.853859
vt 0.993771 0.837815
vt 0.998008 0.940545
vt 0.755304 0.902021
vt 0.749625 0.902021
vt 0.755304 0.876170
vt 0.749625 0.876170
vt 0.761341 0.885741
vt 0.755625 0.875007
vt 0.761341 0.902021
vt 0.749625 0.875007
vt 0.767008 0.902021
vt 0.751360 0.847189
vt 0.767008 0.876170
vt 0.756156 0.847189
vt 0.766064 0.875007
vt 0.760291 0.875007
vt 0.764501 0.847189
vt 0.759887 0.847189
vt 0.768944 0.847189
vt 0.762371 0.841387
vt 0.771622 0.875007
vt 0.759335 0.841387
vt 0.771622 0.876170
vt 0.737810 0.841387
vt 0.743489 0.841387
vt 0.737810 0.867238
vt 0.743489 0.867238
vt 0.731773 0.857667
vt 0.737489 0.868401
vt 0.731773 0.841387
vt 0.743489 0.868401
vt 0.726106 0.841387
vt 0.741754 0.896219
vt 0.726106 0.867238
vt 0.736958 0.896219
vt 0.727050 0.868401
vt 0.732823 0.868401
vt 0.728613 0.896219
vt 0.733227 0.896219
vt 0.724170 0.896219
vt 0.730743 0.902021
vt 0.721492 0.868401
vt 0.733779 0.902021
vt 0.721492 0.867238
vn 0.940164 -0.026495 -0.339690
vn 0.767622 -0.026445 -0.640357
vn 0.889964 -0.033514 -0.454799
vn 0.766127 -0.023356 -0.642265
vn 0.502342 -0.026378 -0.864267
vn 0.603792 -0.033333 -0.796445
vn 0.187170 -0.041441 -0.981453
vn 0.300336 -0.047920 -0.952629
vn -0.169940 -0.054457 -0.983949
vn -0.172639 -0.048269 -0.983802
vn -0.506470 -0.041573 -0.861255
vn -0.603225 -0.047761 -0.796140
vn -0.764155 -0.026914 -0.644471
vn -0.835706 -0.033770 -0.548138
vn -0.938311 -0.027313 -0.344713
vn -0.939303 -0.024131 -0.342239
vn -0.999615 -0.027591 -0.002993
vn -0.992950 -0.033413 -0.113723
vn -0.943101 -0.041196 0.329946
vn -0.972123 -0.046665 0.229780
vn -0.767232 -0.052863 0.639187
vn -0.765717 -0.046851 0.641469
vn -0.493831 -0.041273 0.868578
vn -0.399027 -0.046640 0.915752
vn -0.175928 -0.027907 0.984007
vn -0.065385 -0.033766 0.997289
vn 0.170770 -0.027885 0.984916
vn 0.173132 -0.024638 0.984590
vn 0.497354 -0.027673 0.867106
vn 0.400122 -0.033626 0.915845
vn 0.756770 -0.041499 0.652363
vn 0.683313 -0.046903 0.728618
vn 0.937072 -0.053822 0.344964
vn 0.938393 -0.047708 0.342262
vn 0.999119 -0.041301 -0.007477
vn 0.990924 -0.047854 -0.125620
vn -0.171074 0.173398 -0.969880
vn -0.596307 0.168808 -0.784807
vn 0.296276 0.168916 -0.940047
vn 0.590508 0.118467 -0.798289
vn 0.763886 0.091463 -0.638837
vn 0.889710 0.118929 -0.440763
vn 0.977867 0.170405 -0.121398
vn 0.925267 0.169920 0.339127
vn 0.674673 0.166077 0.719190
vn 0.407286 0.119957 0.905389
vn 0.172892 0.096712 0.980181
vn -0.075954 0.120379 0.989818
vn -0.396013 0.166937 0.902943
vn -0.756920 0.167353 0.631717
vn -0.959878 0.165340 0.226490
vn -0.987558 0.119513 -0.102202
vn -0.935097 0.094152 -0.341657
vn -0.823763 0.119687 -0.554157
vn -0.168518 0.177293 -0.969623
vn -0.517300 0.148868 -0.842757
vn 0.203679 0.148265 -0.967746
vn 0.501637 0.097150 -0.859606
vn 0.765348 0.097088 -0.636252
vn 0.936248 0.096679 -0.337776
vn 0.988545 0.149287 -0.022187
vn 0.923418 0.172980 0.342605
vn 0.737596 0.147274 0.658986
vn 0.495169 0.100011 0.863021
vn 0.170508 0.101959 0.980067
vn -0.175549 0.101614 0.979213
vn -0.477035 0.149708 0.866040
vn -0.758355 0.171980 0.628745
vn -0.938846 0.147629 0.311086
vn -0.994775 0.101986 -0.004547
vn -0.933247 0.101057 -0.344727
vn -0.760036 0.099391 -0.642236
vn -0.339235 0.029234 -0.940247
vn -0.339235 0.029233 -0.940247
vn 0.002808 0.028498 -0.999590
vn 0.002809 0.028498 -0.999590
vn 0.344527 0.027744 -0.938366
vn 0.344528 0.027745 -0.938366
vn 0.644699 0.027059 -0.763957
vn 0.644698 0.027059 -0.763958
vn 0.867122 0.026531 -0.497389
vn 0.867122 0.026531 -0.497389
vn 0.984953 0.026220 -0.170824
vn 0.984953 0.026220 -0.170825
vn 0.983979 0.026163 0.176352
vn 0.983980 0.026163 0.176351
vn 0.864317 0.026368 0.502255
vn 0.864317 0.026368 0.502255
vn 0.640403 0.026812 0.767571
vn 0.640402 0.026812 0.767572
vn 0.339253 0.027440 0.940295
vn 0.339254 0.027440 0.940295
vn -0.002809 0.028175 0.999599
vn -0.002809 0.028175 0.999599
vn -0.344515 0.028931 0.938335
vn -0.344516 0.028931 0.938335
vn -0.644653 0.029615 0.763901
vn -0.644653 0.029615 0.763901
vn -0.867032 0.030145 0.497339
vn -0.867033 0.030145 0.497339
vn -0.984834 0.030456 0.170803
vn -0.984834 0.030457 0.170803
vn -0.983858 0.030511 -0.176330
vn -0.983858 0.030512 -0.176329
vn -0.864220 0.030304 -0.502200
vn -0.864220 0.030304 -0.502200
vn -0.640347 0.029861 -0.767505
vn -0.640347 0.029861 -0.767505
vn 0.000000 1.000000 -0.000001
vn 0.000000 1.000000 -0.000000
vn 0.000000 1.000000 -0.000001
vn 0.000000 1.000000 0.000000
vn 0.000000 1.000000 0.000001
vn 0.000000 1.000000 0.000000
vn 0.000000 1.000000 0.000000
vn 0.000000 1.000000 0.000000
vn 0.000000 1.000000 -0.000003
vn 0.000000 1.000000 -0.000001
vn 0.000000 1.000000 -0.000003
vn 0.000000 1.000000 0.000000
vn 0.000000 1.000000 -0.000001
vn 0.000000 1.000000 -0.000000
vn 0.000000 1.000000 -0.000001
vn 0.000000 1.000000 0.000000
vn 0.000000 1.000000 0.000000
vn 0.000000 1.000000 0.000000
vn 0.000000 1.000000 0.000000
vn 0.000000 1.000000 0.000000
vn 0.000000 1.000000 0.000000
vn 0.000000 1.000000 0.000000
vn 0.000000 1.000000 0.000000
vn 0.000000 1.000000 0.000000
vn 0.000000 1.000000 0.000000
vn 0.000000 1.000000 -0.000001
vn 0.000000 1.000000 -0.000000
vn 0.000000 1.000000 -0.000001
vn 0.000000 1.000000 -0.000001
vn 0.000000 1.000000 0.000001
vn 0.000000 1.000000 -0.000001
vn 0.000000 1.000000 0.000001
vn 0.000000 1.000000 0.000001
vn 0.000000 1.000000 0.000000
vn 0.000000 1.000000 0.000001
vn 0.000000 1.000000 0.000000
vn 0.000000 1.000000 -0.000005
vn 0.000000 1.000000 -0.000001
vn 0.000000 1.000000 -0.000004
vn 0.000000 1.000000 0.000000
vn 0.000000 1.000000 0.000001
vn 0.000000 1.000000 0.000000
vn 0.000000 1.000000 0.000001
vn 0.000000 1.000000 0.000000
vn 0.000000 1.000000 -0.000002
vn 0.000000 1.000000 0.000002
vn 0.000000 1.000000 -0.000001
vn 0.000000 1.000000 0.000003
vn 0.000000 1.000000 0.000001
vn 0.000000 1.000000 0.000000
vn 0.000000 1.000000 0.000001
vn 0.000000 1.000000 0.000000
vn 0.000000 1.000000 0.000000
vn 0.000000 1.000000 0.000000
vn 0.000000 1.000000 0.000000
vn 0.000000 1.000000 0.000000
vn 0.000000 1.000000 0.000001
vn 0.000000 1.000000 -0.000000
vn 0.000000 1.000000 0.000001
vn 0.000000 1.000000 -0.000001
vn 0.000000 1.000000 0.000000
vn 0.000000 1.000000 0.000000
vn 0.000000 1.000000 0.000000
vn 0.000000 1.000000 0.000000
vn 0.000000 1.000000 0.000001
vn 0.000000 1.000000 -0.000001
vn 0.000000 1.000000 0.000001
vn 0.000000 1.000000 -0.000001
vn 0.000000 1.000000 0.000002
vn 0.000000 1.000000 -0.000002
vn 0.000000 1.000000 0.000001
vn 0.000000 1.000000 -0.000003
vn -0.339379 0.000000 -0.940650
vn -0.339379 0.000000 -0.940650
vn -0.339379 0.000000 -0.940650
vn -0.339380 0.000000 -0.940650
vn 0.002810 0.000000 -0.999996
vn 0.002810 0.000000 -0.999996
vn 0.002810 0.000000 -0.999996
vn 0.002810 0.000000 -0.999996
vn 0.344661 0.000000 -0.938727
vn 0.344661 0.000000 -0.938727
vn 0.344661 0.000000 -0.938727
vn 0.344660 0.000000 -0.938728
vn 0.644935 0.000000 -0.764238
vn 0.644934 0.000000 -0.764238
vn 0.644934 0.000000 -0.764238
vn 0.644935 0.000000 -0.764238
vn 0.867428 0.000000 -0.497563
vn 0.867427 0.000000 -0.497564
vn 0.867428 0.000000 -0.497564
vn 0.867427 0.000000 -0.497565
vn 0.985291 0.000000 -0.170883
vn 0.985291 0.000000 -0.170884
vn 0.985291 0.000000 -0.170883
vn 0.985291 0.000000 -0.170884
vn 0.984317 0.000000 0.176412
vn 0.984317 0.000000 0.176412
vn 0.984317 0.000000 0.176412
vn 0.984317 0.000000 0.176412
vn 0.864618 0.000000 0.502430
vn 0.864618 0.000000 0.502431
vn 0.864618 0.000000 0.502430
vn 0.864617 0.000000 0.502431
vn 0.640632 0.000000 0.767848
vn 0.640633 0.000000 0.767848
vn 0.640632 0.000000 0.767848
vn 0.640633 0.000000 0.767848
vn 0.339383 0.000000 0.940648
vn 0.339382 0.000000 0.940648
vn 0.339383 0.000000 0.940648
vn 0.339382 0.000000 0.940649
vn -0.002810 0.000000 0.999996
vn -0.002810 0.000000 0.999996
vn -0.002810 0.000000 0.999996
vn -0.002810 0.000000 0.999996
vn -0.344661 0.000000 0.938727
vn -0.344660 0.000000 0.938728
vn -0.344661 0.000000 0.938727
vn -0.344659 0.000000 0.938728
vn -0.644936 0.000000 0.764237
vn -0.644936 0.000000 0.764237
vn -0.644936 0.000000 0.764237
vn -0.644936 0.000000 0.764237
vn -0.867427 0.000000 0.497565
vn -0.867426 0.000000 0.497566
vn -0.867427 0.000000 0.497565
vn -0.867426 0.000000 0.497566
vn -0.985291 0.000000 0.170883
vn -0.985291 0.000000 0.170883
vn -0.985291 0.000000 0.170883
vn -0.985291 0.000000 0.170883
vn -0.984317 0.000000 -0.176412
vn -0.984316 0.000000 -0.176412
vn -0.984316 0.000000 -0.176412
vn -0.984317 0.000000 -0.176412
vn -0.864618 0.000000 -0.502430
vn -0.864618 0.000000 -0.502430
vn -0.864618 0.000000 -0.502430
vn -0.864618 0.000000 -0.502430
vn -0.640633 0.000000 -0.767847
vn -0.640632 0.000000 -0.767848
vn -0.640633 0.000000 -0.767847
vn -0.640632 0.000000 -0.767848
vn 0.000000 -1.000000 0.000002
vn 0.000000 -1.000000 0.000000
vn 0.000000 -1.000000 0.000001
vn 0.000000 -1.000000 0.000000
vn 0.000000 -1.000000 -0.000004
vn 0.000000 -1.000000 0.000004
vn 0.000000 -1.000000 -0.000002
vn 0.000000 -1.000000 0.000005
vn 0.000000 -1.000000 0.000001
vn 0.000000 -1.000000 0.000000
vn 0.000000 -1.000000 0.000001
vn 0.000000 -1.000000 0.000000
vn 0.000000 -1.000000 -0.000001
vn 0.000000 -1.000000 0.000002
vn 0.000000 -1.000000 0.000000
vn 0.000000 -1.000000 0.000003
vn 0.000000 -1.000000 0.000001
vn 0.000000 -1.000000 -0.000002
vn 0.000000 -1.000000 0.000001
vn 0.000000 -1.000000 -0.000003
vn 0.000000 -1.000000 0.000000
vn 0.000000 -1.000000 0.000000
vn 0.000000 -1.000000 0.000000
vn 0.000000 -1.000000 0.000000
vn 0.000000 -1.000000 0.000001
vn 0.000000 -1.000000 0.000000
vn 0.000000 -1.000000 0.000001
vn 0.000000 -1.000000 0.000000
vn 0.000000 -1.000000 -0.000001
vn 0.000000 -1.000000 -0.000000
vn 0.000000 -1.000000 -0.000001
vn 0.000000 -1.000000 0.000000
vn 0.000000 -1.000000 0.000000
vn 0.000000 -1.000000 0.000002
vn 0.000000 -1.000000 0.000001
vn 0.000000 -1.000000 0.000003
vn 0.000000 -1.000000 0.000002
vn 0.000000 -1.000000 0.000000
vn 0.000000 -1.000000 0.000002
vn 0.000000 -1.000000 0.000000
vn 0.000000 -1.000000 0.000004
vn 0.000000 -1.000000 -0.000004
vn 0.000000 -1.000000 0.000002
vn 0.000000 -1.000000 -0.000005
vn 0.000000 -1.000000 0.000002
vn 0.000000 -1.000000 0.000000
vn 0.000000 -1.000000 0.000002
vn 0.000000 -1.000000 0.000000
vn 0.000000 -1.000000 0.000001
vn 0.000000 -1.000000 -0.000002
vn 0.000000 -1.000000 -0.000000
vn 0.000000 -1.000000 -0.000003
vn 0.000000 -1.000000 -0.000001
vn 0.000000 -1.000000 0.000002
vn 0.000000 -1.000000 -0.000001
vn 0.000000 -1.000000 0.000003
vn 0.000000 -1.000000 0.000000
vn 0.000000 -1.000000 0.000000
vn 0.000000 -1.000000 0.000000
vn 0.000000 -1.000000 0.000000
vn 0.000000 -1.000000 0.000000
vn 0.000000 -1.000000 -0.000001
vn 0.000000 -1.000000 -0.000000
vn 0.000000 -1.000000 -0.000001
vn 0.000000 -1.000000 -0.000001
vn 0.000000 -1.000000 -0.000000
vn 0.000000 -1.000000 -0.000001
vn 0.000000 -1.000000 0.000000
vn 0.000000 -1.000000 0.000000
vn 0.000000 -1.000000 0.000000
vn 0.000000 -1.000000 0.000000
vn 0.000000 -1.000000 0.000000
vn -0.339380 0.000000 -0.940650
vn -0.339380 0.000000 -0.940650
vn -0.339380 0.000000 -0.940649
vn -0.339380 0.000000 -0.940649
vn 0.002810 0.000000 -0.999996
vn 0.002810 0.000000 -0.999996
vn 0.002809 0.000000 -0.999996
vn 0.002809 0.000000 -0.999996
vn 0.344661 0.000000 -0.938727
vn 0.344661 0.000000 -0.938727
vn 0.344661 0.000000 -0.938727
vn 0.344661 0.000000 -0.938727
vn 0.644934 0.000000 -0.764238
vn 0.644934 0.000000 -0.764238
vn 0.644935 0.000000 -0.764238
vn 0.644935 0.000000 -0.764238
vn 0.867428 0.000000 -0.497563
vn 0.867428 0.000000 -0.497564
vn 0.867428 0.000000 -0.497564
vn 0.867427 0.000000 -0.497564
vn 0.985291 0.000000 -0.170883
vn 0.985291 0.000000 -0.170883
vn 0.985291 0.000000 -0.170883
vn 0.985291 0.000000 -0.170883
vn 0.984317 0.000000 0.176411
vn 0.984317 0.000000 0.176411
vn 0.984317 0.000000 0.176411
vn 0.984317 0.000000 0.176411
vn 0.864618 0.000000 0.502430
vn 0.864618 0.000000 0.502430
vn 0.864618 0.000000 0.502430
vn 0.864618 0.000000 0.502430
vn 0.640632 0.000000 0.767848
vn 0.640632 0.000000 0.767848
vn 0.640632 0.000000 0.767848
vn 0.640632 0.000000 0.767848
vn 0.339383 0.000000 0.940648
vn 0.339383 0.000000 0.940648
vn 0.339383 0.000000 0.940648
vn 0.339383 0.000000 0.940648
vn -0.002810 0.000000 0.999996
vn -0.002810 0.000000 0.999996
vn -0.002810 0.000000 0.999996
vn -0.002810 0.000000 0.999996
vn -0.344660 0.000000 0.938727
vn -0.344660 0.000000 0.938727
vn -0.344660 0.000000 0.938728
vn -0.344660 0.000000 0.938728
vn -0.644935 0.000000 0.764237
vn -0.644935 0.000000 0.764237
vn -0.644936 0.000000 0.764237
vn -0.644936 0.000000 0.764237
vn -0.867427 0.000000 0.497565
vn -0.867427 0.000000 0.497565
vn -0.867427 0.000000 0.497565
vn -0.867427 0.000000 0.497565
vn -0.985291 0.000000 0.170883
vn -0.985291 0.000000 0.170883
vn -0.985291 0.000000 0.170883
vn -0.985291 0.000000 0.170883
vn -0.984317 0.000000 -0.176411
vn -0.984317 0.000000 -0.176411
vn -0.984317 0.000000 -0.176411
vn -0.984317 0.000000 -0.176411
vn -0.864618 0.000000 -0.502430
vn -0.864618 0.000000 -0.502430
vn -0.864618 0.000000 -0.502431
vn -0.864618 0.000000 -0.502431
vn -0.640632 0.000000 -0.767848
vn -0.640633 0.000000 -0.767848
vn -0.640633 0.000000 -0.767847
vn -0.640633 0.000000 -0.767847
vn -0.319713 0.335475 -0.886138
vn -0.319712 0.335475 -0.886138
vn -0.319712 0.335475 -0.886138
vn -0.319712 0.335475 -0.886138
vn 0.002647 0.335474 -0.942046
vn 0.002647 0.335475 -0.942046
vn 0.002647 0.335474 -0.942046
vn 0.002646 0.335476 -0.942045
vn 0.324687 0.335475 -0.884327
vn 0.324687 0.335474 -0.884328
vn 0.324687 0.335474 -0.884327
vn 0.324687 0.335474 -0.884328
vn 0.607560 0.335474 -0.719950
vn 0.607561 0.335475 -0.719949
vn 0.607561 0.335474 -0.719949
vn 0.607561 0.335475 -0.719949
vn 0.817160 0.335475 -0.468729
vn 0.817159 0.335474 -0.468730
vn 0.817160 0.335475 -0.468729
vn 0.817159 0.335474 -0.468730
vn 0.928193 0.335474 -0.160981
vn 0.928193 0.335475 -0.160980
vn 0.928193 0.335474 -0.160980
vn 0.928193 0.335475 -0.160980
vn 0.927275 0.335475 0.166188
vn 0.927275 0.335475 0.166188
vn 0.927275 0.335475 0.166188
vn 0.927275 0.335474 0.166188
vn 0.814513 0.335476 0.473313
vn 0.814513 0.335475 0.473314
vn 0.814513 0.335475 0.473313
vn 0.814512 0.335475 0.473315
vn 0.603507 0.335476 0.723351
vn 0.603507 0.335475 0.723351
vn 0.603507 0.335475 0.723351
vn 0.603507 0.335475 0.723351
vn 0.319715 0.335475 0.886137
vn 0.319716 0.335476 0.886137
vn 0.319715 0.335475 0.886137
vn 0.319716 0.335476 0.886136
vn -0.002647 0.335474 0.942046
vn -0.002647 0.335474 0.942046
vn -0.002647 0.335474 0.942046
vn -0.002647 0.335475 0.942046
vn -0.324688 0.335476 0.884327
vn -0.324688 0.335475 0.884327
vn -0.324688 0.335475 0.884327
vn -0.324687 0.335474 0.884328
vn -0.607561 0.335474 0.719949
vn -0.607562 0.335475 0.719948
vn -0.607562 0.335474 0.719949
vn -0.607562 0.335475 0.719948
vn -0.817159 0.335474 0.468730
vn -0.817159 0.335474 0.468731
vn -0.817159 0.335474 0.468730
vn -0.817159 0.335474 0.468731
vn -0.928193 0.335474 0.160980
vn -0.928193 0.335474 0.160980
vn -0.928193 0.335474 0.160980
vn -0.928193 0.335474 0.160980
vn -0.927275 0.335474 -0.166188
vn -0.927275 0.335475 -0.166188
vn -0.927275 0.335475 -0.166188
vn -0.927274 0.335475 -0.166189
vn -0.814513 0.335475 -0.473313
vn -0.814512 0.335475 -0.473314
vn -0.814513 0.335475 -0.473314
vn -0.814512 0.335475 -0.473315
vn -0.603507 0.335475 -0.723350
vn -0.603507 0.335475 -0.723350
vn -0.603507 0.335475 -0.723350
vn -0.603507 0.335475 -0.723350
vn -0.262480 0.633906 -0.727508
vn -0.262480 0.633906 -0.727507
vn -0.262480 0.633906 -0.727507
vn -0.262480 0.633907 -0.727507
vn 0.002173 0.633906 -0.773407
vn 0.002173 0.633906 -0.773407
vn 0.002173 0.633906 -0.773407
vn 0.002173 0.633906 -0.773407
vn 0.266565 0.633907 -0.726020
vn 0.266564 0.633906 -0.726021
vn 0.266565 0.633906 -0.726021
vn 0.266564 0.633905 -0.726022
vn 0.498798 0.633906 -0.591069
vn 0.498799 0.633906 -0.591069
vn 0.498799 0.633906 -0.591069
vn 0.498799 0.633906 -0.591069
vn 0.670877 0.633907 -0.384820
vn 0.670877 0.633906 -0.384821
vn 0.670877 0.633906 -0.384821
vn 0.670878 0.633906 -0.384821
vn 0.762034 0.633906 -0.132163
vn 0.762034 0.633906 -0.132163
vn 0.762034 0.633906 -0.132163
vn 0.762034 0.633906 -0.132163
vn 0.761280 0.633906 0.136438
vn 0.761280 0.633906 0.136439
vn 0.761280 0.633906 0.136439
vn 0.761280 0.633906 0.136439
vn 0.668704 0.633907 0.388584
vn 0.668704 0.633907 0.388584
vn 0.668704 0.633907 0.388584
vn 0.668704 0.633906 0.388584
vn 0.495471 0.633907 0.593860
vn 0.495471 0.633906 0.593862
vn 0.495471 0.633906 0.593861
vn 0.495470 0.633906 0.593863
vn 0.262483 0.633907 0.727506
vn 0.262483 0.633907 0.727506
vn 0.262482 0.633907 0.727506
vn 0.262482 0.633907 0.727506
vn -0.002173 0.633906 0.773407
vn -0.002173 0.633906 0.773407
vn -0.002173 0.633906 0.773407
vn -0.002173 0.633906 0.773407
vn -0.266564 0.633906 0.726021
vn -0.266564 0.633906 0.726021
vn -0.266564 0.633906 0.726021
vn -0.266564 0.633906 0.726021
vn -0.498800 0.633906 0.591069
vn -0.498800 0.633906 0.591069
vn -0.498800 0.633906 0.591069
vn -0.498800 0.633906 0.591069
vn -0.670877 0.633906 0.384821
vn -0.670877 0.633906 0.384822
vn -0.670877 0.633906 0.384821
vn -0.670877 0.633905 0.384822
vn -0.762034 0.633906 0.132163
vn -0.762034 0.633906 0.132163
vn -0.762034 0.633906 0.132163
vn -0.762035 0.633906 0.132163
vn -0.761280 0.633906 -0.136438
vn -0.761280 0.633906 -0.136438
vn -0.761280 0.633906 -0.136438
vn -0.761280 0.633906 -0.136438
vn -0.668704 0.633907 -0.388584
vn -0.668704 0.633907 -0.388584
vn -0.668704 0.633907 -0.388584
vn -0.668704 0.633907 -0.388584
vn -0.495472 0.633906 -0.593861
vn -0.495471 0.633906 -0.593861
vn -0.495471 0.633906 -0.593861
vn -0.495471 0.633906 -0.593862
vn -0.149090 0.898339 -0.413229
vn -0.149090 0.898340 -0.413229
vn -0.149090 0.898340 -0.413229
vn -0.149090 0.898340 -0.413228
vn 0.001234 0.898340 -0.439300
vn 0.001234 0.898340 -0.439300
vn 0.001234 0.898340 -0.439300
vn 0.001234 0.898339 -0.439301
vn 0.151410 0.898339 -0.412385
vn 0.151410 0.898340 -0.412384
vn 0.151410 0.898340 -0.412384
vn 0.151410 0.898340 -0.412383
vn 0.283320 0.898339 -0.335732
vn 0.283321 0.898339 -0.335732
vn 0.283321 0.898339 -0.335732
vn 0.283321 0.898339 -0.335732
vn 0.381063 0.898340 -0.218580
vn 0.381063 0.898340 -0.218580
vn 0.381063 0.898340 -0.218580
vn 0.381063 0.898340 -0.218580
vn 0.432840 0.898339 -0.075070
vn 0.432840 0.898339 -0.075069
vn 0.432840 0.898340 -0.075069
vn 0.432840 0.898340 -0.075069
vn 0.432412 0.898340 0.077498
vn 0.432412 0.898340 0.077499
vn 0.432412 0.898340 0.077499
vn 0.432412 0.898340 0.077499
vn 0.379828 0.898340 0.220719
vn 0.379828 0.898340 0.220718
vn 0.379828 0.898340 0.220718
vn 0.379828 0.898340 0.220716
vn 0.281431 0.898340 0.337316
vn 0.281431 0.898340 0.337316
vn 0.281431 0.898340 0.337316
vn 0.281431 0.898340 0.337316
vn 0.149092 0.898339 0.413230
vn 0.149092 0.898339 0.413229
vn 0.149092 0.898339 0.413229
vn 0.149092 0.898340 0.413228
vn -0.001234 0.898340 0.439299
vn -0.001234 0.898340 0.439299
vn -0.001234 0.898340 0.439299
vn -0.001234 0.898340 0.439299
vn -0.151410 0.898340 0.412385
vn -0.151410 0.898340 0.412385
vn -0.151410 0.898340 0.412385
vn -0.151410 0.898340 0.412385
vn -0.283321 0.898339 0.335732
vn -0.283321 0.898339 0.335732
vn -0.283321 0.898339 0.335732
vn -0.283321 0.898339 0.335731
vn -0.381063 0.898340 0.218581
vn -0.381062 0.898340 0.218581
vn -0.381062 0.898340 0.218581
vn -0.381062 0.898340 0.218581
vn -0.432840 0.898340 0.075070
vn -0.432840 0.898340 0.075069
vn -0.432840 0.898340 0.075069
vn -0.432841 0.898339 0.075069
vn -0.432412 0.898340 -0.077498
vn -0.432412 0.898340 -0.077499
vn -0.432412 0.898340 -0.077499
vn -0.432412 0.898340 -0.077499
vn -0.379828 0.898340 -0.220719
vn -0.379828 0.898340 -0.220719
vn -0.379828 0.898340 -0.220719
vn -0.379828 0.898340 -0.220718
vn -0.281431 0.898340 -0.337314
vn -0.281431 0.898340 -0.337316
vn -0.281431 0.898340 -0.337316
vn -0.281431 0.898339 -0.337319
vn -0.083548 0.969225 -0.231565
vn -0.083548 0.969225 -0.231565
vn -0.083548 0.969225 -0.231566
vn -0.083548 0.969225 -0.231566
vn 0.000692 0.969225 -0.246177
vn 0.000692 0.969225 -0.246176
vn 0.000692 0.969225 -0.246178
vn 0.000692 0.969225 -0.246175
vn 0.084848 0.969225 -0.231094
vn 0.084847 0.969225 -0.231094
vn 0.084848 0.969224 -0.231095
vn 0.084848 0.969224 -0.231095
vn 0.158768 0.969225 -0.188138
vn 0.158768 0.969225 -0.188138
vn 0.158769 0.969225 -0.188138
vn 0.158769 0.969225 -0.188138
vn 0.213540 0.969225 -0.122489
vn 0.213541 0.969225 -0.122489
vn 0.213542 0.969225 -0.122490
vn 0.213542 0.969225 -0.122489
vn 0.242556 0.969225 -0.042068
vn 0.242556 0.969225 -0.042068
vn 0.242557 0.969225 -0.042069
vn 0.242557 0.969224 -0.042069
vn 0.242316 0.969225 0.043430
vn 0.242316 0.969225 0.043429
vn 0.242317 0.969225 0.043429
vn 0.242317 0.969225 0.043428
vn 0.212849 0.969225 0.123690
vn 0.212849 0.969225 0.123689
vn 0.212850 0.969225 0.123688
vn 0.212850 0.969225 0.123686
vn 0.157709 0.969225 0.189026
vn 0.157709 0.969225 0.189026
vn 0.157710 0.969225 0.189027
vn 0.157710 0.969225 0.189027
vn 0.083548 0.969224 0.231568
vn 0.083548 0.969224 0.231568
vn 0.083548 0.969225 0.231567
vn 0.083548 0.969225 0.231567
vn -0.000692 0.969225 0.246176
vn -0.000692 0.969225 0.246176
vn -0.000692 0.969225 0.246177
vn -0.000691 0.969225 0.246177
vn -0.084848 0.969224 0.231095
vn -0.084848 0.969224 0.231095
vn -0.084848 0.969224 0.231095
vn -0.084847 0.969225 0.231095
vn -0.158768 0.969225 0.188136
vn -0.158768 0.969225 0.188137
vn -0.158769 0.969225 0.188138
vn -0.158770 0.969224 0.188139
vn -0.213540 0.969225 0.122490
vn -0.213540 0.969225 0.122490
vn -0.213542 0.969224 0.122491
vn -0.213542 0.969224 0.122491
vn -0.242556 0.969225 0.042068
vn -0.242556 0.969225 0.042068
vn -0.242557 0.969225 0.042068
vn -0.242558 0.969225 0.042067
vn -0.242316 0.969225 -0.043426
vn -0.242316 0.969225 -0.043426
vn -0.242317 0.969225 -0.043428
vn -0.242317 0.969225 -0.043427
vn -0.212849 0.969225 -0.123686
vn -0.212849 0.969225 -0.123687
vn -0.212850 0.969225 -0.123688
vn -0.212850 0.969224 -0.123690
vn -0.157709 0.969225 -0.189028
vn -0.157709 0.969225 -0.189027
vn -0.157710 0.969225 -0.189026
vn -0.157710 0.969225 -0.189025
vn -0.339384 0.000000 -0.940648
vn -0.339377 0.000000 -0.940651
vn -0.339381 0.000000 -0.940649
vn -0.339380 0.000000 -0.940649
vn 0.002810 0.000000 -0.999996
vn 0.002810 0.000000 -0.999996
vn 0.002810 0.000000 -0.999996
vn 0.002810 -0.000000 -0.999996
vn 0.344658 0.000000 -0.938729
vn 0.344657 0.000000 -0.938729
vn 0.344660 0.000000 -0.938728
vn 0.344660 0.000000 -0.938728
vn 0.644940 0.000000 -0.764234
vn 0.644930 0.000000 -0.764242
vn 0.644935 0.000000 -0.764237
vn 0.644935 0.000000 -0.764238
vn 0.867425 0.000000 -0.497569
vn 0.867425 0.000000 -0.497569
vn 0.867428 0.000000 -0.497563
vn 0.867428 0.000000 -0.497563
vn 0.985291 0.000000 -0.170887
vn 0.985292 0.000000 -0.170882
vn 0.985291 0.000000 -0.170884
vn 0.985291 0.000000 -0.170884
vn 0.984317 0.000000 0.176407
vn 0.984316 0.000000 0.176412
vn 0.984317 0.000000 0.176411
vn 0.984317 0.000000 0.176411
vn 0.864624 0.000000 0.502420
vn 0.864615 0.000000 0.502435
vn 0.864618 0.000000 0.502430
vn 0.864617 0.000000 0.502431
vn 0.640628 0.000000 0.767851
vn 0.640634 0.000000 0.767846
vn 0.640633 0.000000 0.767848
vn 0.640633 0.000000 0.767847
vn 0.339383 0.000000 0.940648
vn 0.339383 -0.000000 0.940648
vn 0.339382 -0.000000 0.940649
vn 0.339382 -0.000000 0.940649
vn -0.002810 0.000000 0.999996
vn -0.002810 0.000000 0.999996
vn -0.002810 0.000000 0.999996
vn -0.002810 0.000000 0.999996
vn -0.344657 0.000000 0.938729
vn -0.344658 0.000000 0.938728
vn -0.344658 0.000000 0.938728
vn -0.344658 0.000000 0.938728
vn -0.644941 0.000000 0.764232
vn -0.644932 0.000000 0.764240
vn -0.644937 0.000000 0.764236
vn -0.644937 0.000000 0.764236
vn -0.867424 0.000000 0.497570
vn -0.867424 0.000000 0.497570
vn -0.867427 0.000000 0.497565
vn -0.867427 0.000000 0.497565
vn -0.985291 0.000000 0.170886
vn -0.985292 0.000000 0.170881
vn -0.985291 0.000000 0.170883
vn -0.985291 0.000000 0.170883
vn -0.984316 0.000000 -0.176412
vn -0.984316 0.000000 -0.176414
vn -0.984317 0.000000 -0.176412
vn -0.984316 0.000000 -0.176412
vn -0.864614 0.000000 -0.502437
vn -0.864614 -0.000001 -0.502437
vn -0.864617 -0.000000 -0.502431
vn -0.864617 -0.000000 -0.502431
vn -0.640635 0.000000 -0.767846
vn -0.640635 0.000000 -0.767846
vn -0.640632 0.000000 -0.767848
vn -0.640632 0.000000 -0.767848
vn -0.000022 -1.000000 -0.000004
vn -0.000024 -1.000000 -0.000006
vn -0.000022 -1.000000 -0.000005
vn -0.000025 -1.000000 -0.000006
vn -0.000027 -1.000000 -0.000002
vn -0.000025 -1.000000 -0.000005
vn -0.000027 -1.000000 -0.000003
vn -0.000024 -1.000000 -0.000006
vn -0.000025 -1.000000 -0.000007
vn -0.000025 -1.000000 -0.000001
vn -0.000025 -1.000000 -0.000006
vn -0.000025 -1.000000 0.000000
vn -0.000025 -1.000000 0.000003
vn -0.000026 -1.000000 -0.000010
vn -0.000025 -1.000000 0.000000
vn -0.000026 -1.000000 -0.000013
vn -0.000027 -1.000000 -0.000008
vn -0.000023 -1.000000 -0.000002
vn -0.000026 -1.000000 -0.000007
vn -0.000022 -1.000000 0.000000
vn -0.000024 -1.000000 -0.000003
vn -0.000028 -1.000000 -0.000006
vn -0.000024 -1.000000 -0.000003
vn -0.000029 -1.000000 -0.000006
vn -0.000026 -1.000000 -0.000006
vn -0.000023 -1.000000 -0.000006
vn -0.000026 -1.000000 -0.000006
vn -0.000022 -1.000000 -0.000006
vn -0.000026 -1.000000 -0.000004
vn -0.000026 -1.000000 -0.000003
vn -0.000026 -1.000000 -0.000004
vn -0.000026 -1.000000 -0.000003
vn -0.000025 -1.000000 -0.000001
vn -0.000026 -1.000000 -0.000003
vn -0.000025 -1.000000 -0.000002
vn -0.000026 -1.000000 -0.000003
vn -0.000025 -1.000000 -0.000003
vn -0.000025 -1.000000 -0.000006
vn -0.000025 -1.000000 -0.000003
vn -0.000025 -1.000000 -0.000006
vn -0.000025 -1.000000 -0.000003
vn -0.000025 -1.000000 -0.000001
vn -0.000025 -1.000000 -0.000002
vn -0.000025 -1.000000 0.000000
vn -0.000025 -1.000000 0.000003
vn -0.000025 -1.000000 -0.000004
vn -0.000025 -1.000000 0.000002
vn -0.000025 -1.000000 -0.000006
vn -0.000026 -1.000000 -0.000010
vn -0.000026 -1.000000 -0.000012
vn -0.000026 -1.000000 -0.000010
vn -0.000025 -1.000000 -0.000013
vn -0.000025 -1.000000 -0.000002
vn -0.000026 -1.000000 -0.000005
vn -0.000025 -1.000000 -0.000003
vn -0.000026 -1.000000 -0.000006
vn -0.000024 -1.000000 0.000000
vn -0.000025 -1.000000 -0.000005
vn -0.000024 -1.000000 -0.000001
vn -0.000026 -1.000000 -0.000006
vn -0.000026 -1.000000 -0.000004
vn -0.000024 -1.000000 -0.000003
vn -0.000026 -1.000000 -0.000004
vn -0.000023 -1.000000 -0.000003
vn -0.000026 -1.000000 -0.000003
vn -0.000026 -1.000000 -0.000004
vn -0.000026 -1.000000 -0.000003
vn -0.000027 -1.000000 -0.000005
vn -0.000026 -1.000000 -0.000003
vn -0.000026 -1.000000 -0.000006
vn -0.000026 -1.000000 -0.000003
vn -0.000026 -1.000000 -0.000006
vn 0.867194 0.000000 -0.497970
vn 0.867194 0.000000 -0.497971
vn 0.867194 0.000000 -0.497970
vn 0.867194 0.000000 -0.497971
vn 0.644579 0.000000 -0.764538
vn 0.644580 0.000000 -0.764537
vn 0.644579 0.000000 -0.764537
vn 0.644580 0.000000 -0.764537
vn 0.344219 0.000000 -0.938889
vn 0.344217 0.000000 -0.938890
vn 0.344219 0.000000 -0.938889
vn 0.344217 0.000000 -0.938890
vn 0.002341 0.000000 -0.999997
vn 0.002341 0.000000 -0.999997
vn 0.002341 0.000000 -0.999997
vn 0.002341 0.000000 -0.999997
vn -0.339821 0.000000 -0.940490
vn -0.339821 0.000000 -0.940490
vn -0.339821 0.000000 -0.940490
vn -0.339822 0.000000 -0.940490
vn -0.640992 0.000000 -0.767547
vn -0.640993 0.000000 -0.767547
vn -0.640992 0.000000 -0.767547
vn -0.640993 0.000000 -0.767547
vn -0.864854 0.000000 -0.502024
vn -0.864853 0.000000 -0.502025
vn -0.864854 0.000000 -0.502024
vn -0.864853 0.000000 -0.502025
vn -0.984398 0.000000 -0.175954
vn -0.984399 0.000000 -0.175953
vn -0.984399 0.000000 -0.175953
vn -0.984399 0.000000 -0.175953
vn -0.985211 0.000000 0.171344
vn -0.985212 0.000000 0.171343
vn -0.985211 0.000000 0.171344
vn -0.985212 0.000000 0.171343
vn -0.867192 0.000000 0.497974
vn -0.867193 0.000000 0.497973
vn -0.867192 0.000000 0.497974
vn -0.867193 0.000000 0.497973
vn -0.644578 0.000000 0.764539
vn -0.644578 0.000000 0.764539
vn -0.644578 0.000000 0.764539
vn -0.644578 0.000000 0.764539
vn -0.344217 0.000000 0.938890
vn -0.344220 0.000000 0.938889
vn -0.344217 0.000000 0.938890
vn -0.344220 0.000000 0.938889
vn -0.002341 0.000000 0.999997
vn -0.002341 0.000000 0.999997
vn -0.002341 0.000000 0.999997
vn -0.002341 0.000000 0.999997
vn 0.339819 0.000000 0.940491
vn 0.339820 0.000000 0.940490
vn 0.339820 0.000000 0.940491
vn 0.339821 0.000000 0.940490
vn 0.640992 0.000000 0.767547
vn 0.640994 0.000000 0.767546
vn 0.640992 0.000000 0.767547
vn 0.640994 0.000000 0.767546
vn 0.864853 0.000000 0.502025
vn 0.864853 0.000000 0.502025
vn 0.864853 0.000000 0.502025
vn 0.864853 0.000000 0.502025
vn 0.984398 0.000000 0.175954
vn 0.984399 0.000000 0.175952
vn 0.984398 0.000000 0.175954
vn 0.984399 0.000000 0.175952
vn 0.985211 0.000000 -0.171343
vn 0.985212 0.000000 -0.171342
vn 0.985211 0.000000 -0.171343
vn 0.985212 0.000000 -0.171341
vn -0.000025 1.000000 0.000032
vn -0.000042 1.000000 0.000038
vn -0.000028 1.000000 0.000033
vn -0.000044 1.000000 0.000039
vn 0.000005 1.000000 0.000022
vn -0.000013 1.000000 0.000037
vn 0.000001 1.000000 0.000025
vn -0.000016 1.000000 0.000039
vn 0.000024 1.000000 0.000008
vn 0.000009 1.000000 0.000024
vn 0.000021 1.000000 0.000011
vn 0.000007 1.000000 0.000026
vn 0.000027 1.000000 -0.000017
vn 0.000021 1.000000 0.000004
vn 0.000026 1.000000 -0.000013
vn 0.000020 1.000000 0.000006
vn 0.000004 1.000000 -0.000060
vn 0.000007 1.000000 -0.000024
vn 0.000005 1.000000 -0.000052
vn 0.000008 1.000000 -0.000019
vn -0.000022 1.000000 -0.000053
vn -0.000017 1.000000 -0.000046
vn -0.000021 1.000000 -0.000051
vn -0.000016 1.000000 -0.000045
vn -0.000051 1.000000 -0.000040
vn -0.000042 1.000000 -0.000030
vn -0.000049 1.000000 -0.000038
vn -0.000041 1.000000 -0.000029
vn -0.000061 1.000000 -0.000012
vn -0.000061 1.000000 -0.000011
vn -0.000061 1.000000 -0.000012
vn -0.000061 1.000000 -0.000011
vn -0.000060 1.000000 0.000014
vn -0.000061 1.000000 0.000017
vn -0.000060 1.000000 0.000015
vn -0.000061 1.000000 0.000018
vn -0.000028 1.000000 0.000032
vn -0.000048 1.000000 0.000041
vn -0.000032 1.000000 0.000033
vn -0.000050 1.000000 0.000042
vn 0.000003 1.000000 0.000034
vn -0.000015 1.000000 0.000044
vn -0.000001 1.000000 0.000036
vn -0.000018 1.000000 0.000045
vn 0.000024 1.000000 0.000009
vn 0.000009 1.000000 0.000029
vn 0.000021 1.000000 0.000013
vn 0.000007 1.000000 0.000032
vn 0.000026 1.000000 -0.000033
vn 0.000019 1.000000 0.000013
vn 0.000024 1.000000 -0.000024
vn 0.000018 1.000000 0.000019
vn 0.000007 1.000000 -0.000050
vn 0.000009 1.000000 -0.000023
vn 0.000007 1.000000 -0.000044
vn 0.000009 1.000000 -0.000019
vn -0.000026 1.000000 -0.000058
vn -0.000015 1.000000 -0.000035
vn -0.000023 1.000000 -0.000053
vn -0.000013 1.000000 -0.000032
vn -0.000054 1.000000 -0.000042
vn -0.000047 1.000000 -0.000036
vn -0.000053 1.000000 -0.000041
vn -0.000046 1.000000 -0.000035
vn -0.000061 1.000000 -0.000011
vn -0.000064 1.000000 -0.000014
vn -0.000062 1.000000 -0.000011
vn -0.000064 1.000000 -0.000015
vn -0.000051 1.000000 0.000016
vn -0.000060 1.000000 0.000016
vn -0.000053 1.000000 0.000016
vn -0.000061 1.000000 0.000016
vn 0.867193 -0.000001 -0.497971
vn 0.867193 -0.000000 -0.497972
vn 0.867193 -0.000000 -0.497972
vn 0.867193 0.000000 -0.497972
vn 0.644578 -0.000000 -0.764538
vn 0.644578 -0.000000 -0.764538
vn 0.644579 -0.000000 -0.764538
vn 0.644579 -0.000001 -0.764538
vn 0.344219 -0.000000 -0.938889
vn 0.344219 -0.000000 -0.938890
vn 0.344218 -0.000000 -0.938890
vn 0.344218 -0.000000 -0.938890
vn 0.002341 -0.000000 -0.999997
vn 0.002341 -0.000000 -0.999997
vn 0.002340 -0.000000 -0.999997
vn 0.002340 -0.000000 -0.999997
vn -0.339821 -0.000000 -0.940490
vn -0.339821 -0.000000 -0.940490
vn -0.339820 -0.000000 -0.940490
vn -0.339820 -0.000000 -0.940490
vn -0.640992 -0.000000 -0.767547
vn -0.640992 -0.000000 -0.767547
vn -0.640993 0.000000 -0.767547
vn -0.640993 0.000000 -0.767547
vn -0.864853 0.000000 -0.502025
vn -0.864853 0.000000 -0.502025
vn -0.864853 -0.000000 -0.502025
vn -0.864853 -0.000000 -0.502026
vn -0.984399 -0.000000 -0.175953
vn -0.984399 -0.000000 -0.175953
vn -0.984399 0.000000 -0.175952
vn -0.984399 0.000000 -0.175952
vn -0.985211 0.000000 0.171343
vn -0.985211 0.000000 0.171343
vn -0.985211 0.000000 0.171343
vn -0.985211 0.000000 0.171343
vn -0.867193 0.000000 0.497971
vn -0.867193 0.000000 0.497971
vn -0.867193 0.000000 0.497971
vn -0.867193 0.000000 0.497972
vn -0.644578 0.000000 0.764538
vn -0.644578 0.000000 0.764538
vn -0.644579 0.000000 0.764538
vn -0.644579 0.000000 0.764538
vn -0.344218 0.000001 0.938890
vn -0.344218 0.000001 0.938890
vn -0.344218 0.000001 0.938890
vn -0.344218 0.000001 0.938890
vn -0.002342 -0.000000 0.999997
vn -0.002342 0.000000 0.999997
vn -0.002341 0.000000 0.999997
vn -0.002340 0.000001 0.999997
vn 0.339821 0.000000 0.940490
vn 0.339821 0.000000 0.940490
vn 0.339821 0.000000 0.940490
vn 0.339821 0.000000 0.940490
vn 0.640992 -0.000000 0.767548
vn 0.640992 0.000000 0.767547
vn 0.640993 0.000000 0.767547
vn 0.640993 0.000000 0.767546
vn 0.864853 0.000000 0.502025
vn 0.864853 0.000000 0.502025
vn 0.864853 0.000000 0.502025
vn 0.864853 0.000000 0.502025
vn 0.984399 0.000000 0.175953
vn 0.984399 0.000000 0.175953
vn 0.984399 0.000000 0.175952
vn 0.984399 0.000000 0.175952
vn 0.985211 -0.000000 -0.171343
vn 0.985211 -0.000000 -0.171343
vn 0.985211 -0.000000 -0.171343
vn 0.985212 0.000000 -0.171343
vn 0.768699 -0.462873 -0.441419
vn 0.768699 -0.462875 -0.441416
vn 0.768699 -0.462874 -0.441418
vn 0.768700 -0.462876 -0.441415
vn 0.571365 -0.462873 -0.677710
vn 0.571365 -0.462872 -0.677711
vn 0.571365 -0.462873 -0.677710
vn 0.571364 -0.462872 -0.677711
vn 0.305116 -0.462873 -0.832257
vn 0.305115 -0.462872 -0.832259
vn 0.305116 -0.462873 -0.832258
vn 0.305115 -0.462871 -0.832259
vn 0.002067 -0.462869 -0.886424
vn 0.002067 -0.462872 -0.886423
vn 0.002067 -0.462870 -0.886424
vn 0.002068 -0.462874 -0.886422
vn -0.301233 -0.462869 -0.833673
vn -0.301233 -0.462869 -0.833673
vn -0.301233 -0.462869 -0.833673
vn -0.301233 -0.462870 -0.833673
vn -0.568199 -0.462870 -0.680369
vn -0.568199 -0.462869 -0.680369
vn -0.568199 -0.462869 -0.680369
vn -0.568199 -0.462868 -0.680370
vn -0.766630 -0.462870 -0.445006
vn -0.766630 -0.462869 -0.445007
vn -0.766630 -0.462869 -0.445006
vn -0.766631 -0.462868 -0.445007
vn -0.872598 -0.462869 -0.155967
vn -0.872597 -0.462869 -0.155968
vn -0.872597 -0.462869 -0.155968
vn -0.872597 -0.462870 -0.155969
vn -0.873318 -0.462868 0.151883
vn -0.873319 -0.462868 0.151881
vn -0.873319 -0.462868 0.151882
vn -0.873319 -0.462868 0.151880
vn -0.768706 -0.462869 0.441412
vn -0.768707 -0.462869 0.441410
vn -0.768706 -0.462869 0.441411
vn -0.768707 -0.462869 0.441409
vn -0.571377 -0.462870 0.677701
vn -0.571377 -0.462870 0.677702
vn -0.571377 -0.462870 0.677702
vn -0.571377 -0.462869 0.677702
vn -0.305131 -0.462871 0.832253
vn -0.305131 -0.462872 0.832253
vn -0.305131 -0.462872 0.832253
vn -0.305131 -0.462872 0.832253
vn -0.002083 -0.462872 0.886423
vn -0.002084 -0.462872 0.886423
vn -0.002083 -0.462872 0.886423
vn -0.002085 -0.462872 0.886423
vn 0.301217 -0.462874 0.833676
vn 0.301219 -0.462872 0.833676
vn 0.301218 -0.462873 0.833676
vn 0.301220 -0.462872 0.833676
vn 0.568188 -0.462874 0.680375
vn 0.568187 -0.462874 0.680376
vn 0.568187 -0.462874 0.680375
vn 0.568187 -0.462875 0.680376
vn 0.766624 -0.462875 0.445011
vn 0.766625 -0.462875 0.445009
vn 0.766625 -0.462875 0.445010
vn 0.766626 -0.462875 0.445008
vn 0.872593 -0.462877 0.155970
vn 0.872594 -0.462876 0.155969
vn 0.872593 -0.462876 0.155969
vn 0.872594 -0.462876 0.155968
vn 0.873313 -0.462876 -0.151886
vn 0.873314 -0.462876 -0.151886
vn 0.873314 -0.462876 -0.151886
vn 0.873314 -0.462876 -0.151885
vn 0.390953 -0.892609 -0.224510
vn 0.390953 -0.892610 -0.224506
vn 0.390953 -0.892610 -0.224507
vn 0.390953 -0.892611 -0.224501
vn 0.290585 -0.892608 -0.344690
vn 0.290585 -0.892608 -0.344690
vn 0.290585 -0.892608 -0.344690
vn 0.290585 -0.892608 -0.344690
vn 0.155170 -0.892606 -0.423292
vn 0.155170 -0.892605 -0.423294
vn 0.155170 -0.892606 -0.423293
vn 0.155170 -0.892604 -0.423296
vn 0.001041 -0.892605 -0.450839
vn 0.001041 -0.892604 -0.450841
vn 0.001041 -0.892604 -0.450840
vn 0.001041 -0.892603 -0.450842
vn -0.153220 -0.892601 -0.424013
vn -0.153219 -0.892601 -0.424013
vn -0.153219 -0.892601 -0.424013
vn -0.153219 -0.892602 -0.424012
vn -0.289003 -0.892599 -0.346041
vn -0.289002 -0.892599 -0.346043
vn -0.289002 -0.892599 -0.346042
vn -0.289002 -0.892598 -0.346044
vn -0.389924 -0.892599 -0.226334
vn -0.389925 -0.892598 -0.226334
vn -0.389925 -0.892598 -0.226334
vn -0.389926 -0.892598 -0.226334
vn -0.443821 -0.892598 -0.079326
vn -0.443820 -0.892598 -0.079327
vn -0.443820 -0.892598 -0.079327
vn -0.443820 -0.892598 -0.079328
vn -0.444186 -0.892599 0.077240
vn -0.444186 -0.892598 0.077244
vn -0.444186 -0.892599 0.077242
vn -0.444187 -0.892598 0.077247
vn -0.390979 -0.892600 0.224502
vn -0.390979 -0.892599 0.224504
vn -0.390979 -0.892599 0.224503
vn -0.390979 -0.892599 0.224506
vn -0.290618 -0.892601 0.344681
vn -0.290618 -0.892601 0.344679
vn -0.290618 -0.892601 0.344680
vn -0.290618 -0.892602 0.344677
vn -0.155203 -0.892603 0.423288
vn -0.155203 -0.892603 0.423287
vn -0.155203 -0.892603 0.423287
vn -0.155202 -0.892604 0.423286
vn -0.001072 -0.892604 0.450841
vn -0.001072 -0.892605 0.450838
vn -0.001072 -0.892605 0.450839
vn -0.001073 -0.892607 0.450834
vn 0.153189 -0.892609 0.424007
vn 0.153190 -0.892609 0.424007
vn 0.153189 -0.892609 0.424007
vn 0.153191 -0.892610 0.424006
vn 0.288970 -0.892610 0.346039
vn 0.288970 -0.892610 0.346041
vn 0.288970 -0.892610 0.346040
vn 0.288969 -0.892610 0.346042
vn 0.389897 -0.892610 0.226335
vn 0.389897 -0.892611 0.226334
vn 0.389897 -0.892610 0.226334
vn 0.389896 -0.892611 0.226333
vn 0.443794 -0.892611 0.079324
vn 0.443794 -0.892611 0.079324
vn 0.443794 -0.892611 0.079324
vn 0.443794 -0.892612 0.079323
vn 0.444159 -0.892611 -0.077254
vn 0.444160 -0.892611 -0.077252
vn 0.444159 -0.892611 -0.077253
vn 0.444160 -0.892611 -0.077250
vn -0.000018 -1.000000 -0.000002
vn -0.000018 -1.000000 -0.000003
vn -0.000019 -1.000000 -0.000004
vn -0.000018 -1.000000 -0.000003
vn -0.000017 -1.000000 -0.000002
vn -0.000018 -1.000000 -0.000004
vn -0.000018 -1.000000 -0.000003
vn -0.000018 -1.000000 -0.000002
vn -0.000018 -1.000000 -0.000002
vn -0.000018 -1.000000 -0.000002
vn -0.000018 -1.000000 -0.000002
vn -0.000018 -1.000000 -0.000004
vn -0.000018 -1.000000 -0.000001
vn -0.000018 -1.000000 -0.000002
vn -0.000019 -1.000000 -0.000003
vn -0.000018 -1.000000 -0.000002
vn -0.000016 -1.000000 -0.000003
vn -0.000018 -1.000000 -0.000003
vn -0.000020 -1.000000 -0.000004
vn -0.083554 0.969220 -0.231583
vn -0.083554 0.969220 -0.231583
vn 0.000692 0.969218 -0.246205
vn 0.000692 0.969222 -0.246186
vn 0.084853 0.969222 -0.231105
vn 0.084854 0.969223 -0.231099
vn 0.158780 0.969219 -0.188156
vn 0.158779 0.969219 -0.188158
vn 0.213556 0.969220 -0.122500
vn 0.213557 0.969220 -0.122499
vn 0.242573 0.969220 -0.042075
vn 0.242574 0.969220 -0.042068
vn 0.242334 0.969220 0.043437
vn 0.242334 0.969221 0.043429
vn 0.212864 0.969221 0.123694
vn 0.212864 0.969220 0.123699
vn 0.157720 0.969221 0.189038
vn 0.157720 0.969222 0.189034
vn 0.083554 0.969224 0.231567
vn 0.083554 0.969217 0.231597
vn -0.000692 0.969218 0.246202
vn -0.000692 0.969216 0.246211
vn -0.084853 0.969221 0.231106
vn -0.084853 0.969220 0.231111
vn -0.158780 0.969220 0.188151
vn -0.158780 0.969219 0.188158
vn -0.213556 0.969220 0.122501
vn -0.213557 0.969220 0.122500
vn -0.242574 0.969220 0.042070
vn -0.242574 0.969220 0.042068
vn -0.242334 0.969220 -0.043436
vn -0.242334 0.969221 -0.043423
vn -0.212864 0.969221 -0.123689
vn -0.212864 0.969220 -0.123699
vn -0.157720 0.969221 -0.189038
vn -0.157720 0.969219 -0.189047
vn -0.339381 0.000000 -0.940649
vn -0.339381 0.000000 -0.940649
vn 0.002810 -0.000000 -0.999996
vn 0.002810 -0.000000 -0.999996
vn 0.344660 0.000000 -0.938728
vn 0.344660 0.000000 -0.938728
vn 0.644935 0.000000 -0.764237
vn 0.644935 0.000000 -0.764237
vn 0.867428 0.000000 -0.497563
vn 0.867428 0.000000 -0.497563
vn 0.985291 0.000000 -0.170884
vn 0.985291 0.000000 -0.170884
vn 0.984317 0.000000 0.176411
vn 0.984317 0.000000 0.176411
vn 0.864618 0.000000 0.502430
vn 0.864618 0.000000 0.502430
vn 0.640633 0.000000 0.767848
vn 0.640632 0.000000 0.767848
vn 0.339382 0.000000 0.940649
vn 0.339382 0.000000 0.940649
vn -0.002810 0.000000 0.999996
vn -0.002810 0.000000 0.999996
vn -0.344658 0.000000 0.938728
vn -0.344658 0.000000 0.938728
vn -0.644937 0.000000 0.764236
vn -0.644937 0.000000 0.764236
vn -0.867427 0.000000 0.497564
vn -0.867427 0.000000 0.497564
vn -0.985291 0.000000 0.170883
vn -0.985291 0.000000 0.170883
vn -0.984317 0.000000 -0.176411
vn -0.984317 0.000000 -0.176411
vn -0.864617 0.000000 -0.502431
vn -0.864617 0.000000 -0.502431
vn -0.640632 0.000000 -0.767848
vn -0.640632 0.000000 -0.767848
vn -0.339382 0.000000 -0.940649
vn -0.339382 0.000000 -0.940649
vn -0.339381 0.000000 -0.940649
vn -0.339381 0.000000 -0.940649
vn 0.002811 0.000000 -0.999996
vn 0.002811 0.000000 -0.999996
vn 0.002810 0.000000 -0.999996
vn 0.002810 0.000000 -0.999996
vn 0.344658 0.000000 -0.938728
vn 0.344658 0.000000 -0.938728
vn 0.344658 0.000000 -0.938728
vn 0.344658 0.000000 -0.938728
vn 0.644935 0.000000 -0.764237
vn 0.644935 0.000000 -0.764237
vn 0.644935 0.000000 -0.764237
vn 0.644935 0.000000 -0.764237
vn 0.867428 0.000000 -0.497562
vn 0.867428 0.000000 -0.497562
vn 0.867428 0.000000 -0.497562
vn 0.867428 0.000000 -0.497562
vn 0.985291 0.000000 -0.170884
vn 0.985291 0.000000 -0.170884
vn 0.985291 0.000000 -0.170884
vn 0.985291 0.000000 -0.170884
vn 0.984317 0.000000 0.176412
vn 0.984317 0.000000 0.176412
vn 0.984316 0.000000 0.176412
vn 0.984317 0.000000 0.176412
vn 0.864618 0.000000 0.502430
vn 0.864618 0.000000 0.502430
vn 0.864618 0.000000 0.502430
vn 0.864618 0.000000 0.502430
vn 0.640632 0.000000 0.767848
vn 0.640632 0.000000 0.767848
vn 0.640632 0.000000 0.767848
vn 0.640632 0.000000 0.767848
vn 0.339382 0.000000 0.940649
vn 0.339382 0.000000 0.940649
vn 0.339383 0.000000 0.940648
vn 0.339383 0.000000 0.940648
vn -0.002810 0.000000 0.999996
vn -0.002810 0.000000 0.999996
vn -0.002810 0.000000 0.999996
vn -0.002810 0.000000 0.999996
vn -0.344657 0.000000 0.938729
vn -0.344657 0.000000 0.938729
vn -0.344656 0.000000 0.938729
vn -0.344656 0.000000 0.938729
vn -0.644937 0.000000 0.764236
vn -0.644937 0.000000 0.764236
vn -0.644937 0.000000 0.764236
vn -0.644937 0.000000 0.764236
vn -0.867427 0.000000 0.497564
vn -0.867427 0.000000 0.497564
vn -0.867427 0.000000 0.497564
vn -0.867427 0.000000 0.497564
vn -0.985291 0.000000 0.170883
vn -0.985291 0.000000 0.170883
vn -0.985291 0.000000 0.170883
vn -0.985291 0.000000 0.170883
vn -0.984316 0.000000 -0.176412
vn -0.984317 0.000000 -0.176412
vn -0.984316 0.000000 -0.176412
vn -0.984316 0.000000 -0.176412
vn -0.864617 0.000000 -0.502431
vn -0.864618 0.000000 -0.502431
vn -0.864618 0.000000 -0.502430
vn -0.864618 0.000000 -0.502430
vn -0.640631 0.000000 -0.767849
vn -0.640631 0.000000 -0.767849
vn -0.640631 0.000000 -0.767849
vn -0.640631 0.000000 -0.767849
vn -0.339381 -0.000000 -0.940649
vn -0.339381 -0.000000 -0.940649
vn -0.339380 -0.000000 -0.940649
vn -0.339381 0.000000 -0.940649
vn 0.002810 -0.000000 -0.999996
vn 0.002810 -0.000000 -0.999996
vn 0.002810 0.000000 -0.999996
vn 0.002810 0.000000 -0.999996
vn 0.344660 0.000000 -0.938728
vn 0.344660 0.000000 -0.938728
vn 0.344660 0.000000 -0.938728
vn 0.344660 0.000000 -0.938728
vn 0.644935 0.000000 -0.764237
vn 0.644935 0.000000 -0.764237
vn 0.644935 0.000000 -0.764238
vn 0.644935 0.000000 -0.764237
vn 0.867428 -0.000000 -0.497563
vn 0.867428 -0.000000 -0.497563
vn 0.867428 -0.000000 -0.497563
vn 0.867428 0.000000 -0.497563
vn 0.985291 0.000000 -0.170884
vn 0.985291 -0.000000 -0.170884
vn 0.985291 -0.000000 -0.170884
vn 0.985291 -0.000000 -0.170884
vn 0.984317 0.000000 0.176411
vn 0.984317 0.000000 0.176411
vn 0.984317 0.000000 0.176411
vn 0.984317 0.000000 0.176411
vn 0.864618 0.000000 0.502430
vn 0.864618 -0.000000 0.502430
vn 0.864617 -0.000000 0.502431
vn 0.864617 -0.000000 0.502431
vn 0.640633 0.000000 0.767848
vn 0.640633 0.000000 0.767848
vn 0.640633 0.000000 0.767848
vn 0.640633 0.000000 0.767848
vn 0.339382 0.000000 0.940649
vn 0.339382 0.000000 0.940649
vn 0.339382 0.000000 0.940649
vn 0.339382 0.000000 0.940649
vn -0.002810 0.000000 0.999996
vn -0.002810 0.000000 0.999996
vn -0.002810 0.000000 0.999996
vn -0.002810 0.000000 0.999996
vn -0.344658 0.000000 0.938728
vn -0.344658 0.000000 0.938728
vn -0.344658 0.000000 0.938728
vn -0.344658 0.000000 0.938728
vn -0.644937 0.000000 0.764236
vn -0.644937 0.000000 0.764236
vn -0.644937 0.000000 0.764236
vn -0.644937 0.000000 0.764236
vn -0.867427 -0.000000 0.497565
vn -0.867427 -0.000000 0.497565
vn -0.867427 -0.000000 0.497564
vn -0.867427 0.000000 0.497564
vn -0.985291 0.000000 0.170883
vn -0.985291 -0.000000 0.170883
vn -0.985291 -0.000000 0.170883
vn -0.985291 -0.000000 0.170883
vn -0.984316 0.000000 -0.176412
vn -0.984316 0.000000 -0.176412
vn -0.984316 0.000000 -0.176412
vn -0.984316 0.000000 -0.176412
vn -0.864618 0.000000 -0.502431
vn -0.864618 0.000000 -0.502431
vn -0.864617 0.000000 -0.502431
vn -0.864617 0.000000 -0.502431
vn -0.640633 0.000000 -0.767848
vn -0.640632 0.000000 -0.767848
vn -0.640632 0.000000 -0.767848
vn -0.640632 0.000000 -0.767848
vn -0.318028 0.349121 -0.881461
vn -0.318027 0.349121 -0.881461
vn -0.318027 0.349121 -0.881461
vn -0.318027 0.349121 -0.881461
vn -0.318025 -0.349122 -0.881461
vn -0.318027 -0.349122 -0.881460
vn -0.318027 -0.349122 -0.881460
vn -0.318029 -0.349123 -0.881459
vn 0.002633 0.349121 -0.937074
vn 0.002633 0.349121 -0.937074
vn 0.002633 0.349121 -0.937074
vn 0.002634 0.349121 -0.937074
vn 0.002633 -0.349123 -0.937073
vn 0.002633 -0.349122 -0.937073
vn 0.002633 -0.349122 -0.937073
vn 0.002633 -0.349121 -0.937074
vn 0.322969 0.349114 -0.879665
vn 0.322971 0.349117 -0.879663
vn 0.322971 0.349117 -0.879663
vn 0.322972 0.349121 -0.879661
vn 0.322970 -0.349119 -0.879662
vn 0.322973 -0.349122 -0.879661
vn 0.322973 -0.349122 -0.879661
vn 0.322975 -0.349125 -0.879659
vn 0.604354 0.349119 -0.716151
vn 0.604355 0.349119 -0.716151
vn 0.604355 0.349119 -0.716150
vn 0.604356 0.349119 -0.716150
vn 0.604353 -0.349120 -0.716152
vn 0.604355 -0.349121 -0.716149
vn 0.604355 -0.349121 -0.716149
vn 0.604358 -0.349123 -0.716146
vn 0.812848 0.349120 -0.466255
vn 0.812848 0.349119 -0.466256
vn 0.812848 0.349119 -0.466256
vn 0.812848 0.349118 -0.466257
vn 0.812850 -0.349122 -0.466249
vn 0.812848 -0.349121 -0.466254
vn 0.812848 -0.349121 -0.466253
vn 0.812845 -0.349121 -0.466259
vn 0.923295 0.349119 -0.160130
vn 0.923295 0.349119 -0.160131
vn 0.923295 0.349119 -0.160131
vn 0.923295 0.349119 -0.160132
vn 0.923295 -0.349121 -0.160129
vn 0.923295 -0.349121 -0.160130
vn 0.923295 -0.349121 -0.160130
vn 0.923294 -0.349121 -0.160132
vn 0.922382 0.349119 0.165309
vn 0.922382 0.349119 0.165311
vn 0.922382 0.349119 0.165311
vn 0.922381 0.349119 0.165314
vn 0.922381 -0.349121 0.165310
vn 0.922381 -0.349121 0.165311
vn 0.922381 -0.349121 0.165311
vn 0.922381 -0.349121 0.165312
vn 0.810215 0.349119 0.470816
vn 0.810215 0.349119 0.470816
vn 0.810215 0.349119 0.470816
vn 0.810215 0.349120 0.470816
vn 0.810214 -0.349122 0.470816
vn 0.810215 -0.349121 0.470815
vn 0.810215 -0.349121 0.470815
vn 0.810215 -0.349121 0.470814
vn 0.600323 0.349120 0.719533
vn 0.600323 0.349119 0.719534
vn 0.600323 0.349119 0.719534
vn 0.600322 0.349119 0.719534
vn 0.600324 -0.349122 0.719531
vn 0.600321 -0.349121 0.719535
vn 0.600321 -0.349121 0.719534
vn 0.600317 -0.349119 0.719538
vn 0.318026 0.349119 0.881462
vn 0.318027 0.349119 0.881462
vn 0.318027 0.349119 0.881462
vn 0.318027 0.349120 0.881461
vn 0.318026 -0.349122 0.881461
vn 0.318027 -0.349122 0.881460
vn 0.318027 -0.349122 0.881461
vn 0.318028 -0.349122 0.881460
vn -0.002633 0.349121 0.937074
vn -0.002633 0.349119 0.937075
vn -0.002633 0.349119 0.937075
vn -0.002633 0.349117 0.937075
vn -0.002633 -0.349124 0.937073
vn -0.002633 -0.349123 0.937073
vn -0.002633 -0.349123 0.937073
vn -0.002633 -0.349121 0.937074
vn -0.322972 0.349118 0.879662
vn -0.322971 0.349119 0.879663
vn -0.322971 0.349119 0.879662
vn -0.322969 0.349119 0.879663
vn -0.322970 -0.349120 0.879662
vn -0.322970 -0.349120 0.879663
vn -0.322970 -0.349120 0.879662
vn -0.322969 -0.349119 0.879663
vn -0.604356 0.349119 0.716150
vn -0.604357 0.349119 0.716149
vn -0.604357 0.349119 0.716149
vn -0.604357 0.349118 0.716148
vn -0.604359 -0.349122 0.716146
vn -0.604357 -0.349121 0.716148
vn -0.604357 -0.349121 0.716148
vn -0.604355 -0.349120 0.716150
vn -0.812847 0.349120 0.466256
vn -0.812847 0.349119 0.466257
vn -0.812847 0.349119 0.466257
vn -0.812847 0.349118 0.466258
vn -0.812850 -0.349122 0.466251
vn -0.812847 -0.349121 0.466255
vn -0.812847 -0.349121 0.466255
vn -0.812845 -0.349121 0.466260
vn -0.923295 0.349119 0.160129
vn -0.923295 0.349119 0.160130
vn -0.923295 0.349119 0.160130
vn -0.923295 0.349119 0.160131
vn -0.923295 -0.349121 0.160128
vn -0.923295 -0.349121 0.160129
vn -0.923295 -0.349121 0.160129
vn -0.923294 -0.349121 0.160131
vn -0.922381 0.349119 -0.165314
vn -0.922382 0.349119 -0.165312
vn -0.922382 0.349119 -0.165312
vn -0.922382 0.349119 -0.165310
vn -0.922381 -0.349121 -0.165311
vn -0.922381 -0.349121 -0.165312
vn -0.922381 -0.349121 -0.165312
vn -0.922381 -0.349121 -0.165313
vn -0.810213 0.349119 -0.470820
vn -0.810214 0.349119 -0.470818
vn -0.810214 0.349119 -0.470818
vn -0.810215 0.349120 -0.470816
vn -0.810212 -0.349121 -0.470820
vn -0.810212 -0.349121 -0.470819
vn -0.810212 -0.349121 -0.470819
vn -0.810213 -0.349121 -0.470818
vn -0.600322 0.349119 -0.719535
vn -0.600322 0.349119 -0.719534
vn -0.600322 0.349119 -0.719534
vn -0.600322 0.349119 -0.719534
vn -0.600322 -0.349121 -0.719534
vn -0.600322 -0.349121 -0.719533
vn -0.600322 -0.349121 -0.719533
vn -0.600322 -0.349122 -0.719533
vn 0.000000 1.000000 -0.000015
vn 0.000000 1.000000 0.000003
vn 0.000000 1.000000 -0.000005
vn 0.000000 1.000000 0.000013
vn 0.000000 1.000000 0.000030
vn 0.000000 1.000000 -0.000006
vn 0.000000 1.000000 0.000004
vn 0.000000 1.000000 -0.000035
vn 0.000000 1.000000 0.000000
vn 0.000000 1.000000 0.000000
vn 0.000000 1.000000 -0.000007
vn 0.000000 1.000000 -0.000010
vn 0.000000 1.000000 0.000000
vn 0.000000 1.000000 0.000000
vn 0.000000 1.000000 0.000000
vn 0.000000 1.000000 0.000000
vn 0.000000 1.000000 0.000000
vn 0.000000 1.000000 0.000010
vn 0.000000 1.000000 0.000004
vn 0.000000 1.000000 0.000013
vn 0.000000 1.000000 0.000000
vn 0.000000 1.000000 -0.000005
vn 0.000000 1.000000 -0.000002
vn 0.000000 1.000000 -0.000008
vn 0.000000 1.000000 -0.000015
vn 0.000000 1.000000 -0.000005
vn 0.000000 1.000000 -0.000002
vn 0.000000 1.000000 0.000003
vn 0.000000 1.000000 0.000000
vn 0.000000 1.000000 0.000010
vn 0.000000 1.000000 -0.000001
vn 0.000000 1.000000 0.000015
vn 0.000000 1.000000 -0.000008
vn 0.000000 1.000000 -0.000004
vn 0.000000 1.000000 -0.000002
vn 0.000000 1.000000 0.000001
vn 0.000000 1.000000 0.000000
vn 0.000000 1.000000 -0.000010
vn 0.000000 1.000000 -0.000006
vn 0.000000 1.000000 -0.000007
vn 0.000000 1.000000 -0.000015
vn 0.000000 1.000000 -0.000007
vn 0.000000 1.000000 0.000000
vn 0.000000 1.000000 0.000003
vn 0.000000 1.000000 0.000015
vn 0.000000 1.000000 0.000007
vn 0.000000 1.000000 0.000005
vn 0.000000 1.000000 -0.000001
vn 0.000000 1.000000 0.000000
vn 0.000000 1.000000 0.000000
vn 0.000000 1.000000 0.000000
vn 0.000000 1.000000 0.000000
vn 0.000000 1.000000 0.000000
vn 0.000000 1.000000 -0.000010
vn 0.000000 1.000000 -0.000004
vn 0.000000 1.000000 -0.000013
vn 0.000000 1.000000 0.000000
vn 0.000000 1.000000 0.000005
vn 0.000000 1.000000 0.000002
vn 0.000000 1.000000 0.000008
vn 0.000000 1.000000 0.000015
vn 0.000000 1.000000 0.000005
vn 0.000000 1.000000 0.000002
vn 0.000000 1.000000 -0.000003
vn 0.000000 1.000000 0.000000
vn 0.000000 1.000000 0.000000
vn 0.000000 1.000000 -0.000005
vn 0.000000 1.000000 -0.000005
vn 0.000000 1.000000 0.000008
vn 0.000000 1.000000 0.000004
vn 0.000000 1.000000 0.000002
vn 0.000000 1.000000 -0.000001
vn -0.339383 0.000000 -0.940648
vn -0.339383 0.000000 -0.940648
vn -0.338727 0.062191 -0.938827
vn -0.328440 0.015904 -0.944391
vn 0.002814 0.000000 -0.999996
vn 0.002814 0.000000 -0.999996
vn 0.063194 0.043542 -0.997051
vn 0.302287 0.189033 -0.934285
vn 0.344656 0.000000 -0.938729
vn 0.287012 0.043542 -0.956937
vn 0.344656 -0.000000 -0.938729
vn 0.041003 0.189031 -0.981115
vn 0.644936 0.000000 -0.764236
vn 0.644937 -0.000000 -0.764236
vn 0.635975 0.015904 -0.771546
vn 0.643688 0.062190 -0.762757
vn 0.867426 0.000000 -0.497566
vn 0.867426 0.000000 -0.497566
vn 0.865748 0.062191 -0.496600
vn 0.873014 0.015904 -0.487435
vn 0.985291 -0.000000 -0.170883
vn 0.985291 -0.000000 -0.170883
vn 0.992876 0.043542 -0.110908
vn 0.972584 0.189034 0.135452
vn 0.984316 -0.000000 0.176412
vn 0.992238 0.043542 0.116480
vn 0.984317 -0.000000 0.176412
vn 0.973329 0.189032 -0.129992
vn 0.864618 0.000000 0.502430
vn 0.864618 -0.000000 0.502430
vn 0.870262 0.015904 0.492333
vn 0.862945 0.062191 0.501456
vn 0.640630 -0.000000 0.767849
vn 0.640630 -0.000000 0.767849
vn 0.640633 -0.000000 0.767847
vn 0.640631 0.000000 0.767849
vn 0.339385 0.000000 0.940648
vn 0.339385 -0.000000 0.940648
vn 0.338729 0.062192 0.938827
vn 0.328443 0.015904 0.944390
vn -0.002814 -0.000000 0.999996
vn -0.002814 -0.000000 0.999996
vn -0.063194 0.043542 0.997051
vn -0.302287 0.189033 0.934285
vn -0.344651 0.000000 0.938731
vn -0.287009 0.043542 0.956938
vn -0.344652 0.000000 0.938731
vn -0.041004 0.189033 0.981114
vn -0.644939 -0.000000 0.764234
vn -0.644939 -0.000000 0.764234
vn -0.635976 0.015904 0.771545
vn -0.643690 0.062191 0.762755
vn -0.867425 0.000000 0.497568
vn -0.867425 0.000000 0.497567
vn -0.865748 0.062191 0.496601
vn -0.873012 0.015904 0.487439
vn -0.985292 0.000000 0.170881
vn -0.985292 0.000000 0.170881
vn -0.992877 0.043542 0.110906
vn -0.972585 0.189032 -0.135446
vn -0.984316 0.000000 -0.176413
vn -0.992238 0.043542 -0.116481
vn -0.984316 0.000000 -0.176413
vn -0.973329 0.189034 0.129989
vn -0.864618 -0.000000 -0.502430
vn -0.864618 -0.000000 -0.502430
vn -0.870262 0.015904 -0.492332
vn -0.862945 0.062191 -0.501455
vn -0.640630 0.000000 -0.767849
vn -0.640631 -0.000000 -0.767849
vn -0.640630 -0.000000 -0.767849
vn -0.640630 -0.000000 -0.767849
vn 0.184588 0.881514 0.434580
vn -0.000000 1.000000 0.000004
vn -0.115097 0.840863 0.528868
vn 0.115098 0.840873 -0.528852
vn -0.184589 0.881518 -0.434573
vn -0.394481 0.881510 -0.259471
vn -0.540930 0.840865 0.018462
vn -0.628711 0.777637 -0.001766
vn -0.540818 0.840865 -0.021517
vn -0.360545 0.882893 0.300846
vn -0.075735 0.840845 0.535951
vn -0.110916 0.777644 0.618844
vn 0.394483 0.881515 0.259451
vn 0.540930 0.840865 -0.018467
vn 0.628711 0.777637 0.001750
vn 0.540818 0.840865 0.021500
vn 0.360553 0.882910 -0.300786
vn 0.075736 0.840879 -0.535898
vn 0.110913 0.777633 -0.618858
vn -0.043108 0.160460 -0.986101
vn -0.032623 0.105532 -0.993881
vn 0.654801 0.192861 -0.730781
vn 0.643426 0.167797 -0.746891
vn -0.360247 0.192860 -0.912703
vn -0.343985 0.167797 -0.923861
vn 0.382884 0.160458 -0.909754
vn 0.375755 0.105532 -0.920690
vn 0.963635 0.160460 -0.213681
vn 0.973118 0.105532 -0.204707
vn 0.833386 0.192861 0.517950
vn 0.847277 0.167798 0.503951
vn 0.836282 0.192862 -0.513261
vn 0.850094 0.167798 -0.499183
vn 0.962420 0.160460 0.219089
vn 0.971953 0.105532 0.210168
vn 0.636184 0.117618 0.762520
vn 0.636190 0.117512 0.762531
vn 0.043108 0.160461 0.986101
vn 0.032623 0.105533 0.993881
vn -0.654800 0.192861 0.730781
vn -0.643425 0.167797 0.746892
vn 0.360247 0.192861 0.912703
vn 0.343985 0.167798 0.923861
vn -0.382889 0.160460 0.909752
vn -0.375759 0.105532 0.920689
vn -0.963636 0.160460 0.213680
vn -0.973117 0.105532 0.204709
vn -0.833387 0.192862 -0.517948
vn -0.847277 0.167798 -0.503949
vn -0.836281 0.192861 0.513263
vn -0.850093 0.167797 0.499186
vn -0.962420 0.160460 -0.219092
vn -0.971952 0.105532 -0.210172
vn -0.636184 0.117618 -0.762519
vn -0.636192 0.117512 -0.762529
vn 0.000000 1.000000 -0.000003
vn 0.000000 1.000000 0.000000
vn 0.000000 1.000000 -0.000017
vn 0.000000 1.000000 -0.000037
vn 0.000000 1.000000 -0.000026
vn 0.000000 1.000000 -0.000037
vn 0.000000 1.000000 0.000000
vn 0.000000 1.000000 0.000000
vn 0.000000 1.000000 0.000000
vn 0.000000 1.000000 0.000000
vn 0.000000 1.000000 -0.000002
vn 0.000000 1.000000 -0.000009
vn 0.000000 1.000000 0.000010
vn 0.000000 1.000000 -0.000009
vn 0.000000 1.000000 -0.000007
vn 0.000000 1.000000 0.000018
vn 0.000000 1.000000 0.000006
vn 0.000000 1.000000 0.000000
vn 0.000000 1.000000 0.000003
vn 0.000000 1.000000 0.000037
vn 0.000000 1.000000 0.000021
vn 0.000000 1.000000 0.000000
vn 0.000000 1.000000 -0.000006
vn 0.000000 1.000000 0.000000
vn 0.000000 1.000000 0.000000
vn 0.000000 1.000000 0.000000
vn 0.000000 1.000000 0.000000
vn 0.000000 1.000000 0.000000
vn 0.000000 1.000000 0.000002
vn 0.000000 1.000000 0.000009
vn 0.000000 1.000000 -0.000010
vn 0.000000 1.000000 0.000009
vn 0.000000 1.000000 -0.000016
vn 0.000000 1.000000 -0.000018
vn 0.000000 1.000000 -0.000006
vn 0.000000 1.000000 0.000000
vn -0.032207 0.190505 -0.981158
vn -0.032083 0.209048 -0.977379
vn 0.648230 0.116552 -0.752472
vn 0.646103 0.141582 -0.750003
vn -0.346554 0.116553 -0.930761
vn -0.345417 0.141583 -0.927707
vn 0.370945 0.190506 -0.908905
vn 0.369516 0.209049 -0.905404
vn 0.960661 0.190506 -0.202085
vn 0.956961 0.209049 -0.201306
vn 0.853605 0.116553 0.507714
vn 0.850805 0.141583 0.506049
vn 0.856443 0.116553 -0.502913
vn 0.853633 0.141583 -0.501263
vn 0.959510 0.190506 0.207481
vn 0.955814 0.209049 0.206684
vn 0.624301 0.224340 0.748278
vn 0.625027 0.219370 0.749145
vn 0.032207 0.190506 0.981158
vn 0.032083 0.209049 0.977379
vn -0.648229 0.116552 0.752473
vn -0.646102 0.141582 0.750005
vn 0.346553 0.116553 0.930761
vn 0.345416 0.141583 0.927708
vn -0.370949 0.190506 0.908903
vn -0.369520 0.209049 0.905402
vn -0.960661 0.190506 0.202085
vn -0.956961 0.209049 0.201307
vn -0.853607 0.116553 -0.507710
vn -0.850807 0.141584 -0.506045
vn -0.856442 0.116552 0.502913
vn -0.853633 0.141583 0.501263
vn -0.959510 0.190506 -0.207478
vn -0.955815 0.209049 -0.206678
vn -0.624301 0.224339 -0.748279
vn -0.625026 0.219370 -0.749146
vn -0.026577 0.586267 -0.809682
vn -0.026577 0.586273 -0.809678
vn 0.592054 0.420883 -0.687262
vn 0.592063 0.420890 -0.687250
vn -0.316517 0.420878 -0.850105
vn -0.316518 0.420881 -0.850103
vn 0.306114 0.586268 -0.750056
vn 0.306115 0.586272 -0.750052
vn 0.792766 0.586267 -0.166774
vn 0.792765 0.586267 -0.166779
vn 0.779632 0.420885 0.463713
vn 0.779632 0.420885 0.463714
vn 0.782223 0.420884 -0.459330
vn 0.782230 0.420888 -0.459315
vn 0.791815 0.586267 0.171233
vn 0.791814 0.586266 0.171243
vn 0.498579 0.627954 0.597573
vn 0.498584 0.627960 0.597562
vn 0.026577 0.586266 0.809683
vn 0.026577 0.586272 0.809679
vn -0.592054 0.420883 0.687262
vn -0.592063 0.420890 0.687250
vn 0.316519 0.420883 0.850102
vn 0.316523 0.420889 0.850098
vn -0.306116 0.586268 0.750055
vn -0.306117 0.586273 0.750051
vn -0.792765 0.586267 0.166775
vn -0.792765 0.586267 0.166780
vn -0.779633 0.420886 -0.463711
vn -0.779633 0.420886 -0.463711
vn -0.782226 0.420885 0.459324
vn -0.782229 0.420887 0.459317
vn -0.791817 0.586268 -0.171219
vn -0.791817 0.586268 -0.171218
vn -0.498577 0.627952 -0.597576
vn -0.498584 0.627960 -0.597561
s 1
g pCylinder2
usemtl blinn2SG
f 1/1/1 2/2/2 24/3/3
f 24/3/3 2/2/2 23/4/4
f 2/2/2 3/6/5 23/4/4
f 23/4/4 3/6/5 22/9/6
f 3/762/5 4/763/7 22/764/6
f 22/9/6 4/28/7 21/22/8
f 4/765/7 5/766/9 21/767/8
f 21/767/8 5/766/9 20/768/10
f 5/766/9 6/769/11 20/768/10
f 20/768/10 6/769/11 19/771/12
f 7/41/13 36/38/14 6/44/11
f 6/44/11 36/38/14 19/48/12
f 7/41/13 8/39/15 36/38/14
f 36/38/14 8/39/15 35/40/16
f 8/39/15 9/42/17 35/40/16
f 35/40/16 9/42/17 34/45/18
f 9/42/17 10/49/19 34/45/18
f 34/45/18 10/49/19 33/52/20
f 10/49/19 11/56/21 33/52/20
f 33/52/20 11/56/21 32/59/22
f 11/56/21 12/64/23 32/59/22
f 32/59/22 12/64/23 31/65/24
f 13/783/25 30/784/26 12/785/23
f 12/785/23 30/784/26 31/787/24
f 13/783/25 14/786/27 30/784/26
f 30/784/26 14/786/27 29/788/28
f 14/786/27 15/790/29 29/788/28
f 29/788/28 15/790/29 28/792/30
f 15/790/29 16/795/31 28/792/30
f 28/792/30 16/795/31 27/798/32
f 16/27/31 17/16/33 27/20/32
f 27/20/32 17/16/33 26/12/34
f 17/16/33 18/5/35 26/12/34
f 26/12/34 18/5/35 25/8/36
f 1/1/1 24/3/3 18/5/35
f 18/5/35 24/3/3 25/8/36
f 20/768/10 19/771/12 56/772/37
f 56/772/37 19/771/12 55/774/38
f 21/767/8 20/768/10 57/770/39
f 57/770/39 20/768/10 56/772/37
f 22/9/6 21/22/8 58/17/40
f 58/17/40 21/22/8 57/29/39
f 23/4/4 22/9/6 59/10/41
f 59/10/41 22/9/6 58/17/40
f 24/3/3 23/4/4 60/7/42
f 60/7/42 23/4/4 59/10/41
f 25/8/36 24/3/3 61/11/43
f 61/11/43 24/3/3 60/7/42
f 26/12/34 25/8/36 62/15/44
f 62/15/44 25/8/36 61/11/43
f 27/20/32 26/12/34 63/21/45
f 63/21/45 26/12/34 62/15/44
f 28/792/30 27/798/32 64/799/46
f 64/799/46 27/798/32 63/803/45
f 29/788/28 28/792/30 65/793/47
f 65/793/47 28/792/30 64/799/46
f 30/784/26 29/788/28 66/791/48
f 66/791/48 29/788/28 65/793/47
f 31/787/24 30/784/26 67/789/49
f 67/789/49 30/784/26 66/791/48
f 32/59/22 31/65/24 68/66/50
f 68/66/50 31/65/24 67/69/49
f 33/52/20 32/59/22 69/60/51
f 69/60/51 32/59/22 68/66/50
f 34/45/18 33/52/20 70/53/52
f 70/53/52 33/52/20 69/60/51
f 35/40/16 34/45/18 71/46/53
f 71/46/53 34/45/18 70/53/52
f 36/38/14 35/40/16 72/43/54
f 72/43/54 35/40/16 71/46/53
f 19/48/12 36/38/14 55/47/38
f 55/47/38 36/38/14 72/43/54
f 56/772/37 55/774/38 38/773/55
f 38/773/55 55/774/38 37/776/56
f 56/772/37 38/773/55 57/770/39
f 57/770/39 38/773/55 39/775/57
f 57/29/39 39/33/57 58/17/40
f 58/782/40 39/775/57 40/780/58
f 58/17/40 40/18/58 59/10/41
f 59/10/41 40/18/58 41/13/59
f 59/10/41 41/13/59 60/7/42
f 60/7/42 41/13/59 42/19/60
f 61/11/43 60/7/42 43/14/61
f 43/14/61 60/7/42 42/19/60
f 61/11/43 43/14/61 62/15/44
f 62/15/44 43/14/61 44/26/62
f 62/15/44 44/26/62 63/21/45
f 63/21/45 44/26/62 45/32/63
f 63/803/45 45/805/63 64/799/46
f 64/37/46 45/32/63 46/36/64
f 65/793/47 64/799/46 47/796/65
f 47/796/65 64/799/46 46/801/64
f 65/793/47 47/796/65 66/791/48
f 66/791/48 47/796/65 48/797/66
f 67/789/49 66/791/48 49/794/67
f 49/794/67 66/791/48 48/797/66
f 67/69/49 49/70/67 68/66/50
f 68/66/50 49/70/67 50/67/68
f 68/66/50 50/67/68 69/60/51
f 69/60/51 50/67/68 51/61/69
f 69/60/51 51/61/69 70/53/52
f 70/53/52 51/61/69 52/54/70
f 70/53/52 52/54/70 71/46/53
f 71/46/53 52/54/70 53/50/71
f 71/46/53 53/50/71 72/43/54
f 72/43/54 53/50/71 54/55/72
f 55/47/38 72/43/54 37/51/56
f 37/51/56 72/43/54 54/55/72
f 37/776/56 73/778/73 38/773/55
f 38/773/55 73/778/73 74/777/74
f 38/773/55 74/777/75 39/775/57
f 39/775/57 74/777/75 75/779/76
f 39/775/57 75/779/77 40/780/58
f 40/780/58 75/779/77 76/781/78
f 40/18/58 76/23/79 41/13/59
f 41/13/59 76/23/79 77/24/80
f 41/13/59 77/24/81 42/19/60
f 42/19/60 77/24/81 78/30/82
f 43/14/61 42/19/60 79/25/83
f 79/25/83 42/19/60 78/30/84
f 44/26/62 43/14/61 80/31/85
f 80/31/85 43/14/61 79/25/86
f 45/32/63 44/26/62 81/34/87
f 81/34/87 44/26/62 80/31/88
f 46/36/64 45/32/63 82/35/89
f 82/35/89 45/32/63 81/34/90
f 47/796/65 46/801/64 83/804/91
f 83/804/91 46/801/64 82/806/92
f 48/797/66 47/796/65 84/802/93
f 84/802/93 47/796/65 83/804/94
f 49/794/67 48/797/66 85/800/95
f 85/800/95 48/797/66 84/802/96
f 50/67/68 49/70/67 86/71/97
f 86/71/97 49/70/67 85/72/98
f 51/61/69 50/67/68 87/68/99
f 87/68/99 50/67/68 86/71/100
f 52/54/70 51/61/69 88/62/101
f 88/62/101 51/61/69 87/68/102
f 53/50/71 52/54/70 89/57/103
f 89/57/103 52/54/70 88/62/104
f 53/50/71 89/57/105 54/55/72
f 54/55/72 89/57/105 90/58/106
f 54/55/72 90/58/107 37/51/56
f 37/51/56 90/58/107 73/63/108
s 4
f 74/401/109 73/402/110 92/403/111
f 92/403/111 73/402/110 91/404/112
s 5
f 75/407/113 74/401/114 93/405/115
f 93/405/115 74/401/114 92/403/116
s 6
f 76/411/117 75/407/118 94/409/119
f 94/409/119 75/407/118 93/405/120
s 7
f 77/415/121 76/411/122 95/413/123
f 95/413/123 76/411/122 94/409/124
s 8
f 78/419/125 77/415/126 96/417/127
f 96/417/127 77/415/126 95/413/128
s 9
f 79/423/129 78/419/130 97/421/131
f 97/421/131 78/419/130 96/417/132
s 10
f 80/427/133 79/423/134 98/425/135
f 98/425/135 79/423/134 97/421/136
s 11
f 81/431/137 80/427/138 99/429/139
f 99/429/139 80/427/138 98/425/140
s 12
f 82/435/141 81/431/142 100/433/143
f 100/433/143 81/431/142 99/429/144
s 13
f 83/434/145 82/435/146 101/436/147
f 101/436/147 82/435/146 100/433/148
s 14
f 84/430/149 83/434/150 102/432/151
f 102/432/151 83/434/150 101/436/152
s 15
f 85/426/153 84/430/154 103/428/155
f 103/428/155 84/430/154 102/432/156
s 16
f 86/422/157 85/426/158 104/424/159
f 104/424/159 85/426/158 103/428/160
s 17
f 87/418/161 86/422/162 105/420/163
f 105/420/163 86/422/162 104/424/164
s 18
f 88/414/165 87/418/166 106/416/167
f 106/416/167 87/418/166 105/420/168
s 19
f 89/410/169 88/414/170 107/412/171
f 107/412/171 88/414/170 106/416/172
s 20
f 90/406/173 89/410/174 108/408/175
f 108/408/175 89/410/174 107/412/176
s 21
f 73/402/177 90/406/178 91/404/179
f 91/404/179 90/406/178 108/408/180
s 22
f 92/807/181 91/808/182 110/809/183
f 110/809/183 91/808/182 109/810/184
s 23
f 93/812/185 92/807/186 111/811/187
f 111/811/187 92/807/186 110/809/188
s 24
f 94/814/189 93/812/190 112/813/191
f 112/813/191 93/812/190 111/811/192
s 25
f 95/74/193 94/78/194 113/76/195
f 113/76/195 94/78/194 112/80/196
s 26
f 96/73/197 95/74/198 114/75/199
f 114/75/199 95/74/198 113/76/200
s 27
f 97/79/201 96/73/202 115/77/203
f 115/77/203 96/73/202 114/75/204
s 28
f 98/82/205 97/79/206 116/81/207
f 116/81/207 97/79/206 115/77/208
s 29
f 99/84/209 98/82/210 117/83/211
f 117/83/211 98/82/210 116/81/212
s 30
f 100/86/213 99/84/214 118/85/215
f 118/85/215 99/84/214 117/83/216
s 31
f 101/815/217 100/816/218 119/817/219
f 119/817/219 100/816/218 118/818/220
s 32
f 102/820/221 101/815/222 120/819/223
f 120/819/223 101/815/222 119/817/224
s 33
f 103/822/225 102/820/226 121/821/227
f 121/821/227 102/820/226 120/819/228
s 34
f 104/88/229 103/92/230 122/90/231
f 122/90/231 103/92/230 121/94/232
s 35
f 105/87/233 104/88/234 123/89/235
f 123/89/235 104/88/234 122/90/236
s 36
f 106/93/237 105/87/238 124/91/239
f 124/91/239 105/87/238 123/89/240
s 37
f 107/96/241 106/93/242 125/95/243
f 125/95/243 106/93/242 124/91/244
s 38
f 108/98/245 107/96/246 126/97/247
f 126/97/247 107/96/246 125/95/248
s 39
f 91/100/249 108/98/250 109/99/251
f 109/99/251 108/98/250 126/97/252
s 40
f 110/437/253 109/438/254 128/439/255
f 128/439/255 109/438/254 127/440/256
s 41
f 111/443/257 110/437/258 129/441/259
f 129/441/259 110/437/258 128/439/260
s 42
f 112/447/261 111/443/262 130/445/263
f 130/445/263 111/443/262 129/441/264
s 43
f 113/451/265 112/447/266 131/449/267
f 131/449/267 112/447/266 130/445/268
s 44
f 114/455/269 113/451/270 132/453/271
f 132/453/271 113/451/270 131/449/272
s 45
f 115/459/273 114/455/274 133/457/275
f 133/457/275 114/455/274 132/453/276
s 46
f 116/463/277 115/459/278 134/461/279
f 134/461/279 115/459/278 133/457/280
s 47
f 117/467/281 116/463/282 135/465/283
f 135/465/283 116/463/282 134/461/284
s 48
f 118/471/285 117/467/286 136/469/287
f 136/469/287 117/467/286 135/465/288
s 49
f 119/470/289 118/471/290 137/472/291
f 137/472/291 118/471/290 136/469/292
s 50
f 120/466/293 119/470/294 138/468/295
f 138/468/295 119/470/294 137/472/296
s 51
f 121/462/297 120/466/298 139/464/299
f 139/464/299 120/466/298 138/468/300
s 52
f 122/458/301 121/462/302 140/460/303
f 140/460/303 121/462/302 139/464/304
s 53
f 123/454/305 122/458/306 141/456/307
f 141/456/307 122/458/306 140/460/308
s 54
f 124/450/309 123/454/310 142/452/311
f 142/452/311 123/454/310 141/456/312
s 55
f 125/446/313 124/450/314 143/448/315
f 143/448/315 124/450/314 142/452/316
s 56
f 126/442/317 125/446/318 144/444/319
f 144/444/319 125/446/318 143/448/320
s 57
f 109/438/321 126/442/322 127/440/323
f 127/440/323 126/442/322 144/444/324
s 58
f 128/823/325 127/824/326 146/825/327
f 146/825/327 127/824/326 145/826/328
s 59
f 129/829/329 128/823/330 147/827/331
f 147/827/331 128/823/330 146/825/332
s 60
f 130/834/333 129/829/334 148/832/335
f 148/832/335 129/829/334 147/827/336
s 61
f 131/102/337 130/106/338 149/104/339
f 149/104/339 130/106/338 148/110/340
s 62
f 132/101/341 131/102/342 150/103/343
f 150/103/343 131/102/342 149/104/344
s 63
f 133/108/345 132/101/346 151/105/347
f 151/105/347 132/101/346 150/103/348
s 64
f 134/116/349 133/108/350 152/112/351
f 152/112/351 133/108/350 151/105/352
s 65
f 135/123/353 134/116/354 153/120/355
f 153/120/355 134/116/354 152/112/356
s 66
f 136/126/357 135/123/358 154/124/359
f 154/124/359 135/123/358 153/120/360
s 67
f 137/835/361 136/836/362 155/837/363
f 155/837/363 136/836/362 154/838/364
s 68
f 138/841/365 137/835/366 156/839/367
f 156/839/367 137/835/366 155/837/368
s 69
f 139/846/369 138/841/370 157/844/371
f 157/844/371 138/841/370 156/839/372
s 70
f 140/128/373 139/132/374 158/130/375
f 158/130/375 139/132/374 157/136/376
s 71
f 141/127/377 140/128/378 159/129/379
f 159/129/379 140/128/378 158/130/380
s 72
f 142/134/381 141/127/382 160/131/383
f 160/131/383 141/127/382 159/129/384
s 73
f 143/142/385 142/134/386 161/138/387
f 161/138/387 142/134/386 160/131/388
s 74
f 144/149/389 143/142/390 162/146/391
f 162/146/391 143/142/390 161/138/392
s 75
f 127/152/393 144/149/394 145/150/395
f 145/150/395 144/149/394 162/146/396
s 76
f 146/825/397 145/826/398 164/828/399
f 164/828/399 145/826/398 163/831/400
s 77
f 147/827/401 146/825/402 165/830/403
f 165/830/403 146/825/402 164/828/404
s 78
f 148/832/405 147/827/406 166/833/407
f 166/833/407 147/827/406 165/830/408
s 79
f 149/104/409 148/110/410 167/111/411
f 167/111/411 148/110/410 166/118/412
s 80
f 150/103/413 149/104/414 168/107/415
f 168/107/415 149/104/414 167/111/416
s 81
f 151/105/417 150/103/418 169/109/419
f 169/109/419 150/103/418 168/107/420
s 82
f 152/112/421 151/105/422 170/113/423
f 170/113/423 151/105/422 169/109/424
s 83
f 153/120/425 152/112/426 171/121/427
f 171/121/427 152/112/426 170/113/428
s 84
f 154/124/429 153/120/430 172/125/431
f 172/125/431 153/120/430 171/121/432
s 85
f 155/837/433 154/838/434 173/840/435
f 173/840/435 154/838/434 172/843/436
s 86
f 156/839/437 155/837/438 174/842/439
f 174/842/439 155/837/438 173/840/440
s 87
f 157/844/441 156/839/442 175/845/443
f 175/845/443 156/839/442 174/842/444
s 88
f 158/130/445 157/136/446 176/137/447
f 176/137/447 157/136/446 175/144/448
s 89
f 159/129/449 158/130/450 177/133/451
f 177/133/451 158/130/450 176/137/452
s 90
f 160/131/453 159/129/454 178/135/455
f 178/135/455 159/129/454 177/133/456
s 91
f 161/138/457 160/131/458 179/139/459
f 179/139/459 160/131/458 178/135/460
s 92
f 162/146/461 161/138/462 180/147/463
f 180/147/463 161/138/462 179/139/464
s 93
f 145/150/465 162/146/466 163/151/467
f 163/151/467 162/146/466 180/147/468
s 94
f 164/479/469 163/476/470 182/473/471
f 182/473/471 163/476/470 181/474/472
s 95
f 165/489/473 164/479/474 183/483/475
f 183/483/475 164/479/474 182/473/476
s 96
f 166/501/477 165/489/478 184/493/479
f 184/493/479 165/489/478 183/483/480
s 97
f 167/510/481 166/501/482 185/503/483
f 185/503/483 166/501/482 184/493/484
s 98
f 168/107/485 167/111/486 186/114/487
f 186/114/487 167/111/486 185/119/488
s 99
f 169/109/489 168/107/490 187/115/491
f 187/115/491 168/107/490 186/114/492
s 100
f 170/113/493 169/109/494 188/117/495
f 188/117/495 169/109/494 187/115/496
s 101
f 171/121/497 170/113/498 189/122/499
f 189/122/499 170/113/498 188/117/500
s 102
f 172/555/501 171/552/502 190/548/503
f 190/548/503 171/552/502 189/539/504
s 103
f 173/546/505 172/555/506 191/547/507
f 191/547/507 172/555/506 190/548/508
s 104
f 174/537/509 173/546/510 192/538/511
f 192/538/511 173/546/510 191/547/512
s 105
f 175/529/513 174/537/514 193/527/515
f 193/527/515 174/537/514 192/538/516
s 106
f 176/536/517 175/529/518 194/519/519
f 194/519/519 175/529/518 193/527/520
s 107
f 177/133/521 176/137/522 195/140/523
f 195/140/523 176/137/522 194/145/524
s 108
f 178/135/525 177/133/526 196/141/527
f 196/141/527 177/133/526 195/140/528
s 109
f 179/139/529 178/135/530 197/143/531
f 197/143/531 178/135/530 196/141/532
s 110
f 180/147/533 179/139/534 198/148/535
f 198/148/535 179/139/534 197/143/536
s 111
f 163/476/537 180/480/538 181/474/539
f 181/474/539 180/480/538 198/481/540
s 112
f 182/473/541 181/474/542 200/475/543
f 200/475/543 181/474/542 199/477/544
s 113
f 183/483/545 182/473/546 201/478/547
f 201/478/547 182/473/546 200/475/548
s 114
f 184/493/549 183/483/550 202/487/551
f 202/487/551 183/483/550 201/478/552
s 115
f 185/503/553 184/493/554 203/498/555
f 203/498/555 184/493/554 202/487/556
s 116
f 186/512/557 185/503/558 204/507/559
f 204/507/559 185/503/558 203/498/560
s 117
f 187/520/561 186/512/562 205/516/563
f 205/516/563 186/512/562 204/507/564
s 118
f 188/528/565 187/520/566 206/524/567
f 206/524/567 187/520/566 205/516/568
s 119
f 189/539/569 188/528/570 207/533/571
f 207/533/571 188/528/570 206/524/572
s 120
f 190/548/573 189/539/574 208/543/575
f 208/543/575 189/539/574 207/533/576
s 121
f 191/547/577 190/548/578 209/549/579
f 209/549/579 190/548/578 208/543/580
s 122
f 192/538/581 191/547/582 210/540/583
f 210/540/583 191/547/582 209/549/584
s 123
f 193/527/585 192/538/586 211/530/587
f 211/530/587 192/538/586 210/540/588
s 124
f 194/519/589 193/527/590 212/521/591
f 212/521/591 193/527/590 211/530/592
s 125
f 195/511/593 194/519/594 213/513/595
f 213/513/595 194/519/594 212/521/596
s 126
f 196/502/597 195/511/598 214/504/599
f 214/504/599 195/511/598 213/513/600
s 127
f 197/490/601 196/502/602 215/495/603
f 215/495/603 196/502/602 214/504/604
s 128
f 198/481/605 197/490/606 216/485/607
f 216/485/607 197/490/606 215/495/608
s 129
f 181/474/609 198/481/610 199/477/611
f 199/477/611 198/481/610 216/485/612
s 130
f 200/475/613 199/477/614 363/482/615
f 363/482/615 199/477/614 362/486/616
s 131
f 201/478/617 200/475/618 364/484/619
f 364/484/619 200/475/618 363/482/620
s 132
f 202/487/621 201/478/622 365/488/623
f 365/488/623 201/478/622 364/484/624
s 133
f 203/498/625 202/487/626 366/499/627
f 366/499/627 202/487/626 365/488/628
s 134
f 204/507/629 203/498/630 367/508/631
f 367/508/631 203/498/630 366/499/632
s 135
f 205/516/633 204/507/634 368/517/635
f 368/517/635 204/507/634 367/508/636
s 136
f 206/524/637 205/516/638 369/525/639
f 369/525/639 205/516/638 368/517/640
s 137
f 207/533/641 206/524/642 370/534/643
f 370/534/643 206/524/642 369/525/644
s 138
f 208/543/645 207/533/646 371/544/647
f 371/544/647 207/533/646 370/534/648
s 139
f 209/549/649 208/543/650 372/553/651
f 372/553/651 208/543/650 371/544/652
s 140
f 210/540/653 209/549/654 373/550/655
f 373/550/655 209/549/654 372/553/656
s 141
f 211/530/657 210/540/658 374/541/659
f 374/541/659 210/540/658 373/550/660
s 142
f 212/521/661 211/530/662 375/531/663
f 375/531/663 211/530/662 374/541/664
s 143
f 213/513/665 212/521/666 376/522/667
f 376/522/667 212/521/666 375/531/668
s 144
f 214/504/669 213/513/670 377/514/671
f 377/514/671 213/513/670 376/522/672
s 145
f 215/495/673 214/504/674 378/505/675
f 378/505/675 214/504/674 377/514/676
s 146
f 216/485/677 215/495/678 379/496/679
f 379/496/679 215/495/678 378/505/680
s 147
f 199/477/681 216/485/682 362/486/683
f 362/486/683 216/485/682 379/496/684
s 148
f 218/847/685 217/848/686 381/849/687
f 381/849/687 217/848/686 380/850/688
s 149
f 219/853/689 218/847/690 382/851/691
f 382/851/691 218/847/690 381/849/692
s 150
f 220/860/693 219/853/694 383/856/695
f 383/856/695 219/853/694 382/851/696
s 151
f 221/154/697 220/158/698 384/156/699
f 384/156/699 220/158/698 383/162/700
s 152
f 222/153/701 221/154/702 385/155/703
f 385/155/703 221/154/702 384/156/704
s 153
f 223/160/705 222/153/706 386/157/707
f 386/157/707 222/153/706 385/155/708
s 154
f 224/168/709 223/160/710 387/164/711
f 387/164/711 223/160/710 386/157/712
s 155
f 225/178/713 224/168/714 388/172/715
f 388/172/715 224/168/714 387/164/716
s 156
f 226/190/717 225/178/718 389/182/719
f 389/182/719 225/178/718 388/172/720
s 157
f 227/875/721 226/876/722 390/877/723
f 390/877/723 226/876/722 389/878/724
s 158
f 228/881/725 227/875/726 391/879/727
f 391/879/727 227/875/726 390/877/728
s 159
f 229/888/729 228/881/730 392/884/731
f 392/884/731 228/881/730 391/879/732
s 160
f 230/203/733 229/207/734 393/205/735
f 393/205/735 229/207/734 392/211/736
s 161
f 231/202/737 230/203/738 394/204/739
f 394/204/739 230/203/738 393/205/740
s 162
f 232/209/741 231/202/742 395/206/743
f 395/206/743 231/202/742 394/204/744
s 163
f 233/217/745 232/209/746 396/213/747
f 396/213/747 232/209/746 395/206/748
s 164
f 234/227/749 233/217/750 397/221/751
f 397/221/751 233/217/750 396/213/752
s 165
f 217/239/753 234/227/754 380/231/755
f 380/231/755 234/227/754 397/221/756
s 166
f 2/557/757 1/558/758 254/559/759
f 254/559/759 1/558/758 253/560/760
s 167
f 3/563/761 2/557/762 255/561/763
f 255/561/763 2/557/762 254/559/764
s 168
f 4/567/765 3/563/766 256/565/767
f 256/565/767 3/563/766 255/561/768
s 169
f 5/571/769 4/567/770 257/569/771
f 257/569/771 4/567/770 256/565/772
s 170
f 6/575/773 5/571/774 258/573/775
f 258/573/775 5/571/774 257/569/776
s 171
f 7/579/777 6/575/778 259/577/779
f 259/577/779 6/575/778 258/573/780
s 172
f 8/583/781 7/579/782 260/581/783
f 260/581/783 7/579/782 259/577/784
s 173
f 9/587/785 8/583/786 261/585/787
f 261/585/787 8/583/786 260/581/788
s 174
f 10/591/789 9/587/790 262/589/791
f 262/589/791 9/587/790 261/585/792
s 175
f 11/590/793 10/591/794 263/592/795
f 263/592/795 10/591/794 262/589/796
s 176
f 12/586/797 11/590/798 264/588/799
f 264/588/799 11/590/798 263/592/800
s 177
f 13/582/801 12/586/802 265/584/803
f 265/584/803 12/586/802 264/588/804
s 178
f 14/578/805 13/582/806 266/580/807
f 266/580/807 13/582/806 265/584/808
s 179
f 15/574/809 14/578/810 267/576/811
f 267/576/811 14/578/810 266/580/812
s 180
f 16/570/813 15/574/814 268/572/815
f 268/572/815 15/574/814 267/576/816
s 181
f 17/566/817 16/570/818 269/568/819
f 269/568/819 16/570/818 268/572/820
s 182
f 18/562/821 17/566/822 270/564/823
f 270/564/823 17/566/822 269/568/824
s 183
f 1/558/825 18/562/826 253/560/827
f 253/560/827 18/562/826 270/564/828
s 184
f 254/251/829 253/252/830 272/253/831
f 272/253/831 253/252/830 271/254/832
s 185
f 255/257/833 254/251/834 273/255/835
f 273/255/835 254/251/834 272/253/836
s 186
f 256/903/837 255/904/838 274/905/839
f 274/905/839 255/904/838 273/906/840
s 187
f 257/908/841 256/903/842 275/907/843
f 275/907/843 256/903/842 274/905/844
s 188
f 258/910/845 257/908/846 276/909/847
f 276/909/847 257/908/846 275/907/848
s 189
f 259/270/849 258/274/850 277/272/851
f 277/272/851 258/274/850 276/276/852
s 190
f 260/266/853 259/270/854 278/268/855
f 278/268/855 259/270/854 277/272/856
s 191
f 261/265/857 260/266/858 279/267/859
f 279/267/859 260/266/858 278/268/860
s 192
f 262/271/861 261/265/862 280/269/863
f 280/269/863 261/265/862 279/267/864
s 193
f 263/275/865 262/271/866 281/273/867
f 281/273/867 262/271/866 280/269/868
s 194
f 264/278/869 263/275/870 282/277/871
f 282/277/871 263/275/870 281/273/872
s 195
f 265/911/873 264/912/874 283/913/875
f 283/913/875 264/912/874 282/914/876
s 196
f 266/916/877 265/911/878 284/915/879
f 284/915/879 265/911/878 283/913/880
s 197
f 267/918/881 266/916/882 285/917/883
f 285/917/883 266/916/882 284/915/884
s 198
f 268/261/885 267/263/886 286/262/887
f 286/262/887 267/263/886 285/264/888
s 199
f 269/259/889 268/261/890 287/260/891
f 287/260/891 268/261/890 286/262/892
s 200
f 270/256/893 269/259/894 288/258/895
f 288/258/895 269/259/894 287/260/896
s 201
f 253/252/897 270/256/898 271/254/899
f 271/254/899 270/256/898 288/258/900
s 202
f 272/593/901 271/594/902 290/595/903
f 290/595/903 271/594/902 289/596/904
s 203
f 273/599/905 272/593/906 291/597/907
f 291/597/907 272/593/906 290/595/908
s 204
f 274/603/909 273/599/910 292/601/911
f 292/601/911 273/599/910 291/597/912
s 205
f 275/607/913 274/603/914 293/605/915
f 293/605/915 274/603/914 292/601/916
s 206
f 276/611/917 275/607/918 294/609/919
f 294/609/919 275/607/918 293/605/920
s 207
f 277/615/921 276/611/922 295/613/923
f 295/613/923 276/611/922 294/609/924
s 208
f 278/619/925 277/615/926 296/617/927
f 296/617/927 277/615/926 295/613/928
s 209
f 279/623/929 278/619/930 297/621/931
f 297/621/931 278/619/930 296/617/932
s 210
f 280/627/933 279/623/934 298/625/935
f 298/625/935 279/623/934 297/621/936
s 211
f 281/626/937 280/627/938 299/628/939
f 299/628/939 280/627/938 298/625/940
s 212
f 282/622/941 281/626/942 300/624/943
f 300/624/943 281/626/942 299/628/944
s 213
f 283/618/945 282/622/946 301/620/947
f 301/620/947 282/622/946 300/624/948
s 214
f 284/614/949 283/618/950 302/616/951
f 302/616/951 283/618/950 301/620/952
s 215
f 285/610/953 284/614/954 303/612/955
f 303/612/955 284/614/954 302/616/956
s 216
f 286/606/957 285/610/958 304/608/959
f 304/608/959 285/610/958 303/612/960
s 217
f 287/602/961 286/606/962 305/604/963
f 305/604/963 286/606/962 304/608/964
s 218
f 288/598/965 287/602/966 306/600/967
f 306/600/967 287/602/966 305/604/968
s 219
f 271/594/969 288/598/970 289/596/971
f 289/596/971 288/598/970 306/600/972
s 220
f 290/279/973 289/280/974 308/281/975
f 308/281/975 289/280/974 307/282/976
s 221
f 291/286/977 290/279/978 309/283/979
f 309/283/979 290/279/978 308/281/980
s 222
f 292/919/981 291/920/982 310/921/983
f 310/921/983 291/920/982 309/922/984
s 223
f 293/925/985 292/919/986 311/923/987
f 311/923/987 292/919/986 310/921/988
s 224
f 294/930/989 293/925/990 312/928/991
f 312/928/991 293/925/990 311/923/992
s 225
f 295/305/993 294/313/994 313/309/995
f 313/309/995 294/313/994 312/315/996
s 226
f 296/301/997 295/305/998 314/303/999
f 314/303/999 295/305/998 313/309/1000
s 227
f 297/300/1001 296/301/1002 315/302/1003
f 315/302/1003 296/301/1002 314/303/1004
s 228
f 298/307/1005 297/300/1006 316/304/1007
f 316/304/1007 297/300/1006 315/302/1008
s 229
f 299/314/1009 298/307/1010 317/311/1011
f 317/311/1011 298/307/1010 316/304/1012
s 230
f 300/319/1013 299/314/1014 318/317/1015
f 318/317/1015 299/314/1014 317/311/1016
s 231
f 301/931/1017 300/932/1018 319/933/1019
f 319/933/1019 300/932/1018 318/934/1020
s 232
f 302/937/1021 301/931/1022 320/935/1023
f 320/935/1023 301/931/1022 319/933/1024
s 233
f 303/942/1025 302/937/1026 321/940/1027
f 321/940/1027 302/937/1026 320/935/1028
s 234
f 304/293/1029 303/296/1030 322/294/1031
f 322/294/1031 303/296/1030 321/297/1032
s 235
f 305/290/1033 304/293/1034 323/291/1035
f 323/291/1035 304/293/1034 322/294/1036
s 236
f 306/284/1037 305/290/1038 324/288/1039
f 324/288/1039 305/290/1038 323/291/1040
s 237
f 289/280/1041 306/284/1042 307/282/1043
f 307/282/1043 306/284/1042 324/288/1044
s 238
f 308/281/1045 307/282/1046 326/285/1047
f 326/285/1047 307/282/1046 325/289/1048
s 239
f 309/283/1049 308/281/1050 327/287/1051
f 327/287/1051 308/281/1050 326/285/1052
s 240
f 310/921/1053 309/922/1054 328/924/1055
f 328/924/1055 309/922/1054 327/927/1056
s 241
f 311/923/1057 310/921/1058 329/926/1059
f 329/926/1059 310/921/1058 328/924/1060
s 242
f 312/928/1061 311/923/1062 330/929/1063
f 330/929/1063 311/923/1062 329/926/1064
s 243
f 313/309/1065 312/315/1066 331/316/1067
f 331/316/1067 312/315/1066 330/320/1068
s 244
f 314/303/1069 313/309/1070 332/310/1071
f 332/310/1071 313/309/1070 331/316/1072
s 245
f 315/302/1073 314/303/1074 333/306/1075
f 333/306/1075 314/303/1074 332/310/1076
s 246
f 316/304/1077 315/302/1078 334/308/1079
f 334/308/1079 315/302/1078 333/306/1080
s 247
f 317/311/1081 316/304/1082 335/312/1083
f 335/312/1083 316/304/1082 334/308/1084
s 248
f 318/317/1085 317/311/1086 336/318/1087
f 336/318/1087 317/311/1086 335/312/1088
s 249
f 319/933/1089 318/934/1090 337/936/1091
f 337/936/1091 318/934/1090 336/939/1092
s 250
f 320/935/1093 319/933/1094 338/938/1095
f 338/938/1095 319/933/1094 337/936/1096
s 251
f 321/940/1097 320/935/1098 339/941/1099
f 339/941/1099 320/935/1098 338/938/1100
s 252
f 322/294/1101 321/297/1102 340/298/1103
f 340/298/1103 321/297/1102 339/299/1104
s 253
f 323/291/1105 322/294/1106 341/295/1107
f 341/295/1107 322/294/1106 340/298/1108
s 254
f 324/288/1109 323/291/1110 342/292/1111
f 342/292/1111 323/291/1110 341/295/1112
s 255
f 307/282/1113 324/288/1114 325/289/1115
f 325/289/1115 324/288/1114 342/292/1116
s 256
f 326/629/1117 325/630/1118 344/631/1119
f 344/631/1119 325/630/1118 343/632/1120
s 257
f 327/636/1121 326/629/1122 345/633/1123
f 345/633/1123 326/629/1122 344/631/1124
s 258
f 328/641/1125 327/636/1126 346/638/1127
f 346/638/1127 327/636/1126 345/633/1128
s 259
f 329/647/1129 328/641/1130 347/642/1131
f 347/642/1131 328/641/1130 346/638/1132
s 260
f 330/652/1133 329/647/1134 348/644/1135
f 348/644/1135 329/647/1134 347/642/1136
s 261
f 331/656/1137 330/652/1138 349/648/1139
f 349/648/1139 330/652/1138 348/644/1140
s 262
f 332/660/1141 331/656/1142 350/651/1143
f 350/651/1143 331/656/1142 349/648/1144
s 263
f 333/663/1145 332/660/1146 351/655/1147
f 351/655/1147 332/660/1146 350/651/1148
s 264
f 334/665/1149 333/663/1150 352/659/1151
f 352/659/1151 333/663/1150 351/655/1152
s 265
f 335/664/1153 334/665/1154 353/662/1155
f 353/662/1155 334/665/1154 352/659/1156
s 266
f 336/661/1157 335/664/1158 354/658/1159
f 354/658/1159 335/664/1158 353/662/1160
s 267
f 337/657/1161 336/661/1162 355/654/1163
f 355/654/1163 336/661/1162 354/658/1164
s 268
f 338/653/1165 337/657/1166 356/650/1167
f 356/650/1167 337/657/1166 355/654/1168
s 269
f 339/649/1169 338/653/1170 357/646/1171
f 357/646/1171 338/653/1170 356/650/1172
s 270
f 340/645/1173 339/649/1174 358/643/1175
f 358/643/1175 339/649/1174 357/646/1176
s 271
f 341/639/1177 340/645/1178 359/640/1179
f 359/640/1179 340/645/1178 358/643/1180
s 272
f 342/634/1181 341/639/1182 360/637/1183
f 360/637/1183 341/639/1182 359/640/1184
s 273
f 325/630/1185 342/634/1186 343/632/1187
f 343/632/1187 342/634/1186 360/637/1188
s 274
f 352/659/1189 361/635/1190 353/662/1191
f 344/631/1192 343/632/1193 361/635/1190
f 361/635/1190 343/632/1193 360/637/1194
f 361/635/1190 360/637/1194 359/640/1195
f 361/635/1190 359/640/1195 358/643/1196
f 361/635/1190 358/643/1196 357/646/1197
f 361/635/1190 357/646/1197 356/650/1198
f 361/635/1190 356/650/1198 355/654/1199
f 361/635/1190 355/654/1199 354/658/1200
f 361/635/1190 354/658/1200 353/662/1191
f 351/655/1201 361/635/1190 352/659/1189
f 350/651/1202 361/635/1190 351/655/1201
f 349/648/1203 361/635/1190 350/651/1202
f 348/644/1204 361/635/1190 349/648/1203
f 347/642/1205 361/635/1190 348/644/1204
f 346/638/1206 361/635/1190 347/642/1205
f 345/633/1207 361/635/1190 346/638/1206
f 344/631/1192 361/635/1190 345/633/1207
s 130
f 363/482/615 362/486/616 218/491/1208
f 218/491/1208 362/486/616 217/497/1209
s 131
f 364/484/619 363/482/620 219/492/1210
f 219/492/1210 363/482/620 218/491/1211
s 132
f 365/488/623 364/484/624 220/494/1212
f 220/494/1212 364/484/624 219/492/1213
s 133
f 366/499/627 365/488/628 221/500/1214
f 221/500/1214 365/488/628 220/494/1215
s 134
f 367/508/631 366/499/632 222/509/1216
f 222/509/1216 366/499/632 221/500/1217
s 135
f 368/517/635 367/508/636 223/518/1218
f 223/518/1218 367/508/636 222/509/1219
s 136
f 369/525/639 368/517/640 224/526/1220
f 224/526/1220 368/517/640 223/518/1221
s 137
f 370/534/643 369/525/644 225/535/1222
f 225/535/1222 369/525/644 224/526/1223
s 138
f 371/544/647 370/534/648 226/545/1224
f 226/545/1224 370/534/648 225/535/1225
s 139
f 372/553/651 371/544/652 227/554/1226
f 227/554/1226 371/544/652 226/545/1227
s 140
f 373/550/655 372/553/656 228/556/1228
f 228/556/1228 372/553/656 227/554/1229
s 141
f 374/541/659 373/550/660 229/551/1230
f 229/551/1230 373/550/660 228/556/1231
s 142
f 375/531/663 374/541/664 230/542/1232
f 230/542/1232 374/541/664 229/551/1233
s 143
f 376/522/667 375/531/668 231/532/1234
f 231/532/1234 375/531/668 230/542/1235
s 144
f 377/514/671 376/522/672 232/523/1236
f 232/523/1236 376/522/672 231/532/1237
s 145
f 378/505/675 377/514/676 233/515/1238
f 233/515/1238 377/514/676 232/523/1239
s 146
f 379/496/679 378/505/680 234/506/1240
f 234/506/1240 378/505/680 233/515/1241
s 147
f 362/486/683 379/496/684 217/497/1242
f 217/497/1242 379/496/684 234/506/1243
s 148
f 381/849/687 380/850/688 399/852/1244
f 399/852/1244 380/850/688 398/855/1245
s 149
f 382/851/691 381/849/692 400/854/1246
f 400/854/1246 381/849/692 399/852/1247
s 150
f 383/856/695 382/851/696 401/857/1248
f 401/857/1248 382/851/696 400/854/1249
s 151
f 384/156/699 383/162/700 402/163/1250
f 402/163/1250 383/162/700 401/170/1251
s 152
f 385/155/703 384/156/704 403/159/1252
f 403/159/1252 384/156/704 402/163/1253
s 153
f 386/157/707 385/155/708 404/161/1254
f 404/161/1254 385/155/708 403/159/1255
s 154
f 387/164/711 386/157/712 405/165/1256
f 405/165/1256 386/157/712 404/161/1257
s 155
f 388/172/715 387/164/716 406/173/1258
f 406/173/1258 387/164/716 405/165/1259
s 156
f 389/182/719 388/172/720 407/183/1260
f 407/183/1260 388/172/720 406/173/1261
s 157
f 390/877/723 389/878/724 408/880/1262
f 408/880/1262 389/878/724 407/883/1263
s 158
f 391/879/727 390/877/728 409/882/1264
f 409/882/1264 390/877/728 408/880/1265
s 159
f 392/884/731 391/879/732 410/885/1266
f 410/885/1266 391/879/732 409/882/1267
s 160
f 393/205/735 392/211/736 411/212/1268
f 411/212/1268 392/211/736 410/219/1269
s 161
f 394/204/739 393/205/740 412/208/1270
f 412/208/1270 393/205/740 411/212/1271
s 162
f 395/206/743 394/204/744 413/210/1272
f 413/210/1272 394/204/744 412/208/1273
s 163
f 396/213/747 395/206/748 414/214/1274
f 414/214/1274 395/206/748 413/210/1275
s 164
f 397/221/751 396/213/752 415/222/1276
f 415/222/1276 396/213/752 414/214/1277
s 165
f 380/231/755 397/221/756 398/232/1278
f 398/232/1278 397/221/756 415/222/1279
s 276
f 435/858/1280 434/862/1281 437/863/1282
f 437/863/1282 434/862/1281 436/866/1283
s 277
f 438/859/1284 435/858/1285 439/864/1286
f 439/864/1286 435/858/1285 437/863/1287
s 278
f 440/861/1288 438/859/1289 441/865/1290
f 441/865/1290 438/859/1289 439/864/1291
s 279
f 442/171/1292 440/180/1293 443/181/1294
f 443/181/1294 440/180/1293 441/192/1295
s 280
f 444/166/1296 442/171/1297 445/175/1298
f 445/175/1298 442/171/1297 443/181/1299
s 281
f 446/167/1300 444/166/1301 447/176/1302
f 447/176/1302 444/166/1301 445/175/1303
s 282
f 448/169/1304 446/167/1305 449/177/1306
f 449/177/1306 446/167/1305 447/176/1307
s 283
f 450/174/1308 448/169/1309 451/179/1310
f 451/179/1310 448/169/1309 449/177/1311
s 284
f 452/184/1312 450/174/1313 453/185/1314
f 453/185/1314 450/174/1313 451/179/1315
s 285
f 454/886/1316 452/890/1317 455/891/1318
f 455/891/1318 452/890/1317 453/894/1319
s 286
f 456/887/1320 454/886/1321 457/892/1322
f 457/892/1322 454/886/1321 455/891/1323
s 287
f 458/889/1324 456/887/1325 459/893/1326
f 459/893/1326 456/887/1325 457/892/1327
s 288
f 460/220/1328 458/229/1329 461/230/1330
f 461/230/1330 458/229/1329 459/241/1331
s 289
f 462/215/1332 460/220/1333 463/224/1334
f 463/224/1334 460/220/1333 461/230/1335
s 290
f 464/216/1336 462/215/1337 465/225/1338
f 465/225/1338 462/215/1337 463/224/1339
s 291
f 466/218/1340 464/216/1341 467/226/1342
f 467/226/1342 464/216/1341 465/225/1343
s 292
f 468/223/1344 466/218/1345 469/228/1346
f 469/228/1346 466/218/1345 467/226/1347
s 293
f 434/233/1348 468/223/1349 436/234/1350
f 436/234/1350 468/223/1349 469/228/1351
s 294
f 417/867/1352 416/870/1353 236/871/1354
f 236/871/1354 416/870/1353 235/874/1355
s 295
f 418/868/1356 417/867/1357 237/872/1358
f 237/872/1358 417/867/1357 236/871/1359
s 296
f 419/869/1360 418/868/1361 238/873/1362
f 238/873/1362 418/868/1361 237/872/1363
s 297
f 420/193/1364 419/199/1365 239/200/1366
f 239/200/1366 419/199/1365 238/201/1367
s 298
f 421/186/1368 420/193/1369 240/194/1370
f 240/194/1370 420/193/1369 239/200/1371
s 299
f 422/187/1372 421/186/1373 241/195/1374
f 241/195/1374 421/186/1373 240/194/1375
s 300
f 423/188/1376 422/187/1377 242/196/1378
f 242/196/1378 422/187/1377 241/195/1379
s 301
f 424/189/1380 423/188/1381 243/197/1382
f 243/197/1382 423/188/1381 242/196/1383
s 302
f 425/191/1384 424/189/1385 244/198/1386
f 244/198/1386 424/189/1385 243/197/1387
s 303
f 426/895/1388 425/898/1389 245/899/1390
f 245/899/1390 425/898/1389 244/902/1391
s 304
f 427/896/1392 426/895/1393 246/900/1394
f 246/900/1394 426/895/1393 245/899/1395
s 305
f 428/897/1396 427/896/1397 247/901/1398
f 247/901/1398 427/896/1397 246/900/1399
s 306
f 429/242/1400 428/248/1401 248/249/1402
f 248/249/1402 428/248/1401 247/250/1403
s 307
f 430/235/1404 429/242/1405 249/243/1406
f 249/243/1406 429/242/1405 248/249/1407
s 308
f 431/236/1408 430/235/1409 250/244/1410
f 250/244/1410 430/235/1409 249/243/1411
s 309
f 432/237/1412 431/236/1413 251/245/1414
f 251/245/1414 431/236/1413 250/244/1415
s 310
f 433/238/1416 432/237/1417 252/246/1418
f 252/246/1418 432/237/1417 251/245/1419
s 311
f 416/240/1420 433/238/1421 235/247/1422
f 235/247/1422 433/238/1421 252/246/1423
s 312
f 399/852/1424 398/855/1425 435/858/1426
f 435/858/1426 398/855/1425 434/862/1427
s 313
f 416/870/1428 417/867/1429 436/866/1430
f 436/866/1430 417/867/1429 437/863/1431
s 314
f 400/854/1432 399/852/1433 438/859/1434
f 438/859/1434 399/852/1433 435/858/1435
s 315
f 417/867/1436 418/868/1437 437/863/1438
f 437/863/1438 418/868/1437 439/864/1439
s 316
f 401/857/1440 400/854/1441 440/861/1442
f 440/861/1442 400/854/1441 438/859/1443
s 317
f 418/868/1444 419/869/1445 439/864/1446
f 439/864/1446 419/869/1445 441/865/1447
s 318
f 402/163/1448 401/170/1449 442/171/1450
f 442/171/1450 401/170/1449 440/180/1451
s 319
f 419/199/1452 420/193/1453 441/192/1454
f 441/192/1454 420/193/1453 443/181/1455
s 320
f 403/159/1456 402/163/1457 444/166/1458
f 444/166/1458 402/163/1457 442/171/1459
s 321
f 420/193/1460 421/186/1461 443/181/1462
f 443/181/1462 421/186/1461 445/175/1463
s 322
f 404/161/1464 403/159/1465 446/167/1466
f 446/167/1466 403/159/1465 444/166/1467
s 323
f 421/186/1468 422/187/1469 445/175/1470
f 445/175/1470 422/187/1469 447/176/1471
s 324
f 405/165/1472 404/161/1473 448/169/1474
f 448/169/1474 404/161/1473 446/167/1475
s 325
f 422/187/1476 423/188/1477 447/176/1478
f 447/176/1478 423/188/1477 449/177/1479
s 326
f 406/173/1480 405/165/1481 450/174/1482
f 450/174/1482 405/165/1481 448/169/1483
s 327
f 423/188/1484 424/189/1485 449/177/1486
f 449/177/1486 424/189/1485 451/179/1487
s 328
f 407/183/1488 406/173/1489 452/184/1490
f 452/184/1490 406/173/1489 450/174/1491
s 329
f 424/189/1492 425/191/1493 451/179/1494
f 451/179/1494 425/191/1493 453/185/1495
s 330
f 408/880/1496 407/883/1497 454/886/1498
f 454/886/1498 407/883/1497 452/890/1499
s 331
f 425/898/1500 426/895/1501 453/894/1502
f 453/894/1502 426/895/1501 455/891/1503
s 332
f 409/882/1504 408/880/1505 456/887/1506
f 456/887/1506 408/880/1505 454/886/1507
s 333
f 426/895/1508 427/896/1509 455/891/1510
f 455/891/1510 427/896/1509 457/892/1511
s 334
f 410/885/1512 409/882/1513 458/889/1514
f 458/889/1514 409/882/1513 456/887/1515
s 335
f 427/896/1516 428/897/1517 457/892/1518
f 457/892/1518 428/897/1517 459/893/1519
s 336
f 411/212/1520 410/219/1521 460/220/1522
f 460/220/1522 410/219/1521 458/229/1523
s 337
f 428/248/1524 429/242/1525 459/241/1526
f 459/241/1526 429/242/1525 461/230/1527
s 338
f 412/208/1528 411/212/1529 462/215/1530
f 462/215/1530 411/212/1529 460/220/1531
s 339
f 429/242/1532 430/235/1533 461/230/1534
f 461/230/1534 430/235/1533 463/224/1535
s 340
f 413/210/1536 412/208/1537 464/216/1538
f 464/216/1538 412/208/1537 462/215/1539
s 341
f 430/235/1540 431/236/1541 463/224/1542
f 463/224/1542 431/236/1541 465/225/1543
s 342
f 414/214/1544 413/210/1545 466/218/1546
f 466/218/1546 413/210/1545 464/216/1547
s 343
f 431/236/1548 432/237/1549 465/225/1550
f 465/225/1550 432/237/1549 467/226/1551
s 344
f 415/222/1552 414/214/1553 468/223/1554
f 468/223/1554 414/214/1553 466/218/1555
s 345
f 432/237/1556 433/238/1557 467/226/1558
f 467/226/1558 433/238/1557 469/228/1559
s 346
f 398/232/1560 415/222/1561 434/233/1562
f 434/233/1562 415/222/1561 468/223/1563
s 347
f 433/238/1564 416/240/1565 469/228/1566
f 469/228/1566 416/240/1565 436/234/1567
s 348
f 236/666/1568 235/667/1569 526/668/1570
f 526/668/1570 235/667/1569 525/669/1571
s 349
f 237/673/1572 236/666/1573 527/670/1574
f 527/670/1574 236/666/1573 526/668/1575
s 350
f 238/680/1576 237/673/1577 528/677/1578
f 528/677/1578 237/673/1577 527/670/1579
s 351
f 239/686/1580 238/680/1581 529/683/1582
f 529/683/1582 238/680/1581 528/677/1583
s 352
f 240/692/1584 239/686/1585 530/689/1586
f 530/689/1586 239/686/1585 529/683/1587
s 353
f 241/698/1588 240/692/1589 531/695/1590
f 531/695/1590 240/692/1589 530/689/1591
s 354
f 242/704/1592 241/698/1593 532/701/1594
f 532/701/1594 241/698/1593 531/695/1595
s 355
f 243/710/1596 242/704/1597 533/707/1598
f 533/707/1598 242/704/1597 532/701/1599
s 356
f 244/716/1600 243/710/1601 534/713/1602
f 534/713/1602 243/710/1601 533/707/1603
s 357
f 245/715/1604 244/716/1605 535/717/1606
f 535/717/1606 244/716/1605 534/713/1607
s 358
f 246/709/1608 245/715/1609 536/711/1610
f 536/711/1610 245/715/1609 535/717/1611
s 359
f 247/703/1612 246/709/1613 537/705/1614
f 537/705/1614 246/709/1613 536/711/1615
s 360
f 248/697/1616 247/703/1617 538/699/1618
f 538/699/1618 247/703/1617 537/705/1619
s 361
f 249/691/1620 248/697/1621 539/693/1622
f 539/693/1622 248/697/1621 538/699/1623
s 362
f 250/685/1624 249/691/1625 540/687/1626
f 540/687/1626 249/691/1625 539/693/1627
s 363
f 251/679/1628 250/685/1629 541/681/1630
f 541/681/1630 250/685/1629 540/687/1631
s 364
f 252/671/1632 251/679/1633 542/675/1634
f 542/675/1634 251/679/1633 541/681/1635
s 365
f 235/667/1636 252/671/1637 525/669/1638
f 525/669/1638 252/671/1637 542/675/1639
s 366
f 471/943/1640 470/944/1641 508/945/1642
f 508/945/1642 470/944/1641 507/946/1643
s 367
f 472/949/1644 471/943/1645 509/947/1646
f 509/947/1646 471/943/1645 508/945/1647
s 368
f 472/949/1648 509/947/1649 473/951/1650
f 473/951/1650 509/947/1649 510/953/1651
s 369
f 474/322/1652 473/326/1653 511/324/1654
f 511/324/1654 473/326/1653 510/329/1655
s 370
f 475/321/1656 474/322/1657 512/323/1658
f 512/323/1658 474/322/1657 511/324/1659
s 371
f 476/327/1660 475/321/1661 513/325/1662
f 513/325/1662 475/321/1661 512/323/1663
s 372
f 476/327/1664 513/325/1665 477/330/1666
f 477/330/1666 513/325/1665 514/332/1667
s 373
f 478/339/1668 477/330/1669 515/335/1670
f 515/335/1670 477/330/1669 514/332/1671
s 374
f 479/349/1672 478/339/1673 516/344/1674
f 516/344/1674 478/339/1673 515/335/1675
s 375
f 480/964/1676 479/965/1677 517/966/1678
f 517/966/1678 479/965/1677 516/967/1679
s 376
f 481/970/1680 480/964/1681 518/968/1682
f 518/968/1682 480/964/1681 517/966/1683
s 377
f 481/970/1684 518/968/1685 482/972/1686
f 482/972/1686 518/968/1685 519/974/1687
s 378
f 483/354/1688 482/358/1689 520/356/1690
f 520/356/1690 482/358/1689 519/361/1691
s 379
f 484/353/1692 483/354/1693 521/355/1694
f 521/355/1694 483/354/1693 520/356/1695
s 380
f 485/359/1696 484/353/1697 522/357/1698
f 522/357/1698 484/353/1697 521/355/1699
s 381
f 485/359/1700 522/357/1701 486/362/1702
f 486/362/1702 522/357/1701 523/364/1703
s 382
f 487/371/1704 486/362/1705 524/367/1706
f 524/367/1706 486/362/1705 523/364/1707
s 383
f 470/381/1708 487/371/1709 507/376/1710
f 507/376/1710 487/371/1709 524/367/1711
s 384
f 497/739/1712 506/732/1713 498/738/1714
f 489/723/1715 488/721/1716 506/720/1713
f 506/720/1713 488/721/1716 505/722/1717
f 506/383/1713 505/380/1717 504/378/1718
f 506/383/1713 504/378/1718 503/377/1719
f 506/383/1713 503/377/1719 502/374/1720
f 506/383/1713 502/374/1720 501/373/1721
f 506/732/1713 501/733/1721 500/734/1722
f 506/732/1713 500/734/1722 499/736/1723
f 506/732/1713 499/736/1723 498/738/1714
f 496/740/1724 506/732/1713 497/739/1712
f 495/346/1725 506/351/1713 496/348/1724
f 494/345/1726 506/351/1713 495/346/1725
f 493/342/1727 506/351/1713 494/345/1726
f 492/341/1728 506/351/1713 493/342/1727
f 491/728/1729 506/720/1713 492/729/1728
f 490/726/1730 506/720/1713 491/728/1729
f 489/723/1715 506/720/1713 490/726/1730
s 366
f 508/945/1642 507/946/1643 544/948/1731
f 544/948/1731 507/946/1643 543/950/1732
s 367
f 508/385/1647 544/386/1733 509/387/1646
f 509/387/1646 544/386/1733 545/388/1734
s 368
f 510/953/1651 509/947/1649 546/955/1735
f 509/947/1649 545/956/1736 546/955/1735
s 369
f 510/744/1655 546/745/1737 511/746/1654
f 511/963/1654 546/955/1737 547/961/1738
s 370
f 512/747/1658 511/748/1659 548/749/1739
f 548/328/1739 511/324/1659 547/340/1740
s 371
f 512/323/1663 548/328/1741 513/325/1662
f 513/325/1662 548/328/1741 549/331/1742
s 372
f 514/332/1667 513/325/1665 550/334/1743
f 513/325/1665 549/331/1744 550/334/1743
s 373
f 514/750/1671 550/751/1745 515/752/1670
f 515/335/1670 550/334/1745 551/347/1746
s 374
f 516/344/1674 515/335/1675 552/350/1747
f 552/350/1747 515/335/1675 551/347/1748
s 375
f 517/966/1678 516/967/1679 553/969/1749
f 553/969/1749 516/967/1679 552/971/1750
s 376
f 517/393/1683 553/394/1751 518/395/1682
f 518/395/1682 553/394/1751 554/396/1752
s 377
f 519/974/1687 518/968/1685 555/976/1753
f 518/968/1685 554/977/1754 555/976/1753
s 378
f 519/753/1691 555/754/1755 520/755/1690
f 520/984/1690 555/976/1755 556/982/1756
s 379
f 521/756/1694 520/757/1695 557/758/1757
f 557/360/1757 520/356/1695 556/372/1758
s 380
f 521/355/1699 557/360/1759 522/357/1698
f 522/357/1698 557/360/1759 558/363/1760
s 381
f 523/364/1703 522/357/1701 559/366/1761
f 522/357/1701 558/363/1762 559/366/1761
s 382
f 523/759/1707 559/760/1763 524/761/1706
f 524/367/1706 559/366/1763 560/379/1764
s 383
f 507/376/1710 524/367/1711 543/382/1765
f 543/382/1765 524/367/1711 560/379/1766
s 348
f 526/668/1570 525/669/1571 471/672/1767
f 471/672/1767 525/669/1571 470/676/1768
s 349
f 527/670/1574 526/668/1575 472/674/1769
f 472/674/1769 526/668/1575 471/672/1770
s 350
f 528/677/1578 527/670/1579 473/678/1771
f 473/678/1771 527/670/1579 472/674/1772
s 351
f 529/683/1582 528/677/1583 474/684/1773
f 474/684/1773 528/677/1583 473/678/1774
s 352
f 530/689/1586 529/683/1587 475/690/1775
f 475/690/1775 529/683/1587 474/684/1776
s 353
f 531/695/1590 530/689/1591 476/696/1777
f 476/696/1777 530/689/1591 475/690/1778
s 354
f 532/701/1594 531/695/1595 477/702/1779
f 477/702/1779 531/695/1595 476/696/1780
s 355
f 533/707/1598 532/701/1599 478/708/1781
f 478/708/1781 532/701/1599 477/702/1782
s 356
f 534/713/1602 533/707/1603 479/714/1783
f 479/714/1783 533/707/1603 478/708/1784
s 357
f 535/717/1606 534/713/1607 480/719/1785
f 480/719/1785 534/713/1607 479/714/1786
s 358
f 536/711/1610 535/717/1611 481/718/1787
f 481/718/1787 535/717/1611 480/719/1788
s 359
f 537/705/1614 536/711/1615 482/712/1789
f 482/712/1789 536/711/1615 481/718/1790
s 360
f 538/699/1618 537/705/1619 483/706/1791
f 483/706/1791 537/705/1619 482/712/1792
s 361
f 539/693/1622 538/699/1623 484/700/1793
f 484/700/1793 538/699/1623 483/706/1794
s 362
f 540/687/1626 539/693/1627 485/694/1795
f 485/694/1795 539/693/1627 484/700/1796
s 363
f 541/681/1630 540/687/1631 486/688/1797
f 486/688/1797 540/687/1631 485/694/1798
s 364
f 542/675/1634 541/681/1635 487/682/1799
f 487/682/1799 541/681/1635 486/688/1800
s 365
f 525/669/1638 542/675/1639 470/676/1801
f 470/676/1801 542/675/1639 487/682/1802
s 366
f 543/950/1732 561/952/1803 544/948/1731
f 544/948/1731 561/952/1803 562/954/1804
s 367
f 544/386/1733 562/389/1805 545/388/1734
f 545/388/1734 562/389/1805 563/390/1806
s 368
f 546/955/1735 545/956/1736 564/957/1807
f 564/957/1807 545/956/1736 563/958/1808
s 369
f 547/961/1738 546/955/1737 565/959/1809
f 565/959/1809 546/955/1737 564/957/1810
s 370
f 547/340/1740 565/336/1811 548/328/1739
f 548/328/1739 565/336/1811 566/333/1812
s 371
f 548/328/1741 566/333/1813 549/331/1742
f 549/331/1742 566/333/1813 567/337/1814
s 372
f 550/334/1743 549/331/1744 568/338/1815
f 568/338/1815 549/331/1744 567/337/1816
s 373
f 551/347/1746 550/334/1745 569/343/1817
f 569/343/1817 550/334/1745 568/338/1818
s 374
f 552/350/1747 551/347/1748 570/352/1819
f 570/352/1819 551/347/1748 569/343/1820
s 375
f 552/971/1750 570/973/1821 553/969/1749
f 553/969/1749 570/973/1821 571/975/1822
s 376
f 553/394/1751 571/397/1823 554/396/1752
f 554/396/1752 571/397/1823 572/398/1824
s 377
f 555/976/1753 554/977/1754 573/978/1825
f 573/978/1825 554/977/1754 572/979/1826
s 378
f 556/982/1756 555/976/1755 574/980/1827
f 574/980/1827 555/976/1755 573/978/1828
s 379
f 556/372/1758 574/368/1829 557/360/1757
f 557/360/1757 574/368/1829 575/365/1830
s 380
f 557/360/1759 575/365/1831 558/363/1760
f 558/363/1760 575/365/1831 576/369/1832
s 381
f 559/366/1761 558/363/1762 577/370/1833
f 577/370/1833 558/363/1762 576/369/1834
s 382
f 560/379/1764 559/366/1763 578/375/1835
f 578/375/1835 559/366/1763 577/370/1836
s 383
f 543/382/1765 560/379/1766 561/384/1837
f 561/384/1837 560/379/1766 578/375/1838
s 366
f 561/727/1803 488/721/1839 562/725/1804
f 562/725/1804 488/721/1839 489/723/1840
s 367
f 562/389/1805 489/391/1841 563/390/1806
f 563/390/1806 489/391/1841 490/392/1842
s 368
f 564/957/1807 563/958/1808 491/960/1843
f 491/960/1843 563/958/1808 490/962/1844
s 369
f 565/731/1809 564/730/1810 492/729/1845
f 492/729/1845 564/730/1810 491/728/1846
s 370
f 565/336/1811 492/341/1847 566/333/1812
f 566/333/1812 492/341/1847 493/342/1848
s 371
f 566/333/1813 493/342/1849 567/337/1814
f 567/337/1814 493/342/1849 494/345/1850
s 372
f 568/338/1815 567/337/1816 495/346/1851
f 495/346/1851 567/337/1816 494/345/1852
s 373
f 569/343/1817 568/338/1818 496/348/1853
f 496/348/1853 568/338/1818 495/346/1854
s 374
f 570/743/1819 569/742/1820 497/739/1855
f 497/739/1855 569/742/1820 496/740/1856
s 375
f 570/743/1821 497/739/1857 571/741/1822
f 571/741/1822 497/739/1857 498/738/1858
s 376
f 571/397/1823 498/399/1859 572/398/1824
f 572/398/1824 498/399/1859 499/400/1860
s 377
f 573/978/1825 572/979/1826 500/981/1861
f 500/981/1861 572/979/1826 499/983/1862
s 378
f 574/737/1827 573/735/1828 501/733/1863
f 501/733/1863 573/735/1828 500/734/1864
s 379
f 574/368/1829 501/373/1865 575/365/1830
f 575/365/1830 501/373/1865 502/374/1866
s 380
f 575/365/1831 502/374/1867 576/369/1832
f 576/369/1832 502/374/1867 503/377/1868
s 381
f 577/370/1833 576/369/1834 504/378/1869
f 504/378/1869 576/369/1834 503/377/1870
s 382
f 578/375/1835 577/370/1836 505/380/1871
f 505/380/1871 577/370/1836 504/378/1872
s 383
f 561/727/1837 578/724/1838 488/721/1873
f 488/721/1873 578/724/1838 505/722/1874
